[import-music8-artists] artists-list E:/m8/public/data/artists.json entries 6966
[update] charly-bliss 5d2534b5-5f80-4d8a-8e93-b36d127040f3 Charly Bliss
[update] charly-garcia efa6cbf7-884f-499d-834f-86344055e059 Charly Garcﾃｭa
[update] charm 4c46b8b0-0f47-4d3f-81c9-6275f32b7316 Charm
[update] chase-status-2 74cd956d-8bbe-4cf7-8ff0-59e569a3c4ab Chase & Status
[update] chase-status 014cda8f-3e13-4b90-8271-0148d3aa4f59 Chase and Status
[update] chase-atlantic 86ffeb84-fd01-468d-b760-d7b3d16ccc58 Chase Atlantic
[update] chase-rice 8c243047-5561-45c3-bbba-24f48c65899b Chase Rice
[update] chat-pile 074c768e-0892-457b-a50e-47848d86142d Chat Pile
[update] chats 08349e3f-9d23-4e91-9124-837c11820576 Chats
[update] cheap-perfume d4517bf3-ad0f-41fc-abf6-1df04bb4b29f Cheap Perfume
[update] cheap-trick ef45d6db-7587-4116-863c-a983c9f1acfb Cheap Trick
[update] cheat-codes 32ac2911-5827-4c31-9d1d-29768ceb8e3c Cheat Codes
[update] cheb-mami e4f3281b-60e4-4d83-a59e-e4d2509488bd Cheb Mami
[update] chee e765b463-f4d3-4d32-a1ea-061197fe553a Chee
[update] chefspecial cae8c8d7-cb91-4637-93b8-dd73923de378 Chef窶儡pecial
[update] chelcee-grimes f474e498-6d73-49d9-8377-fad90d17b4bf Chelcee Grimes
[update] chella 599ca5de-dfe0-4af5-ab5a-db72a553beab Chella
[update] chelmico e7dbbe7c-abfc-48b9-a89b-a2d5d6b8ecd6 chelmico
[update] chelsea-cutler 40ef4b01-8c10-4156-9943-d1421b939ec6 Chelsea Cutler
[update] chelsea-wolfe ce65a195-4778-4cda-b0ee-211a4b59d92b Chelsea Wolfe
[update] chemical-brothers 851b62e4-f678-4b80-9aa8-baba9e5d854a The Chemical Brothers
[update] chemical-surf 630dfae6-cf84-4d36-81ef-39db99a3755e Chemical Surf
[update] chena 5b724e4d-1a3b-4d57-b5c8-53262e1b3174 CHENA
[update] chenayder 9726e05c-21eb-4c41-a390-8a95e69f367f Chenayder
[update] chencho-corleone 657617de-49a3-4a80-acf4-3b797aacbeda Chencho Corleone
[update] cheo-pardo e137d402-acc9-49a0-a92e-06e9c30036d9 Cheo Pardo
[update] cher 5fec9784-88db-465a-bafb-4f1e8cf5852a Cher
[update] cher-lloyd 0c779d2d-5c07-4fb0-84a7-98ca16549448 Cher Lloyd
[update] cherish dbde60d4-848c-4177-a819-40bda9126dc1 Cherish
[update] cherry-bomb 3cf254d9-93b1-4a13-8e70-2ea09634a541 Cherry Bomb
[update] cherry-glazerr c77b0be1-1d7b-44bb-bd34-35d5b124a4dc Cherry Glazerr
[update] cheryl-lynn a7f0c270-1233-4174-bc89-d1f733d6cc6f Cheryl Lynn
[update] chesuqi 54336d9a-3b88-4809-9758-82eacde01359 CHESUQI
[update] chet-faker 7897cecd-df7e-4fd7-845c-3614d20af191 Chet Faker
[update] chevelle 283656c8-a432-49ea-b128-143918204e09 Chevelle
[update] chevy-woods a0705179-1c58-4ae2-8dfc-280541b7b6dd Chevy Woods
[update] cheyenne-giles f95b368d-877a-4558-af18-ce9fd8106aa2 Cheyenne Giles
[update] chez-kane c83f3b01-f91a-4a86-94f0-5c1c86c3b1cf Chez Kane
[update] chic 9a61797c-792a-4052-8c9f-a35521567f27 Chic
[update] chicago 29534648-bbb3-4760-ae59-3c6cd4aa3870 Chicago
[update] chicane 913b93a2-ad1c-4bad-beb3-438e971894d5 Chicane
[update] chicano-batman d0d7c816-66fc-4efe-b41d-607bd41a6968 Chicano Batman
[update] chief-keef 27fe4292-b098-4b56-8da7-d57c648ecebd Chief Keef
[update] chika 5bb82b06-241d-4d41-ab43-9ea669141450 Chika
[update] chike 547f0189-e69f-4250-bb0b-9523afa8d216 Chike
[update] childish-gambino 72474642-c991-45bb-8f2b-d3ec68ece25f Childish Gambino
[update] chills 9805f565-73f6-45d2-a1a7-71f1fe49a5be The Chills
[update] china-crisis 5029b9e8-1266-497c-be50-01c687e5ce01 China Crisis
[update] china-moses 7fde5d2a-9a3b-47c0-b315-9f56d482d62e China Moses
[update] chinchilla 3e2bf28f-1a7e-447a-9a93-35ea28afaf0a CHINCHILLA
[update] chingy d073897e-d529-4762-ae58-f0b9397538c5 Chingy
[update] chiro-hcr 4dd0e409-c4b9-476b-a561-352f70be31fd Chiro Hcr
[update] chloe 57d490ac-98c5-4f8f-af38-068e7395e6aa Chlﾃｶe
[update] chloe-halle 19bf8535-fb5f-4269-9f5e-d7ec103252ae Chlﾃｶe & Halle
[update] chloe-jane eb8bfbed-82a9-4c41-89be-aba52a49bac1 Chloe Jane
[update] chloe-moriondo 745595da-31a9-4aea-8450-2fa536118a7b chloe moriondo
[update] chloe-qisha 10c1f188-a73b-423c-83e4-46f0dfd964db Chloe Qisha
[update] chloe-slater 00faf10d-cb4d-4cbf-ad8a-92ffe4283e1c Chloe Slater
[update] chritian-gate 514cce41-8579-4bb6-9037-c1b22a18791e Chri$tian Gate$
[update] chris-avantgarde 20f82480-14ef-4c50-ae2c-986fa0e9d0d9 Chris Avantgarde
[update] chris-brooks 786b8ca3-2b53-4f9a-ae27-1c38c75ece83 Chris Brooks
[update] chris-brown 4cb34efa-0df9-40ae-a1c9-1c6414d3efbe Chris Brown
[update] chris-daughtry fb8c1162-72d1-44f8-a678-35dcdee2d752 Chris Daughtry
[update] chris-de-sarandy 22e665a6-978e-4a58-a274-0d2c71c689be Chris de Sarandy
[update] chris-grey 16875315-707a-4560-a8f1-cb312b106e0e Chris Grey
[update] chris-lake 798eed3d-2293-4756-a25f-aaf04ff3f4f9 Chris Lake
[update] chris-lorenzo 56c74b4a-7797-4c35-a2fe-0c80a8644b3c Chris Lorenzo
[update] chris-motionless 88dab6b5-929b-4216-8293-5acbfe33119a Chris Motionless
[update] chris-norman 9284a2c9-0550-40c2-b586-89fdb7e800e6 Chris Norman
[update] chris-rea 4f6b4403-4d74-4341-846a-a66a192d09db Chris Rea
[update] chris-stapleton bbc0e559-f422-4f4a-8e11-69dba440053f Chris Stapleton
[update] chris-steyn d93c10af-f0af-4bfb-b59e-fe56b554bb4d Chris Steyn
[update] chris-webby 9ae85e5e-801c-4bf6-8ab7-15b6bab20d79 Chris Webby
[update] chris-young ab0a54fa-af77-4227-bc5e-cb9ac2569b2d Chris Young
[update] chriss-jay 3a723de8-69ed-4889-bbcd-a565e40a2713 Chriss Jay
[update] chrissie-hynde b92b62e2-5446-4cb2-9b88-783717aa415b Chrissie Hynde
[update] chrissy-chlapecka 255557d6-0fd8-4961-9b16-f0ddad170d65 Chrissy Chlapecka
[update] chrissy-costanza 48a69d2a-3611-45a8-86ca-a1598e3a0a9a Chrissy Costanza
[update] christia-visser 32e2534e-5f17-4fde-965f-f14f36f45b3a Christia Visser
[update] christian-burns 9e01f807-aeb3-4051-9930-f4355bba5498 Christian Burns
[update] christina-aguilera 13ecc000-01ed-47f7-b68a-bbfceb08f064 Christina Aguilera
[update] christina-novelli 12a11da1-d07b-423e-b528-6c9cb23372ad Christina Novelli
[update] christina-perri 11d9a62d-aece-4e52-857b-42abcc8ce705 Christina Perri
[update] christine-and-the-queens 3f7f6782-1643-4510-9f2c-316ad0d5b917 Christine and the Queens
[update] christopher 36a4ca43-03f9-4d9c-a309-90c7389fae91 Christopher
[update] christopher-cross 183cdc62-e1f8-4297-8f8d-4eb8f809c9a0 Christopher Cross
[update] chrom 79cefbff-d44e-4d2a-8d45-9cf12e0dfe71 CHROM
[update] chromeo fc132388-41ac-4c9a-a340-e9d4c900debb Chromeo
[update] chrystal 05e33584-dc06-4e54-a3f4-abe8b36e5f88 CHRYSTAL
[update] chumbawamba 37b043c7-44f4-4ef6-a33e-eb7012a22e80 Chumbawamba
[update] chung-ha 5e4fb20f-e399-4a86-92f0-96798cfc8368 CHUNG HA
[update] church e7fc74f0-5414-42e1-a0f3-767551fa49cc The Church
[update] chvrches 3c1f3535-9303-4ccb-b437-9c999068b255 CHVRCHES
[update] chxrry ee8dadca-e850-44ca-9043-a55e885d8e33 Chxrry
[update] chxrry22 ec079374-9193-4fcc-afaa-a5532281a926 Chxrry22
[update] cian-ducrot a4b7475e-0096-45c1-b5d4-af6afaea9c5f Cian Ducrot
[update] ciara 4730e1f5-b376-4400-a3e3-dd1f50b7f6cc Ciara
[update] ciel 1901de51-5e84-4381-bab6-464069d80715 CIEL
[update] ciel-2 017d2427-4e91-4d91-a615-d624fa2cc508 CIEL.
[update] cigarettes-after-sex c4657968-89ae-40b6-a6e8-026fede435c3 Cigarettes After Sex
[update] cil b2b83f1a-6f89-43ed-ba06-b0c43031c0a0 Cil
[update] cindy-lee a736c9f4-1a2c-400c-ba1d-43789352e937 Cindy Lee
[update] cindy-pooch a0205d25-16c0-4194-abd5-2589721088e6 Cindy Pooch
[update] circa-waves 5edab99b-13ed-44c9-8bfa-f17fd0735bca Circa Waves
[update] circle-the-earth 4fdab274-be62-46c5-9f28-d1289e91143b Circle the Earth
[update] circuit-des-yeux a43223c9-a7df-4bf9-ad1b-9ca0e64b2b46 Circuit des Yeux
[update] cissy-houston 5b848ce1-1b67-4ac7-9f44-07f1b797b655 Cissy Houston
[update] citadelle 93eb1e85-d416-45d1-9343-67917b73116c Citadelle
[update] citizen 720bf484-7310-44f9-9cb9-0206c924bafc CITIZEN
[update] citizen-queen fc1e2961-8365-49f6-bc60-682050815ecf Citizen Queen
[update] citizen-soldier 0d464cf9-c796-475f-905c-c39ee0fbe9f5 Citizen Soldier
[update] city-girls 32614f7a-55c1-4045-93ea-6c838e074516 City Girls
[update] civil-wars 17789637-be28-44ff-b5d8-a08412a0f2b2 The Civil Wars
[update] ciza 508f6c1a-2539-41b0-bc76-89179a60d8bf CIZA
[update] cj 251530de-f24f-456e-b2e8-e59ac7d6dfb5 CJ
[update] cl eda04b2a-5163-46d9-bf43-71f2dd293141 CL
[update] claire-rosinkranz a5947ad9-e363-4032-80ee-22a2b1557bd7 Claire Rosinkranz
[update] clairo d71d93d5-f498-4f7a-9c91-6f0f18e3580c Clairo
[update] claptone 3c922533-b6f6-493e-9819-2d4d6c214bae Claptone
[update] clara-mae 1a26563c-4118-400e-b302-4c13d308cded Clara Mae
[update] clark 8e64632a-58f9-4e4e-902f-afd6a4efef34 Clark
[update] clash 8e6af517-c0ed-4b27-9c71-9f06081f49c4 The Clash
[update] claud b6ab6304-03b9-481f-89e1-ee6592b4c82a Claud
[update] claudia-liz acdb1395-387a-47d0-8ef5-b171ed7083bc Claudia Liz
[update] claudia-valentina 87b34f71-13c1-4780-a27f-873d6510fb53 Claudia Valentina
[update] clavish fba50cd8-c6d0-4ba1-abd4-d60e11e96a3f Clavish
[update] clawfinger bc998414-031c-46ea-978d-3a34f057e91a Clawfinger
[update] clay-aiken 5e9860b4-cf94-4734-b597-cf8383de8feb Clay Aiken
[update] claypool-lennon-delirium 0b1c350d-06b2-4435-80b7-4370c0677f24 Claypool Lennon Delirium
[update] clean-bandit 6a6a4032-7c9c-4af0-a3c2-d5dec9db85c9 Clean Bandit
[update] cleanbreak 85bf0392-a65e-49d0-8547-48abd34cd2ad Cleanbreak
[update] clementine-delauney 092aade3-274b-454b-90c4-28bbfdce4969 Clﾃｩmentine Delauney
[update] clementine-douglas 579379d6-2e1a-4ca5-9937-01d40365b2e1 Clementine Douglas
[update] cleo-sol f0744a1f-56e7-423f-9256-4f0cfe0b68c2 Cleo Sol
[update] clever 8d489854-1d2c-413a-a858-129183a806cb Clever
[update] cliff-richards 6ad90c46-2b00-452c-b33b-8f9aa9d89ba1 Cliff Richard
[update] climie-fisher eda52f9b-28b3-46c9-9eb1-54922c689bf2 Climie Fisher
[update] clinton-kane 4ea7515a-d853-4d5f-bcfa-794e045c0498 Clinton Kane
[update] clipping 6d1c7393-f1b6-48c6-b8f6-9237c3dc8c99 clipping.
[update] clipse 041cb78a-dd38-4cb1-95c8-06bf068264a8 Clipse
[update] close-enemies e13456c3-e55e-4fbc-9794-51adec25b774 Close Enemies
[insert] cloudnone 9441c830-1d27-4bef-8242-149602069032 CloudNone
[update] cloudy-june f2c99f01-5b8f-44cb-bca8-bfb4b0f37473 Cloudy June
[update] cloves 9084467e-4cd1-4e92-b60e-eceb481a65f0 CLOVES
[update] club-des-belugas 67e94e53-af99-4749-a7c5-32cb47860d2b Club des Belugas
[update] clyde-carson 78217f4c-ec05-47bb-a88b-d32520f00577 Clyde Carson
[update] cmat cefa7c0c-1472-47cb-9ac2-6b97ca3e1e88 CMAT
[update] cnco a74dd626-87b6-48f1-a700-e28f60b51423 CNCO
[update] co-shu-nie 3506bf1e-9c56-4835-85e7-4b885afd2574 Cﾃｶ shu Nie
[update] coach-party 65de9206-3349-4a55-ae41-838ec2dbd73e Coach Party
[update] coast-arcade 5579ab80-df47-4859-b2b6-1a12e949d3f0 Coast Arcade
[update] coast-contra e7390b14-5c94-43b6-9cc0-0dc36fc656ea Coast Contra
[update] cobra-spell 38ff1a49-4a2c-470e-b791-244eab9b8bed COBRA SPELL
[update] cobra eee0187f-7ab6-4cd5-9091-f950c7fa7b00 COBRAH
[update] cocc-pistol-cree 5ddd244e-7f89-490d-ad7f-1478d99e757e Cocc Pistol Cree
[update] coco 4ab6cea8-cca0-4920-9272-df43f8256fa5 Coco
[update] coco-jones 99cd6004-317a-4906-931f-30ebbd478cf0 Coco Jones
[update] coco-steel-lovebomb 5c30a721-cee4-4db0-b070-e36dcf50a6d9 Coco Steel & Lovebomb
[update] cocoa-sarai e8b19955-69bd-4036-8397-759d6db4f6d9 Cocoa Sarai
[update] cocteau-twins da4bc009-5b85-4805-ba58-c12e832d392b Cocteau Twins
[update] cody-frost 77d82cb8-8bbe-485e-918c-944d1f62533c Cody Frost
[update] cody-fry e0e49cc3-75cc-4e06-9897-7ca74cb0b941 Cody Fry
[update] cody-johnson 75769eb5-e26f-47f6-abec-932205a4b6f0 Cody Johnson
[update] cody-simpson c8aa6faf-1dd9-4f45-baf1-cee35ad970df Cody Simpson
[update] coffin-break 0b82f1ae-961d-4879-8255-6ec5ff7769e9 Coffin Break
[update] coheed-and-cambria 9b908583-f42c-421b-9d3f-3afbde4d7661 Coheed and Cambria
[update] coi-leray 09ac8597-2163-4137-a4f0-951a839b2344 Coi Leray
[update] coin d62f89de-7502-45f6-9f31-af8b1494bb62 COIN
[update] coka-cobra 72f0d7d7-510c-4641-8483-2dbbc3fb4672 Coka Cobra
[update] cola abd948b8-3a11-4d8b-8a19-e00c8a960167 Cola
[update] colbie-caillat f9b6f8c8-24b5-4f9f-b9c1-d0891bf1a1d1 Colbie Caillat
[update] colby-odonis 1480b600-e741-467d-9240-aee7b70b22b5 Colby O'Donis
[update] cold-crush-brothers 5bffb354-867b-4c39-b20d-681d3a96eda1 The Cold Crush Brothers
[update] coldcut ccf111ac-01e0-4c5b-8bfd-628aa90243ac Coldcut
[update] coldplay 6b8ff1fe-e994-4f0d-9469-85223aa33153 Coldplay
[update] cole-bleu 8236e529-e8f7-40fd-a8d2-d72e806450e9 Cole Bleu
[update] cole-swindell 75e51006-42e4-4a33-81f2-db2efc4fea72 Cole Swindell
[update] collective-soul f687f5ae-9a10-4c16-bbfe-3018f1b493c3 Collective Soul
[update] collett 16c5509b-569e-468e-94eb-7011c58b970b COLLETT
[update] color-me-badd f52cf77c-c521-4864-a40a-496811ad4396 Color Me Badd
[update] colours-in-the-street d9804552-f6db-43f1-9b01-2c4112d675e2 Colours in the Street
[update] comma-dee 7e7eb488-e6e3-4d01-90b5-714905be60ac Comma Dee
[update] commodores 36509242-2294-4719-856b-8b2d36937c60 Commodores
[update] common cf1fa1cb-3c45-479b-b306-65ecd183f032 Common
[update] communards f328b94f-e3c5-4798-8424-7108df5c25a1 The Communards
[update] con-funk-shun 64343d8d-0273-4499-b69f-6211fe32586a Con Funk Shun
[update] conan-gray f84fb1ab-a458-44e8-9806-af67d2a807e5 Conan Gray
[update] concrete-castles cddb1d20-9a81-4952-b419-dac15a99c948 Concrete Castles
[update] confidence-man 634cff98-6ed6-4777-9c59-a1e8ea40ac11 Confidence Man
[update] connie-talbot 247afc1d-3eab-4892-ab94-77f891dbc311 Connie Talbot
[update] connor-price 698361c6-85ec-4f0e-8c5b-ebb4de049f51 Connor Price
[update] conor-albert f87edf64-c8ce-421c-a8f1-0a1a516fe176 Conor Albert
[update] conor-maynard 753b4b9c-fd63-4bc3-bdc1-323bbef04a8c Conor Maynard
[update] conquer-divide d84684a0-5ac0-4d39-95be-2248384b2d48 Conquer Divide
[update] conrad-sewell 528729a0-8824-450b-aed7-92a0fa9ed9b7 Conrad Sewell
[update] conway-the-machine 45573ecf-eb53-42c3-8f0b-1c10a76253ef Conway the Machine
[update] cookin-on-3-burners b970f696-a7ca-45b3-bc44-8231e62660eb Cookin窶・on 3 Burners
[update] cool-dre fc58bea4-ced3-4852-9ff3-a9f0fa36fb40 Cool & Dre
[update] cool-notes 8d24230b-91a0-418e-a639-e35ee9526e58 The Cool-Notes
[update] coolio e21ba01b-c019-4ad9-812b-3ef5caac4f86 Coolio
[update] cooper-alan f97c7939-1b34-4b5f-bd47-2b5a0661ca44 Cooper Alan
[update] cooper-b-handy 592352e6-bae0-47e0-8383-3c8d44e73963 Cooper B. Handy
[update] coral 9156ccfb-740f-44a3-a608-afa705792f31 The Coral
[update] corbin a6c599f9-5b7b-4cb4-9ce6-f578feda0370 Corbin
[update] corbyn-besson 99184d65-79e8-4742-86fa-45571e44bdbc Corbyn Besson
[update] cordae ff3e23c7-8f78-47d8-8e6a-347440f8c911 Cordae
[update] corey-hart a7b1a1ba-00f8-4c3d-91b5-5eb7f1514f49 Corey Hart
[update] corey-smith 5cf65675-321f-48ce-964f-d3e56500a215 Corey Smith
[update] corey-taylor 9209c463-99d7-49e9-ab02-0394753645c6 Corey Taylor
[update] corinne-bailey-rae bbd51328-b1ba-4a13-8979-3bf52677b28e Corinne Bailey Rae
[update] corlyx 738a76fe-3127-4e51-bd72-3d6e11b1b328 Corlyx
[update] cormae 35251065-c8da-4ff8-9e13-4ceccb45c085 CorMae
[update] cornelia-jakobs 1d74f320-63fc-4615-987b-44ae4a3ddf9b Cornelia Jakobs
[update] coroner c6cc8fb2-6747-460a-bbeb-64a9d2342483 Coroner
[update] corrina-greyson 331aff80-502a-44df-8906-90fa97331af9 Corrina Greyson
[update] corrosion-of-conformity af35ddd4-c75c-4cb1-afaa-fe3d3979860d CORROSION OF CONFORMITY
[update] corrs b6085352-84e0-4092-acaf-45f2d650c44d The Corrs
[update] corsak 15012577-5381-41df-a863-b98580561938 CORSAK
[update] cortney-dixon 52349bc9-3c72-4fe7-a82b-1ae5eee592c7 Cortney Dixon
[update] cory-marks 3fb65e3f-8649-4301-a076-d22a476bba72 Cory Marks
[update] cory-wong f60226a3-1867-4cf4-94da-97003ff9e82d Cory Wong
[update] cosha 51e1f057-8887-4f00-940e-2906ffdfa0ba Cosha
[update] cosmic-gate 28bb3f3d-2d7d-435c-92f9-31c22b0271c5 Cosmic Gate
[update] cosmo-sheldrake 99dd4d8d-a910-4677-bb90-29b4dcf7c72d Cosmo Sheldrake
[update] cosmos-midnight f3fe4e46-4fa1-4c57-b837-891f84ebef53 Cosmo's Midnight
[update] counting-crows c2a35822-0cf0-493e-8d9f-a3392de462c8 Counting Crows
[update] courage-my-love 12a6d4e2-b1a5-4149-8c72-068302d04606 Courage My Love
[update] courettes 2c86853a-88aa-49fe-9103-2e8f9ccda8f5 The Courettes
[update] courting 1d1d56b3-de31-48b2-9407-e9d076410ec6 Courting
[update] courtney-barnett dbd54a60-b650-4f9d-a0e2-723ca72d8b13 Courtney Barnett
[update] courtney-laplante 894478c3-8244-4f50-a5f1-de20f2ac2646 Courtney LaPlante
[update] cowboy-killer f3750ca0-a627-44cc-b4ad-bfdcd0f5651c Cowboy Killer
[update] cradle-of-filth 6d3f2eb1-8f8d-4ad5-b4aa-1fe47705770c CRADLE OF FILTH
[update] craig-david f0844e73-6ee7-4a75-9e55-2a45a1990a66 Craig David
[update] craig-mabbitt 5ba20fa9-9ac9-4cf1-a021-91496a788ddf Craig Mabbitt
[update] cranberries 2c3cd8f4-1f1f-4c6a-877b-7231181df765 The Cranberries
[update] crane-wives 03ade1d3-18e9-4365-8ac7-f6b1aff872e8 The Crane Wives
[update] crash-adams dcb83fb0-cbd9-4e81-9907-1d6c66bc1923 Crash Adams
[update] crash-crew b8915309-d60e-4d9d-983b-692e9a8afa7f Crash Crew
[update] crashdiet 14bd2041-e21d-4f2e-97d4-069b45f96473 CRASHDﾃ拾T
[update] crawlers d900a0b3-e2aa-4c75-99b1-90a3e47bad3a Crawlers
[update] crazy-the-brains 1a6cc3ab-afa1-465b-8d02-3968c1511f96 Crazy & The Brains
[update] crazy-and-the-brains 644e28cb-045b-473e-ace5-dd10e6a10d02 Crazy and the Brains
[update] crazy-donkey ca4d8f8e-4491-469c-8041-a709aacb7fcc Crazy Donkey
[update] crazy-lixx e5437c6d-0a4f-47e2-bc74-81a41ad93d86 Crazy Lixx
[update] crazy-loop 544eb5b9-602b-4335-8bc2-6ff8c06f3050 Crazy Loop
[update] crazy-town c4786a13-ba52-4297-b2c6-99685bda4fdd Crazy Town
[update] cream 269c5a36-e154-40ef-99a2-8f39e1ef8c11 Cream
[update] creature-canyon fb86fd6b-003c-4aae-84c3-8061419096c6 Creature Canyon
[update] credit-to-the-nation 80fccc95-ee93-4040-ae96-43a4c15156a4 Credit To The Nation
[update] creed 629b8612-bdb3-4012-82c2-491b3428bdef Creed
[update] creedence-clearwater-revival 73228399-fe8b-48e6-8540-2768130c6794 Creedence Clearwater Revival
[update] creeds 1030516a-45cb-4163-baad-810644b8828d Creeds
[update] creeper aa5d9902-f935-4cd8-b1ab-e5e21d973b80 Creeper
[update] cri 9b1f490c-ae13-4fc7-88bf-8b3c70c2598b CRi
[update] cribs 2a214a02-8c38-4fe5-a08a-e295666f2fe7 Cribs
[update] cris-mj 3efd6d61-b2cd-4ad5-b3ea-ecb10fbf7815 Cris MJ
[update] cristale 9211ab59-66c8-414b-b0f3-4bd30b24ddd2 Cristale
[update] cro 39b8f32d-2d39-46a2-892a-09a8306fcce4 CRO
[update] crosby-stills-nash-young 948ad162-b5fb-4983-bcd9-c443e53b2476 Crosby, Stills, Nash & Young
[update] crossbone-skully 8784e7e2-2e49-49e2-bf22-dca96ba436df Crossbone Skully
[update] crossfaith e3554c77-c0f8-4d8b-9568-66b71636c9eb Crossfaith
[update] crowded-house 2bdf8065-3531-4fd6-9bb3-b9e0bfe14d3e Crowded House
[update] crowder 2c31537d-d200-4fa1-87e3-f3d5f2c7d012 Crowder
[update] crowne 8096260b-9d7a-44cb-a394-5b3557ad0af6 Crowne
[update] crumb c22ef980-7ab8-4a9a-a6a8-7cac2b343fd9 Crumb
[update] crystal-fighters dac27643-bf27-4d91-b1bc-d65f2e23876b Crystal Fighters
[update] crystal-starr 6a1399f1-859b-46ea-a61b-cf7e820fb499 Crystal Starr
[update] crystal-waters 32c5a227-2e25-43a3-b4f0-61533b45f4f6 Crystal Waters
[update] cuco 257c2a79-a46d-4144-8597-12176a1f533d Cuco
[update] cuddle-death d691869f-ec55-4fad-b059-d8d86262fd94 CUDDLE DEATH
[update] cult 10683655-6893-4f32-baf6-aa46c0d72f38 The Cult
[update] culture-club e1eca06d-6af1-4a84-a9e1-d5440930fcea Culture Club
[update] culture-shock 545cad23-7205-4cba-aeab-3d237d10cd59 Culture Shock
[update] culture-wars 69602f56-8762-49b6-a058-04e5e7947f20 Culture Wars
[update] cupcakke 2fbef8da-091b-4187-9808-0442f1c6cfe0 CupcakKe
[update] cure 159f018c-be47-4b77-9a76-c14f8d3be06d The Cure
[update] curiosity-killed-the-cat c32a99ac-a9db-4504-a4eb-39697f2283ed Curiosity Killed The Cat
[update] curley-g d12ed66f-bae2-4c10-ba9d-5f8f1a53512e Curley G
[update] currensy eb303d11-47c9-45ab-afcf-91634678b162 Curren$y
[update] cut-copy 0c11d35b-7635-4791-9ecb-6e3f02413ea5 Cut Copy
[update] cutting-crew 76a60f4c-018f-4d8f-973c-1f38782a64c2 Cutting Crew
[update] cyn 5bbe5b5d-391c-48bb-9004-98cee5f2cb6c Cyn
[update] cyndi-lauper 48299950-5b27-4fa6-a610-4c3d4e5d1355 Cyndi Lauper
[update] cynthia-erivo ac29649b-f2d0-4932-b6b9-8f041db79992 Cynthia Erivo
[update] cypress-hill 057ac94f-1a90-41c3-9500-0579385a2fe9 Cypress Hill
[update] cyril fa47fec6-e421-4f36-8e25-584590fade12 CYRIL
[update] d-block-europe 8ccff8ac-88b0-4796-aa04-5b0b8b658392 D Block Europe
[update] d-mob f3e00d55-1f6a-4d46-b02d-fb58a3491cfa D Mob
[update] d-smoke 8a47da93-0264-41d5-a5a3-f9d21c2e0b26 D Smoke
[update] dangelo b00489b2-dcf8-4983-a5f6-e3b1b1f01ba7 D'Angelo
[update] d-a-d ee005844-aaa5-4f63-8e63-79a9bd76cf53 D-A-D
[update] d-block-europe-2 ed8b3a9a-809e-441d-bcc3-e6eac8e65b08 D-Block Europe
[update] d-nice c4ebc87b-7918-45e5-8e09-7f271a0283e7 D-Nice
[update] d-d-sound a2a28f65-0ab0-4f70-aeb3-02d2c1870dea D. D. Sound
[update] d-o-d 81dae923-274d-4b8b-b560-9d2c963a2d9c D.O.D
[update] d12 d6c38645-1888-49e8-9f0c-e636a5eef86e D12
[update] d4l c10d9df5-f5fe-4c77-bd04-b91935a6b06b D4L
[update] d4vd 17470ef4-4627-400d-acb1-6031b8cd3f0e d4vd
[update] da-ti 6343da44-1a7e-421c-acab-c7fb34ace782 DA TI
[update] dababy 57e24911-a71f-4cc3-a438-09896164159b DaBaby
[update] dabin 7f06b385-358b-43a6-bb6e-5efe5aace802 Dabin
[update] dacy 951754ae-358e-48fa-a249-4e5f1e411c97 DACY
[update] dada 97ca12f2-5336-4644-a9ab-cadd6edbeb1c DADA
[update] daddy-yankee c63d702d-47c4-497c-9574-9edaa4a1345a Daddy Yankee
[update] daecolm efbd2b00-c5e8-4672-b324-24e59f4c20a3 Daecolm
[update] daedric fe1668ec-a318-482c-a24a-36621ad33fff Daedric
[update] daft-punk 59d4713d-5525-4605-b46b-50c6911e6d64 Daft Punk
[update] dagmawit-ameha 1445aaaf-d634-4e21-9e8b-a5d6848226cd Dagmawit Ameha
[update] dagny e8eb792a-ba00-42c5-acfb-8ca8e2d13a39 Dagny
[update] dahi 729f1f76-b63d-4125-9865-8a256221bfb0 Dahi
[update] daine b6796db5-8c31-4b44-96e9-80028c615f55 daine
[update] daisy-lou 83b09933-b304-459b-beab-cdb9c121ba34 Daisy Lou
[update] daisy-the-great a57f4a03-ccf7-40bb-a2ab-fd0dddb4fc56 Daisy the Great
[update] dakota fadb96f6-6124-419b-8ddd-759cea204241 Dakota
[update] dam-funk 495d107a-8ca7-4ddd-9ef8-0eff06722c65 Dﾃ｢m-Funk
[update] dame-d-o-l-l-a 72a280ee-6a25-456f-ba41-12c83b7fc128 Dame D.O.L.L.A.
[update] damian-marley 2842366f-2c69-4bcc-b69e-a10cdda9af77 Damian Marley
[update] damiano-david 9553687b-edbd-4b91-88d9-2e107c86dd66 Damiano David
[update] damn-truth 2aff5ca9-c763-452a-aad8-12a7b6704213 The Damn Truth
[update] damn-yankees 38790b8a-f186-4b10-97d7-b8c0190ca2d3 Damn Yankees
[update] damned 3d3e3df4-f3bd-4d46-9ab6-834bd523c75d DAMNED
[update] damon-albarn 20ae76ab-f2c7-439d-8a16-29f02cb2ccae Damon Albarn
[update] dan-shay 418b1799-55a7-4dd4-93f4-8ad042461551 Dan + Shay
[update] dan-caplen 550f17bf-c7d9-464c-8be9-d56b0aca16af Dan Caplen
[update] dan-diamond 1e14252c-c3b3-4502-b356-74e3af0c84c7 Dan Diamond
[update] dan-hartman c15ff7cf-d017-4079-80de-afb86e624047 Dan Hartman
[update] dan-reynolds cd2b980a-eb4f-4c35-9f7e-eb36639192fb Dan Reynolds
[update] dana-williams 7d35b7c1-b536-4cf7-8aa4-868da78658b4 Dana Williams
[update] dance-gavin-dance db35de2d-acbf-4d0c-a948-f2c70c944cb0 Dance Gavin Dance
[update] dance-with-the-dead 0c75b4b0-989a-4ddb-a503-fe3841fd238d Dance with the Dead
[update] danger-mouse 9d9d6fae-dfb5-49b3-90b6-f8d6e0ef3536 Danger Mouse
[update] dangerous-summer 9028daf0-3543-419e-ba25-64e6231f0c0c The Dangerous Summer
[update] dani-filth aa3bba77-2e83-4259-a2fd-1df098b9e78c Dani Filth
[update] dani-hagan d92c6f2f-a433-43fd-8d4b-8237df2d72b8 Dani Hagan
[update] daniel-allan 40258752-946e-467b-9503-ad555c438495 Daniel Allan
[update] daniel-avery bfc9328c-875b-44c0-944b-60d391e18ced Daniel Avery
[update] daniel-caesar 32129a25-feea-4197-9668-e16fa07ddd3b Daniel Caesar
[update] daniel-powter 71385709-10c9-4b49-9c97-3d9f41168de8 Daniel Powter
[update] daniel-sahuleka f4451b01-3b95-4c90-b4de-6a790a2021cf Daniel Sahuleka
[update] daniel-seavey 8e794870-7ded-4a92-a42e-89664b1cda09 Daniel Seavey
[update] daniel-steinberg 3da616e6-669a-48b8-b786-81db40da1035 Daniel Steinberg
[update] daniela-andrade 8319e50b-8479-4108-83a7-baa4cdb4ce10 Daniela Andrade
[update] daniela-lalita dce1ab44-62fa-437e-83b5-63ee5e2171bd Daniela Lalita
[update] danielle-haim 69385db8-0dfb-4100-9d7c-1067f6ab92d6 Danielle Haim
[update] danielle-ponder 44f050be-10db-4f3d-b5d6-e036ac67e091 Danielle Ponder
[update] danko-jones aa91ecd5-4c9a-47f8-b53e-d4e445efe3b1 Danko Jones
[update] danna-paola a296a72c-f81b-4bff-a565-b464affe95e9 Danna Paola
[update] danny-boy 9cd3a295-4c6a-4183-9e7a-a80259a0ac4f Danny Boy
[update] danny-brown 5e6237fe-922e-48a7-8a10-8f1e33083d86 Danny Brown
[update] danny-elfman ba4e544c-3c74-458a-98d2-a05a471311f9 Danny Elfman
[update] danny-l-harle 5ed5e1bc-570d-490c-9688-01066de081b7 Danny L Harle
[update] danny-worsnop bff3232e-edad-4bfa-861c-4f522be93e9d Danny Worsnop
[update] dannylux 44fa3c28-3a67-46e4-9cd7-b0f560ba4e69 DannyLux
[update] daphne-guinness 7a69756c-4719-4124-9544-7c867057dafd Daphne Guinness
[update] dappy e59ca32e-d5e2-47ce-a0fd-c0fe0206a72b DAPPY
[update] darci 9ce19206-8892-4018-861b-c2b53356f555 Darci
[update] dare e36e05aa-496f-4257-b2b5-9a5d8eaba15a The Dare
[update] darin 019dfe71-bcff-492b-b520-519cdb486a1a Darin
[update] dark b4c8be24-db20-4bff-b6c1-fcbc4cb0abec The DARK
[update] darkness 71597b50-af77-498b-b061-5945d86449cd The Darkness
[update] darkside f3e0447a-523a-4fbd-9f99-aa1dbdbd5dda DARKSIDE
[update] darren-criss b198cb60-6042-4c6c-b956-c7a05f5a2d9e Darren Criss
[update] dartagnan 39605b93-b618-4f71-93e4-8b9b8fb41f74 dArtagnan
[update] darwin 9ebb92cb-d0cc-453a-be69-768c703e7dc0 DarWin
[update] daryl-hall-john-oates 7f37415d-8222-456a-938f-5b3a07cac428 Daryl Hall & John Oates
[update] daryl-palumbo 8aac2b6a-ac40-4846-9326-0599b52be692 Daryl Palumbo
[update] dash-berlin 6297cfde-ddf4-4240-aa01-b34036218cb7 Dash Berlin
[update] dasha 6921a6a0-c331-44ec-a89e-7d0723732e46 Dasha
[update] daughter 3979f67b-e686-4b57-baa7-ca2ac4d91944 Daughter
[update] daughtry 26684bfd-3af5-4905-9c15-79a0e36f7ed0 Daughtry
[update] dave 495d247a-bcbb-45ef-a433-548ca073370d Dave
[update] dave-blunts d392c30e-33ec-495a-9623-f8214444496c Dave Blunts
[update] dave-east 2707cf94-6f52-4520-8d3c-43b30e1b805e Dave East
[update] dave-gahan 9dd53022-3856-414d-81c0-5ddfdb0789c2 Dave Gahan
[update] dave-lombardo 5a0bf016-1c84-4de7-bbc5-c9e900bb4ada Dave Lombardo
[update] dave-mason bfe9b8ad-cb53-457d-a27d-b2f692b61cc0 Dave Mason
[update] dave-pike-set 16ec10e8-7831-48a4-892b-0bbb72a5f1c1 DAVE PIKE SET
[update] dave-stewart 93d70323-e54b-4167-860f-2e78cfb98973 Dave Stewart
[update] dave-summer d3278824-36b6-400f-9b50-290694a31904 Dave Summer
[update] david-archuleta b265000f-73a7-44b2-9c1e-001e27dc5ffd David Archuleta
[update] david-bowie d99af6fd-83b8-44b5-a5e0-b0e64b7e8b29 David Bowie
[update] david-byrne c60c5694-c17f-4bc3-8d82-65f8e330d55b David Byrne
[update] david-draiman 31c2c73c-648f-41d5-87a4-0028db84ca6e David Draiman
[update] david-gilmour 1718a6b8-d6b4-4da4-8d69-989639e012d6 David Gilmour
[update] david-guetta bccb7d4b-863c-4288-b5e4-fe98409116ba David Guetta
[update] david-holmes 27ce94f9-82d3-40cf-a423-e0eef6a78f09 David Holmes
[update] david-j 604eacfd-507c-4c0c-b1f2-8507b432acb5 David J
[update] david-kushner f0b22e16-d3c9-47a2-9e56-8105dd4be8fd David Kushner
[update] david-lee-roth 656bbd76-4e25-4fad-a61e-9819f3e0a5a5 David Lee Roth
[update] david-odowda 75d1302c-8f45-459c-9f27-2c0500b6a2bf David O窶僖owda
[update] david-sanborn c3563358-6302-4e96-9e5b-cb4d893c5f11 David Sanborn
[update] david-sylvian c190423e-bb60-44f3-9137-4fc3521730e6 David Sylvian
[update] david-van-bylen b850e291-1aac-4657-a8d4-e9bea9d0853b David Van Bylen
[update] davido 6b1050e2-2278-48c9-9330-98a91efda2d8 Davido
[update] davina-michelle 211541b0-f8d4-4237-869c-1d84a930df56 Davina Michelle
[update] dawn-richard ba3be9ee-62bd-453f-9f48-2048bdc42d6a Dawn Richard
[update] dawty 7e2e7e8c-3f79-43ed-a823-736ce20e3adc Dawty
[update] dax b6ff5fc1-222d-435b-b2da-19b6c2537b31 Dax
[update] daxlin-veylo 16968e73-661f-41e4-93fe-2c4fb32c8fec Daxlin Veylo
[update] daxson d2db2bbf-8f92-43fe-80ea-97be8992cc83 Daxson
[update] daya 6bdc1bf9-163c-467e-b7ea-44bf79af6ca8 Daya
[update] daydreamers 2ee64ae3-ad56-4b57-8e45-97532b636639 daydreamers
[update] dayglow 1d4c9756-bf55-4dfb-aef5-f603bfb2a7a4 Dayglow
[update] dayseeker 3054ff7f-05e4-42bc-87fe-578ec0082a76 Dayseeker
[update] daysormay 98b7734a-1f24-4daf-bdfc-08c5df285186 daysormay
[update] dayton 87594060-757e-4486-8fbd-616edf75d00d Dayton
[update] dazy 3769da16-04ff-488b-bb50-19b9c91456bb dazy
[update] dazz-band 0f3a19b1-7118-403c-be60-49289285558d The Dazz Band
[update] dadi-freyr f571e817-d24f-4861-bde1-ce6726af75d3 Daﾃｰi Freyr
[update] ddg 4de2fd6f-f4f0-49c1-ad34-325b86360445 DDG
[update] de-la-soul b872e2fe-3d43-406e-85c7-f6bf281824d2 De La Soul
[update] de-phazz 7766e901-7097-4bfa-b49f-e6d0fe3d0b86 De Phazz
[update] deacon-blue 6ca28678-7ec6-45cd-9f61-e38e929845af Deacon Blue
[update] dead-dads-club 7825bc92-c6c0-40a5-978c-b99527be4bdf Dead Dads Club
[update] dead-daisies 09df07b9-0237-41ba-aa26-56e16a995e3d The Dead Daisies
[update] dead-eyes 38ae9ee7-a6cb-49b2-9a83-5d5b62e5c444 Dead Eyes
[update] dead-or-alive 86e8a6b6-b157-4213-9058-069b45cf8d08 Dead or Alive
[update] dead-poet-society 68442d30-97b9-44f9-8d38-b028d8a2af2c Dead Poet Society
[update] dead-pony a825d14b-028b-4ead-808a-35f9eb1e03a1 Dead Pony
[update] dead-posey 3f8df154-f24b-431c-86df-19ca4b370d02 Dead Posey
[update] dead-sara 8fd76a0a-6b61-4f88-86cb-2f15bd59fd41 Dead Sara
[update] dead-south f4a328a1-d779-4b24-b1e6-1d09c9070eca The Dead South
[update] deadlands 1fc1fc8e-32d4-4a40-8d31-27de46b4e5c4 Deadlands
[update] deadmau5 c2a49140-b59f-46fc-b482-bc4f67d9ee53 Deadmau5
[update] dean 5fa4b01a-f362-4cd4-997c-715777790989 DEAN
[update] dean-brady b0f2215c-4db9-432c-8b79-d689456adfdf Dean Brady
[update] dean-lewis c7eb9fc9-827b-4dbf-82ab-1b25a4981b2d Dean Lewis
[update] dearalice 24c4eb20-f27c-4ff2-93c9-a5c41678f3e0 dearALICE
[update] death-angel f86e2935-2bb2-441b-853c-362b1281e286 DEATH ANGEL
[update] death-cab-for-cutie 0b36d3de-0b35-4540-ac2e-3e1205591756 Death Cab For Cutie
[update] death-of-heather 1baf3bc4-283b-49df-9afd-ec9066670f75 Death Of Heather
[update] death-row-all-stars b220117b-45e7-4d9d-be84-67c2c9cb2658 Death Row All Stars
[update] deathbyromy 38297399-01d0-4d2a-b2f1-043761657235 DeathByRomy
[update] deathless-legacy 2dc8ae34-2497-4c9d-bd29-85d243e0341e Deathless Legacy
[update] debbie-gibson 18343164-b4e6-4d9c-8d91-147399333a5a Debbie Gibson
[update] debbii-dawson 9774a6bc-e8b5-40a4-88f0-dd8b921a0bd5 Debbii Dawson
[update] deborah-caldwell-moore 02aaa8d7-17c8-4838-a0ba-92955454ca9f Deborah Caldwell Moore
[update] december-10 9d914d13-dd4b-4c09-983f-b27b69b2aa29 December 10
[update] declan-mckenna ba813f54-7310-4932-801a-fa50af65d393 Declan McKenna
[update] dee-dee-bridgewater 37f9761f-2f93-4692-b5c2-3e2a77b43f9a Dee Dee Bridgewater
[update] deep-forest 6c7847eb-c662-4c3d-9a36-a553fa5b18cd Deep Forest
[update] deep-purple aedc3e7c-d9b8-4aef-a937-798db70b8134 Deep Purple
[update] deep-sea-diver 70382fb0-03c3-43f0-a86a-2a67a2e86c75 Deep Sea Diver
[update] deer-tick 52f7e344-415b-4ae8-9c9c-7567346a15c3 Deer Tick
[update] def-leppard 6970e9f0-ced9-4784-90d5-765735262b6c Def Leppard
[update] defiants 7e2dddd7-7fde-4e37-a005-47870c4a7d94 Defiants
[update] deftones 0c61d0c6-d642-48d2-b48a-4641bebecf47 Deftones
[update] degreed dd308ed9-74d7-41c2-b935-659cc6f0118e Degreed
[update] deirdre-mclaughlin 8bf6bbc8-5ce9-436a-b43f-d1626d499e3e Deirdre McLaughlin
[update] del-the-funky-homosapien 53dfd82c-315c-48bd-8b50-af65af036167 Del the Funky Homosapien
[update] del-water-gap 39cb1851-582c-4b69-8401-e380ad8a8305 Del Water Gap
[update] delain 82d336bf-1ae9-4f36-a116-1509c052cbb0 Delain
[update] delegation bd48f44d-9c4b-41d8-8018-28416c571881 Delegation
[update] delerium 409139b0-0043-4251-8527-588a6fed4c6c Delerium
[update] delilah-bon dd3a2380-6851-4acc-8f00-b280c7c55c54 Delilah Bon
[update] delta-goodrem 5bce6629-3cfb-4396-beff-6a8b1399461c Delta Goodrem
[update] delta-heavy 11c58ddd-f75e-4d5b-8ce6-5d7752c06457 Delta Heavy
[update] demae 2eac66a4-6717-46d1-9419-8fca495e2b6f Demae
[update] demi-lovato fcfd45c4-8a43-40b6-8a89-cdcc4acb65a8 Demi Lovato
[update] demon-hunter b731b601-049f-4b04-acf4-fb92e36a83f4 Demon Hunter
[update] demrick 427502fe-18d1-4943-a9bd-80baa4b5adc8 Demrick
[update] denise-julia 2a7e0b0b-c08f-47f4-9932-980c188991bd Denise Julia
[update] denm 5a60de7d-7711-4775-973c-6c2b626467b4 DENM
[update] denorecords cfc80909-41e2-4bf1-a72f-604ece509941 Denorecords
[update] denzel-curry 7d0b7e7a-136f-497e-a5be-fcc71e68adfe Denzel Curry
[update] depeche-mode 2d721032-e398-4272-b41b-bef40c787c36 Depeche Mode
[update] dermot-kennedy 127d3b91-8ba2-4cd1-af76-9d71736f3f14 Dermot Kennedy
[update] deryck-whibley ac90b6ab-b77b-4f9f-b340-4301419ce593 Deryck Whibley
[update] des-rocs ea539a87-4c30-4043-904e-0a73bb886ac6 DES ROCS
[update] desree 2fc2d1ae-1d98-4de0-a4da-e151f13f8f63 Des'ree
[update] descartes-a-kant 1af2e46a-d4db-461e-8657-3d4cc82a5526 Descartes a Kant
[update] destin-conrad e6299e0e-9c20-45bd-b39d-9288c76a17d6 DESTIN CONRAD
[update] destiny-rogers 0bf8cb95-0942-4920-b23c-0371a7c39d13 Destiny Rogers
[update] destinys-child 5c9af7f0-75ec-4279-adcf-3a75c798b035 Destiny's Child
[update] destroy-boys 727dd68b-08d7-4016-8d8d-b33c243aca19 Destroy Boys
[update] destroy-lonely a62ef728-ca84-49b8-9063-8d35ba79d576 Destroy Lonely
[update] destroy-rebuild-until-god-shows 9d9303b1-e5c5-4b52-9ff7-b85bd6e97f38 Destroy Rebuild Until God Shows
[update] deux-visages 62247f65-66e8-4eff-a264-d1672b25693c Deux Visages
[update] dev 12e5a4af-0a6e-49a8-a3c3-e68963c4ea12 DEV
[update] dev-lemons 04c5121f-4b25-48d4-a3ee-6c0ab3327c32 Dev Lemons
[update] devault f5e7b818-2a8f-4d35-b0fb-af9133bf2fc0 Devault
[update] devicious 7efbc077-6f42-435d-b8be-49d0d9ad1660 DeVicious
[update] devil-wears-prada af9327b6-4e5f-411a-a17f-d4c901a8722e The Devil Wears Prada
[update] devils-tax-return 4c99e73e-7301-4d6b-9b0d-27f7baaaf424 The Devil's Tax Return
[update] devilish-trio 981af907-c4d7-4185-b683-2d6efd374f69 Devilish Trio
[update] devin-malik 7223fe3d-f88e-4d20-bf77-3ea1af833c8f Devin Malik
[update] devin-townsend 6e3e66f6-6fea-42f5-8ae4-54161b788d2e Devin Townsend
[update] devo f16a6adb-c8e4-4b5b-be49-7bc3f9fa412c DEVO
[update] devon-again 61672fec-6929-41f8-99fc-13babc1ba414 Devon Again
[update] devon-cole f458f42d-6d07-472c-b15f-838b101cc186 Devon Cole
[update] devon-thompson d1bbd69c-a92b-460c-b026-8cc305c3a72b Devon Thompson
[update] dewa19 3b969253-45f6-444b-b651-b59bc0bcb494 Dewa19
[update] dexter-and-the-moonrocks af2f5894-afea-46af-b23f-4b21aea050aa Dexter and The Moonrocks
[update] dexter-in-the-newsagent 456299a8-7c88-46c4-9353-937b1cbb49ae dexter in the newsagent
[update] dexys-midnight-runners 8c260ce6-8796-41ba-bb50-7b60d257efa2 Dexys Midnight Runners
[update] dezzy-hollow 1811d6b9-8224-4e00-bc2f-49761a9c47a4 Dezzy Hollow
[update] dgm d9907d2d-6529-44e1-b44f-c218bcab5843 DGM
[update] dharia c02c956b-14a3-4578-a314-5bd2844bc3e2 Dharia
[update] dhee 22893741-515d-46c1-83e9-f05d522c73e9 Dhee
[update] dhurata-dora f42f00f1-beb2-480b-8d37-6e7de9510890 Dhurata Dora
[update] di-genius 6dcdb680-078e-472d-b805-f4b3dff189ba Di Genius
[update] di-rect bb333f14-5b26-4415-9cc6-71b483866f19 DI-RECT
[update] dia-capron 62d5f8a5-4993-4a15-82d6-1247bf9e48e2 Dia Capron
[update] dia-frampton eb087a25-16fb-4088-ad9a-7a5d02f15480 Dia Frampton
[update] diamante f3018e12-4465-406a-83a6-1eae21ccf05d DIAMANTE
[update] diamond-cafe 2edde0a5-c07f-400a-bbe5-beb1a3b1de28 Diamond Cafe
[update] diamond-pistols 76bf44bf-134a-440c-bc5d-f5806ca4964a Diamond pistols
[update] diamond-platnumz bebcfd99-f997-49ee-94f2-924c6e45b4ea Diamond Platnumz
[update] diana-ross 5dc44977-99c2-4e47-9835-b14bb333bdbe Diana Ross
[update] dianne 9e54886e-616c-4ea0-a394-6c814b7f6e72 DIANNE
[update] dicosis 45d0d940-4384-417e-9120-b682cc040383 Dicosis
[update] diddy e9d1444b-ea7d-453f-8131-42e6df73fa49 Diddy
[update] dido 9de33037-6a0f-4366-b389-f562fe09184e Dido
[update] die-antwoord 268d2422-39f5-497f-83d7-79a7ac99b9cb Die Antwoord
[update] die-arzte 7a30fcf5-abce-4cd1-a8f4-363a9ef0e8bd Die ﾃвzte
[update] die-spitz 3f6ac9b7-8098-4754-a666-50212902c1f6 Die Spitz
[update] dierks-bentley 507b31f0-6f0e-4b3d-ab60-c74b459b3b5d Dierks Bentley
[update] diggy-graves 077da0ec-5618-4af5-a0b5-d38431f58d38 Diggy Graves
[update] digital-farm-animals a3686184-6c39-42f9-8fac-19f71294fdf7 Digital Farm Animals
[update] digital-underground cda76fb7-5fbe-4ca9-8cb7-0f2c2c27ee05 Digital Underground
[update] diiv 7f63fcd3-2907-439b-8d35-195284b479fa DIIV
[update] dijon 8c79c95b-3a69-473f-a451-1d65071f40a7 Dijon
[update] diljit-dosanjh 1522fdf6-aaae-4111-9414-a6d8825ebe8d Diljit Dosanjh
[update] dillom 8e54f60a-6f26-4c86-afd3-675333bb4663 Dillom
[update] dillon-francis 0e99e232-270c-4b3d-82bb-ab49c3832724 Dillon Francis
[update] dimension 27e465e0-b862-4ab4-9063-5635cb924b05 Dimension
[update] dimitri-vegas 6aec96ee-ee3a-473b-9f92-89df123cb9d6 Dimitri Vegas
[update] dimitri-vegas-like-mike 11d0367c-d422-4a20-b5f5-0114d43f8366 Dimitri Vegas & Like Mike
[update] dina-ayada a7439ef3-8360-4fee-bd7e-434d252ecec1 Dina Ayada
[update] ding-dong 884a9ae7-ca21-4373-ab4b-cf8cff75a609 DING DONG
[update] dinosaur-jr a0e6a5b0-24de-4815-b0b4-da6eb0d2ec27 Dinosaur Jr.
[update] dinosaur-pile-up 869efd94-66bf-4218-8e9c-2f81f509681b Dinosaur Pile-Up
[update] dinosaurs-skin 0054873f-5e17-47c1-8074-5c54b881ec39 The Dinosaur's Skin窶ｬ
[update] dionne-warwick 2f1579d7-ce55-4d88-8ada-4a3fbfd1196d Dionne Warwick
[update] diplo 80254059-e51f-4e2b-94ae-4240882d745c Diplo
[update] dire-straits 6f0c229e-26fe-4c19-a156-0a5928c4c59c Dire Straits
[update] dirkschneider 3cd4766a-b41f-42db-9a70-5458fa6b3d8a DIRKSCHNEIDER
[update] dirty-heads 33d4e497-8afb-4e48-beba-645b3ec98c0b Dirty Heads
[update] dirty-honey 57dd534c-68db-4a0e-a962-1cbcf33cbfd7 Dirty Honey
[update] dirty-loops 941d8c7b-1f72-4e05-ae4b-7b09edbd210d Dirty Loops
[update] disciples 0578cd3e-2643-4d15-94af-b56d52079d4e Disciples
[update] disclosure 64308596-d8c9-40a0-942e-6da873948a79 Disclosure
[update] dsco-lines c9b661a6-e39a-412a-9a7a-f93568ba1bf1 Disco Lines
[update] dispatch fdda2f40-d3e5-4309-88c0-b1fb84a8e22c DISPATCH
[update] disturbed be8c15b3-5415-4778-a44b-5829ae3913d5 Disturbed
[update] ditonellapiaga a4a664b6-8d13-4fd7-8a51-506118718613 Ditonellapiaga
[update] diva-gurl 34a9dc69-f48e-4a5a-af5b-709fbcdcab18 Diva Gurl
[update] divine-comedy c66e2d71-428c-4305-85cd-c4428ec9c6df The Divine Comedy
[insert] divinity c830da61-f24f-4047-8f5d-b298f58c1f20 Divinity
[update] diwata dc6466b0-26bc-4801-a3e2-491dd921460c Diwata
[update] dixie-damelio 41e56ed1-eb5c-4785-8a77-8ef7d022b9e8 Dixie D'Amelio
[update] dizzee-rascal e98b3f51-7ca1-4fff-9fdc-a4d112ae183e Dizzee Rascal
[update] dj-ashba a752323b-2975-4c11-91f3-300497244d9a DJ Ashba
[update] dj-cassidy d35487b5-5867-4188-84fd-6cfdf4d639b1 DJ Cassidy
[update] dj-cummerbund ef06c51d-3a3e-4a7d-9b3e-6245a79deae2 DJ Cummerbund
[update] dj-dark b0c583c7-c29e-4b02-bbc8-03730f47c78d Dj Dark
[update] dj-diesel 42897719-5d56-42e7-bf85-f1eb7c3cb3c2 DJ Diesel
[update] dj-drama 41908fb5-f5fc-41fd-b86c-8bc4b8bf9ed1 DJ Drama
[update] dj-fresh 30eb0ec9-d4b6-4acc-89e7-561ad65d3486 DJ Fresh
[update] dj-goja 029286e7-08f6-49ee-80b1-c80c9af51b7c Dj Goja
[update] dj-helen 0983326c-aeac-4ce4-8ccc-d86d42a1fbc8 DJ Helen
[update] dj-houseplants 69692cab-dbf8-447c-a2f6-0406cafa97e0 DJ Houseplants
[update] dj-isaac 9d8f3507-0716-47f8-b4ad-a7b3541592b9 DJ Isaac
[update] dj-kantik 070d4b4d-5ad2-49e9-a046-3df7d70f2100 DJ Kantik
[update] dj-khaled 575d3b51-3d10-4a00-93fb-a0a15d3c37d3 DJ Khaled
[update] dj-kool-herc f1a20799-cd2e-4d53-b6ce-95eeefc137d0 DJ Kool Herc
[update] dj-premier c3178fac-ded7-4b6a-8273-88ad23c234a2 DJ Premier
[update] dj-quik d4728750-6e59-4767-a986-e24ae6dbc434 DJ Quik
[update] dj-seinfeld 81a28fbd-b79f-4c33-af12-93fcc876edae DJ Seinfeld
[update] dj-shadow 9ac8b8ef-7d2e-4ed5-9fb2-02c40e31bf2d DJ Shadow
[update] dj-snake dd1a5310-5c3f-4f93-9995-0249f9ee723c DJ Snake
[update] dj-spanish-fly f43aa4c7-465a-473a-9b25-38ad866fa03d DJ Spanish Fly
[update] dj-spinz 5f806517-30f6-45a5-ac39-cfe15524bbb1 DJ Spinz
[update] dj-ss b8cf527d-50ea-4001-8b27-3af17d233f7e DJ SS
[update] dj-fresh-2 ad06c5e0-4c0d-435c-9f63-d5fea59e8d16 DJ.Fresh
[update] djo d70be393-d90d-4bf9-8dab-a25e5b8d54bf Djo
[update] djs-from-mars da2c80cc-3bbe-4e77-aa79-990df9d72974 Djs From Mars
[update] dmas a4e66321-8800-4653-9214-6cf12c901745 DMA'S
[update] dmc e59fe855-edcd-4012-831a-399159ab4f93 DMC
[update] dmx 3e371c1a-acf0-4264-b04a-d987b786f282 DMX
[update] dnce 0f55ac19-b1c6-44ca-9608-eaabe21fba25 DNCE
[update] do-or-die ddd65f4f-89db-4b27-b5da-ab51a945ff56 Do or Die
[update] docman 0e0b5fa4-14ff-4680-851e-a305a792624c Docman
[update] dodgy 0fb60d90-6ff2-4c3c-ac4c-7828d8fce01f Dodgy
[update] dodie bbc7a6d0-cf36-42c3-9b1b-65c969465372 dodie
[update] doe 86a1a9c5-10ca-4829-adbb-d71be349d22d DOE
[update] doechii 2acb0137-ffc7-4595-9c84-85430edcb414 Doechii
[update] dogma 3312299a-e3cd-477c-a380-3c5f95a466ed Dogma
[update] dogstar 4ee3525b-1d24-4c24-9a8c-2ca9be8c0c07 Dogstar
[update] doja-cat fdf0a085-b03d-469a-9812-25fc45486377 Doja Cat
[update] dokken 774756e3-d568-4e87-ac02-276c0df9c402 DOKKEN
[update] dolla 26b8ff77-9adf-476b-9acb-6fde14e4d4f2 Dolla
[update] dollheads 8b157a5b-91e9-4f63-b56a-0c863bd71bc9 Dollheads
[update] dolly-parton 80a9c455-f9b1-49a5-9eab-d0b07f940889 Dolly Parton
[update] dollyrots c13d8f89-75fa-400c-a3e9-955b246bdf05 Dollyrots
[update] dom-dolla dfff8cef-ff8f-4ce0-a97a-af1f5026f7ad Dom Dolla
[update] domani 365c84e4-deec-4ac2-9556-ff94f50330c9 Domani
[update] domi-jd-beck 225ae11a-aa8c-45f1-b4fb-6c00dae969f7 DOMi & JD BECK
[update] dominic-fike eb9eb670-4740-421c-9764-c999d7b5962c Dominic Fike
[update] dominik-dudek c7d4502b-4f23-4343-8005-cb24e86bd150 Dominik Dudek
[update] dominum 0540d949-7697-4900-86e8-04f1e1b31794 DOMINUM
[update] domiziana 6896288b-e9cc-4841-acaa-101538150f94 DOMIZIANA
[update] don-broco bb842227-d768-4441-bc56-73e5b5e4d648 Don Broco
[update] don-dellpiero 635b82bf-86a8-4759-8b96-8f49c5555972 Don Dellpiero
[update] don-diablo 279537b7-31a8-4b7b-9c90-69594cbdc9c6 Don Diablo
[update] don-henley c091577f-d586-48ec-8de8-1f8fed71da38 Don Henley
[update] don-louis 3c343f1d-6af5-47c6-a100-d0e9568b81ac Don Louis
[update] don-toliver 044ed6de-6c3e-4795-a0ee-b3375e90d64e Don Toliver
[update] donaeo 659892de-c98d-4cc7-8462-6c881afaa0e1 Donae'o
[update] donald-byrd 80f3607a-f53b-4309-a742-30193713634e Donald Byrd
[update] donavon-frankenreiter 0791cb6b-68e6-4d80-b8e6-ba679480829a Donavon Frankenreiter
[update] donna-lewis 5fc0a0d1-8945-41aa-a7de-43d1bac18279 Donna Lewis
[update] donna-summer 5d2a772a-b59b-4a42-a2f4-a9405c54938a Donna Summer
[update] donny-benet 871c41d2-2d79-4a73-aff1-b28dd951d20b Donny Benﾃｩt
[update] doobie c513c72f-26b7-415b-b6e5-91a9502c9037 Doobie
[update] doobie-brothers bbaa4396-6fb4-4e66-aed6-f1f61285824c The Doobie Brothers
[update] doomcrusher cb3d1382-2855-4d9c-9bdc-b4086ec2cdbf DOOMCRUSHER
[update] doors 449899aa-586c-4800-aa43-0a770b5e267e The Doors
[update] dope-lemon a3a85fcd-ef26-47df-bc2f-e0071ef030db DOPE LEMON
[update] dora-jar e32c01fd-9e18-4c21-af3e-f58b69d13088 Dora Jar
[update] dorian-electra ab05efaf-de03-4228-a8f7-f75cbf2282c0 Dorian Electra
[update] doro 3b0d0005-1187-420b-86b8-7bd1f2b3bc29 DORO
[update] doro-pesch a2c0f95d-5068-4199-9f21-3d6316a71950 Doro Pesch
[update] dorofeeva 5666c221-a8a3-42d1-9742-72ea7df81567 DOROFEEVA
[update] dorothy 86fd4b76-e2b8-44cc-9b32-4eff1363f86c Dorothy
[update] dot-allison 80331fe0-0387-4d52-9b64-1c0a0bcbe2d6 Dot Allison
[update] douwe-bob da2d8eff-bb3a-48df-bea1-0244c2a65c7e Douwe Bob
[update] dove-cameron e091bc76-35f2-40b9-beb3-eb3683ca490b Dove Cameron
[update] down 3e53daa9-5dab-49ea-9157-18454d8b2eca DOWN
[update] downer-inc db4f231e-af94-4ca8-a769-4cedd197f0be Downer Inc.
[update] dpr-artic 3b424040-3977-47be-8f9f-c647af9e967a DPR ARTIC
[update] dpr-ian 545d2096-2c08-4fe8-8e52-37f02b77035d DPR IAN
[update] dr-dre 0db7be21-b847-445c-b03e-10b025a30fd0 Dr. Dre
[update] dr-hook 9314d290-d47f-4f0f-892f-d50c69898ba8 Dr. Hook
[update] dr-jeckyll-mr-hyde 4615cfe4-9e8f-449d-a7be-4241df5720d8 Dr. Jeckyll & Mr. Hyde
[update] dragonette 6782836b-1328-410b-a143-f6e4d6dae4e9 Dragonette
[update] dragonforce eb443902-dde7-4990-bf1a-cf21e47a33a5 DragonForce
[update] dragony bcd3d865-aec7-4af3-a8c1-744c0a991e1c Dragony
[update] drahla a30c7f6e-efdf-43b1-9d27-b66191265214 Drahla
[update] drake 68fbc213-68d5-44a0-8a6d-79ad5789ce70 Drake
[update] drama d1fae870-904c-4127-9505-0cfa31240327 Drama
[update] drama-b 0236d0e6-0449-4d1a-9ae8-51f9368dea7e Drama B
[update] dream-academy 53dda520-2543-4eca-8032-98e83e82e36c Dream Academy
[update] dream-theater 5e543685-dd74-4174-a413-0203f1ac11dd Dream Theater
[update] dream-wife a7d558f2-728e-44af-8249-5d83235af210 Dream Wife
[update] dreamer-boy d73b0afc-de64-4462-bad2-78c05ac9aa2d Dreamer Boy
[update] dreamers e776f034-b3d0-4857-92d7-64e2bb81df9a DREAMERS
[update] dreezy 240578a0-f589-43ed-b82e-3ef092ec8c79 Dreezy
[update] drive-she-said 4aa3de30-a956-401b-8711-3fc4013a53f5 Drive She Said
[update] driver-era c9ef2ea4-b9c6-44e3-8f0d-841ce5f82bbb The Driver Era
[update] dropghost e6136b23-762f-469e-b5db-c49064c94240 DropGhost
[update] dropkick-murphys bb8fff75-5d99-4882-b8ec-6dd69637e2fd Dropkick Murphys
[update] drove cb4bc5f8-7723-4580-8b16-35a3528c4e12 Drove
[update] drowning-pool 76a5fa7d-7a84-4ac6-993a-bbfe0892b797 Drowning Pool
[update] drugdealer a2d50ced-37d4-4510-8139-4dc315dc2033 DRUGDEALER
[update] dry-cleaning 642e6ab5-ec4d-45fd-8a39-a21cdaa4573f Dry Cleaning
[update] dtg 96403c8c-4f3e-4d62-81f4-77c3161afb4b DTG
[update] dua-lipa f2798d55-6957-49ca-aa5d-316c89020f82 Dua Lipa
[update] dua-saleh c4f2056a-b4ab-4d06-bdcf-6ff4b5b36529 Dua Saleh
[update] dubdogz c386ee8e-fc99-41ea-bf28-6ac718b05650 Dubdogz
[update] dubvision a5387ea3-cf70-465e-a7ae-d302a6469e61 Dubvision
[update] duckboy d255ee9a-7e66-4dae-9ddf-22fa35726e72 DUCKBOY
[update] duckwrth 4f640955-03cd-453d-aaf6-aca898cf0b8a Duckwrth
[update] ductape 25dd5061-2609-42fe-954c-ee49ef1ffe37 Ductape
[update] duda-beat eef8c810-8e6d-4c89-b6d9-7b210b8e1ce9 DUDA BEAT
[update] duffy 07b31a64-208f-4c52-832c-0b14054c8f2c Duffy
[update] duke-dumont 0c772728-e505-4342-8ef1-a6f5e5578ad6 Duke Dumont
[update] duncan-laurence 1dd3d39b-eca5-427f-8af2-5ed09ffd2284 Duncan Laurence
[update] duorush f8a8a9b8-6058-4caf-b1f8-4818090357ce DUORUSH
[update] duran-duran 7a31aab0-7405-4fb7-8584-281f467d6503 Duran Duran
[update] durand-bernarr c42cfc3e-fd78-418b-960c-7f8c2ed5456e Durand Bernarr
[update] durand-jones-the-indications 14462b7b-8e6f-454b-bba3-42227a61d7cd Durand Jones & The Indications
[update] durante 521ab033-9fc5-4e43-83d5-eb25b74d36f5 Durante
[update] durry 988a6aae-3a2b-4a02-8eff-e9cdff3186dd Durry
[update] dust-bolt 144427d1-98f8-42e5-a20d-ac61cfed07b0 DUST BOLT
[update] dust-in-mind c8372ccd-073b-43f7-abfb-42ac3e18d443 DUST IN MIND
[update] dusty-springfield 892bb15e-fca6-4c9b-b461-b3e94e9b577b Dusty Springfield
[update] dutch-graft 8e5f83d7-62c9-40e8-a1f8-1259fac9ba13 Dutch & Graft
[update] dutch-melrose 76192773-e0c6-40fd-b8e3-8a64eaac7f2e Dutch Melrose
[update] dvbbs c3fe0ca4-fdb3-4a5d-a590-abf79d97b96f DVBBS
[update] dvsn 48dce480-4a56-4e54-a7c8-b77d716d0ef0 dvsn
[update] dyce 398d23b0-2716-4dbf-986e-f5abf9339059 Dyce
[update] dylan 92d085ba-23b0-42c8-b2b8-875ded0649a5 Dylan
[update] dylan-conrique 1a46f02d-fe0f-4e3b-b416-8fcec8f3c2da Dylan Conrique
[update] dynamite-shakers aa465934-d50f-45ae-98f8-0bcc02a1b4e0 Dynamite Shakers
[update] dynasty 34a528cf-c019-494a-b9a9-452dca2aadca Dynasty
[update] dynazty 0605e540-6f6c-43ed-9a09-7bf2088c531e Dynazty
[update] dzeko b7e29b5d-eb88-4f14-9cff-0c47c8ed52cf Dzeko
[update] e-wata f126d011-c94b-421c-b416-31ae5ef4fa60 E Wata
[update] e-40 a0d327d3-0717-47b1-856c-f92da739a4e9 E-40
[update] eagles 71b46077-512f-4736-a503-03fc185c8c0a Eagles
[update] eamon 60541fff-1a80-4697-a90f-a884f557a686 Eamon
[update] earl-sweatshirt 6a2e1259-2fd9-47d1-b27a-0ec408abcc9f Earl Sweatshirt
[update] wind-fire b6303912-d657-4829-8dec-841462cf3703 Earth
[update] earth-wind-fire ec7524c8-5ce8-456e-91ef-96789daf47eb Earth, Wind & Fire
[update] earthgang 656268f0-6fd1-4e8a-8921-781019fc35bf EarthGang
[update] eastsidaz 15421044-f82c-4041-bd65-fc2868aa8f77 Eastsidaz
[update] easy-freak 791325d4-c805-4f8a-b412-a557448c1b99 EASY FREAK
[update] easy-life 65b36d3b-19f9-47be-a1ad-e21a5fe3760f Easy Life
[update] eats-everything 0f9de058-ccfd-4563-9f8e-c472f61d9d9d Eats Everything
[update] eaves-wilder 047eeff0-662b-4a65-a944-7101d5de204d Eaves Wilder
[update] eazy-e 5dd93877-bdf8-4f31-88e0-181feca02c39 The Eazy-E
[update] ebe-veto 8a860d50-1f9e-4a90-83af-da295b9c6adc EBE Veto
[update] eberhard-schoener 11a98271-a655-490d-a517-fe152798ad37 Eberhard Schoener
[update] ecca-vandal 2080f7ac-c9b9-47e2-8975-6419ab7fdd01 Ecca Vandal
[update] ecco2k 733bbcdb-06ba-4447-a90e-1e8a21108f10 Ecco2k
[update] echo-the-bunnymen 928a5de9-edc9-4659-9ff3-e191a9eae9aa Echo & The Bunnymen
[update] echobelly 048e3c72-030c-4b0f-9a05-c600026f3259 Echobelly
[update] echoboy b2083419-ea48-4663-b357-0ff9614056ba ECHoBOY
[update] eclipse 2f092b44-3b8c-404e-baa2-709da78ceb86 Eclipse
[update] ed-sheeran 1b0c1226-7cb4-4118-9e49-1aaec3be9524 Ed Sheeran
[update] eddie-benjamin 85607b62-451b-4762-9fae-e5c39faa3425 Eddie Benjamin
[update] eddie-chacon 5312fddd-3e04-499f-bff1-08978bdcf9db Eddie Chacon
[update] eddie-levert 15e0263f-4a3f-401f-9f63-ff585feec5b4 Eddie Levert
[update] eddie-money d223d384-1fcd-40c3-8657-e5f4522512f0 Eddie Money
[update] eddie-vedder ab504987-f5a0-4f4f-834c-4a77dcbf2c4c Eddie Vedder
[update] eddie-zuko 16bf3ca6-0abe-4ffb-a57a-4817831fa121 Eddie Zuko
[update] eddy-grant e69009e5-99e6-420b-aeef-09640658960c Eddy Grant
[update] eden 8ea6ec42-e372-43f8-8d1e-540b8e35e439 EDEN
[update] edge-of-paradise 0630f14e-2df5-48a3-8698-3217324eff5e EDGE OF PARADISE
[update] editors cb288436-4640-427a-becf-8eabea2798f7 Editors
[update] edward-maya 41163b6d-43e2-4061-b8b7-61a6c3bc8853 Edward Maya
[update] edwin-starr 1abd81d5-74f0-485d-b43e-858b0707996f Edwin starr
[update] eem-triplin 644f9e99-1c33-488c-a552-40ffe6cf8e89 Eem Triplin
[update] effie-passero 7c950ea6-2ab4-4263-9914-c09a8a0ab7f3 Effie Passero
[update] ego-sol 7e5abb37-01ad-49a7-a579-b55867455d17 Ego Sol
[update] ehallz 8a253072-7723-4977-a460-d3e699dd1e8d Ehallz
[update] eiffel-65 07d18213-533f-450a-842d-caa4bc15ce8a Eiffel 65
[update] eighth-wonder a5fb0fbb-4705-4197-87ca-f4eb40bac2cb Eighth Wonder
[update] eisbrecher 47940249-c75a-441e-80a0-8831c3b2f0c2 Eisbrecher
[update] ej-jones ef8ec1e7-1247-4946-b38d-e0ab7aa7460f EJ Jones
[update] ejae e6486f13-6e71-478b-9304-8558c778d576 EJAE
[update] ekko d2dc14e6-2d87-4c59-a917-77806335f47e Ekko
[update] ekko-city bde31e1f-68f9-4a9f-acf2-009af0f93740 Ekko City
[update] ekkstacy d1118a36-cbc5-48f8-9b70-7bd665e58fc7 EKKSTACY
[update] ekoh 542fb3ab-962a-4855-bffa-0e980901dcfb Ekoh
[update] el-alfa 86e93d1e-db2c-469f-8fb4-13fe9ec1400b El Alfa
[update] el-presidente 25249c2a-d499-4cbe-9456-c06fc39c2d61 El Presidente
[update] eladio-carrion b96e886d-646d-497a-ae9d-5866c96a3b98 Eladio Carriﾃｳn
[update] elastica 834d1b2e-5774-46a2-86db-c57d6ee88b7f Elastica
[update] elbow 9b8f552d-c096-48b2-b423-62af81af1f8e Elbow
[update] elderbook 9628789a-534f-42f8-9326-0b49c758c79a Elderbook
[update] elderbrook 85cb4a3f-9006-45ec-9104-699e2fdc0502 Elderbrook
[update] electric-callboy eb4460e7-5398-4990-93f8-5e18c50cd548 Electric Callboy
[update] electric-fields a4443b7b-5f55-4075-9b11-161b99152203 Electric Fields
[update] electric-guest 5fcfc015-788c-4e72-b4e5-b667ca86e242 Electric Guest
[update] electric-light-orchestra 96c00a37-42dd-4ce6-abb2-6030925be960 Electric Light Orchestra
[update] electric-youth 7133725f-81c5-47a8-afc5-6e0e3b345c70 Electric Youth
[update] electronic a49e9b84-cdb4-4c60-b189-eceac5b4ef69 Electronic
[update] eleine fa45a1d9-7da8-4648-9898-f1137cc00d1d ELEINE
[update] elephant-kind db73a293-00b2-4bd9-a7bc-6fd3f5369f13 Elephant Kind
[update] elephant-man dcbe0770-6018-4574-af94-50e97fe0184c Elephant Man
[update] elettra-storm 6e193b93-ba42-4e5d-83b3-0f68aabefb21 ELETTRA STORM
[update] elevation-worship aead6663-4e8a-4ee7-9af9-0a20f7a000fa Elevation Worship
[update] elevator-boys 79c36f6e-1deb-43f6-9a26-49f2bcac2868 Elevator Boys
[update] elhae 44fe5816-ef48-4c39-9997-3c6fcd4e2679 ELHAE
[update] eli-fur f4852f07-5416-4a28-bd08-d2229ee1c2f3 Eli & Fur
[update] eli-brown a473742d-f833-4b09-b5ab-1e6f75b65e25 Eli Brown
[update] elijah 49e7b142-8745-49ec-b798-3755595b4d04 elijah
[update] elijah-woods c762fe7d-83ff-4f49-9369-8ed835708272 elijah woods
[update] elio 05b219dd-7ec2-4045-9fc2-b8c3edccc120 ELIO
[update] elipsa e13b3cfb-e831-4c1d-b52c-acaf39fb4df6 Elipsa
[update] elise-trouw 68978080-1c00-4a0b-9442-c41c45216121 Elise Trouw
[update] elita 4aa5a041-bab5-49d1-9aa9-dc58dab82099 Elita
[update] eliza-rose fdc45920-9e52-439e-9b7d-0af637b272a3 Eliza Rose
[update] elizabeth-garozzo 60d81b68-a93b-4c21-9a64-cb0e3af6b7e6 Elizabeth Garozzo
[update] elize-ryd 51859982-a20c-4e0f-b6b6-56d2104271b0 Elize Ryd
[update] elkan 86cfef6d-5944-4a60-9f4e-17ad557ef86e elkan
[update] ella-boh d1dbf6ae-c9c3-481e-9525-a780f9b98ccc Ella Boh
[update] ella-eyre a64a0d95-711e-4084-8dc9-0d772d78d393 Ella Eyre
[update] ella-henderson 3c68ce33-4cb5-4c74-b639-f9958d21bb88 Ella Henderson
[update] ella-langley 8946a49d-23ad-4ad5-b367-6ccbc8389a2d Ella Langley
[update] ella-mai ab173ed7-54f5-42c4-8319-3798730bef26 Ella Mai
[update] ella-red 968b1dcc-19f1-42da-bee7-3208a99d2fa7 Ella Red
[update] ella-rosa 701ef3fb-d4a3-42c9-b774-fe4052c9e512 Ella Rosa
[update] elle-the-pocket-belles b05c24b1-c445-4da5-8d46-108c0f915d2f Elle & The Pocket Belles
[update] elle-king c0184994-08bf-46c5-8472-22d25b4ffd0a Elle King
[update] ellefson-soto c4dec6c2-9ff4-482e-9986-95d06c9a5204 Ellefson-Soto
[update] elley-duhe 9a6ccc6c-fe82-4a3d-831f-c62b2117483f Elley Duhﾃｩ
[update] ellie-goulding 9b5357fb-0297-483a-ad4a-532a5b382a9c Ellie Goulding
[update] elliot-james-reay 2108e31d-8605-42cc-af63-25a43bcdb492 Elliot James Reay
[update] elliott-smith 6c70fdca-4d40-4ca5-990c-69befad9a2a0 Elliott Smith
[update] ellis ab4897ca-6bf8-4048-ba47-9204e38d3b02 ellis
[update] ellise 574bd05a-89e4-4a1e-beeb-8054b059de2a Ellise
[update] ello a35b0b1d-5a1a-4024-b2ae-94d5d8e0deb8 Ello
[update] elly-jackson 2de07c45-f869-41fd-a324-396758fdff43 Elly Jackson
[update] elmiene 78525979-e2cb-4529-ad4c-ad8ec4041cc4 Elmiene
[update] eloise db7c8cd8-5271-4807-8bf9-0007102b6df8 Eloise
[update] elovaters 9d0a8fcd-3b36-482b-b6e9-83908d5e892d The Elovaters
[update] elton-john 71e5c903-899f-434a-a7d3-31388d2f90e9 Elton John
[update] elujay 31ba0907-5f11-4e7a-b637-1ffa7378ca83 Elujay
[update] eluveitie 06d47cf3-9c10-46c1-ab0e-64f6d67f96aa Eluveitie
[update] elvenking f7ab6aca-c17a-41e4-bcb6-60911792d5d3 ELVENKING
[update] elvis-crespo 1ca76a79-e30e-4525-a960-7854c77830be Elvis Crespo
[update] elvis-presley 70a8809e-af77-46da-8082-3c886c684911 Elvis Presley
[update] elwood-stray 3cdd0ae9-b602-489c-9045-9376e21a9846 Elwood Stray
[update] ely-eira 248e0ee9-0fbe-4992-9e62-3a9bb27e4b93 Ely Eira
[update] ely-oaks cafe779c-4f1b-4ded-bacc-f724faa7c4fa Ely Oaks
[update] em-beihold b69d4cce-d0fb-4375-905e-d3932dc4c56f Em Beihold
[update] emarosa 0040b2b1-69ce-4e10-87ea-284a1ce6b941 Emarosa
[update] embrace 14775468-bac0-47dc-9e41-75d7d1019130 Embrace
[update] emei fdafec4b-02a9-44b5-90b5-dda147f34e58 Emei
[update] emeli-sande 4b665dc3-2c20-43fd-9c06-4ef906ffb77f Emeli Sandﾃｩ
[update] emeline 2b28ed9a-08b0-42a6-aa88-378ec2485ce5 EMELINE
[update] emerson-lake-palmer 1cf31611-3e9a-40f6-917c-8afb66112c09 Emerson, Lake & Palmer
[update] emery-taylor 1d46feb1-3e8a-4da6-b5a0-30b7d8add634 Emery Taylor
[update] emi-maria f4947436-c338-4d32-8b1c-bc584d213c8d EMI MARIA
[update] emi-secrest b8d2fcff-5012-4fda-ae91-d5dcab562eef Emi Secrest
[update] emil-bulls 24bdf5a6-7e38-4d2d-8c25-469ae913a26b EMIL BULLS
[update] emilee 01589ca0-47c3-4496-bde5-68f860ca7e3e Emilee
[update] emilio-piano 89eef8b7-e259-4851-9106-7a6f9c279d8f Emilio Piano
[update] emily-ann-roberts b870201c-d443-49aa-a091-6baa911cd619 Emily Ann Roberts
[update] emily-makis 9da3bc62-43e9-4b83-bd98-87aba42502c2 Emily Makis
[update] emily-mei ff37013b-6b7e-458c-b723-4cf34d15de6a Emily Mei
[update] emily-nash bafc427e-2d7a-429b-a451-092df1d31e9a Emily Nash
[update] emily-warren b187a544-08ef-4f88-b529-3572443fd886 Emily Warren
[update] eminem fc8f0769-3da9-4370-b8bd-c24127f2f05d Eminem
[update] emma-bunton c9dde1b5-1f2a-4762-884c-c6374cb94050 Emma Bunton
[update] emma-hewitt 8099a928-d14c-4c4c-b526-6103d36b0f30 Emma Hewitt
[update] emma-louise 936c2d9e-cbf8-40f7-af67-aaeb0987646d Emma Louise
[update] emma-smith 255d981f-b515-4e89-aa64-338c8b973186 Emma Smith
[update] emma-steinbakken de62ca27-96db-4daf-a356-37b8e8306357 Emma Steinbakken
[update] emma-zoldan a67ffb0c-2ef4-4e1d-8f24-30b26f7ed039 Emmanuelle Zoldan
[update] emotional-oranges 980ba64a-277d-48b1-aae4-ddf2f5f717a8 Emotional Oranges
[update] emotions 53e652ab-80c8-4630-8046-f9e6334e251c Emotions
[update] empire-of-the-sun b3afab61-7506-4a6f-81fe-eb8eb81b3fd6 Empire Of The Sun
[update] empress-of 9a682fa6-da9f-459e-abf7-ee8e2e758641 Empress Of
[update] emyrson-flora bd7db7c6-7ddd-4d1d-a7df-503807965a81 Emyrson Flora
[update] end-it 13296cf1-59c4-48c9-ad8d-855998ef5cf7 End It
[update] end-machine fa4933b8-11f6-4a25-a72f-33a83fe8c35f The End Machine
[update] endless-summer ee207e0d-4743-4ff2-8752-bbf5d671b01a Endless Summer
[update] enemy-inside f10e3c98-1eaf-4f30-9b4b-2b33478daf5b Enemy Inside
[update] english-teacher 832d4993-74ae-4631-9201-a515cef47c20 English Teacher
[update] enisa 3eb5dbc8-ea02-4b56-a7c4-65fdeccff030 Enisa
[update] ennaria 1542585a-7836-469c-9683-f04730335f25 Ennaria
[update] enny 92d2badf-ea3f-4b53-8574-fe93957ff812 ENNY
[update] enrique-iglesias bf23d85d-99eb-4257-b701-f4c328be9f2a Enrique Iglesias
[update] enter-shikari e6f66464-5df6-41e8-83ae-a19459b813ec Enter Shikari
[update] enya b57579a2-d5d0-4240-8724-8898d920c581 Enya
[update] epica 6f597e9e-6e8e-483b-8181-e8175a972484 Epica
[update] era 00c6d21a-0851-40b9-b4dd-9a12ffca08ed ERA
[update] erasure 803fc5de-af18-4558-b439-79308b28cfaa Erasure
[update] eric-bellinger 7f2078dd-c94c-4a91-83c4-937f00f998eb Eric Bellinger
[update] eric-benet 4367125f-112f-405e-9003-678620d0243d Eric Benﾃｩt
[update] eric-church 799f961e-248a-471e-9af3-e6698e315265 Eric Church
[update] eric-clapton 7f47d12b-b21a-4e48-8767-b8faa780ff7f Eric Clapton
[update] eric-martin 81cb20cf-c881-4123-8505-4e1a1dff6668 Eric Martin
[update] eric-nam a453d596-8791-4ff5-912f-c4536674fc4f Eric Nam
[update] eric-prydz ca7c79fd-6a01-4bce-b0dd-e8a0d1bc813a Eric Prydz
[update] eric-steckel 0c7354f0-9323-4680-8b24-e257b8da0828 ERIC STECKEL
[update] eric-turner 48a6552b-b25c-4d03-a853-f11e4be7e49a Eric Turner
[update] eric-vanlerberghe 8c549481-c526-41f6-8f10-2045a959c1c1 Eric Vanlerberghe
[update] ericdoa 7953d7fd-7e77-4e29-8879-031fa21f4944 ericdoa
[update] erick-the-architect 30599143-5a4f-45f7-9d4d-368e1a39ab00 Erick The Architect
[update] erik-gronwall 51bfb84b-8a0d-4728-af16-6af5c666637b Erik Grﾃｶnwall
[update] erika-de-casier 3cc83444-48b7-4744-9ae7-f7b87f12df57 Erika de Casier
[update] erika-jayne 04c279fa-b25f-460a-8cd7-a694a0205751 Erika Jayne
[update] erika-vikman f4bce0bf-c455-4198-9216-333250ea18e8 Erika Vikman
[update] erin-kinsey 2e3674ad-b02a-4ce5-8fb4-c80812e17ab8 Erin Kinsey
[update] erin-lecount a5f97232-50f1-4896-905a-24b0e6f58c4c Erin LeCount
[update] ernest 8f6f7b57-f112-4098-bb06-55cff770bc76 ERNEST
[update] erol-alkan 5d5965bc-15d4-49f1-988b-d8982b59961a Erol Alkan
[update] erra cbd997fa-cbf5-4017-a3e5-909372e759be ERRA
[update] erykah-badu 425ef581-1f3e-4a69-b99b-001d391481c5 Erykah Badu
[update] eryn-allen-kane 99b9c822-ceec-4112-96f3-c209b5ee605d Eryn Allen Kane
[update] escape-the-fate e07cefd3-0897-4d55-9c2d-6c93343e6f71 Escape the Fate
[update] eslabon-armado 854a4816-1d42-4e90-9edd-163f78ca3b8f Eslabon Armado
[update] esme-emerson cfdfe326-c527-4914-8da9-8569bd5a4d0e Esme Emerson
[update] espiritu 9e62fa1b-d4c3-446d-b6d8-befe540094d2 Espiritu
[update] est-gee a7adf050-0058-49c3-ab0c-9cf13d22d3b9 EST Gee
[update] estelle a4b96b0d-65fc-4578-b2d3-0aec22b09f53 Estelle
[update] esthero cc5e5d9e-6aa4-4892-afc8-2acfced48b7b Esthero
[update] eternal-idol 804a4d90-4ea4-4330-80b3-a3628288c1e1 Eternal Idol
[update] ethel-cain 51e1b7de-9a60-45e3-b0a9-fb94fc4de2ae Ethel Cain
[update] ethereal-daydreamer a896e161-ffb5-4216-af23-3a067d7998fd Ethereal Daydreamer
[update] etta-marcus add069eb-d02b-44bb-96e4-5ec63c2d1bbd Etta Marcus
[update] europe 5f45c900-7406-46f1-8fea-3a62ab5398f2 EUROPE
[update] eurythmics 8c00ae6c-6d14-454c-adfc-c2e23ce70114 Eurythmics
[update] eva-tolkin 7a3419ae-1d90-4114-88f8-986b5a2effd9 Eva Tolkin
[update] evan-fong 0c6f1271-03e4-41b0-8afc-540f7b9cb25e Evan Fong
[update] evan-giia 44bd3ca2-8ab6-47f5-bfb3-451b481674b5 EVAN GIIA
[update] evan-ross 8a9599f0-a592-4a1c-9cfd-1a2fba118f2a Evan Ross
[update] evan-taubenfeld 14e179a6-a209-469a-bb6a-8a167662fe4b Evan Taubenfeld
[update] evanescence 0b87ea73-e154-418a-a776-b6e1f6d28c40 Evanescence
[update] evangeline 729507da-f97e-450d-aa44-95dbe319979c Evangeline
[update] eve b60a9f01-8684-4e7c-a4f9-aa76eaceab23 Eve
[update] evelyn-glennie 37cd076c-2ec3-490d-b415-6e94f4afd532 Evelyn Glennie
[update] evergreen 5fd9034c-dd76-4805-9823-f6386e4c7236 Evergreen
[update] everything-but-the-girl 2a226e8d-b90f-4993-874b-83a2026b8ae0 Everything But the Girl
[update] everything-everything 90d98f23-ef93-4fdc-8869-cbcb43c332c6 Everything Everything
[update] example fc63d276-bad5-4558-a61c-5b42e1098720 Example
[update] exene-cervenka 0212d012-9867-45ff-b553-7b9fe106df1b Exene Cervenka
[update] exit-eden 884be5c6-49e3-4453-a5ed-20b63f2322b1 EXIT EDEN
[update] exodus 1b33004c-8baf-4b11-a1ba-f7c8c6f64007 EXODUS
[update] experience-unlimited b5e5007a-1dea-488e-81ac-d648cf2ef275 Experience Unlimited
[update] exploring-birdsong fe5f205e-15a5-447c-af4b-12e44b71871c Exploring Birdsong
[update] extreme 868eb6ad-6876-41a0-9650-75f7193edc21 Extreme
[update] eye-of-melian 53e3f4ee-d01b-492d-b458-b22023cf41bb EYE OF MELIAN
[update] eyedress b98334b7-61b1-4eb2-b7ac-0d14d4c6d69a Eyedress
[update] eyelar 3cf54cb8-786b-48f2-837e-76d45876a652 Eyelar
[update] eyeliners 02d1ae51-5243-49cc-b47e-b6763031513a The Eyeliners
[update] ezra-collective 6715285c-2c26-48de-a5b1-e938a6adcc61 Ezra Collective
[update] ezra-koenig 08dfd981-d7ec-40a6-bb00-3fde646a31c6 Ezra Koenig
[update] f3miii b3c752ab-b375-4ff6-922a-d516d94cc1b1 F3miii
[update] faada-freddy 39a55ba5-62eb-4d62-beaf-a9ccd038ef60 Faada Freddy
[update] faangs f3a7816a-2acd-4af2-b474-8d1cb8f15d3c FAANGS
[update] faaschtbankler 0dedacc6-f686-471e-b572-0e0678fd03d1 Fﾃ､aschtbﾃ､nkler
[update] fabiana-martone 5ca1ec6b-8734-4c5d-babe-5c2439a5b57b Fabiana Martone
[update] fabolous 4e095d6c-36de-405b-a9cf-aff4b12ba240 Fabolous
[update] faders 75646a61-40c1-4fb6-a80b-67cf96fa42bc Faders
[update] faerybabyy bfa07a0d-9533-4784-b0c1-3f43683e29ca faerybabyy
[update] failure 05dc2140-da1e-4bc6-8bb5-3896abbb9d08 Failure
[update] faim cfee9a71-28a4-4769-b0ae-9c56d1293375 The Faim
[update] fairground-attraction 872b4476-aa6d-4991-837b-6eb30a5270ca Fairground Attraction
[update] fairlane ff1c9b96-631d-46a6-bc2a-9e53eaa3a1b3 Fairlane
[update] faithless 007e670b-4bb9-4f7a-acb1-d86d8b034172 Faithless
[update] fake-music 5603cb48-3d8d-4602-ab32-065b49a2ba29 Fake music
[update] falco c0ac4859-726c-4cc4-bb82-a755a186f34d Falco
[update] fall-out-boy 4d83f4f7-edd7-4467-a140-e67f50321a29 Fall Out Boy
[update] falling-in-reverse a8d4a817-1ab6-487d-916a-5021001d6a3f Falling In Reverse
[update] fame-on-fire 0e234e95-83a8-41c6-8000-be336b2a91cf Fame on Fire
[update] fandom 541221fb-af27-4d68-9ec3-1d0635688db8 FANDOM
[update] fans-of-the-dark 30e55b79-e826-443f-aa98-f0dd351e7860 Fans Of The Dark
[update] fantaazma 32cfa678-c2aa-4f15-8736-35f3f6cdcf6b Fantaazma
[update] fantasia d3ca16cf-2984-4dc1-ae75-d4b1a8a24189 Fantasia
[update] fantastic-negrito 3ed28c63-c5e7-46ee-9045-e9435614ec23 Fantastic Negrito
[update] faouzia dd5f1a95-9309-4d3b-b1f2-bd80cd42cdac Faouzia
[update] far-caspian ac902b36-8c41-4c63-a5b5-7c43b14ee8d6 Far Caspian
[update] farina c203dcc3-ad62-4306-a7fb-231ffd1212c9 Farina
[update] farr b25f53ff-dd7a-42e1-821d-98a1180da4d9 FARR
[update] farruko fa7947cc-3f45-4a94-b98b-35a4bb531dc3 Farruko
[update] farshids da68296c-b515-492a-ba4e-4ce43035294c FarshidS
[update] fast-boy f81a5d41-7b07-4c35-bce4-13569d648578 FAST BOY
[update] fat-dog 9360c114-ad9f-43cd-a738-9a23b5e49a3a Fat Dog
[update] fat-joe 36d9eceb-5dfd-4ea1-a79c-55aa5cc1e973 Fat Joe
[update] fat-nick 23dd4b72-102f-44da-b0c1-55023e38b1b8 Fat Nick
[update] fatback-band 7971b5cb-c76f-43a4-81af-6e456eb92f99 The Fatback Band
[update] fatboy-slim 7ad3c79c-54b0-47ee-8418-c108c66f879f Fatboy Slim
[update] fate a8c3b89f-40d1-413f-b759-359d898e66e9 Fate
[update] father-john-misty 810409de-e65a-4028-aab0-edc1696fd37c Father John Misty
[update] father-of-peace 8e7b49a0-bcaf-4f05-a163-e743c384cacd Father Of Peace
[update] fatoumata-diawara a6e0337f-2a68-4404-87c3-0eef4ff84dae Fatoumata Diawara
[update] faun 80395875-b2fc-4f28-ad80-df67fea29c87 Faun
[update] fave 66ed2397-1893-41a7-978f-3adcd09d2d08 Fave
[update] favors 96df7032-2b81-4230-87d6-b22c69178b91 The Favors
[update] faydee c7a4b758-6828-41c5-8166-107573d7c1b8 Faydee
[update] faye-webster 7caf765b-7d75-467f-80ee-d2a0aa046058 Faye Webster
[update] fazerdaze c98d2209-b01b-4d21-a18b-e30576732afa Fazerdaze
[update] fbp-blxckid a61e8c16-e032-4dd5-ac24-c9cc05fcfd9a FBP Blxckid
[update] fcukers 47833c31-cd57-4236-898f-0e7419214246 Fcukers
[update] fea afd3ac0c-281a-4d16-bdcc-fdabc74ae360 Fﾃｩa
[update] fear-factory f360f5fe-a082-4e14-bb0d-41fb1bfa65d5 Fear Factory
[update] feargal-sharkey e0959573-844b-40aa-b381-998738b5fe04 Feargal Sharkey
[update] fedde-le-grand 94a41160-0b9a-4d05-b62f-56c16cd6d04f Fedde Le Grand
[update] feder 62e8d9b2-745b-4d5b-8051-a62d2f0ff271 Feder
[update] feeder 5fe42663-3bfc-4dd7-8385-4211248c4418 Feeder
[update] feid ec5f6902-000c-4ebd-b94e-fb56583fa231 Feid
[update] feine-sahne-fischfilet 1eb5fefa-369a-47b5-8eff-aa8082b232ef Feine Sahne Fischfilet
[update] fejka 73bd7636-0dfd-48a5-9f8c-b3b1ba807633 Fejkﾃ｡
[update] felicita 526d4701-79d3-4031-be6e-43be63241f68 felicita
[update] felip 1af98ca2-8439-42c3-ab4b-6f8235756c58 FELIP
[update] felix-jaehn 5469306e-cdb6-49ab-8a42-d189f91e8c87 Felix Jaehn
[update] fellowship a845c075-f00d-412b-82e2-a2ef7253fe20 FELLOWSHIP
[update] fergie fecdb6dd-69a1-49f6-9937-b9c1b237a334 Fergie
[update] ferry-corsten 11246fa2-4dcd-4370-bcdb-675f3309da3c Ferry Corsten
[update] ferrymen 827470ee-1926-46a5-aade-3beebde3fb1d The Ferrymen
[update] feryquitous d28ce71c-0d3d-452d-8503-25b63fe85aad Feryquitous
[update] fetty-wap feb934e7-3d33-465d-bccb-4a9b09ea2320 Fetty Wap
[update] feuerschwanz be9600f3-fe5c-41f7-86bd-744d29cb04aa Feuerschwanz
[update] fever e0833a72-5b95-4023-85b8-512e9118a9d3 FEVER
[update] fever-333 7afea05b-98f7-400e-a386-42bbe19f791f FEVER 333
[update] fever-ray 142fbf25-6879-4dbe-bed6-fd38beba19a3 Fever Ray
[update] fickle-friends efc89f78-c1bd-4189-910e-1c315b24b9a2 Fickle Friends
[update] fiddlehead 94bad0ed-a7a1-45d3-8298-c4aca1a54a60 Fiddlehead
[update] fiddlers-green 1fb28faa-d2ea-49fc-874e-a2505ef6b2f2 Fiddler's Green
[update] fideles 98f43280-9f87-4b4b-84fc-5b3eb60d4637 Fideles
[update] fievel-is-glauque 120e7447-96af-4daf-93e0-dee613816b71 Fievel is Glauque
[update] fifi-zhang f926a224-3e40-4527-8e65-c5731d2f8be1 FiFi ZHANG
[update] fifth-harmony a627980b-be28-48d5-b1af-c31249b0c05a Fifth Harmony
[update] figs 12591ed1-edc0-40e1-aa9a-2ee0b23987be Figs
[update] fiji 6148c6e4-8dd4-448a-b706-10c247e38d90 FIJI
[update] fil-bo-riva 80dea316-7215-41c8-aeac-10e46020c81f Fil Bo Riva
[update] final-strike 9a48dd81-b71d-4803-ba57-abbaa9d795af FINAL STRIKE
[update] finch 54b65362-d65e-4f12-8b8c-98fd28141b91 FiNCH
[update] find-me 5112f043-00fc-46aa-8e2f-cbc2256877db Find Me
[update] fine-young-cannibals 53429b06-3ecd-46fd-b413-129843559887 Fine Young Cannibals
[update] finn-wolfhard 030da207-2d76-40e4-99aa-5b0fd1096548 Finn Wolfhard
[update] finneas 07dc79e5-e544-4f27-8655-950b68290219 FINNEAS
[update] fiona-apple 81ad03c0-0f9b-419f-a3ae-86b6e97cfc53 Fiona Apple
[update] firebeatz d076ba38-4d02-41c8-986b-542d5d545aef Firebeatz
[update] fireboy-dml c05466e0-95af-47e1-b1b8-5ba4acc1999d Fireboy DML
[update] firehouse 0a97f514-5a4b-46e6-875b-217491b09c2f Firehouse
[update] firewind 4f5fd6ba-0072-4a6f-8c92-ec3ae0ca343b FIREWIND
[update] first-aid-kit a3e95435-9d40-40e2-b049-43bac36bfc0d First Aid Kit
[update] first-to-eleven c6f1fecf-7973-493f-9541-f4dcbebc65bc First to Eleven
[update] fishbone cb75b7ad-12df-4e6a-aecc-87db7461d5b1 Fishbone
[update] fisher 86aa67c3-12a4-4c98-b410-7d6cc3d08f07 Fisher
[update] fit-for-a-king b0437ae7-63ef-409a-a65f-bd2b6696e36c Fit For A King
[update] fitz-and-the-tantrums c1e6ac5e-a6f4-4aeb-be04-f4232bff22b7 Fitz and The Tantrums
[update] five d9a6fce2-e325-4a02-9ae5-41093ace795d Five
[update] five-finger-death-punch 5c747778-ab62-40c7-908b-7e66175cbf60 Five Finger Death Punch
[update] fivio-foreign c1329722-e7db-4646-ad02-e6030e79be6c Fivio Foreign
[update] fixx d151ae99-32cb-4285-8617-849631819515 The Fixx
[update] fizz 52c3f4ef-d5e5-4721-9f9a-42f438323d8e FIZZ
[update] fjort ca353e6f-6f52-4dc4-a543-cdbd3fb6cf1b FJﾃ漏T
[update] fka-twigs 3b38a9a1-7ab2-4178-87e3-e3885c7be012 FKA twigs
[update] fkj 0c192196-3fb5-49d8-8a73-805fd85cf425 FKJ
[update] fknsyd 60a4dfa2-645b-4d79-aa44-6e8a3956792e fknsyd
[update] flaming-lips 2e4efd7f-6c19-4287-9176-f9a0d5f77e5c The Flaming Lips
[update] flamingoz 6909d5e7-fe2b-4c35-9576-7e2e7bbad26b Flamingoz
[update] flat-black 790e58e2-6cf2-4b86-aa29-6eea7582fc1c FLAT BLACK
[update] flaujae 26622761-4af1-4a25-930f-56eda2cabe0e Flau'jae
[update] flawed-mangoes 552596bb-583d-4e3b-b544-6e6a6464130f Flawed Mangoes
[update] flea 38a66fae-588a-4e57-8d0c-2aa15898d297 Flea
[update] fleet-foxes ea03dc97-cf91-4df9-a244-8ad85c791843 Fleet Foxes
[update] fleetwood-mac a96e18db-33cd-4760-86df-ed3c3632474a Fleetwood Mac
[update] fleshwater 7322dde8-5b87-469d-940c-29b354c9db38 Fleshwater
[update] fletcher 2cccb41d-98bc-4967-9082-83097b684eef Fletcher
[update] flipp-dinero 32311b64-ed19-4281-bb33-e6b9d9f98e40 Flipp Dinero
[update] flipturn 090bd0b5-4684-457d-9431-dc909fa95853 Flipturn
[update] flo d059e6a5-b7fb-41be-836c-1f807aba3330 FLO
[update] flo-milli fe21a44c-f0c6-4f0e-bb57-0c63e77a7068 Flo Milli
[update] flo-rida 7d4ce899-ea34-4dce-a5bf-c30599e74f3e Flo Rida
[update] floating-points d2e54d0d-1d32-4368-bff1-31a94dc40016 Floating Points
[update] flogging-molly f9a54846-d8b5-47de-a20e-08a54823cc67 Flogging Molly
[update] floor-jansen 2fef99a4-9f83-4cc0-940f-929c6f5ba9a2 Floor Jansen
[update] florence-the-machine 3de151ea-5772-4258-ba99-16b01f5bd0f6 Florence + The Machine
[update] florence-road 5ea89fb5-6cd6-4683-9dcf-00e2eb0b97c0 Florence Road
[update] florence-shaw d3022a12-364a-457d-883b-aa35a95625c9 Florence Shaw
[update] florentenes 51684600-8db8-44a5-8828-3c44b255176b Florentenes
[update] florian-picasso 14ba7125-4931-45e1-960c-9c91f0cbb142 Florian Picasso
[update] florida-georgia-line 6e5cccc2-b951-4341-bbae-a1de1c03e19a Florida Georgia Line
[update] florrie cbc2b446-b581-418d-8e7d-a5d7f5df8130 Florrie
[update] flotsam-and-jetsam 76d243cf-2481-4865-9f88-a49222fc292c FLOTSAM AND JETSAM
[update] flower-face e13aaa2a-de4f-4de9-9551-d90da67ec104 Flower Face
[update] flowerovlove 98334bde-b884-44df-b7fb-5175de804e44 flowerovlove
[update] floya fa2afde1-b64b-4eca-9b1d-4c4b2fc676ca FLOYA
[update] flume af5583ff-0b5b-4557-acf9-2e306a834072 Flume
[update] flux-pavilion b33f08b8-8355-412a-9b56-34b3de14cadc Flux Pavilion
[update] fly-by-midnight b2726ab8-62d6-4fc8-8689-4cf70250b9f0 Fly By Midnight
[update] fly-disco-butter 249d30f2-e83e-4282-86d6-1a85a125cc0c Fly Disco Butter
[update] flyana-boss 8184d4e3-d6c7-4754-825c-10b0ea516601 Flyana Boss
[update] flying-lotus 3103b5dd-dcb9-4b21-bbaf-a499ecda1e1d Flying Lotus
[update] flore d9af4db4-976e-4577-ad4d-48d7e200ae41 FLﾃ漏E
[update] foals 76c0b199-b86a-4997-9013-ae32d8dc8ad3 FOALS
[update] foggieraw 8a2a56a2-c012-43e7-9079-c2d4b26f0437 Foggieraw
[update] folamour db89ba97-0c37-46f4-96e4-fcd443360767 Folamour
[update] folk-bitch-trio 7b26e88c-9e8c-468c-b879-ce38aafdd6d1 Folk Bitch Trio
[update] fontaines-d-c 12246413-93e7-4bc3-9310-b677294ba489 Fontaines D.C.
[update] foo-fighters 30fe0191-fcd7-45f8-b675-ed26a086a93f Foo Fighters
[update] fool-the-masses 289d781a-c729-4659-85b2-0a7b805f9dba FOOL THE MASSES
[update] for-king-country 4585a889-de6d-4861-a192-b21efc690ea8 for King & Country
[update] for-king-country-2 748da6bf-f19b-4071-9210-c4b3ffa57bf8 for KING + COUNTRY
[update] foreigner 1fcba4b0-c4c1-47b0-8658-11af9db2c9a1 Foreigner
[update] forester 06167e34-cbc2-445c-b7f1-646e2c90c2e6 Forester
[update] format 3d02f261-8aed-48a7-bd69-f0da9a00770e The Format
[update] forrest-frank fbdfad4e-5d89-4d26-9bf4-fb0d713de2ae Forrest Frank
[update] forrest-nolan 4b731dd9-3be7-4de3-a441-ef04f9d6da61 forrest nolan
[update] fors aadeae86-57e3-4c8b-a4f3-4e30bf3e4d1c FORS
[update] foster-the-people 8fd871a5-bb3c-4779-a72a-79126a7f719b Foster the People
[update] fountains-of-wayne dc36c4ab-4ab8-4cd2-9f13-401d37da80ae Fountains Of Wayne
[update] four-witches-of-the-apocalypse 9d42aa4b-5565-44ed-8a86-45207990391c Four Witches of the Apocalypse
[update] four-year-strong 04589a3e-f454-4c9c-8c0d-dc2c9508cd09 Four Year Strong
[update] foushee 403673be-7c45-4a80-97fb-5bb1631cb445 Fousheﾃｩ
[update] fox-stevenson 5da6350f-2be6-4030-b799-31b1700b7ab8 Fox Stevenson
[update] foxes ec2f1c83-66df-475b-bf67-4b0d71ea40bf Foxes
[update] foxies d63c75d9-fee1-42be-a12c-f6d1fe3d4550 The Foxies
[update] foxy-brown b2592fdd-f11e-4aa1-b2f1-9492a8f045b6 Foxy Brown
[update] foy-vance c6630b43-756d-4aff-9949-7d9cacc38bd1 Foy Vance
[update] fozzy ea97146e-a14d-408a-a929-2ba67a80a739 FOZZY
[update] framing-hanley 66087059-bb18-4a98-be2d-f965793dedb2 FRAMING HANLEY
[update] francesco-yates a17b0f4f-9e21-4c22-af76-340fd7d3ac4a Francesco Yates
[update] francis-greg ab9e8ebd-c996-45d3-90af-6ebdfe33de46 Francis Greg
[update] francis-moon 2dd3f636-54db-4991-824b-f48e0176a6d9 Francis Moon
[update] francis-on-my-mind a8dbfd3f-e567-4052-b14e-cb57f6a62d70 Francis On My Mind
[update] frank-carter-the-rattlesnakes e9751b11-4e9b-4ca8-a970-57d7584a7377 Frank Carter & The Rattlesnakes
[update] frank-johnson 11953423-3520-4296-b0d5-735c45582c36 Frank Johnson
[update] frank-ocean 424c1f09-cff7-4e10-8fe6-46c66379d920 Frank Ocean
[update] frank-turner 127ab1e0-7379-4992-9292-475e0c0eb4e2 Frank Turner
[update] frank-walker c7fb7647-95b3-4026-ae35-3fe7387fdc0a Frank Walker
[update] frankie-beetlestone c7fb9827-aaf7-49e8-93c6-2be5648ffc51 Frankie Beetlestone
[update] frankie-cosmos a896a64a-8325-4acd-a589-601dd3e863cb Frankie Cosmos
[update] frankie-goes-to-hollywood b8d357bc-b551-4bab-8e65-3e4f4965cc53 Frankie Goes To Hollywood
[update] frankie-grande 550b9680-4a9c-4aab-89c6-ff3e8aaf4899 Frankie Grande
[update] frankie-smith 82efea45-bdee-4457-be5b-e497d7e07158 Frankie Smith
[update] frankie-viral 95af7c06-3ba3-42bd-9c80-dca5ab54f9bc Frankie Viral
[update] franz-ferdinand f9569f4c-0780-42f6-a9b6-7ff30338aae0 Franz Ferdinand
[update] frawley 1d4193ed-1a25-4d54-a6ef-17103927b161 Frawley
[update] fray 56c8cb35-517d-4a1d-be86-47c76fed8745 Fray
[update] fred-again eda94787-2d2f-40fe-9a17-18a52829bc0a Fred again..
[update] fred-durst b237cdf0-6039-4bc1-87fd-b9a93a5c8d30 Fred Durst
[update] fred-lenix 87a0aae6-1cea-4447-a92d-3af214b2470b Fred Lenix
[update] freddie-gibbs 26e43b8b-30cb-4d2b-9024-e77b1cee8433 Freddie Gibbs
[update] freddy-fresh 737b6f59-8485-4bfb-ae26-20f000acb7b4 Freddy Fresh
[update] frederic-lo a8f867a9-feea-4e3e-8b58-0a9169294d56 Frﾃｩdﾃｩric Lo
[update] fredo 5b80f1b3-7c33-4dc8-b0ee-6f050f300d6c Fredo
[update] fredo-bang b7a5aa6c-6606-49d6-b882-f0a1569cb2ae Fredo Bang
[update] free-nationals 8fd6cbe4-e4fe-456a-85ff-80e6d408a195 Free Nationals
[update] freedom 197b0fea-dafc-4852-8352-92a50cc28f1a Freedom
[update] freedom-call 3a8f01a1-b2f2-455c-843e-6e4cafb3434c Freedom Call
[update] french-montana 4d8df4c4-5d22-4baa-bcac-446102a9dc18 French Montana
[update] french-the-kid d5b0b8c8-7f3b-4f61-a3d3-446d2d8a65fb French The Kid
[update] frequencyexclusive 5529bc1a-aa11-4ac1-beb3-9a84234c5ff3 frequencyexclusive
[update] fresno bf92a909-a490-4670-b7e8-2e73b03f0f63 Fresno
[update] frey 444b667f-0bde-4e27-a53c-3db8160f4340 Frey
[update] freya-mckee 9f540e54-9f32-4c58-b244-11afb7f08096 Freya McKee
[update] freya-ridings 5113d89c-500d-4712-a93d-8990301b619a Freya Ridings
[update] freya-skye 38e67227-d765-426e-a51a-083f1fd86125 Freya Skye
[update] fridayy 022c1c50-9758-4506-a066-f2d8664bda10 Fridayy
[update] friedberg 82158381-ef25-454d-ae13-9e83828b9c04 Friedberg
[update] friedrich-liechtenstein 98e244a6-af03-4d65-b3c7-953ebd74ea15 Friedrich Liechtenstein
[update] friendly-fires c3a04da5-546d-4662-80c6-9d26f74e5f0b Friendly Fires
[update] friko 0d7b704f-a77a-47f6-90ee-260b5bfaf3fa Friko
[update] from-ashes-to-new 41ba99f3-df53-4d9d-9f0a-343f48f0f280 From Ashes To New
[update] from-fall-to-spring 1e0c5dde-16f9-4fbe-9b35-d4a4e4a5d7b5 FROM FALL TO SPRING
[update] frost-children 5fcd8639-4d92-4425-b60a-4dcf922961cd Frost Children
[update] frozen-crown 2faab3b9-c860-4ecc-9b27-c4f355402845 FROZEN CROWN
[update] frugit 3b2521b8-5ee0-47f6-aef9-e8df33a3e776 Frugit
[update] frutiger-dillon 3125f7cf-a18c-4615-9f15-8950c8cbfc59 frutiger dillon
[update] fuel daa281af-3d86-4f86-b0bd-5367e138b700 Fuel
[update] fueled-by-ramen 31532e19-c069-4165-b269-9bc651153bcc Fueled By Ramen
[update] fuenka 060e30c9-7f62-41cd-bfbc-f43401b92746 FUENKA
[update] fuerza-regida 24692c73-2a6d-4a6f-87b4-ffea47a7237a Fuerza Regida
[update] fujii-kaze 641150fd-b7bf-4840-a26d-ecab9cf20feb Fujii Kaze
[update] full-circle-boys 2b3934d5-19d7-4188-acff-699e2e588518 FULL CIRCLE BOYS
[update] fulljos cab469ae-a882-4cb1-bcc1-75ac022b9198 FULLJOS
[update] fun 26ac1a3a-dc60-448f-b583-6563b6f71f87 fun.
[update] funeral-portrait af89decb-f0de-4705-89a3-1f7702ed722e The Funeral Portrait
[update] funkadelic ab2eb5b7-3ee8-4c3c-b971-ad9bb3aefb81 Funkadelic
[update] funky-41 975d98c9-e15c-4114-b055-49639a433391 Funky 4+1
[update] future f27dc56d-87e7-4149-afd7-e2311ff558e0 Future
[update] future-islands c0557c20-3b38-438a-9511-95aa3e527214 Future Islands
[update] future-palace 6c966075-de4a-48b7-acd5-4cdd675c9dad Future Palace
[update] fyne 32ff5a95-bc26-44ee-8731-4800f6f53fb8 fyne
[update] g-flip 7a628589-9f5d-40fe-8f94-ec27d15a8d9e G Flip
[update] g-herbo df03c5a8-cc6a-4dcd-9544-884365a080c9 G Herbo
[update] g-dragon f7738c98-f502-48f3-8bea-adf674cb7e79 G-DRAGON
[update] g-eazy 3977ea46-e7ba-47de-adb6-41b1a15d4183 G-Eazy
[update] g-unit 8afa9254-d614-4d4a-9100-bc8793c99299 G-Unit
[update] g-love 627de1e9-dc35-47ce-bb78-ed231200ca70 G. Love
[update] gabby-barrett 0979a6ba-22ff-4e98-85a5-eef0a7717d33 Gabby Barrett
[update] gabe-watkins 3ac72e28-f40c-4989-b736-2fcc824ae168 Gabe Watkins
[update] gabi-belle 03b92c7b-e45c-42ab-bbc2-6c11c8c0bc38 gabi belle
[update] gabi-sklar 9633a579-be40-40b5-8d61-8c8fb8ba393b Gabi Sklar
[update] gabin 35df42a5-4dc8-40ae-858f-a2f640b72c16 Gabin
[update] gabriella-rose 40b40c63-537c-4761-93c5-d389ad8dde5b Gabriella Rose
[update] gabry-ponte 2c8a21bf-0977-4da6-822a-17f9af52279d Gabry Ponte
[update] gabss 1832838d-c0be-4ea7-89e8-5d209e4bb880 Gabss
[update] gaho aa800d27-75eb-45d0-a2b1-c2c6623f5537 Gaho
[update] galantis a3767116-26ec-41a0-ab7c-8beabf25d53a Galantis
[update] galimatias a23d8554-b814-423f-83a9-ed889d444ed2 Galimatias
[update] gambino 71881314-8561-4c9d-b5b9-1edc14ff1eb3 Gambino
[update] game 4ee8c736-2e9f-4aff-8db7-fc870b43b876 The Game
[update] game-over 777a9474-6534-49af-998f-5120bb667004 GAME OVER
[update] games-we-play e49b4cac-46f2-42f2-802e-0de19b71fd5c Games We Play
[update] gammer 511d48b4-44f8-4c8f-8258-c1090ba7560c Gammer
[update] gang-of-youths fa01b82c-cbae-4e84-901f-c1788b56e941 Gang of Youths
[update] ganja-white-night a6d2c6a7-af32-43b8-a57c-602bbb2e8d44 Ganja White Night
[update] gap-band 73b7663c-e625-4c2f-b8c5-c180c960ed91 The Gap Band
[update] garbage cb9834c9-d6bc-4133-95c5-6a30b5912445 Garbage
[update] garden 45a1138c-07e9-49bf-88fa-e7f3b2f0b028 Garden
[update] gardener 58900225-48b0-4305-b0e6-516dc797714f Gardener
[update] gareth-emery 8c3b7d61-2058-48e1-9105-d686d75e2cb2 Gareth Emery
[update] gary-byrd-and-the-gb-experience b0e196b7-4d55-4a14-988b-b146c3676efa Gary Byrd and the GB Experience
[update] gary-clark-jr 8e75cd00-e270-4f22-802c-1dfca26008e7 Gary Clark Jr.
[update] gary-lightbody 6f6c906e-1750-42ba-9666-d1685f2ab2b7 Gary Lightbody
[update] gary-moore 2815fad1-844a-4848-b7e5-dea7475e709c Gary Moore
[update] gary-numan 359752ed-02ec-4658-8416-dd10b083b218 Gary Numan
[update] gashi 33f46a3e-14aa-4604-9acf-9775038a73ad GASHI
[update] gaslight-anthem dde110e8-e359-4415-9994-e0e2f74982e6 The Gaslight Anthem
[update] gattuso 6335d712-e1d1-4352-923d-63834c996330 GATTﾃ彜O
[update] gavin-adcock 34fc3711-0d24-43b7-9e9f-e387bece4bd7 Gavin Adcock
[update] gavin-friday 427519c8-7198-430d-8c8f-aba1274bdc9a Gavin Friday
[update] gavin-james de7438b8-caed-4c73-8a7a-bb56c384a0b3 Gavin James
[update] gavin-rossdale 1af5c964-4f85-4856-b2da-dbb5f2ffc684 Gavin Rossdale
[update] gavin-turek bbf5788b-381c-4b7d-a19e-b353ae7eba42 Gavin Turek
[update] gawd 3ccc0eb3-04fe-4efe-af0d-a81f2fece02d GAWD
[update] gawdland 072d5e89-67ac-481b-9731-f50ca4b2aa4b Gawdland
[update] gawne d38d2675-2dfe-4854-b1eb-531481e2827f GAWNE
[update] gayle 4cbbcec2-8d18-4703-ba34-6ab0c23d7704 GAYLE
[update] geese 0bccdc0d-9c5c-4599-84f2-090eef906051 Geese
[update] gelo d39e4cbc-f631-4625-bad0-e19d6c4f7129 GELO
[update] gems 52d3b1d5-44e5-498e-9643-fc757f401c0f The GEMS
[update] gena 32244395-2e5c-42be-937d-4c20e04ef0c5 GENA
[update] gene-dunlap 957cab57-2681-4e54-a144-3d35c941e102 Gene Dunlap
[update] gene-farris 9b152a14-00cf-4367-8e0d-844b72cbfcb6 Gene Farris
[update] gener8ion 210bbbba-fa1c-4f82-8766-87b3d2d4505f GENER8ION
[update] general-public ca10628d-5623-4e28-9f38-f8b5a29d9f7d General Public
[update] generation-radio 45836762-ea7e-4100-9c41-72805075c7e1 Generation Radio
[update] genesis 75ccd5c7-90c6-40a8-861e-e72cbf522e3a Genesis
[update] genesis-owusu e652c676-4d5c-4a34-8c76-867ecc9887ab Genesis Owusu
[update] geneva-jacuzzi 351cd622-4f83-490b-ad1e-e23f4823b4a8 Geneva Jacuzzi
[update] genevieve-artadi 0cbea253-5191-4fd4-b8ad-c4bab5665b89 Genevieve Artadi
[update] gengahr c54ba8d6-4d61-442f-95a1-6b16b92b61a3 Gengahr
[update] gentle-bones 6b734927-5003-40e0-a9aa-4ab5dfed671f Gentle Bones
[update] geoff-castellucci 3663a3db-5ce8-490a-8c61-cd31c44ffedd Geoff Castellucci
[update] geordie-greep 6521f7cc-aee9-415f-8a8e-d51cae1ffe3f Geordie Greep
[update] geordie-kieffer 7633d9e4-c93f-461f-af29-78aa0e6cbfc2 Geordie Kieffer
[update] george-clanton 45afd56a-49b9-40bf-93bd-74e0391a6e0d George Clanton
[update] george-clinton b5e0dde5-8ef6-4a53-9999-c8e008a93c41 George Clinton
[update] george-ezra ea868834-6000-4dba-be77-222a08fd5d9f George Ezra
[update] george-fitzgerald 81544594-6838-4e28-a3e6-cb1ec85de55d George FitzGerald
[update] george-harrison 8c878fcc-0c99-4f0e-98eb-b8be86aa761e George Harrison
[update] george-michael 7cefa97d-aedf-447c-8ee9-74786813a964 George Michael
[update] georgia 4f08bc33-71be-476e-b4ec-5d95b65291e3 Georgia
[update] georgia-ku 8844fb96-c42b-4be8-8799-ecc347eface5 Georgia Ku
[update] georgie-riot 2beb7aec-e1cf-42bd-a755-97a64a27440e Georgie Riot
[update] gerald-alston c8565c35-fb8e-41be-ac6b-a757547d848c Gerald Alston
[update] gerald-levert 617ecdc4-23e6-4519-9e5d-75c6bef3883e Gerald Levert
[update] tenside c8e37086-9b64-4efe-8563-bde17c94f70b GERTenside
[update] gesaffelstein 3eebda4e-f5e2-43cf-811b-982dd73c778a Gesaffelstein
[update] ghetto-funk-collective f96bfee9-79bd-45f8-8f52-7d80c772a457 Ghetto Funk Collective
[update] ghizlane-melih 76b66ef9-41a9-461a-bf80-5d1b39a26da6 Ghizlane Melih
[update] ghost 941160ff-06b7-4a61-b2d7-46dd9832d689 Ghost
[update] ghost-hounds 6d0bea3e-a9e2-4941-9c2a-a347f7a0c062 Ghost Hounds
[update] ghost-inside dd39a476-f1ab-4fc8-b30f-78940962d1f4 The Ghost Inside
[update] ghost-rider 004c1025-5021-492c-876d-b7c0aab5a257 Ghost Rider
[update] ghost-2 d1e4cdaf-5b47-4561-8ee0-1fabba4eb555 ghost.
[update] ghostface-killah 797bc5d3-28c0-4064-a7f4-7d3f6d3c4757 Ghostface Killah
[update] ghostly-kisses 995a198e-4878-47eb-9dc4-7b884e1c5dcc Ghostly Kisses
[update] gi-orange 5657c809-2329-4894-89d3-60e07fac9457 GI Orange
[update] giant d7d9de5f-7d22-4f7c-8a6c-d90aac53b948 Giant
[update] giant-rooks b9f93350-7f9d-4304-904e-64cb138549f5 Giant Rooks
[update] gigi-grombacher c4c914ba-32c8-4a45-87a0-7dea42d5ebe2 Gigi Grombacher
[update] gigi-perez 81b84f0f-0a80-4ed7-8444-9f295ce184c5 Gigi Perez
[update] gil-glaze 0b055d80-38a0-4d9a-8f1f-8c41b0401de3 Gil Glaze
[update] gilly-g dd9099cc-fa75-4126-a026-683326ee1438 Gilly G
[update] gims fdaab1bf-de73-4db8-babe-22cc4e1212b1 Gims
[update] gina-de-bosschere 5e46d98f-0589-42f8-bcae-bec5675b3dd4 Gina De Bosschﾃｨre
[update] ginchy e449b2b9-6186-4aa1-ab7f-9def92ff31cb Ginchy
[update] ginevra 213acd19-19f1-4d70-b9a1-11ebc1be6caf Ginevra
[update] ginger-root 2269384e-bf3c-4673-b8a1-7c3d637290a9 Ginger Root
[update] gino-vannelli 55d6ca9f-3fa9-46e3-a831-875ddd585933 Gino Vannelli
[update] gioli-assia 7c672a9f-a6e0-4966-97b1-a525496e7cbc Giolﾃｬ & Assia
[update] giordana-angi 94ceb3f5-18e9-4d6c-96d5-238d3bd016cb Giordana Angi
[update] girl-in-red 2d71f1a1-3a71-47d6-ab0b-851dc5ac0515 girl in red
[update] girl-scout 52566af4-56b4-488f-8b80-1d998d6894fd Girl Scout
[update] girl-tones 7c8f0897-4071-4cee-9320-ba551e28a7fc Girl Tones
[update] girlfriends 69dd6456-ff2d-40ef-8152-20e1d4dfb0fc girlfriends
[update] girli 3bfc4303-67a4-4a1b-8112-5c2efbda79e3 GIRLI
[update] girlpuppy 5c4cf6e6-c29c-429e-8ec4-96f539432b1d girlpuppy
[update] girls-aloud f62fb984-7e93-4623-a068-95c29deecf57 Girls Aloud
[update] girlschool eaf4d7dd-b6b5-4708-ad44-9a4494e94bee Girlschool
[update] girlsweetvoiced 973793cb-a882-498d-a4ee-98c5cba6e03f girlsweetvoiced
[update] giulia-be da3aebc6-7e78-41d0-b329-b245342be5f2 GIULIA BE
[update] giveon da64b50f-deb0-4a73-a269-f1197effee3b GIVﾄ丹N
[update] gizelle-smith 259fcacb-9369-4ad2-b7d1-cb22166340c6 Gizelle Smith
[update] gladenfold 5c47f5ab-38db-4435-b0ed-d98dae3e581a GLADENFOLD
[update] gladys-knight 2ada906b-2188-4f21-b8a0-57e2b94793f7 Gladys Knight
[update] glaive 422c00cd-6f89-4d96-8821-3c12acd08952 glaive
[update] glass-animals 49fb3c5b-bccc-4496-afb7-f42eeb80747a Glass Animals
[update] glass-beams fe07e1db-e62a-4166-931f-738f106fb65b Glass Beams
[update] glass-cities 76d849ac-de06-40fb-8295-bb183011fd6c Glass Cities
[update] glassjaw 21958701-a454-438c-aac1-f342758556a7 Glassjaw
[update] glenn-frey 2a1d5971-cc58-49bb-88f6-6aa1a4002cb3 Glenn Frey
[update] glenn-hughes a2edf136-64e5-40a6-bcfd-8cecbdadab5f Glenn Hughes
[update] global-dan 29ca02dd-ccf3-4282-b6dd-9b7227a042d9 Global Dan
[update] gloria-estefan d210d295-f7e2-46da-b1a8-44f7a2a68f61 Gloria Estefan
[update] gloria-gaynor 8576ae39-2931-47dd-9deb-59d8eb6560a0 Gloria Gaynor
[update] glorilla 35a73b42-a40c-450e-ad84-bfc35dd32acd GloRilla
[update] gloryhammer 819d8105-b688-4f3b-8caf-6de017bf1b12 GLORYHAMMER
[update] gluecifer a45aa83f-de3f-4eba-ba70-9cec21dded09 Gluecifer
[update] gms 084cc362-0ff3-4f3c-837e-5f332a5588b5 GMS
[update] gnarls-barkley 904510a8-7814-4d83-8ff6-028519b56750 Gnarls Barkley
[update] gnash 6286fca4-a4e1-45b5-a67d-ad34639a86dc Gnash
[update] go-betty-go fea5acbb-2f7f-4985-be58-780d9139f22a Go Betty Go
[update] go-west 0c5c9d85-1d9f-41da-b145-e9e58a7628e3 Go West
[update] go-team 48342c09-39c9-4714-bcf4-106d88bf12ad The Go! Team
[update] go-gos 3b5f46fd-19a7-41a2-8fcc-e7cdb355df31 The Go-Go's
[update] go-jo a70d54b0-5735-4e26-9712-e0b05b28966e Go-Jo
[update] goddard 2278579b-bbcf-4627-b667-739c88af1d9d goddard.
[update] godsmack cdeb0a94-5d2e-49bf-bdd1-4f661b3bb026 Godsmack
[update] gojira aacb1808-2c77-4fd2-b9ce-e2f54fa75909 Gojira
[update] goldfinger f79260ad-11f5-4fd9-b7d8-a234e3cf6102 Goldfinger
[update] goldfrapp 3caa5af0-a72d-44a1-89c8-c5f301c1e45c Goldfrapp
[update] goldie-boutilier c069d89f-896b-4db8-9741-168c973b1ea7 Goldie Boutilier
[update] goldlink 39c2b941-3ef0-4922-9a07-14c2f44e39c5 GoldLink
[update] goo-goo-dolls da1951f3-5bbb-45a5-bb0a-8747948de231 The Goo Goo Dolls
[update] good-charlotte b3e76f78-988f-49f5-a61c-a2370762698e Good Charlotte
[update] good-kid 4474408b-320a-4235-abd6-a0fc1aa18c7b Good Kid
[update] good-neighbours 7b8c7927-07b7-4090-9211-b3e2fa6c4319 Good Neighbours
[update] goodboys 7b84d6f1-ab9c-43b9-a7a3-0dc1b76629be Goodboys
[update] goodbye-june f92e6b33-2e6d-4ed8-9e42-1c26399e939d Goodbye June
[update] goody-grace a1e6bfab-aa9a-4a59-90ab-5e76a97d77c6 Goody Grace
[update] goofy-geese b592e50e-83fe-4e82-8394-d5b450c57b4f Goofy Geese
[update] goom-gum 7340044b-071a-40df-8495-4c180803d035 Goom Gum
[update] goose 7c9eceec-b15e-4b56-b961-0291678a3a6d Goose
[update] gordo 6ee0851c-4b8a-4f1b-b782-267e3ecbb1f8 GORDO
[update] gore 4ea02991-56ad-4774-a48b-54b5cb28102a Gore.
[update] gorgon-city 49bef006-3026-44d3-9c94-a05198f55065 Gorgon City
[update] gorillaz 375b548d-7e64-424f-9e1a-6c9bbb695691 Gorillaz
[update] gossip c1f9f2b4-1d0e-471e-b80e-86551d3fbb3e Gossip
[update] gotan-project eb4501cc-9d2e-4a38-b87a-a77f024c5ad9 Gotan Project
[update] gotthard 58909b3e-0f05-4590-aea1-4aacbb89ab5e GOTTHARD
[update] gotus deea19c0-d4f7-493e-91fa-e13bf9597eb5 Gotus
[update] gotye 24f40d6b-1126-4e7d-b104-13437e52a8c7 Gotye
[update] goya-menor c67da4a6-b427-4b82-9e34-20c1192a9295 Goya Menor
[update] grace 0453b6e1-9591-4c4d-9ec8-78ac9808e13f Grﾃ､ce
[update] grace-bowers 996e6260-1bdf-4b3c-a9d2-8a744000a16c Grace Bowers
[update] grace-carter 4df5aa36-d290-4b48-812b-9bc8a87ce926 Grace Carter
[update] grace-davies c323f0c6-351e-4cea-95c1-2324bf18dc97 Grace Davies
[update] grace-jones 768dffe8-6527-47cc-9601-86b5260f86c9 Grace Jones
[update] grace-mckagan eba9b371-3117-47f6-84e4-e556297aca54 Grace McKagan
[update] grace-vanderwaal 90b8dcac-c3de-499d-9e6f-2b743c2cb7b1 Grace VanderWaal
[update] gracey 53df4202-fcbd-428e-ab77-808b9795aa8e Gracey
[update] gracie-abrams cfc523d3-010b-4451-9952-89776a51ce66 Gracie Abrams
[update] gracie-van-brunt a3989f13-fd7f-4cc8-9250-4c9d89e160d6 Gracie Van Brunt
[update] grade-2 6e3fb317-3309-4aec-b92f-0108bdc43c9a Grade 2
[update] grafix 7cd05f4a-3909-4d29-872e-95a853350e2a Grafix
[update] graham ec7f3a87-28ad-4b30-9791-0fabc72ed66c GRAHAM
[update] graham-central-station 669c606c-f166-4fb9-98c3-006d3fdbc89d The Graham Central Station
[update] graham-coxon 1ace20a1-0e00-46ce-9d84-24d8ee5303d3 Graham Coxon
[update] grandmaster 7b215cba-d501-4002-94f9-3895aa3cb9d2 The GRANDMASTER
[update] grandmaster-flash-the-furious-five 8900c7db-09d8-493e-b8ee-8d42da82120a Grandmaster Flash & The Furious Five
[update] grandmaster-melle-mel f6f26f0d-9504-496b-8071-c62520fd0f67 Grandmaster Melle Mel
[update] grandson 873eb931-1873-4d86-a61b-d8483e464200 grandson
[update] grant-ash 24e7621b-0ed0-4d5c-b79b-8a1791aa5c24 Grant & Ash
[update] grant-knoche 2706655e-b96a-4a23-a2e0-491402f0321b Grant Knoche
[update] gratify d3ee7742-c024-4c6d-ba3f-d1a70c2bc639 GRATIFY
[update] grayscale 6b594e89-3034-466b-804b-767a69b36ffb Grayscale
[update] great-good-fine-ok 8666ccb7-98c1-44cb-a343-8f604d0b0031 Great Good Fine Ok
[update] green-day c03ca070-eb6c-4b79-b71f-6e6d4068c71b Green Day
[update] greentea-peng 784be930-af1e-4b08-80f3-3a17fa9548c9 Greentea Peng
[update] greg-lake 2ee39e19-9df5-4a81-beca-1db1dc7beff9 Greg Lake
[update] greg-puciato 42a5c075-9d62-4659-9557-d43504161867 Greg Puciato
[update] gregory-dillon ba6b0795-5d16-4757-842b-56b32170fc0f Gregory Dillon
[update] gregory-porter 80631b9f-d8df-4a75-b8eb-a292552018fc Gregory Porter
[update] grekahn 68f5df2d-11b0-46a8-ab72-c05e40fef63c GREKAHN
[update] grentperez 76281016-075d-4651-bfd2-8db22eb10542 grentperez
[update] greta-link a57abbd2-6410-493d-9cd9-53ecd965075c Greta Link
[update] greta-van-fleet af440de1-3d24-4afc-a58c-b8bdb82d33d6 Greta Van Fleet
[update] gretel 2d55ac15-11cd-4cc7-84fa-384ec577b1ad Gretel
[update] grey 8fc4aa10-0c78-4805-8837-67ee56dbbb17 Grey
[update] greywind 0318b3b3-9cb6-491a-8067-383fc433aa83 Greywind
[update] grian-chatten 1202c33a-eed5-4b47-ad52-9e98e928b7bd Grian Chatten
[update] griff 51b47676-7486-4f15-b236-51cce5845bb0 Griff
[update] grigore bf446ff3-9a04-4e61-9d66-aa50218a5335 Grigorﾃｩ
[update] grimes 2708c0c5-6079-47ea-a749-f8b52da01ae6 Grimes
[update] griz 06df226c-878d-4191-995b-efeb27c1fcce GRiZ
[update] grizzly-bear 7ca40a2d-5254-4edd-ab51-22f32abecd86 Grizzly Bear
[update] grocery-bag c7d0f9c2-f841-4529-a0cf-dcad6caf005e GROCERY BAG
[update] gromee 0aefbde8-a5c4-4a6a-8ef2-d204adbdac4c Gromee
[update] grommet 28313a88-01b3-4dcf-a297-563c9ca0205b Grommet
[update] groovy 3d7303f8-9961-4cd0-91f7-41df934754fd GROOVY
[update] grouplove bd5d2497-c047-43f8-bc39-ace05771eaed GROUPLOVE
[update] grumble-bee f1717ef4-ff25-4e8c-85c9-e77c3bcd3ba1 Grumble Bee
[update] grupo-frontera ac5dc573-a958-4b2c-89c6-568d0e07e716 Grupo Frontera
[update] gryffin 473a50eb-0a22-4ef0-960c-7d9b710c4c32 Gryffin
[update] gtr 52cf56c2-9161-4a6f-aed9-f8cfb4d5f22b GTR
[update] guapdad-4000 9b00910f-beb0-4649-accb-1c823c90532f Guapdad 4000
[update] guardin 4e594d1b-12b7-4414-98b5-c9628ab63e0c guardin
[update] gucci-mane 5ffa1c70-ea08-45de-bcdc-176c9f510b1f Gucci Mane
[update] gum 7e8592bc-7e75-4a86-8f1e-2b73ac92e4d0 GUM
[update] gunna 0c927d0b-ee07-4b2f-a917-544345188bd6 Gunna
[update] guns-n-roses ed31dcc0-5465-4fea-91e6-dd63ff6a0f8f Guns N' Roses
[update] gunship 7d8cff43-c958-4572-b2ac-abc8d5e30a01 GUNSHIP
[update] gunther 3df2cad2-86d1-4a8c-8af2-f35f4cab6f6c Gﾃｼnther
[update] gurriers 29a854e9-ded4-4109-9407-b6888efc1d30 Gurriers
[update] gus-dapperton 15d3cdde-ed80-400a-941a-16fc217adba9 Gus Dapperton
[update] gusgus 0f7f7dd0-b75f-46e4-8757-03c0e5c2bd64 Gusgus
[update] gustaf ee3e5cba-4739-4414-b7fe-68941075b315 Gustaf
[update] guy-sebastian 2436a6b2-608e-4b31-beec-c70325d5f6de Guy Sebastian
[update] gvllow 3e822077-920d-437f-a329-513839e7799a GVLLOW
[update] gwen-bunn 382f66d0-4981-4c39-a799-ff497bca65ae Gwen Bunn
[update] gwen-dickey e5aa05a0-8265-4b8a-81b3-2aa7319ea1f6 Gwen Dickey
[update] gwen-stefani 69e82ef5-58de-4a39-8cc4-6761d384a734 Gwen Stefani
[update] gwendoline-christie bb23bf18-84a7-45be-a31a-7078d1189b35 Gwendoline Christie
[update] gyakie db9b6054-54ff-4c58-9438-def721fc4a59 Gyakie
[update] gym-class-heroes 1ab3ed9f-42fb-4d74-af36-9023c02cedcb Gym Class Heroes
[update] h-blockx 3963e820-edec-4ab8-8077-17877efe980a H-Blockx
[update] heat 8f0c2064-1094-4870-9503-28dff6a43c04 H.E.A.T.
[update] her a6f3d5e1-5e38-4d99-acf3-24b64b5499dd H.E.R.
[update] h3adban 6ca7d0fb-895b-437d-8ce8-4c3399cbc8ee H3ADBAN
[update] h3rizon 1f1fbcb4-09d7-46a3-ae36-aa3a64d1ab17 H3rizon
[update] ha-the-unclear 836d7c69-6944-43b6-bc46-c167f34384ea Ha the Unclear
[update] ha-vay 204c7bfd-b251-4dca-b8d7-aa108c33976b Ha Vay
[update] haai 286d85af-420b-4f2e-9d26-132d06589504 HAAi
[update] haarper 4a39c201-4325-42b8-bad1-8900c198d930 HAARPER
[update] hacienda ef7839d7-3aef-4b0b-9657-8e2773d7d8ea Hacienda
[update] heavn 8ac2dfb4-ce09-4573-872a-c3aebda57769 HAEVN
[update] haiden-henderson 4e79643a-02e4-45bf-8183-d374f307e4f6 Haiden Henderson
[update] hailee-steinfeld 888bf8b0-ff9f-4248-99c3-eba956963766 Hailee Steinfeld
[update] hailey-kilgore 79ff58e9-9ab1-4763-9c8d-4dc11a4b8b48 Hailey Kilgore
[update] hailey-rose e78eb9d3-e3fc-4985-bca9-b67c0eb3c768 Hailey Rose
[update] haim e8037062-76f6-4139-b782-bd094372af02 HAIM
[update] haircut-100 6fcfeeb4-c879-451d-abbc-18299583a8d6 Haircut 100
[update] haken 6432ed63-214e-475e-80c6-34bbac90d3df HAKEN
[update] halestorm 1f8d854a-15de-4161-bd7c-92dd3ece786e Halestorm
[update] haley-gosserand becbf4c2-5b26-4f6e-850c-946334294172 Haley Gosserand
[update] halflives 0b911a77-9d04-4b2e-b385-c85c3b522f9c Halflives
[update] halfalive d4b871d0-87b1-42c4-9952-32bb0c0c8958 half窶｢alive
[update] haliene 91460300-c74d-4156-8016-8d5fc7d8eb7f HALIENE
[update] hallas 37209ee0-6bbb-4ab5-b9ae-0154682ac9f4 HﾃЛLAS
[update] halle 8f5133de-ed2d-45f4-871b-b9c4b0459b40 Halle
[update] halo-effect 530015c4-7a52-42a8-9750-cda3bf3624da The HALO EFFECT
[update] halo-maud 6d99e7f0-74ef-4a45-bf0a-f80b9d1078b1 Halo Maud
[update] halsey 028061d4-5095-4722-8b4f-b96344f12b6f Halsey
[update] hamatom 3fca0d8e-2eec-4450-aac9-f7e6a51e3317 HﾃМATOM
[update] hammer-king 896d1f77-ff8f-46d4-9178-7da695b6f95a HAMMER KING
[update] hammerfall c0c7b163-09e8-4597-8703-95112f01ce23 HAMMERFALL
[update] hana 9cafa00a-b136-4d99-ac68-2b1ce87239cc Hana
[update] hana-lili 033cd286-3f6e-4898-8651-593f20680d3a Hana Lili
[update] hangwire b810f7fd-7c6b-4017-8fc3-d02db2ce9c1f HANGWIRE
[update] hannah-bahng a4c0e801-081e-44ca-b405-7f0c1ee404d9 hannah bahng
[update] hannah-boleyn faa4e7a1-b8c2-4ae7-a92f-a6778abac3a4 Hannah Boleyn
[update] hannah-jadagu 6cbdb4fb-687b-41e4-aeee-fd53f52d0296 Hannah Jadagu
[update] hannah-quinn 047df377-fa57-4756-82da-8fcb260c1ff2 Hannah Quinn
[update] hans-zimmer 210eb040-36fe-45a4-b5a6-21b12a2c6a6b Hans Zimmer
[update] hanson 6f935ef1-c1f9-4c2e-8b82-205dd86268fb Hanson
[update] hanumankind 0f623f84-6248-4d48-96ba-ed5ea40682a7 Hanumankind
[update] happy-fits d6865cc4-be8d-4e1d-b5f0-fcfac30f756a The Happy Fits
[update] hara 9394a742-7336-46f7-820c-a51528703ae4 HARA
[update] harachan 283b83f6-5590-4afd-9007-63a984e04b09 harachan
[update] hardkiss 84891646-aea0-44a7-80ec-0071c617fbdc The HARDKISS
[update] hardline 7b3fb6d2-35b6-43c4-ad72-87bdc552e9c5 Hardline
[update] hardwell 67b7776e-9c5d-4c76-9d40-b1a94ef00271 Hardwell
[update] hardy 782d86a9-9921-440f-ab82-ba29a4bdead6 Hardy
[update] harem-scarem 8a0417d5-c587-49c3-8e7e-85df55c6c8b7 Harem Scarem
[update] harris-ford 6a6265c3-1695-4ea7-b01e-57ca4f909d54 Harris & Ford
[update] harrison bcf55636-9e8f-4960-8abf-6054e1f28ec3 Harrison
[update] harrison-whitford 7c99ba03-51e0-4c5a-97f8-7535c99a6c3e Harrison Whitford
[update] harry-styles 11d676c2-f259-42ec-b31b-a86a9273f21d Harry Styles
[update] hatchie d35fcf0e-1bad-4f1d-9c9f-bcf03713545c Hatchie
[update] haunt a0e0378b-f7f4-4cbb-af1e-e376f8662a3b The Haunt
[update] haunted-youth 1fba5675-3d07-4966-9bab-2d874bd53007 Haunted Youth
[update] haute-freddy 902755c1-47bf-489c-abc1-8350283ab847 Haute & Freddy
[update] havelock 378319e2-24cb-40d6-b60a-d6f8044173d4 Havelock
[update] haven-madison 9ae126b5-cf85-4640-ac07-7af5a1f58039 Haven Madison
[update] havent-found-you-yet 8b58d026-58da-4602-98fe-4f1d95d9572b Haven't Found You Yet
[update] haviah-mighty 9daa7b2a-6455-4bc0-8522-13e5c3048390 Haviah Mighty
[update] havoc d336978c-8a5c-4c3f-9942-08c91e011928 Havoc
[update] hayato-sumino bc745ee5-6dc0-4b3a-a3d7-ebaf5a0c7ed1 Hayato Sumino
[update] hayd 58c740d6-7332-41df-a431-b56fa4c38853 Hayd
[update] hayes-warner 918fb6a8-29b4-4152-953d-cfa46bd7b0d5 Hayes Warner
[update] hayla 098f7628-b0bf-41d9-a083-589a1b6a7598 Hayla
[update] hayley-kiyoko 55df68a4-ccea-4064-a941-d0b88f4e17a1 Hayley Kiyoko
[update] hayley-williams efc73e61-5898-4c1a-b8b3-60941c2002c6 Hayley Williams
[update] hazel-english ecbe75d1-b401-4648-8f86-0343b6c2106d Hazel English
[update] headie-one 1ca64ea5-7b08-4dfb-95fb-55a545988d9a Headie One
[update] health 2a16c60d-04b7-4e25-8aaa-2f689990a5d8 HEALTH
[update] heart 36427a6f-796a-4741-a644-92f55a77ec33 Heart
[update] hearts-hand-grenades bd2450b6-b087-4cb0-aaef-a094f64f73a7 Hearts & Hand Grenades
[update] heartworms ab011601-bb21-4005-83d3-0d05bbbd7484 Heartworms
[update] heatwave 4fe988bf-7d21-4997-bcd9-85ed8b9fa53f Heatwave
[update] heaven-17 851323fe-78ac-4394-a1de-c3a18c2b7deb Heaven 17
[update] heavy 5074ecfd-dad3-467a-8fbe-53b4264ff20f The Heavy
[update] heavy-lungs eb22ac10-87ad-4831-8dd2-cd3d3d168628 Heavy Lungs
[update] hed-p-e 291946c8-12d9-460a-8737-88a8f2637517 HED P.E.
[update] heidi-klum 85313ee1-db82-45c0-a56a-27c39cdce3c5 Heidi Klum
[update] heidi-montag 581ceb1f-7811-4775-9691-f749fb06e5b8 Heidi Montag
[update] heilung 93a9fa3b-1728-404f-b03e-39c1730e2bec Heilung
[update] hellacopters c06a41af-6988-43b7-8f8f-4b190cd83eca HELLACOPTERS
[update] hellcats 11d44d87-eb2b-449f-915d-a794945d0048 HELLCATS
[update] helloween e25cbedf-d866-44eb-9360-a71acd856a83 Helloween
[update] hemlocke-springs ec66e2b7-9952-42bc-bc67-8df0e9adce20 hemlocke springs
[update] henri-pfr 902cda64-0cdd-487f-84e6-c89aaa7386e4 Henri PFR
[update] henrik-schwarz ddb90c27-f532-4d7b-9678-bb3f89bafc90 Henrik Schwarz
[update] henry-moodie b6ae528e-829f-4aca-8bd5-df5cb1423c51 Henry Moodie
[update] herb-alpert 9250555f-3eb7-4477-bccb-af786bbc046c Herb Alpert
[update] herbie-hancock e6a8919c-4fbc-4b5f-8def-6d13a839ac74 Herbie Hancock
[update] hercules-love-affair 6d6b700a-fe0b-4d44-9184-7c64a46cf777 Hercules & Love Affair
[update] hermanos-gutierrez 02b62321-9d2b-4a51-9d5b-709699fa2a36 Hermanos Gutiﾃｩrrez
[update] hernandz 63a1b87f-1f0f-416e-b9a5-5e8c7cf53200 Hernandz
[update] herve cd068503-39e6-42d2-a8b6-480366334da0 Hervﾃｩ
[update] hey-monday 6b29e200-f285-4104-8cf1-60df7837df74 Hey Monday
[update] hey-violet b3500e33-0247-4a02-9c78-31cec164b2b3 Hey Violet
[update] hey-smith 63ff1046-ed56-4d3f-afe0-0774a9f1c9dc HEY-SMITH
[update] hiatus-kaiyote 2b206024-7224-4ee8-b86d-3fb261b70016 Hiatus Kaiyote
[update] hics 0d57fde0-b59b-4a8f-af66-6e364e96c35d The Hics
[update] high-kings 001a279c-51c7-42f7-910a-466f034f62be The High Kings
[update] high-vis 8e264f68-cc39-46b1-b3ab-1d0a5d779d13 High Vis
[update] highly-suspect 8474d4e1-33c5-44cf-b5f2-2d3db92cb31e Highly Suspect
[update] hikaru-utada 5b4495c1-7c9c-48cf-9abf-09949fa71858 Hikaru Utada
[update] hilary-duff c2c50520-b69c-4539-8996-56c985b63375 Hilary Duff
[update] hilltop-hoods 79d985d7-3b87-4d7e-bfe8-7f0b16b6512e Hilltop Hoods
[update] hinder d4d77c8f-4188-4dac-b857-26a398e42dd4 Hinder
[update] hinds db32defa-303f-441f-b5e0-a96bd8e08c06 Hinds
[update] hippie-death-cult 84f78e39-2bb7-45b2-8d77-1fa17a19ff52 Hippie Death Cult
[update] hippie-sabotage c0912132-6584-4447-86b9-9b7bfc1f489f Hippie Sabotage
[update] hippo-campus fcd71d72-d542-437d-80cb-a616e8841378 Hippo Campus
[update] hips-lips eb7a6a60-d57c-45e6-82bd-c1cfa9790584 Hips & Lips
[update] hiraes 2380f2f1-8f16-4f6e-b452-a9ed2095c890 Hiraes
[update] hit-boy 9044e0a0-0ee2-4043-bec6-17ef9c82fabc Hit-Boy
[update] hitech 5d9c2b24-0364-48bb-b74d-e835d27a0ef9 HiTech
[update] hive b49d325c-8090-4607-a44d-8993cf48eba2 Hive
[update] hives 73ccbdd0-4a16-4c27-a6d9-a1da2ead59ac The Hives
[update] hmltd 1be2634c-379a-478f-ba6b-569b211fc710 HMLTD
[update] ho99o9 af34f828-d8f7-4de6-8964-2289b85ff915 Ho99o9
[update] hoaprox 5bab0dbc-c339-4ef9-a303-5fe20801d944 HOAPROX
[update] hokka ec1b037e-6951-47fc-ac08-f01fc902d523 HOKKA
[update] holding-absence 3a4207d9-1e52-4f84-833b-4a35cfcf3933 Holding Absence
[update] holiday-sidewinder e74364f3-2176-4666-b553-216448c535aa Holiday Sidewinder
[update] holler 135e7ddf-19a8-4290-bad5-d7be42b3f0dd HOLLER
[update] hollow-coves 66e9ccd6-575b-44ac-9563-a894e61af587 Hollow Coves
[update] holly ea77730a-b3e8-48d2-8a2c-d7658aafab80 Holly
[update] holly-humberstone a074cc0d-4db0-4c5f-8329-fb82543ec6a3 Holly Humberstone
[update] holly-johnson c1f4a1d2-4059-47c8-842d-a2561738c894 Holly Johnson
[update] hollywood-undead 425001a5-a15e-4f32-b757-274ac93df9f7 Hollywood Undead
[update] holy-molly fa850eb1-0723-4135-adb3-c262efbfa204 Holy Molly
[update] holy-wars 3b7b13b4-6bee-42c5-bc57-1329b1e1cb25 Holy Wars
[update] holybrune 70ea8077-5c58-4d33-a474-c5c3477bb2d7 HolyBrune
[update] home d3793584-aa77-49a5-b881-70dda122bf34 HOME
[update] home-free 2f9f676d-47ce-4d1e-a01a-82e0cd2d1e1e Home Free
[update] home-team 27b40eb3-1f74-40ea-ab65-8747118a2881 The Home Team
[update] homesick 67941c51-c7aa-4699-962f-e81ce507a06d homesick
[update] honestav 71bfa416-1462-472d-ba62-1059964568d7 HONESTAV
[update] honey-bxby dbfea473-0178-4675-a531-0c2bbe1b081d Honey Bxby
[update] honey-county 7fbd4431-f0e5-4d1a-8fd1-1cb48bf57d73 Honey County
[update] honey-dijon edf201bb-0ceb-4040-ae0d-eea2e0b16af2 Honey Dijon
[update] honey-revenge 267c42ee-6621-4a1d-bf83-d54a1af92e63 Honey Revenge
[update] honne 99883e10-75a6-49b9-90e6-eec61d7398b1 HONNE
[update] hoobastank 5b7fe84f-fc5a-4c80-a121-00e232910a79 Hoobastank
[update] hooked-like-helen 3d9ea405-2593-40e8-a17b-2479b186ebc9 Hooked Like Helen
[update] hooters 280ac217-295e-4964-90de-eacd492c5a8b The Hooters
[update] hootie-the-blowfish 8dcd32e0-2ded-4c83-a860-e6af9c19331c Hootie & The Blowfish
[update] hope-tala dc6033ba-6768-480c-a627-02bbb302ad3a Hope Tala
[update] horrors 51b1f036-5806-4eac-99f0-a523c34a646b The Horrors
[update] horsegiirl 95918c41-1bb2-4c6a-8ae4-601b9630c1b2 horsegiirL
[update] horsegirl 3c2f28df-1b7d-4d2f-aa29-75a0414f9e63 Horsegirl
[update] host 09ae2bba-60d8-4291-8fe3-ca30773fe8ea HOST
[update] hot-chip b8cd549d-0157-4ca7-88bc-60974bd03a41 Hot Chip
[update] hot-milk 6cba82f7-2dcc-4df6-bd2c-6befe6eb822c Hot Milk
[update] hot-mulligan 0c20b0cf-e75f-43ad-9702-3519a298d26a Hot Mulligan
[update] hot-water-music b50f34a8-1938-484f-bdfe-1c7123a1dfe6 Hot Water Music
[update] hourglass-effect 46d34fae-2e4b-4918-883a-70a4e1ea21aa The Hourglass Effect
[update] house-of-lords 5e01a78b-0633-45be-8ac7-8ced45f6ac3e House Of Lords
[update] house-of-protection 3d1d6baa-68ea-4340-b896-41218b0694a9 House of Protection
[update] howard-hewett 93e88606-af5f-4747-9d5b-a7e3449930c9 Howard Hewett
[update] howard-jones e78b008e-28ec-48f2-b3eb-e8398b1ce320 Howard Jones
[update] hozier 81c332cd-9527-428d-90b6-290ea7ff574a Hozier
[update] hrvy e6a40268-4101-4461-a39d-78d781095201 HRVY
[update] hu 91dba009-29e8-4b95-b098-69e4dc4b4f7b The HU
[update] huda-mustafa 11564d2e-2343-462c-a6a1-9c3317897e1f Huda Mustafa
[update] hudson-westbrook 0ae97b82-b761-4f2a-8f2d-58afcdc3a1a1 Hudson Westbrook
[update] huey-briss 382e9a58-ff57-4b8c-823d-1a0971482c39 Huey Briss
[update] huey-lewis-the-news 1c462963-dec0-4ba3-9053-0a7e7baf8424 Huey Lewis & The News
[update] hugel e7369114-706b-40de-8854-c642552143e0 Hugel
[update] huh-yunjin fe36807e-d38a-44a1-a4d9-20dc5e87bcab HUH YUNJIN
[update] hulvey 1bdd979d-ff95-417a-9cb3-16e69d7a92c4 Hulvey
[update] human-league 8babc417-53b3-486b-ac23-3e8d51ee5895 The Human League
[update] humankind 3df27cc5-51dd-4536-b3b8-c2ee33396214 HUMANKIND
[update] hunter-hayes e392f219-8385-4791-83dd-c7a39d4b8165 Hunter Hayes
[update] huntergirl 8217b75d-58e9-4bda-9d6b-426930281302 HunterGirl
[update] huntr-x 7cdc41ed-c80e-4792-82a9-edeb05cc486a HUNTR/X
[update] hurray-for-the-riff-raff dc7c8709-d228-4cce-bd8e-73e0e74ea769 Hurray for the Riff Raff
[update] hurricane-chris b672b4b1-52ea-488a-a33c-6c7d4b36d8c3 Hurricane Chris
[update] hurricane-wisdom f1578cbb-06dc-412b-96d8-5a2a6122891f Hurricane Wisdom
[update] hurts 1ac5a9eb-ce03-42c9-bd70-45704d2e94ef Hurts
[update] hvme df176556-d2d7-468f-b36d-e1b9114373ad HVME
[update] hybrid-minds a5710a47-9792-4c51-98d7-eb5609e1de47 Hybrid Minds
[update] hybs 3477fa3f-318d-409c-ba9c-cd03d8287ef6 HYBS
[update] hyolyn 0e6de868-9ae4-47f8-9d28-80bba1426097 HYOLYN
[update] hyosang 193e2356-5c7c-49a0-b35a-1d128518e85a Hyosang
[update] hypaton 42a7770b-4959-4dff-a928-cdbf8e0a9819 Hypaton
[update] hyunjin 1202cc36-dc9d-4b9e-b257-0be2f4cf97c0 Hyunjin
[update] hold 3eb2befc-b87e-4439-990a-a5603634a6a7 Hﾃ廊D
[update] i-dont-know-how-but-they-found-me cdbbd50b-9adf-471f-946d-d8b03c4f6c1e I DONT KNOW HOW BUT THEY FOUND ME
[update] i-prevail 8e14d4b2-a17f-425e-b9f2-9ad6f7f488e5 I Prevail
[update] i-see-stars 896ba469-9fc5-4477-80a1-a284175d1457 I SEE STARS
[update] iam-tongi 6d25cd6f-c58c-4ada-a466-4606f5d85204 Iam Tongi
[update] iamjakehill 75705565-e7e4-47e1-a9c7-b12584b6a2cc iamjakehill
[update] ian-asher 61f5cd9a-7085-41a9-8bce-503595ea056e Ian Asher
[update] ian-dury d293a3f2-4010-403a-9415-8d1a6374b989 Ian Dury
[update] ian-isiah 0d77532e-d346-4778-bc8a-f24365a3b2fd Ian Isiah
[update] ivd adb8dbc9-6d74-4505-8f52-dfa4f582845e Ian van Dahl
[update] iann-dior 35e49fee-1d5b-47a8-b228-650e3360090f iann dior
[update] ice-cube a103c7ee-3329-4be7-a0ea-93a1e85a38d9 Ice Cube
[update] ice-nine-kills cf1475c4-96ed-42e4-81cf-d8c057ab7d8d Ice Nine Kills
[update] ice-spice 492075e0-b1a9-44bf-8f50-99ee5207d913 Ice Spice
[update] ice-t 5068eba4-98c1-46c1-9a40-8bc03f688a1a Ice-T
[update] iceage a073b3fd-80c0-4ed4-880e-d3d0a558c53c Iceage
[update] icehouse c4a9a1df-f3c9-48a3-97e3-de81269a0f5f Icehouse
[update] ichika-nito 25febac8-1a79-4309-b933-be5c85608c12 Ichika Nito
[update] icon-for-hire 756b5049-c955-4599-981d-8ce47503b275 Icon for Hire
[update] icona-pop 87147f86-a00f-4ee3-a5dc-49e33396b828 Icona Pop
[update] iconic 7da792cb-7eba-4761-9c70-435e5f94c8b5 Iconic
[update] idk 5a055b4d-aecf-4f24-9733-a7d8d73529db IDK
[update] idles fabeeed4-4591-426a-a5df-54443d838531 IDLES
[update] idlewild 73d9b552-b33d-4dc9-83a2-7f1e66f2fb75 Idlewild
[update] idris-elba 133867ee-093b-43f2-b041-1fc0109758c5 Idris Elba
[update] iggy-azalea 3d3014a3-9699-4b0f-96c0-9e476c9cc083 Iggy Azalea
[update] iggy-pop 18ffe485-a98b-43fc-8a2b-1b0aa4e9db82 Iggy Pop
[update] ignacia-fernandez f90011d3-676e-4980-a99a-41a82d958ce4 Ignacia Fernﾃ｡ndez
[update] igorrr 4a5f2541-787b-4b27-ad7e-3fd72306c947 IGORRR
[update] ilham 4bd5dbc2-7abc-48d6-973a-a19ff65a58d3 ilham
[update] ilira 9f0f04a6-ac34-4581-9322-206467ac2a1b ILIRA
[update] ilkay-sencan 1da80d21-1988-44ef-9fa7-55b3006686b3 Ilkay Sencan
[update] illenium 44f1dbaf-7a55-4dd7-aaf2-6e7a9c04fff0 ILLENIUM
[update] ilse-delange 8d69040a-a4b9-47c8-b408-50797334ce11 Ilse DeLange
[update] ilsey fa70e986-2477-4328-8335-0d68c9cb9cbb Ilsey
[insert] imael-angel 933c4df1-4ff4-4622-9a04-e25b04bd5350 Imael Angel
[update] imagine-dragons 256d3ebf-d728-44c5-8ba1-5f5471461a5e Imagine Dragons
[update] imanbek 320cebc5-668d-461c-88b5-e230433c761d Imanbek
[update] imazee 8de5652b-5186-4572-9c2d-8a443cb2f884 Imazee
[update] imminence b08b5a45-3471-44ba-996f-75f7014b6418 Imminence
[update] impellitteri b827dd26-275f-4cb1-9990-00229e93444e Impellitteri
[update] in-color ce34c1b2-ca4b-404e-b96a-e4dbb8880156 In Color
[update] in-flames 4fd6657c-0659-4c28-9182-e517c2c74e38 In Flames
[update] in-this-moment 039b624f-df50-48e3-b93a-0f5743912add In This Moment
[update] ina-wroldsen 9472fe8b-c19a-4429-9bbb-8092a4551d9d Ina Wroldsen
[update] incognito 7058d4a0-caec-461b-b1ce-8484482467c3 Incognito
[update] indi 6fc9b72e-0405-4367-b03b-450a975be956 INDI
[update] indira-paganotto 327a92ed-ee36-4208-9106-91c1d5b49f1c Indira Paganotto
[update] indochine d6ccff7f-3946-455b-a1e3-2826f66206a8 Indochine
[update] induction 5d4b6cb8-2acf-46cc-9df9-4fdc5fc30658 Induction
[update] inez 1e72711d-50be-4eef-8637-8119cd6ed311 Inﾃｩz
[update] infected-mushroom 310bc152-0292-4051-8bf7-052e376f5880 Infected Mushroom
[update] infected-rain 32717ef4-c97f-481c-9f34-e4727f1d12eb INFECTED RAIN
[update] infernum a5cb2727-a6d4-429f-a045-aa985c3bc070 INFERNUM
[update] infinitas 20c8349e-454f-4c0d-bde3-c5e69fa9a394 INFINITAS
[update] infinite-coles 9d6a5337-305f-40e8-bb35-649d909521d0 Infinite Coles
[update] infinity-song 115e7be2-727b-4cc6-a286-b2162507d227 Infinity Song
[update] information-society b85db57b-13de-4d74-88c5-7cd71f50cd77 Information Society
[update] ingrid-michaelson 0a556517-b359-4aa9-8aa2-15734a0c2676 Ingrid Michaelson
[update] inhaler 2e3ee5ce-8270-46bb-b00e-b97fe72a3f91 Inhaler
[update] ini-kamoze e29a2bd1-4525-4a29-befd-12751d3faeb6 Ini Kamoze
[update] iniko bde130a3-c587-4aff-8993-45935bf06a89 Iniko
[update] inji 4956203c-f2b3-42a7-94f4-ab484d49c4ae INJI
[update] ink 66ae35b3-41c2-42a0-a5dc-a519630a6ac9 Ink
[update] inna af3b7d3f-2139-41a8-a489-837dbaf2d568 INNA
[update] innerverse da3146b3-e7e6-48fd-a28e-0387aee9933d INNERVERSE
[update] inpatient fbd4efbb-2168-43e5-88e8-960427ac4a46 Inpatient
[update] inspiral-carpets 7ac0e887-16d5-49be-9d80-a6c672579d23 Inspiral Carpets
[update] instant-funk 9bc79c3c-8cea-44c9-81a6-368dcc5b4b2b Instant Funk
[update] interactive-noise 360f9842-4108-46a6-8992-4a5c15b14a3e Interactive Noise
[update] internet df5327ed-de75-4142-a29e-824fb93408d5 The Internet
[update] internet-islands ad804b6b-d962-4629-a666-2722d3d9ff20 INTERNET ISLANDS
[update] internet-money c371ea3a-9021-429b-8ba3-de85da04d141 Internet Money
[update] interplanetary-criminal e72eb2e3-070d-4cbc-99f0-ea6c5d59a433 Interplanetary Criminal
[update] interpol e9c82a7d-3c95-40ac-8d16-9fc90453e661 Interpol
[update] interrupters cee709dc-15f1-4eb5-90c6-c8eceeedf531 The Interrupters
[update] inxs 076953db-cfb4-4362-8de3-6c142de3662e INXS
[update] inzo 87c6f317-6174-479a-ab5f-70a71c3fa688 INZO
[update] ionnalee 8e1e81df-959c-494a-bc7b-668b33f29500 ionnalee
[update] iq 941a1ec5-d1ea-40e9-8510-32caa577f836 IQ
[update] ira-losco 5275fbc8-eeb2-438d-8d85-e19689499768 Ira Losco
[update] irah 22a94bb2-61fe-4ee7-ad4f-2dc3d160e063 IRAH
[update] irene-cara 3b8243da-9c32-4334-b62a-28d6130dbb21 Irene Cara
[update] irina-rimes 5e9fde49-81e7-4fa9-841a-b79ec745235a Irina Rimes
[update] iris-exe d2ad7985-b514-418b-b18e-d592091da5fd iRis.EXE
[update] iron-wine 4f71a2c7-1381-431a-91d0-70db63c84230 Iron & Wine
[update] iron-maiden 61786bc2-4179-43da-bfb6-71c30d66b704 Iron Maiden
[update] ironmouse e7680ea0-92ad-42da-a06b-f1b37df4c048 ironmouse
[update] isaac-dunbar dd7dd715-9e00-4c59-a043-5d4280e2fa59 Isaac Dunbar
[update] isaac-hayes e3c74c46-8cdb-4b2b-af3a-c0e7583cc6a0 Isaac Hayes
[update] isabel-larosa edef26db-7aed-4240-848b-5a701f9bccba Isabel LaRosa
[update] isabella-lovestory 894138f4-0ff9-46a4-9ef1-bcb7caebc22d Isabella Lovestory
[update] isaiah-falls 395e6119-c26f-4fbe-b0a9-7b6724f0fc1c Isaiah Falls
[update] isaiah-rashad f4277854-ebba-48e1-be7d-2b564e48c164 Isaiah Rashad
[update] isak 3101441a-da66-43ae-a2f5-bfc3b8b473e4 ISﾃ゜
[update] isak-danielson 588d2788-9fd0-41ba-b4af-02d4d3d81a47 Isak Danielson
[update] isley-brothers 6bae28d3-b274-4fad-8fb4-5e082fb2e480 The Isley Brothers
[update] issey-cross 9146a452-d1a1-4a8e-b19b-a8b835b6f19a Issey Cross
[update] italobrothers 5c02fc1a-8e78-4005-94ef-8e2ed1f0366e ItaloBrothers
[update] itch 81b704e9-e6fa-4536-9003-25275407f655 The Itch
[update] ive 2284de88-a171-485d-8a20-158ec57d65e5 IVE
[update] ivoxygen 05843c56-0db1-452b-aa9f-a5d26299fcf3 IVOXYGEN
[update] ivri 0fd5aee6-9d2d-4113-86c1-25ce90f4af5b ivri
[update] iyah-may 86d29c2f-3fa3-4c6e-9025-9039389716d9 Iyah May
[update] iyamah 7700a016-a960-4702-a264-8d827c739cfd IYAMAH
[update] izo-fitzroy 7a676d53-7269-413e-a90d-d91ede0299c5 Izo FitzRoy
[update] izzy-bizu 8fc9c528-6540-4d10-84e3-2020b495c22e Izzy Bizu
[update] j-dilla 8b126936-691b-4b44-9eec-6a122d1f7001 J Dilla
[update] j-hus eaaab5fd-fadf-4b2d-a578-14b646d2c6a9 J Hus
[update] j-mascis 32ded467-8011-4a67-923f-b6629e501f59 J Mascis
[update] jr-project 40d8e396-dcda-4e07-aff2-47aa7c1d2e3d J&R Project
[update] j-hope 0e282095-5353-41c3-80d5-f0ec06684a8a j-hope
[update] j-cole b18e6e84-f41e-4088-8ad6-308baa849f09 J. Cole
[update] j-geils-band 85fc4967-6dfa-4395-ad5c-02f1ecb6e1e4 The J. Geils Band
[insert] j-ivy 06f08a4c-2bc7-4a97-bff2-c94dc0065a20 J. Ivy
[update] j-michael-phillips 73f4f97d-0fe1-48d8-ab63-2a838812309a J. Michael Phillips
[update] j-rey-soul 9916d561-eaf9-43cc-94ea-16dd1d0335af J. Rey Soul
[update] j-i-d 1688141d-a884-4568-84bd-ce1480ab7018 J.I.D
[update] j-me 20312223-b1ee-453b-babb-5903a4847307 J.ME
[update] ja-rule ef11f507-c8aa-4055-909c-6b27c01c54c9 Ja Rule
[update] jaas 9b15d90f-09e0-41bb-94dc-54006ac3a0ba JAAS
[update] jack-jack 8dc2e380-56e5-4e9f-a913-9f13c73a2f5c Jack & Jack
[update] jack-harlow f770dd9d-9f8b-4591-805d-de052f10a10a Jack Harlow
[update] jack-harris 0804cf64-85fb-4870-bcac-47a4157bc404 Jack Harris
[update] jack-johnson f37fa120-10db-4fe3-80ec-5a02750902a7 Jack Johnson
[update] jack-kays 0ddd2f58-7003-49e9-bac1-74eaa9c1e3c8 Jack Kays
[update] jack-savoretti 6d3691e0-7ba1-49a5-a1cd-5e71a92ae786 Jack Savoretti
[update] jack-white 75b2c20c-749a-4bb2-aff3-bacc51d547c1 Jack White
[update] jack-wolfe fdc747f9-1a31-4f41-be44-b82f7704faf5 Jack Wolfe
[update] jackson-browne d4f0c416-a0d4-459a-b9b4-77127d82486d Jackson Browne
[update] jackson-wang ec937fc7-d5ba-4d31-aaf0-51000fed220e Jackson Wang
[update] jacob-banks 606b57ee-4415-495a-aa11-44ead65c758d Jacob Banks
[update] jacob-collier bfbec636-b6d0-47af-a6a1-7d19596798b7 Jacob Collier
[update] jacob-jeffries f7238d9e-b427-4691-b546-4933f2886394 Jacob Jeffries
[update] jacob-lusk 772b1cdd-0e19-4217-935b-63997914587b Jacob Lusk
[update] jacquees 461e283b-99f7-4c60-b528-cd54f85014d2 Jacquees
[update] jacques a3ccfc1e-708e-4354-8574-144cca690642 Jacques
[update] jacques-greene 685efe1c-2532-4f07-bd51-22a9da73b4df Jacques Greene
[update] jacques-levy 351b9532-2338-46c2-b8d1-50eeb2c3ba04 Jacques Levy
[update] jada-kingdom bf990df2-4480-43e3-b1d8-0bb6b8f4494d Jada Kingdom
[update] jadakiss e3aba6c0-a773-4fcc-ae40-51e21a578220 Jadakiss
[update] jade e9fbd695-645b-45ca-bb00-6975b1e6c8a2 JADE
[update] jaden 3d7aa88e-6538-4fd5-89a4-01884a58a668 Jaden
[update] jae-stephens 13958c1d-d788-43ba-852d-d3db59054985 Jae Stephens
[update] jae5 cfa0ed35-3ad3-4258-87fa-152336a2f071 JAE5
[update] jailen-josey 490aa18c-4393-491f-b8d3-92b0c14384e9 Jai'Len Josey
[update] jaimes 43515113-fed1-41f5-bd09-a4a6925bf498 Jaimes
[update] jain a50da8af-4522-4cf5-9142-4a0dc2272092 Jain
[update] jake-shelby 49033298-d147-4f1f-8557-1471b6f8df25 Jake & Shelby
[update] jake-banfield 61376648-f116-44d6-bfad-e4a7631dfc3e Jake Banfield
[update] jake-bugg 0589c755-3f43-4627-bfcc-8f957ea46dc1 Jake Bugg
[update] jake-isaac c1d9bb7a-7a8b-4c11-998e-87aa9ef90fc7 Jake Isaac
[update] jake-miller 1b842c9d-2f6a-4c8f-a8bd-c365d6f24eac Jake Miller
[update] jake-shears da323416-d2c0-46a5-beda-fd7b327f884f Jake Shears
[update] jake-worthington daa37d5a-bce8-4f33-bb7a-6ed4ae7570a3 Jake Worthington
[update] jaki-graham 024b504f-c8ac-452b-8616-4f51f37011a3 Jaki Graham
[update] jam 338df38a-a20c-4a5d-b7c3-6df77104c2d3 The Jam
[update] jam-lewis 30ed18a9-222b-47e7-ab5e-657f565b821c Jam & Lewis
[update] james 3f34ad9c-e304-4d3c-b62b-0947c4b62d3d JAMES
[update] james-alyn 973dc640-1c9e-4543-af76-332ce0f3545a James Alyn
[update] james-arthur f78eaf1b-ebf5-40f1-b229-87f1da6128af James Arthur
[update] james-bay 649b09a9-b2b6-4b38-b882-0320a59eec5e James Bay
[update] james-blake ad99cfbf-4c8a-4e55-9f2d-631b25634eab James Blake
[update] james-blunt 4b1d034e-b7c1-42ec-a071-6feb104bffb0 James Blunt
[update] james-brown 455322f9-10c3-45b1-9887-825a55ee2fdd James Brown
[update] james-fauntleroy 2304c41d-f0f4-4e3e-b5ac-a2120f35ce03 James Fauntleroy
[update] james-french 937b1bbd-c730-4a29-848a-ab4715f9cf52 James French
[update] james-gillespie 4916653f-15ba-4cda-9040-5253d38b81df James Gillespie
[update] james-hype 2f61ca04-d51c-42d6-8e69-c6394b1dae1e James Hype
[update] james-k 292bb03b-084b-439a-b13b-0c7fb104b422 James K
[update] james-marriott 57bff109-90a2-481c-baab-7b7b25217f2b James Marriott
[update] james-morrison 4c2460ef-0bbf-45ee-8f20-50b52a3e4c26 James Morrison
[update] james-reid 74439438-5cf6-454b-b767-21fea8e4cfdf James Reid
[update] james-taylor 03929ca5-4727-4186-9029-83b2e6c77ce6 James Taylor
[update] james-tw 515c95c0-85d1-4a6a-a6b1-58e40cba9a86 James TW
[update] jamey-ferguson a94a4b8a-8309-4f29-9680-5125288ca208 Jamey Ferguson
[update] jamie-bower 37dcf1f5-16dc-404c-8de0-b67b69e37f56 Jamie Bower
[update] jamie-ferguson f15987e2-4054-450e-a618-8c4010368054 Jamie Ferguson
[update] jamie-fine 4592fa47-d280-4b94-a310-1bddf0051b13 Jamie Fine
[update] jamie-foxx 8b31063c-cff1-4828-99d8-c2e3564035ac Jamie Foxx
[update] jamie-hannah db11c95e-2d92-4773-8ced-5e7a85c870c5 Jamie Hannah
[update] jamie-macdonald b4fab1b0-1960-4619-b23c-5a78db611636 Jamie MacDonald
[update] jamie-miller abffe27b-5157-430a-8a45-a43b4773b746 Jamie Miller
[update] jamie-t a3d91e46-b227-4809-9d33-a8edfb3fcac5 Jamie T
[update] jamie-xx 72744465-ea8d-4717-abfa-731726f2bfd3 Jamie xx
[update] jamila-falak 2a0c392a-2164-4dc4-884d-2e628214a241 Jamila Falak
[update] jamiroquai 5da0b20d-ed1b-4ba9-864a-66b58977002f Jamiroquai
[update] jamlive 012cc014-3f81-4d7e-8462-fbce02ae7af9 JamLive
[update] jamwayne e8c21d1b-4261-4803-a0de-c85391182601 JamWayne
[update] jan-blomqvist a94f0968-c946-4bca-97dc-1772841acc8e Jan Blomqvist
[update] jane-bell 956608cb-14c5-4653-8538-ee45476268f6 Jane Bell
[update] jane-child 1ba3906c-5f76-406c-aaf7-332749bec8ba Jane Child
[update] jane-handcock ab8c77f6-3515-4fab-9d70-a429bb4c002a JANE HANDCOCK
[update] jane-penny 5ca526d4-07b7-4a71-8392-3dd1dbe159d4 Jane Penny
[update] janelle-monae 52b702d8-447a-4192-b382-2459084ff412 Janelle Monﾃ｡e
[update] janet-devlin ab4d0f11-78c6-4944-b637-755047ba5697 Janet Devlin
[update] janet-jackson a08dee79-ceab-422e-a789-fc9193272572 Janet Jackson
[update] janis-joplin b5be5a0d-59bb-4df2-a155-719a394ac261 Janis Joplin
[update] japan af68271e-c722-4b5e-85a5-af12b26fe8a9 Japan
[update] japanese-breakfast 17178019-e013-4886-b6dd-32720507f0b2 Japanese Breakfast
[update] japanese-house c1f541e3-30d4-4633-b2a2-bc8087533281 The Japanese House
[update] jarv ba35b124-6d5e-4fa9-87e1-d3393255d204 Jarv
[update] jasiah 93951e77-9b4b-4ad9-9dd4-eacebfa43526 Jasiah
[update] jasmine-thompson 43f86c02-eb84-4ea7-86cc-7c34256b9a4d Jasmine Thompson
[update] jason-aldean f9c3b537-950f-4dfb-a1db-063689c03fcd Jason Aldean
[update] jason-bowld adf380c7-cc6a-493b-975b-1d24670bd798 Jason Bowld
[update] jason-derulo c23d5dd3-720f-4bd9-8652-22bf22190b66 Jason Derulo
[update] jason-donovan 376f96a0-66e5-4dff-9f9d-e81e9df4a6f6 Jason Donovan
[update] jason-mraz bc7e4dc2-d19b-4321-8614-a7cc6b1c62e9 Jason Mraz
[update] jason-ross e09000c8-483e-46cd-a738-6142a3cb6901 Jason Ross
[update] jawsh-685 38b7473d-6571-4ab7-bc80-c67710c66433 Jawsh 685
[update] jax ef3f0595-071e-4f10-9c9a-06a27a43b787 Jax
[update] jax-jones d75ce467-5b35-49a8-a257-f923dff36d94 Jax Jones
[update] jay-b a228df79-c42d-4a33-b292-a5999ea5c8d9 JAY B
[update] jay-prince 44879f70-0e4e-42d3-8ed3-9fdc09af7de8 Jay Prince
[update] jay-rock 8f7c0508-18a8-4fc6-9eec-4badc4a2b96e Jay Rock
[update] jay-sean c6d455b4-0845-4a40-af19-cab3981998ef Jay Sean
[update] jay-som 96997368-4ecd-4dc4-841b-454f9c095a69 Jay Som
[update] jay-z 3a45e7b2-3d73-4c2f-88e5-f2441a3deafe JAY-Z
[update] jaydon fdc81599-9d7d-40f9-8905-d6d1b7d1a06c JayDon
[update] jaykae f4f278bf-4ab2-4074-88ab-e5ef22f17531 Jaykae
[update] jayler 03648ddc-7375-484a-b804-84d20487e76c Jayler
[update] jayy-wick 3a2e7e08-2734-4d45-b3a8-b536ad288e4a JaYy Wick
[update] jaz-elise 23ef0b5a-9296-45cd-b8f8-6cdceee47f6b Jaz Elise
[update] jazmin-bean ea9d6574-608c-4d4a-9627-dc34970ed17d Jazmin Bean
[update] jazmine-sullivan 832312f8-4984-483f-a7dd-b358851cbb99 Jazmine Sullivan
[update] jazze-pha e1e1ca0e-6e13-4f05-89c9-2c7bd0a47db6 Jazze Pha
[update] jazzworx 70a9d7ad-0c1f-4c4b-852d-0118504175bb Jazzworx
[update] jazzy f0973cb3-5009-458e-94ec-17defc76212a Jazzy
[update] jazzy-5 dd55be9c-3da4-466a-a6f3-8e40fa705f2d The Jazzy 5
[update] jd-reid 36893f1f-8f8f-417d-9c26-74ff664d0fd7 JD. REID
[update] jean-carter 68b21329-c757-4240-a19c-d82ecdb77ea5 Jean Carter
[update] jean-dawson 66252d02-8ef1-4d0f-ac74-b5f525703fd5 Jean Dawson
[update] jean-michel-jarre dacfcdd8-88a2-4147-a2f6-3809a602eba6 Jean Michel Jarre
[update] jean-michel-jarre-2 705150d2-62db-455e-9214-856fa40978a1 Jean-Michel Jarre
[update] jeangu-macrooy 503d0ee4-2faa-4079-9b4e-042fbb250830 Jeangu Macrooy
[update] jeanne-mas 64c91f73-e10d-454e-9ee0-c3997c703118 Jeanne Mas
[update] jeezy dcbe9a10-58a2-4e68-9be6-e9826a52aaa0 Jeezy
[update] jeff-beck 78cc6085-0cb7-4c7a-b301-546116906df5 Jeff Beck
[update] jeff-satur 4f46a089-08e8-47cc-9e40-c36e655df85f Jeff Satur
[update] jefferson-starship c2924f18-2ec8-43e3-940a-3947eb687a26 Jefferson Starship
[update] jeffrey b278b8e1-4f87-4f9a-8c76-0aaf2be50f60 Jeffrey
[update] jeffrey-daniel 5808ecf7-25c7-493a-8ae1-2041fda3ffde Jeffrey Daniel
[update] jelly-roll 2f971fe7-b65f-473d-8b15-7c08c50964b3 Jelly Roll
[update] jelusick 7a0e9067-4621-43a3-a341-f180da70c8f7 Jelusick
[update] jem-cooke 8b6a798d-ddcf-4d10-a83c-98f97e975d6f Jem Cooke
[update] jenevieve b381dfe0-2039-43aa-a75a-888485e86cd0 Jenevieve
[update] jenn-morel bcb52e2e-cde6-4b98-acc7-1e592c0f0e31 Jenn Morel
[update] jenna-davis 2dfedbe4-7a5b-4c38-9e67-28fdc5bc6f52 Jenna Davis
[update] jenna-raine ca3ab584-303d-447e-a4b0-ebedaf67f38e Jenna Raine
[update] jennie ee4a5cbc-61db-468c-947a-3a04d7c61357 JENNIE
[update] jennifer-hudson 258b7c16-bab5-4799-9ade-857f260e13e7 Jennifer Hudson
[update] jennifer-lopez 5771bceb-8763-4371-8603-8dacd5d0cafd Jennifer Lopez
[update] jennifer-nettles 8f941ae6-00ce-41e4-94db-8c72adccc2d1 Jennifer Nettles
[update] jennifer-rush ade51467-dc94-4e64-a5ea-a216306b3623 Jennifer Rush
[update] jenny-lewis 071a4d19-9856-4f6e-9ad2-5c8c5d98661e Jenny Lewis
[update] jensen-mcrae 56db9660-c1cb-41ea-9dd7-586e988aae65 Jensen McRae
[update] jeon-somi b82e010e-8ab1-4e58-889d-3e8e09b9938b JEON SOMI
[update] jeremih 1f4fdfcc-1a0c-434e-9ba2-dbe57bc50dfd Jeremih
[update] jeremy-zucker 047f4960-552c-44d3-8b51-271cf723465a Jeremy Zucker
[update] jeris-johnson 993be624-83f0-423c-828a-d03c8691ac70 Jeris Johnson
[update] jermaine-dupri b154413c-b925-402e-9331-6aa6b16f5ee4 Jermaine Dupri
[update] jerro a5ba69dc-19bd-47a0-9410-6aa828c78e50 Jerro
[update] jerry-cantrell 9f0359a6-97c7-47b7-89f5-a1b6fee2aba9 Jerry Cantrell
[update] jerry-heil 623a8f3f-8e89-4661-9229-066cbab1d8ab Jerry Heil
[update] jerub c3136f8c-17f1-4cf5-b3ce-051d5162810a JERUB
[update] jes 11a14211-e3e3-4a56-b45e-e1366ac8e35c JES
[update] jess-glynne 7ffafa2d-3359-4633-a141-6eccfcbe78ab Jess Glynne
[update] jess-meilman d8e1ab70-6ce4-47c3-a2a3-a13915020dd7 Jess Meilman
[update] jess-williamson 03763b71-9b69-481a-b9d6-bb7d856a07aa Jess Williamson
[update] jesse-joy 53cd7c01-2298-45c1-90db-110662895eea Jesse & Joy
[update] jesse-boykins-iii 70034276-b815-46cd-beae-e077d059e6e2 Jesse Boykins III
[update] jesse-clegg 41c05a0c-ee98-4e30-a12d-2a24e3720838 Jesse Clegg
[update] jesse-malin 11852ae4-3e0e-459e-89c2-f6c98a67fbb8 Jesse Malin
[update] jesse-rutherford e3a12ba9-65be-437d-99d8-1f5ae8f305e8 Jesse Rutherford
[update] jesse-welles 2ecd1cc5-3abb-483b-a27d-b6ce1ab211e5 Jesse Welles
[update] jessica-baio 8a0442bf-8542-4275-b4e7-9f8f92bfd9f4 Jessica Baio
[update] jessica-darrow 75c7d1d0-354e-4af7-ac38-b4522fd69b52 Jessica Darrow
[update] jessica-doherty e1567eba-a60c-46c2-b781-efac0242793e Jessica Doherty
[update] jessica-lowndes 23b7db80-5ba8-4992-9313-8074433cfb93 Jessica Lowndes
[update] jessica-pratt 3a6f5b74-3aa8-4456-94c7-1df34c19b414 Jessica Pratt
[update] jessica-simpson c22998d9-03dc-4dea-80df-241cc7206428 Jessica Simpson
[update] jessica-winter 2a48cf4d-a2a0-4b6c-877a-939dd912a163 Jessica Winter
[update] jessie-frye ca2ecf94-d49b-4e22-80fc-fe685b00dc76 Jessie Frye
[update] jessie-j a77fe5af-72a3-4014-aab8-b49a246e9352 Jessie J
[update] jessie-murph e73e2cb6-e4cd-42dc-ad14-9f5b5a816386 Jessie Murph
[update] jessie-reyez 9c867dd3-cbc8-42c1-a3fa-e32a4c8391d3 Jessie Reyez
[update] jessie-ware 15cc8161-c434-4de5-b1a7-11d8ebbb85b0 Jessie Ware
[update] jessy-blakemore 5ec848fd-9d18-467c-9e7c-f2b45b05545e Jessy Blakemore
[insert] jessy-lanza 8a166db9-ad73-4852-8efc-ce1aa56f21b0 Jessy Lanza
[update] jesus-and-mary-chain 95fdb5c1-c9eb-4fd3-91e0-7358ee9c2984 The Jesus And Mary Chain
[update] jesy-nelson f39c63d7-0e4a-4813-8b44-d797b84d3a4b Jesy Nelson
[update] jet f6598063-e4bb-43dd-b930-182e90dd8097 Jet
[update] jeter-jones dbb38e9a-9152-4bd6-9b93-e5449fdfc9e4 Jeter Jones
[update] jethro-tull e8bafd57-6116-436e-b511-4d0c5ec0e6bc Jethro Tull
[update] jewel 9b3c8e34-c4f9-481b-8a67-4e814432fe8f Jewel
[update] jex 3cd63571-4c08-47aa-87cd-4c5992131928 Jex
[update] jeymes-samuel 2ae9dcbc-3f65-4b79-a4e8-542a799268b6 Jeymes Samuel
[update] jhay-cortez f68dad03-39df-48e8-9e2e-f7cf3aade072 Jhay Cortez
[update] jhene-aiko 58c24a89-ead3-465b-b78a-ba0541b1ac12 Jhenﾃｩ Aiko
[update] jid feb1f834-9144-4dc2-8455-005051bfa643 JID
[update] jihyo 000dfbec-ce3f-4aa1-a102-88f0cef2f412 JIHYO
[update] jill-scott 47ad37f1-2b41-4cfb-bd4c-41bbf565e703 Jill Scott
[update] jilly 66ff08f0-0284-43b8-a527-cee87683a479 Jilly
[update] jim-croce c6af88b1-8348-4dd3-9119-937d74e95904 Jim Croce
[update] jim-jones bddbfb78-c86b-489f-bc4f-191177c74323 Jim Jones
[update] jim-yosef 3253a604-7506-45d2-a464-2104ecfb108b Jim Yosef
[update] jimi-hendrix 539336ac-1b4b-4e2c-b00e-4009d7b2e786 Jimi Hendrix
[update] jimmie-allen d654ddc9-bb82-434a-9d0b-176889452b70 Jimmie Allen
[update] jimmy-bo-horne 4bf09767-f79b-4e2d-a920-dadbb6ec3234 Jimmy Bo Horne
[update] jimmy-castor-bunch e47b6b0e-b3ff-47ff-aaee-e6ef3805880b The Jimmy Castor Bunch
[update] jimmy-chou ec57c9b5-dd35-4136-8441-ea1b6e1f2953 Jimmy Chou
[update] jimmy-eat-world fb16163d-4a4e-4b1b-9457-8cc294ece626 The Jimmy Eat World
[update] jimmy-page 6cd12a74-018a-4e3f-a0e5-29f75b232029 Jimmy Page
[update] jimmy-somerville 51afad7a-2aa8-4016-b0ce-78dbf10f9ce8 Jimmy Somerville
[update] jimmy-sommers bac1d533-7235-4537-88df-f70296e312b9 Jimmy Sommers
[update] jinjer 7ef56aea-83c4-4906-bf8b-485c33c6fec9 JINJER
[update] jisoo 5c4a909d-cde0-499a-ba4b-ca04c500b3e8 JISOO
[update] jj a522ce7e-3390-4b10-8bc3-7289a45fb10b JJ
[update] jmsn 66ab54db-e2a1-4576-b9e3-4c001a94b89e JMSN
[update] jo-dee-messina 5d30334d-6ecb-4618-8d42-71a3c7a9770b Jo Dee Messina
[update] jo-hill c941e2d6-e59f-45cd-aa31-8d403c2bbd56 Jo Hill
[update] joa 46ef6eb8-2cf0-4cb4-82cb-9b9fe286c949 JOA
[update] joalin bb45eac5-28b7-42ab-bdec-19ab7fae1593 Joalin
[update] joan 6c9fed31-583e-47b9-b2c3-67f25317632e Joan
[update] joan-jett 627bbf18-2bdb-45da-8330-b5dfbdf94dc7 Joan Jett
[update] joan-jett-blackhearts 97b3eb7a-c14b-4fe4-998b-9953d554bffd Joan Jett & Blackhearts
[update] joanne-shaw-taylor 9de0109e-d99c-4ba3-8536-f1226f6456b4 Joanne Shaw Taylor
[update] jody-watley 6cc58b19-299b-4e33-afe9-c09a164c32f6 Jody Watley
[update] joe f1d172fc-a561-4d71-8676-eef7f43fa13a Joe
[update] joe-bonamassa 6275a00f-f9f2-4c09-aa61-792e6b6459d4 Joe Bonamassa
[update] joe-cocker b0ff68ea-1a26-4555-9861-8f1314d737df Joe Cocker
[update] joe-elliott 5102f315-01aa-451b-b703-faa8f508a349 Joe Elliott
[update] joe-jackson f804b661-89fb-40b6-a201-562a6ed63560 Joe Jackson
[update] joe-james aef9b6b4-6097-4e6e-a665-6c321607d99c Joe James
[update] joe-jonas 7d246f7a-0305-4f0a-b0c4-a2e0802cbe7c Joe Jonas
[update] joe-l-barnes d2318223-1a79-4dec-9e81-d9b631464fa2 Joe L Barnes
[update] joe-satriani ce5ebddf-990a-41c0-b328-ac0f190be431 Joe Satriani
[update] joe-walsh d098df04-b898-4ebb-aba0-b39d0a052084 Joe Walsh
[update] joel-adams e59c997a-1e93-4dcb-b54f-12a3f72a1e4c Joel Adams
[update] joel-corry 977f57f1-fab3-4e45-8c9b-ffccc31c401b Joel Corry
[update] joel-fletcher 7f339092-6447-4a77-a682-f444a648f036 Joel Fletcher
[update] joesef bf7fae42-477f-4fa2-89cc-8d80f7f6a0d0 Joesef
[update] joey-bada 408c43ee-0c1b-4303-aa4e-8173e9bab291 Joey Bada$$
[update] joey-mcintyre c13241e7-d04c-4b48-b194-2b6f167a8d79 Joey McIntyre
[update] joey-negro bff5b2e4-9180-40ac-a6e9-9ed93cfebc7a Joey Negro
[update] joey-purp de0f1f58-e5c0-4b3a-b3ea-8fc02ef9ee5f Joey Purp
[update] joey-valence-brae fce00db8-39d2-47a1-ba46-00d41c9a678b Joey Valence & Brae
[update] johan-lenox b2078aa7-e064-4ce3-ae26-5c1d412c5eff Johan Lenox
[update] john-5 8b973eb9-1189-445f-a687-8124eaf3121f John 5
[update] john-butler 7427ca83-bd5b-4393-9fd4-d57bd6351cab John Butler
[update] john-carpenter a873a29f-0d7f-41e8-b6cc-31b195c4a5ed John Carpenter
[update] john-cooper c04bc0a6-1c20-4fa7-a1f1-e36ab2c4c17d John Cooper
[update] john-corabi ebfc166c-2af7-47c0-ac27-522fb3b6cafa John Corabi
[update] john-davis-and-the-monster-orchestra 44043fe3-44de-4a51-8288-37a11c65e57b John Davis and the Monster Orchestra
[update] john-doe 16d753fa-f420-49e5-8828-4dc33e6543cc John Doe
[update] john-duff 2cd4a151-631f-4212-97ab-a7ede25c4787 John Duff
[update] john-legend 79df62ad-016b-49c5-946b-ec4369098809 John Legend
[update] john-lennon 85710b34-9834-410d-87d5-314e00ca9daa John Lennon
[update] john-lydon 3d828d32-f068-4693-ab04-5cd67982a124 John Lydon
[update] john-martin e82e401f-dcd8-424a-a56d-3bb7a0a47f98 John Martin
[update] john-mayer 7583ff44-c8f2-4f76-9dc5-d02db14c0df2 John Mayer
[update] john-mellencamp 387eeeee-9bde-42ba-b793-3f0d145cb8a5 John Mellencamp
[update] john-michael-howell 3752971d-183d-49c5-9861-2361a31d48d5 John Michael Howell
[update] john-newman 13e5c160-f490-4c21-9da4-c55cce59b497 John Newman
[update] john-norum 5b99b839-53cc-4ab4-aa6a-bef57c728350 John Norum
[update] john-ocallaghan 3af9861f-58cb-4e91-b453-27ccbbd357dd John O'Callaghan
[update] john-squire be14f91b-5c45-4621-b979-45d44cda812c John Squire
[update] john-summit a29f4eb0-da3e-44b8-b928-cc378eacd48e John Summit
[update] john-the-ghost bfa1d77d-a42e-4b54-8e30-3d9e6f86aec8 John The Ghost
[update] johnny-clegg 3aead505-6ac1-4afb-b583-7ad5f2a566ef Johnny Clegg
[update] johnny-drille aa2a03c5-ce2e-4944-9d06-3d2f2778cdee Johnny Drille
[update] johnny-gill 489d1fea-1a4b-4ebc-b79a-7533e9d167a2 Johnny Gill
[update] johnny-gioeli 7e6d983b-f46e-4b1f-9ff8-49fa1a3cb334 Johnny Gioeli
[update] johnny-hates-jazz b70fa9e0-7fb6-401c-a768-a743327275b9 Johnny Hates Jazz
[update] johnny-huynh 7575e755-6403-4fac-9e28-049ac1fb0da6 Johnny Huynh
[update] johnny-marr 933430bc-c15d-434a-8441-f39e16c64d28 Johnny Marr
[update] johnny-marr-the-healers 575abcd4-dbbe-4e39-bd16-d25576064419 Johnny Marr & The Healers
[update] johnny-orlando 6cf7e4de-537d-40e9-b9c6-5dc2f34e2c4c Johnny Orlando
[update] johnny-venus bc967457-49ec-49ce-a903-43e56dc47086 Johnny Venus
[update] johnny-yukon 7e074aa1-940d-4297-8181-af8da21b0d21 Johnny Yukon
[update] joji 7e0281da-5d18-4649-8b3f-30d3cbdecc8c Joji
[update] jojo f7ce50e1-462d-40ab-93a9-5237f755094e JoJo
[update] jojo-siwa 5b192eac-e733-4acf-a869-efbaf775ddc4 JoJo Siwa
[update] jon-anderson 1a90cf04-63ee-4c24-8ae0-b326abc081b6 Jon Anderson
[update] jon-b 39b4dd15-1568-43dd-b6d1-64a578ddaa5a Jon B.
[update] jon-batiste 12530c4d-0310-4c5a-8fa7-f707f8797e70 Jon Batiste
[update] jon-bellion a83a9ee0-79d6-4caf-82f5-b57a8ac64b40 Jon Bellion
[update] jon-bon-jovi f6ba6b33-043a-44ce-9e0e-23d4f152d700 Jon Bon Jovi
[update] jon-hopkins 92b07c27-6304-4713-bc41-a7bab2c28389 Jon Hopkins
[update] jon-keith 0922545c-d5c3-4e56-a7f0-2e5265c90808 Jon Keith
[update] jon-spencer-blues-explosion e549264f-ffaa-4040-a872-8732e67c71fb Jon Spencer Blues Explosion
[update] jonah-kagen f6f0a858-3e85-4999-a444-519a107ccc6f Jonah Kagen
[update] jonas-blue e0ee5734-69ae-4d64-8c62-d74309a5aa4e Jonas Blue
[update] jonas-brothers b29f9b17-6ece-4cbb-bb25-ecc28ea32e33 The Jonas Brothers
[update] jonasu 29cbe6d8-9448-4b18-be46-dcdb2651c76a Jonasu
[update] jonathan-davis 46a69c8e-dfbe-4730-8e02-7ac14068376f Jonathan Davis
[update] joni-mitchell 08103a94-8ba5-4ed3-a3cc-aa94b7e3fc86 Joni Mitchell
[update] jonita-gandhi ded52f7d-d0f0-4519-968c-eecad6646194 Jonita Gandhi
[update] jonny-hawkins 12a838bf-cd6e-4547-91b9-a77c00bff6e0 Jonny Hawkins
[update] jools-holland 2b7cc41a-1d35-44a9-b139-bb30d4a9eb3b Jools Holland
[update] joony a6b17df6-a159-457b-83e2-7a029686826d Joony
[update] jordan-adetunji f2cf4b4b-4b28-4a23-a6cc-f45e5442da48 Jordan Adetunji
[update] jordan-davis ac612f3a-c942-45ed-a88d-6f38c9c61d6f Jordan Davis
[update] jordan-rakei 85ae4da8-60d1-43d7-808d-e34f73b28232 Jordan Rakei
[update] jordan-ward 65db8051-d2c5-4166-a271-0dd23428e792 Jordan Ward
[update] jordana 7fb1c46c-3776-46b4-b9ed-d4120637a338 Jordana
[update] jordana-bryant 6e2c03f5-0b69-481b-862e-632d32cb4e48 Jordana Bryant
[update] jordin-sparks c03b913d-ea6d-4171-8de8-c48e86d2acb1 Jordin Sparks
[update] jordy 73383b80-af33-4c66-b0d0-57dfa5c7086d JORDY
[update] jorja-smith 11735f78-2629-4a06-b821-e7577bc4ca9b Jorja Smith
[update] joseph-david-jones 634c5cef-cb7b-4d0d-8f51-7d70de7e81e6 Joseph David-Jones
[update] josephine-oniyama 7a5b665e-7c2f-4efc-9193-ad50e6035b87 Josephine Oniyama
[update] josh-cravey 7e01c625-8262-4e2a-9f90-cb9d6de8084c Josh Cravey
[update] josh-dun 1a1511c4-812e-4e33-a915-afa02fcff329 Josh Dun
[update] josh-gigante b4130d82-4519-49da-8c45-b9c669b2dc8e Josh Gigante
[update] josh-levi 09078335-393c-4225-96c8-8ccedbffed73 Josh Levi
[update] josh-ramsay 80b271ed-4bed-4e81-982a-da73b1f0967d Josh Ramsay
[update] josh-ross 4688b9f4-e652-40ce-b603-4bf14f10e4cb Josh Ross
[update] josh-rubin 87affe24-8565-414b-97c4-bc9415bbe35f Josh Rubin
[update] joshua-baraka cdffbbcf-20be-4d2e-97c9-47922ab451ae Joshua Baraka
[update] joshua-bassett 0bb65413-d1ab-4cfc-893b-2ce4849bc17d Joshua Bassett
[update] joshua-roberts 0b2ec6b6-44fa-4d4a-912b-5bfe9396649c Joshua Roberts
[update] josiah-and-the-bonnevilles aca56035-062a-4c9d-a3bc-23c3d47b1f8b Josiah and the Bonnevilles
[update] josiah-queen ad0bb40a-f5e7-4cef-b934-5401a962443a Josiah Queen
[update] joss-stone 88319010-07ef-4126-abaf-93375ff182b6 Joss Stone
[update] jourdin-pauline d5507504-1b30-4047-8845-27bc1a024e8b Jourdin Pauline
[update] journey 3a0bc57c-76c7-4d22-a065-92b878e0d4ad Journey
[update] joy-crookes c10bc895-f2c4-4ce7-b29b-be0cc86f8c50 Joy Crookes
[update] joy-division facf81f6-8c57-4b0f-bc07-eb3578902899 Joy Division
[update] joy-formidable 3f4ff220-e8cc-4139-b79f-279e332bff18 The Joy Formidable
[update] joyce-manor 1f3b4dce-b22f-466d-a8fd-91742ad966d3 Joyce Manor
[update] joyce-wrice ec2b580c-68bc-4880-99fa-db8d76abb5e4 Joyce Wrice
[update] joyia 36c6ee8f-80d8-4b6f-ab92-d16247aa2c29 Joyia
[update] joyner-lucas 46df678f-8f52-4f7e-9bf9-8a3eea50bfa8 Joyner Lucas
[update] joywave ee283d2b-f14d-4596-b3ae-e9324d7e41dc Joywave
[update] jp-cooper 97aeb2a3-1aa3-4cc5-95b0-5f08a78efeaf JP Cooper
[update] jp-saxe d9f1381f-fc7a-4f66-ac70-d8afd10335e6 JP Saxe
[update] jpegmafia 710ce297-cdc2-42f5-a0d7-7bcded3d2077 JPEGMAFIA
[update] jroa 3872011e-012c-4997-b7e5-b98517366346 JROA
[update] jt 78c1b2b6-ed0b-46fb-b6c4-8e2eea13792c JT
[update] juan-luis-guerra 5eb25fbb-4344-4144-80ba-c3b3ffd9f668 Juan Luis Guerra 4.40
[update] juanpalitoschinos 3fc1c959-526d-4c9b-adc5-26c3529888e1 Juanpalitoschinos
[update] jubel c335c79f-ceda-4619-82f0-bbc1fecc8185 Jubﾃｫl
[update] judah-the-lion e5f2947f-0f72-4da7-a55b-bf9a7ddd56ab Judah & the Lion
[update] judas-priest 1ccc888d-1aae-493b-be10-1ff1b5455f21 Judas Priest
[update] jude-york c7f26089-403a-4e9f-9cd2-28f823ade479 Jude York
[update] judi-jackson a91296e5-31ee-48dd-8e86-388f354b03d0 Judi Jackson
[update] juelz-santana 8cf59aab-244b-42df-902b-2239ddbdf09f Juelz Santana
[update] juice-wrld af7f9cbd-2790-4eab-806f-97c281876802 Juice WRLD
[update] juicy-j e16f8ce2-d89d-4d6a-b227-4e2b63c41c0a Juicy J
[update] juji b57c7ed6-9aca-43cf-8929-1405eb9cff18 Jﾅｫji
[update] julia-church c58294e3-bd07-46a5-92a6-eec9b0cbd648 Julia Church
[update] julia-cumming e7c2b6ce-b62c-4949-8069-c67ecf8ebf5b Julia Cumming
[update] julia-fox 4ebdb78c-12a1-4d23-afd0-d0aaf7cdd84e Julia Fox
[update] julia-mestre 19ead982-6f95-4a78-b02e-e2d054b0b985 Julia Mestre
[update] julia-michaels 4f133697-d96d-4194-b6ae-30cf70c3630a Julia Michaels
[update] julia-sanina ef6deb60-148b-41f9-ba1f-50eb235304a0 Julia Sanina
[update] julia-westlin e2687d30-7dcd-4210-bb1f-877acf13ca8f Julia Westlin
[update] julia-wolf 141ae602-ddb4-4430-9d43-77160267d800 Julia Wolf
[update] julian-jordan 6504914a-ea24-40d6-ac6b-f5350ad796c0 Julian Jordan
[update] julian-lennon a2cb5980-c177-45fc-a062-131972d69ea3 Julian Lennon
[update] julian-perretta efcb28ab-78fd-4f08-9ac4-6e1a6f599950 Julian Perretta
[update] julie-bergan 1ccae458-646d-4212-86e7-734e3bf58aad Julie Bergan
[update] julien-baker e02d4e9d-4616-4ee4-8923-a11eb1d66762 Julien Baker
[update] juliet-ivy c61f4a95-0ba3-41b5-b6bf-0f1c7caec5a5 Juliet Ivy
[update] julieta-venegas 6c51d212-b105-402b-91bb-33d9f27a194e Julieta Venegas
[update] julio-iglesias 07e1c99a-9fd3-458e-bfba-d0e73784036b Julio Iglesias
[update] june 9e8fe167-9bde-45e7-81fa-2c733f84da71 june
[update] jung-kook 031312c1-ef02-4e78-b0b3-945591d934a4 Jung Kook
[update] jungle 55e63c62-502d-4075-bd41-dca755e15dd1 JUNGLE
[update] jungle-giants 6d39dc23-8be0-4b4b-9f76-a010a52359b2 The Jungle Giants
[update] jungleboi 9884b4c3-05f2-4760-a157-97927ec800e9 Jungleboi
[update] junior-varsity 155957d2-c5c3-4b31-aca7-202029f61d42 Junior Varsity
[update] juno-reactor 09f2aa8c-973a-42a9-b591-0572e85deb86 Juno Reactor
[update] junoflo 91bf4f12-588a-4877-a605-3bb466e7a88e Junoflo
[update] jurin-asaya 49c83055-29bc-4996-85a1-021670ceb6e5 JURIN ASAYA
[update] just-friends fac4715e-b5a2-4860-806a-2230589c7fdb Just Friends
[update] just-mustard e6126976-d2fc-4d93-8b6d-2f29be6a8542 Just Mustard
[update] justice e29b8372-00b3-4646-b3dd-9d35d391af6d Justice
[update] justin-bieber d442ecd5-c615-4824-a525-0714bd5ed16e Justin Bieber
[update] justin-hawkes a398f309-e331-4e9d-884f-c417907f3830 Justin Hawkes
[update] justin-jesso 7a560aa5-cbdb-4a85-9f9f-4e22fb478d47 Justin Jesso
[update] justin-timberlake c89d074d-acea-40bb-99f4-6226fdb0e460 Justin Timberlake
[update] justine-blanchet ca13fd44-4ca7-46d7-90e4-053b8d117935 Justine Blanchet
[update] justine-skye 0224cedf-b209-4b03-a3a3-b8b8629d66fe Justine Skye
[update] jutes 300ee29b-1ccf-4d12-9504-cc0fada389e8 Jutes
[update] juvenile 439d4f9a-d175-4b6e-8d91-da9d26911120 Juvenile
[update] jvke 87a2eb74-1387-4683-af74-ce9f6dbae471 JVKE
[update] jxdn 594256db-985f-4284-a2dc-9f8038557f64 jxdn
[update] ks 92f34f80-9097-4631-bbf2-26a6a2825e78 The K's
[update] ks-choice 0ba6071d-44b3-4db9-a6e6-47c5b01a5ee5 K's Choice
[update] k-391 637012c9-66aa-4d68-a79e-a21accb5ac94 K-391
[update] k-ci 0d0a89b7-3c86-4857-8785-5fce5f7b32d8 K-Ci
[update] k-ci-jojo 1401bf49-4b2a-4d74-ba30-644c9493879a K-Ci & JoJo
[update] k-ci-hailey 21f53615-811f-4d05-84d4-764c6d4a322e K-Ci Hailey
[update] k-michelle 0e04b7aa-2e31-4566-af09-a7a047c0f25c K. Michelle
[update] k-d-lang 1d169469-10f0-4a52-8cba-f6ce58010158 k.d. lang
[update] k-flay 059ec506-204d-49e8-b036-d3a0d2596c86 K.Flay
[update] ka f8ae3b04-42b7-4507-9f3c-f21e950632ee Ka
[update] kaarija 7058ef26-a659-416c-9910-216b902d8910 Kﾃ､ﾃ､rijﾃ､
[update] kaaze d184c9ef-a314-4b03-8671-16139eebbec5 KAAZE
[update] kabu 7a33d519-b188-4636-be1e-550393a3b678 KABU
[update] kabusa-oriental-choir 1d6b53bc-fd66-49b4-b665-395f0526be4a Kabusa Oriental Choir
[update] kacey-musgraves 68fd8b69-b74f-4b21-8812-d343c94acf8e Kacey Musgraves
[update] kadhja-bonet 77357818-35fd-44a5-9aef-c6afd1dc1a18 Kadhja Bonet
[update] kae-tempest 962f9561-b0dc-42f9-b2e9-6e8cf5819726 Kae Tempest
[update] kaeto fdd8b9a4-9dce-4293-933c-efa9991d9114 Kaeto
[update] kaeyra 1f2b0d5b-1f52-4696-a82f-f67afa020842 Kaeyra
[update] kah-lo 13a213af-d38e-4874-8d4a-582363e36eaa Kah-Lo
[update] kai-hansen d2ca2928-b624-4e86-b084-43deafb4e68b Kai Hansen
[update] kai-wachi 251934ca-d108-46ad-a664-1e441b758066 Kai Wachi
[update] kailee-morgue bfd4276e-7d4b-47ee-8423-a708f4196ff3 Kailee Morgue
[update] kaiser-chiefs 6ba36e73-fdb4-425f-8f9d-92825476c960 Kaiser Chiefs
[update] kaitlin-butts d420f38c-d02c-4d11-b718-cf4c79e252a4 Kaitlin Butts
[update] kaiagoogoo eb575e19-7fbd-42d1-bbaa-1a1af1c31353 Kajagoogoo
[update] kalan-frfr c2faad79-9e11-4532-86b8-ae5e8e23695e Kalan FrFr
[update] kalandra c38cbecf-96a4-4b25-8f1d-64782f6bfbe3 Kalandra
[update] kalax c014a213-ccbe-42cf-b8b0-fdb932b22c85 Kalax
[update] kaleo 352c0fdc-5080-4763-ab86-1ded7df11ced KALEO
[update] kali-uchis 493a661f-e6b5-4b29-831f-0b00edbfdbac Kali Uchis
[update] kalki 15830cf4-d45b-4f53-9527-4f30fc76260e Kalki
[update] kamaiyah 8ba54f71-e3ee-4ad9-887a-bc4e0527c852 Kamaiyah
[update] kamal 9e8f395b-eb93-46e5-8ab2-cc0f2be7046b Kamal.
[update] kamasi-washington 41cf344a-ea8b-4c0d-804a-d6942694bd03 Kamasi Washington
[update] kamauu 63a4ab45-4408-4a03-84d3-f99e2b16d9b2 KAMAUU
[update] kamelot 770209b9-a222-4a0d-b706-c442f93cc633 KAMELOT
[update] kami-kehoe 7ca4c78a-2e55-413a-9ced-01e428902caf Kami Kehoe
[update] kamille 9a3b168e-8471-4f27-8d67-8cbb8fde36e6 kamille
[update] kamiyada 3803413a-c8f1-4e5c-b839-9e206675b453 KAMIYADA+
[update] kanadia 99eda39d-84e2-4a72-9b7e-697a3c4ac66e Kanadia
[update] kane-brown 9c19b4e5-9809-4569-a9c4-bc32929ba91c Kane Brown
[update] kanine a77dcda0-bf0b-4ffb-9a74-27e545737ca8 Kanine
[update] kano 4e423930-5590-4c6f-a3cc-7cf9f7091559 Kano
[update] kansas df72d4da-0a90-4d3a-b5fc-8acf0ef379a6 Kansas
[update] kansy 07f145a2-f54b-44d9-b4ce-adf013f343b6 Kansy
[update] kanye-west d777e2db-82a6-4408-b828-c4beef067374 Kanye West
[update] kaonashi 73f4ee92-01ca-4cc8-ba06-fbd771532efd Kaonashi
[update] kara-jackson 34f5aedf-9d66-4408-aebd-0ff0a760ce85 Kara Jackson
[update] karafizi b6b4bf2b-6518-4b70-83d8-e08231c34dbb Karafizi
[update] karan-aujla 2d952e12-0c46-4ec4-9848-ccddb03a8b36 Karan Aujla
[update] karan-kanchan 0463b4bb-cb7f-4d6f-a5c6-57c74eb0a642 Karan Kanchan
[update] kardi 45c14a46-39d6-478e-b058-cb725a10d19b KARDI
[update] kareen-lomax 8d5e551a-be00-4544-8503-a02413113cf7 Kareen Lomax
[update] karen-harding ba588722-111c-4f47-b3ff-b3f9da109e61 Karen Harding
[update] karen-o cfbd3762-c075-4d43-bdca-2d4e25463c0f Karen O
[update] karencici 8cf27c8d-244d-4fd5-b8c8-4620dfa44baa Karencici
[update] karlee-girl 163efd3f-0cb5-4257-a4ba-be6ca6800230 KARLEE GIRL
[update] karley-scott-collins 152454df-8b70-4d74-93d5-0e4313e38abb Karley Scott Collins
[update] karma-effect 4706b225-6d70-4c62-9d07-dbd13e2a4aab The Karma Effect
[update] karol-g 5278e8b2-c7e6-4750-924e-db0638504513 KAROL G
[update] karolina-rose 27b55116-a545-45e3-8ea8-d312760abfa3 Karolina Rose
[update] karri d5f47e15-4a65-4c20-bcab-1e29c1c86f1f Karri
[update] karun 6b031dd1-856f-4408-9060-cb9459def7c8 Karun
[update] kasst 34c00163-9f8b-4fb9-b472-7141c75d592a KAS:ST
[update] kasabian 4a67185c-7d2b-40f2-a7ba-7806e205562b Kasabian
[update] kash-doll 51eaedba-70cc-4f84-a58d-172af3706350 Kash Doll
[update] kasia dfa7b485-1d70-4258-b8cd-98709e38da72 KASIA
[update] kaskade 16e69f35-3252-4856-b3d0-71f91d22919e Kaskade
[update] kat-von-d 39da8e20-0e94-439d-9762-06412a46888e Kat Von D
[update] katatonia 5f77c44f-a757-4bbb-8164-87107f407ade KATATONIA
[update] kate-bollinger 5a7c5e3e-9699-4b70-9eee-ee38ee88f091 Kate Bollinger
[update] kate-bush d81dd388-3d34-48db-9094-706ef2de4dbc Kate Bush
[update] kate-hudson 94818468-f3e7-4017-9780-2a7ad3564e38 Kate Hudson
[update] kate-lomas a59e35ac-a72a-47d6-abaf-0fb32f97693d Kate Lomas
[update] kate-moss 1340a389-00d5-4729-8ebc-4aac40a4fa6c Kate Moss
[update] kate-pierson c12a6ffd-377a-4b9c-9ce4-f2fa494a0563 Kate Pierson
[update] katelyn-brown 947453e1-05da-44be-b5b1-9342b156526d Katelyn Brown
[update] katherine-li fbca5037-615b-4791-b3e3-e00d6b9f7dcd Katherine Li
[update] katie 696c3292-379d-4971-8dec-d7b691ee8c64 KATIE
[update] katie-gavin d72071cf-8b0c-4cc3-b754-3dfa3c4de80b Katie Gavin
[update] katie-kadan 07849f5d-7749-4c36-a000-3796c08ba890 Katie Kadan
[update] katrina-the-waves d1ccf00f-8fcc-49bd-8275-c8fccd99454f Katrina & The Waves
[update] katy-b 43a54c36-6257-40d8-942c-dd3b20183f35 Katy B
[update] katy-j-pearson cf37e929-45b3-448a-a5d7-a095c97d796c Katy J Pearson
[update] katy-menditta b72eb17f-f194-4510-860d-ca199813213f Katy Menditta
[update] katy-perry b7f7e11d-8381-453a-b891-d5b4413c1c58 Katy Perry
[update] kave 6f1c86be-bb95-4dac-942e-f2abb346d3dc KAVE
[update] kavinsky 20ee8491-55e4-4f98-b55b-0ddeb8059281 Kavinsky
[update] kaycyy 7ff3faf5-ba58-43d8-8357-d433bb0382db KayCyy
[update] kayla-gc c42a064c-fde0-4ffc-9ad2-e4896748270e Kayla GC
[update] kayla-king eef4cc21-6f24-4146-a305-0bd40701f277 KAYLA KING
[update] kayla-shyx 247cea3a-05c9-4f22-ab86-499b67cc726b Kayla Shyx
[update] kaytranada 1d0434b7-c892-4b8c-98fd-fc554254313f KAYTRANADA
[update] kazimi 1dacf06f-5ecb-4a36-b0e6-d97bd4e4ce51 KAZIMI
[update] kc d1a6fdc4-d517-402c-a22c-3e0550ec0f34 KC
[update] kc-the-sunshine-band aec68667-6449-4db9-86bd-d0b79c62f755 KC & The Sunshine Band
[update] kcee 023a15ca-1e2f-445a-96cf-f7288468bab2 Kcee
[update] kddo 1dd6372b-3ee9-48e8-bd56-d8c5ac4ba5e6 KDDO
[update] keha 3e8c5741-2122-4926-9510-5b8830b6a19c Ke$ha
[update] keak-da-sneak 752bea74-eec9-42a9-bc66-b3712a83af90 Keak Da Sneak
[update] keane 35306eb8-b2ed-43de-b069-fef5462534a9 Keane
[update] keanu-silva 864906c6-94a8-4db5-b033-0461c452368e Keanu Silva
[update] keenan-te 7e793b32-908a-4369-a031-220e2e0e7eae Keenan Te
[update] keeno 31fa010b-c28b-48c1-b618-978ad7be84ac Keeno
[update] kehlani e6e16f9a-9c35-4029-b32e-8aa3fadd954f Kehlani
[update] keith-emerson 78e4ed9d-47f5-4be5-b6cc-e3cf948a2fc8 Keith Emerson
[update] keith-turner 77c52a3a-e4aa-4128-bc32-538cbd0c04b2 Keith Turner
[update] keith-urban 7bec9c78-abc2-4b56-bbd8-a18ba5c163a6 Keith Urban
[update] keke-palmer a0ad89bf-eaaf-4178-ae84-c32df95e0189 Keke Palmer
[update] kel 8eea672b-2d79-4e35-88a1-f44207fe0314 KEL
[update] kelela 96bc5574-e708-4821-804f-a559bd1ab642 Kelela
[update] kelis 964db5cb-6e06-4862-a319-bf2b2260a8ce Kelis
[update] kelli-leigh-2 14ca93ea-d368-4eed-9d53-8afc4e12a577 Kelli Leigh
[update] kelli-leigh 7a2bb061-1bd7-4f0e-90d1-6c278b7baa90 Kelli-Leigh
[update] kellin-quinn a4dac9b1-7e59-4288-8fee-8fb1079c3168 Kellin Quinn
[update] kelly-clarkson 163cd8ab-8edf-4725-8211-242beed8796e Kelly Clarkson
[update] kelly-lee-owens 4cacedf6-2b53-4dc7-af9e-5190dcbe4398 Kelly Lee Owens
[update] kelly-price 68e1ca93-ce34-4df4-ae9b-79426c2c62ba Kelly Price
[update] kelly-rowland 4cb4a454-a543-4f26-8c45-67aed42a260c Kelly Rowland
[update] kelsea-ballerini 9ca13444-31cf-4fb7-9572-2713d282c981 Kelsea Ballerini
[update] kelsy-karter 3b93ea9f-bdfa-40ba-b5e4-b68ae5e69f66 Kelsy Karter
[update] ken-carson 85070b84-3e85-47c6-a6f6-986482c8d99a Ken Carson
[update] kendrick-lamar 8e597f2d-94da-4f8f-8c96-1c3bd6b01cdb Kendrick Lamar
[update] kenneth-bager 23be2c56-03ab-45b1-b7d4-8b8de8f83851 Kenneth Bager
[update] kenny-aronoff d18bfa75-e24a-40b4-b3bd-3dd2b82ecb9c Kenny Aronoff
[update] kenny-beats 6db0c97b-bfc9-40ba-8d6c-927221b51513 Kenny Beats
[update] kenny-dope b6befccc-414b-42e7-8787-128423e84ccf Kenny Dope
[update] kenny-leckremo 635dffec-b218-4e16-93c0-9a3bdfbd5b32 Kenny Leckremo
[update] kenny-loggins b86b5b1e-8880-49b4-a05e-e440484ab6ce Kenny Loggins
[update] kenny-mason 56aa5c46-c16e-48b8-92f1-8305f5efd895 KENNY MASON
[update] kenny-wayne-shepherd 2fd97dc9-2c37-46cf-aee0-4a9a96016b19 Kenny Wayne Shepherd
[update] kennyhoopla 91194da7-3fe3-4abb-ae47-48a61489629a KennyHoopla
[update] kensington b10a4b12-8ab5-44b1-8b55-d8b3a6cafec9 Kensington
[update] kent-hilli 8af920ea-ee70-496b-a57f-f5e95b6173fb Kent Hilli
[update] kent-jamz c7dd39ab-4b2c-4d3d-8bfe-fb3a6b72db83 Kent Jamz
[update] kenya-grace 4f4a7a85-1ab4-4f9e-b637-0d0ae1e60926 Kenya Grace
[update] kenzie 04ea638d-e336-4eb3-9d21-bbf43bb1d7be kenzie
[update] keo 49bd14ee-1e24-4a6c-9f14-a4d7e69d4c6c Keo
[update] kerala-dust ff3629d3-5812-4e42-97c4-e450d6fb987b Kerala Dust
[update] keri-hilson 63acd77a-f749-4c65-ba60-1e8560141ead Keri Hilson
[update] kerli ff571844-68af-4083-9c89-a63fbb2df73e KERLI
[update] kero-kero-bonito 69cd18c8-6a69-41c5-b47d-4149c36839ac Kero Kero Bonito
[update] kes c2b3c477-8b17-4f4f-bcf8-6aa2184a5878 Kes
[update] kesha 59a738a1-702e-4569-884f-c6f0b4cdfb27 Kesha
[update] keshi 26ba242b-192a-4437-bfd8-24e331a080fa keshi
[update] kettama 97f03f02-0e2e-4d24-bb00-e6a3b64b4195 KETTAMA
[update] kev-hannibal b0df2a76-b8ef-4e4d-afc6-9708411537af Kev Hannibal
[update] kevin-abstract 24ce34e3-b6df-4b14-aba8-869058308239 Kevin Abstract
[update] kevin-de-vries a2aad49b-42f7-42aa-bd7e-62b7147189e8 Kevin De Vries
[update] kevin-gates 8e6b67fb-c083-4a7f-8507-1c84fa40686f Kevin Gates
[update] kevin-jonas 29937d2c-fd25-4584-a3f9-ac1cc403aa05 Kevin Jonas
[update] kevin-kaarl 13ee5ff8-ce4d-40ba-930b-e56ff4b3af27 Kevin Kaarl
[update] kevin-morby f056b31c-ddcf-4f02-8ac0-15c208d36efb Kevin Morby
[update] kevin-olusola 6c428c73-0376-4ef5-a169-fa2c7ca1d4ce Kevin Olusola
[update] kevin-powers 1b325878-025a-4307-a301-40aee67ce6f1 Kevin Powers
[update] kevin-quinn 85b73479-8161-4a4c-888d-3586423d3afa Kevin Quinn
[update] kevin-tiah 086c36c2-6dc3-49a8-ab9f-cefc85f87cd5 Kevin Tiah
[update] kevu 97af8a93-8a4b-45dd-a9b4-a92d057a5ba3 KEVU
[update] key-glock b42767e2-6386-4f21-bc8a-5c216dfc7d54 Key Glock
[update] keyawna-nikole 2fd29735-1dcd-444a-ba3c-9d7fff7f6d8d Keyawna Nikole
[update] keyon-harrold 2e69fd39-faa5-4b65-b6bd-2bdee8811bb9 Keyon Harrold
[update] keyshia-cole 564f1240-ca80-411f-bc1d-88e6d3d0460e Keyshia Cole
[update] khaid 7fc75fd4-1267-40d1-be66-08cb5496fce0 Khaid
[update] khalid bd4eee3b-a230-45df-8dd8-5f10ea9e00a3 Khalid
[update] khamari 310a89c9-e438-429b-b7bf-3a7fc067ba07 Khamari
[update] khantrast 11f81c4e-602c-4756-94d8-a5cfe96f6ee5 Khantrast
[update] khia 89fa97ae-4cda-41a4-b62d-85a5441d67b3 Khia
[update] khruangbin 6eaac833-1f80-415c-9e56-cc40ebbcb6c8 Khruangbin
[update] kiana-lede b2e35bea-b53c-4d91-9df5-99f54122ba8e Kiana Ledﾃｩ
[update] kid-apollo 4e195952-f09a-4aa6-add6-57fcd01e7edb kid apollo
[update] kid-capri c4d60235-c8da-4dd4-afa2-6a0f2c677b9b Kid Capri
[update] kid-cudi 38b84274-3be8-4488-aa04-3426c8cc129a Kid Cudi
[update] kid-frost 7747961b-0452-43f0-9a45-d3ac3c82fff1 Kid Frost
[update] kid-ink 1ff56700-85c5-4874-b982-d970820e2f3a Kid Ink
[update] kid-kapichi 01ff7359-e8ef-4dea-ba58-b7be76872b6a Kid Kapichi
[update] kid-laroi 47b18544-71b0-41e1-a76e-e5b7accf3e45 The Kid LAROI
[update] kid-rock 11cb6896-f7af-4ef6-87f3-01e17dd99baf Kid Rock
[update] kida f8b1232e-7d5f-4279-92e1-1eee93a2865f Kida
[update] kidd e8dde659-f8f8-45a4-a76b-8affd06ae2bd KIDD
[update] kiddo 17538548-41f7-486f-8812-f17faaf16dda KIDDO
[update] kideko 19d13023-1c95-447c-962b-b910abb942c4 Kideko
[update] kidpunk 13c574a5-441c-43e1-92f9-40b88a6897ef KIDPUNK
[update] kiesza 754abb31-3928-46e1-8565-7ecbd79c5a46 Kiesza
[update] kiiara b7da380b-1f75-4369-b4cf-eb49f39214a5 Kiiara
[update] kiki-dee b8106c49-ffe2-49b4-a462-e9a8995d9eef Kiki Dee
[update] kiki-rockwell 88b6962a-eed7-4e69-997a-9f929b5ff618 Kiki Rockwell
[update] kiko 5ed5c70b-33ff-4aa7-bc72-edee22431c3e Kiko
[update] kilimanjaro e82e4d12-ac02-40de-94b0-04fe64540d2a KILIMANJARO
[update] killer-mike 82e2927c-4c0f-4d57-a858-9dd4bb3d827f Killer Mike
[update] killers b65b778f-c8a0-421f-96df-a4b287de2330 Killers
[update] killing-joke 1f8c0919-a092-4eba-a387-7feba512d284 Killing Joke
[update] kills 34abac9d-7962-49b3-bd99-049f18f3d208 Kills
[update] killswitch-engage 54366c89-5a30-477c-bf44-0f8c978d885b Killswitch Engage
[update] kilo-kish ef7e823b-256d-4422-9b03-888a1c4fa3e8 Kilo Kish
[update] kim-appleby 3a68dd59-b42c-4e19-b7f6-5de301036e54 Kim Appleby
[update] kim-carnes 50c34f7e-c755-4f36-87ba-6df7e864f44d Kim Carnes
[update] kim-deal 43d4bbd2-9307-4144-9484-89b073a31353 Kim Deal
[update] kim-dracula 0477c956-842c-4ac0-8de1-be557bc957c9 Kim Dracula
[update] kim-gordon 075e48ee-dd66-4358-be70-3073ac57b1b9 Kim Gordon
[update] kim-petras d1d6b4c9-e474-4068-8d46-c0568f475ded Kim Petras
[update] kim-wilde badfe8bc-9e6d-4635-86f7-9689d5947692 Kim Wilde
[update] kimbra 36c56300-1fe9-44cb-9edc-bc6de5e3a8e5 Kimbra
[update] kimchii fa73ad68-e90d-4c50-8f6e-4040fb3f5c2a Kimchii
[update] kimmic ca0b8ade-7d89-46c1-acbe-0d406ccb09ec KIMMIC
[update] king-combs 1939d728-c3e4-44bd-a7c6-64168d4d5615 King Combs
[update] king-cydal 52607a4b-27b9-4eab-bc8f-81b457aedd65 King Cydal
[update] king-diamond a98115e3-593e-4afc-a190-58b01c641e96 King Diamond
[update] king-falcon 40e98c10-6297-489e-9d5e-e36565e1837d King Falcon
[update] king-foo e981aa64-87c1-457e-929f-434050b893db KiNG FOO
[update] king-george 582b814d-49ba-45ca-881f-9de93484752d King George
[update] king-gizzard-the-lizard-wizard f61ada3a-5071-4973-a949-f9a17cefafca King Gizzard & The Lizard Wizard
[update] king-hannah 889c4928-1aa9-4679-938a-2bde21861a8f King Hannah
[update] king-krule 39a536cf-8c4f-4b8d-9fb7-83ea04c7809d King Krule
[update] king-lil-g a113098c-a9f0-4184-9a38-cd79bb1bbd84 KING LIl G
[update] king-princess 3d882aa6-c8f2-4fd0-b48d-154854526007 King Princess
[update] king-promise f93fbb83-0826-4e1c-96bc-71ac06dc58f1 King Promise
[update] king-zebra 7422b927-4d70-4e4a-af1b-fedc9e06a61b King Zebra
[update] king98 3b95ae1d-f127-4734-b834-8127dee63670 King98
[update] kingdom-choir 85e0021c-c6f2-49fb-a409-67f935ef2320 The Kingdom Choir
[update] kingdom-of-giants e613b479-e47f-4635-9202-420faba8d77b Kingdom Of Giants
[update] kingfishr 59b7a66e-3045-409d-b53c-9b776c40c900 Kingfishr
[update] kings-county 5db8e323-de3d-44b4-99a2-966359780bd8 Kings County
[update] kings-of-convenience cae88c38-2344-4506-b5a0-481fc9df1266 Kings Of Convenience
[update] kings-of-leon af2cdf70-e197-4eda-9843-7ed7bafb9a14 Kings Of Leon
[update] kinks 995237fc-cee0-4901-88c8-31d9e8a94ea0 The Kinks
[update] kip-moore 249fc16a-2780-4a9f-bb03-9845378a0f7e Kip Moore
[update] kirk-franklin 89cf56e6-5480-4ca9-9adc-c4ab380af7e4 Kirk Franklin
[update] kirk-hammett 62d9057a-1133-4b3b-afa2-ed6a86e6d4ea Kirk Hammett
[update] kirsty-maccoll a5bde19c-c9dc-4b47-a8ed-76cb6cb6373a Kirsty MacColl
[update] kiss a58e7332-cef0-4ca7-b398-0979a10513f1 Kiss
[update] kissin-dynamite 657acdda-2d27-4a99-95ee-38d7e434d0b2 Kissin' Dynamite
[update] kita-alexander 8eab336c-3015-45af-af36-5a9310f4ad50 Kita Alexander
[update] kito 90b34525-ba4e-4816-9b65-ea9aff6a4004 Kito
[update] kks-priest c832fc25-1742-40fd-a65d-2b70f87d9385 KK'S PRIEST
[update] klangkarussell 9cb53132-89df-434b-8c7e-894a2b973bc6 Klangkarussell
[update] klassy-project 6dfad3bf-241a-47fe-8776-0a86e027ca11 Klassy Project
[update] kleeer 712508df-67e2-4e0d-a2d7-5d96b82717af Kleeer
[update] klingande 063e876a-d291-4272-acf4-edba050384ec Klingande
[update] klon 04d6dca6-74b4-4d61-bd67-26e80d56d9cd KLON
[update] klypso e51f48da-dce6-4588-a612-364f10d10a10 Klypso
[update] kmfdm 4aeda337-105b-4c97-af7a-faff157b7dfc KMFDM
[update] knack 10a067f3-e850-47ea-8522-16c9eb1f002d Knack
[update] kneecap 7c98d390-0b28-4598-8aba-3e9de4ea47f6 KNEECAP
[update] knife 643ffcce-2fc4-44b3-b38b-aeb12aa49343 Knife
[update] knocks ad404af9-f966-4ef9-aa3c-d1f6f37fa8cc The Knocks
[update] knowknow b24ced06-eb6a-4226-949b-123eda4e2f78 KnowKnow
[update] knox 5daede05-cf4f-4aa4-9816-3c11070bf7e2 Knox
[update] knuckle-puck a56b3c18-4074-41c4-8522-462d1132f279 Knuckle Puck
[update] kodak-black 5f8b1aad-d343-40c9-b189-6c6e6e2bd4ff Kodak Black
[update] kodaline 5343dd35-96ef-44f2-a9f8-193b7f2a7987 Kodaline
[update] koe-wetzel 50a212e2-0854-4720-a053-ce0a0cf968df Koe Wetzel
[update] kojey-radical 6db1a059-b5bb-4328-a593-98d55989951a Kojey Radical
[update] kokoroko 9999e20f-06f7-4a46-8602-34f3d3a91d8c Kokoroko
[update] kolohe-kai 2f2f4155-23d2-422b-a342-31441f8f4008 Kolohe Kai
[update] konfused-kid b86f8661-8788-41cc-9cf0-b081151df356 Konfused kid
[update] kooks af439ce8-b456-4d4d-9564-f012ffabd957 The Kooks
[update] kool-the-gang b938af95-9ee8-4a38-9c4e-92fe6ff73625 Kool & The Gang
[update] kool-g-rap ed6a2c84-4a61-4a64-949a-44641f799739 Kool G Rap
[update] kool-keith e050fdd4-93eb-49e0-a185-10ef329cf4ed Kool Keith
[update] kool-aid-man 401dd131-574a-431a-851c-f4da1f73ea4d Kool-Aid Man
[update] koop 3758d835-2c45-4d92-acae-5ee53c065b49 Koop
[update] koreless a5f5f23b-1dfd-4118-9d17-bd9d8a2c49c6 Koreless
[update] korine c9c04d39-d2b6-47bd-a315-f26d1e108bf8 Korine
[update] korn 8178cc61-3bd5-4f98-b4dc-65c4a474cc45 Korn
[update] korolova deb5898e-a5da-473c-a2f2-dff50fc54c11 Korolova
[update] korpiklaani a854b4e5-b389-46ee-942f-248107fc1b35 Korpiklaani
[update] kosheen eefc2881-74ff-46da-85dc-faf22ee8baa0 Kosheen
[update] kota-banks 7e4403e9-ef29-4b92-8360-1f0e8cc69b66 Kota Banks
[update] kota-the-friend 6590da84-4a08-4644-9c18-2142700f83dc KOTA the Friend
[update] koven 3cf6e1b7-3297-4446-bad9-2a1cba870fc0 Koven
[update] kowloon 192d246a-981a-4a8c-ba0c-13143e24dde7 Kowloon
[update] kraftklub 19c746dd-662b-4f1a-8272-40a8675cc787 KRAFTKLUB
[update] kraftwerk 112cc0d4-d488-41cf-bb20-87ef99fcc157 Kraftwerk
[update] kratex ab7238a2-cf30-4184-9a6e-efceae1d8723 Kratex
[update] krayzie-bone f4357a77-6a49-4efa-a13f-835bf8044902 Krayzie Bone
[update] kream 29d73ac8-b521-4150-9637-3cae472e6dd1 KREAM
[update] kreator 3f8ea426-61d8-486a-a02b-510f8413e719 KREATOR
[update] krewella 9d0be773-7b35-416e-9f98-fb01ded21b7b Krewella
[update] kriill 0591ac0d-64f0-4988-a02b-11b3781f5608 Kriill
[update] kris-kiss 39a6fb05-b5b7-45b4-9540-94609950c201 Kris Kiss
[update] kris-kross-amsterdam 74092c87-34b6-43b3-b3e7-ee8cf9d43521 Kris Kross Amsterdam
[update] kristen-stewart 2c9f0055-953e-41dc-88a7-7c2e75497d5e Kristen Stewart
[update] kristin-starkey ad2844e7-68fc-469e-8a36-bf042f8ffbd1 Kristin Starkey
[update] kruder-dorfmeister 03708673-30bb-4d8d-be0d-2894bc979038 Kruder & Dorfmeister
[update] kshmr 8aa7cd28-5d88-4c4c-bf2a-74f1c44bc0ed KSHMR
[update] ksi b172773f-8d9b-4cb8-9a1e-272687579c5b KSI
[update] ktlyn 0da63d66-11f7-432e-8091-9c2597f035fb Ktlyn
[update] kula-shaker e5a0101f-07eb-4822-b182-3856f0e470a8 Kula Shaker
[update] kun f57e51f7-5c51-4e44-92af-55510f9ab78e KUN
[update] kungs a90afcab-064a-48bd-bf3a-2d0fdaf759aa Kungs
[update] kurt 07eddb97-34c4-497a-950f-fa9963edb103 KURT
[update] kurt-maloo b9bb2568-5ce6-436d-bdce-8faf445d7712 Kurt Maloo
[update] kurt-vile 4dbd29a1-a75e-4a26-aec5-5039038f8a30 Kurt Vile
[update] kurtis-blow 75509c7c-df1e-4d01-b637-5ba8757bd04b Kurtis Blow
[update] kurtis-wells c35fb590-ba7b-41b2-b25c-6f03618f6f8a Kurtis Wells
[update] kurupt 4552a066-2964-49d2-afd5-6892c19e4d91 Kurupt
[update] kuuda 7a8264be-b5f2-4b7b-838f-3bdeb6f536d7 Kuuda
[update] kvlture 0e822e10-dfc5-445c-a1a6-0ab17031f585 KVLTURE
[update] kwick 028e3fc7-ae9a-4a72-bd17-982e21d9e0ac Kwick
[update] kwn 51ac79e5-3b40-4cc2-86b2-3c1c180944e1 kwn
[update] kx5 cf7083b2-4680-40bb-8268-04ae5d735412 Kx5
[update] kygo 904f751a-82a1-462f-865e-c07fff4ab78a Kygo
[update] kyle 43f7bcf7-687b-4b34-90d4-dcf071e791d4 KYLE
[update] kyle-alessandro 5b610ec8-e622-4397-943b-3167e65a8a92 Kyle Alessandro
[update] kyle-gordon f1fbcc81-3829-4f7c-aa88-0fb3ab1fafd9 Kyle Gordon
[update] kyle-pearce bf1df49f-c999-4c03-a5e6-a0e272ded0da Kyle Pearce
[update] kylie-cantrall 235d3f7d-6f6c-4431-81f8-73f1a5294ded Kylie Cantrall
[update] kylie-minogue c0247fd6-1808-4645-834a-927c96a7088b Kylie Minogue
[update] kyndle-wylde 4e1ff9ad-057f-4dfb-bf14-315e855d139b Kyndle Wylde
[update] kynsy d01d97ea-305c-4891-a7d1-88ba53ee9ca1 Kynsy
[update] l-devine 91754e6f-7c9d-4eeb-9107-e476168d707e L Devine
[update] limperatrice b0e5fe60-47c2-4071-945b-fd282ead04d7 L'Impﾃｩratrice
[update] l-a-guns fdb3cc9a-7be5-4564-b74b-45155733728a L.A. Guns
[update] l-s-dunes d30031f1-985c-49dc-b716-b161f4184b74 L.S. Dunes
[update] ltd 578aafe0-858a-4250-a4ef-bc0ba0e6ce71 L.T.D.
[update] l-v 485ac647-65a9-4065-94b2-529cc8dd93b3 L.V.
[update] la-roux 199bbdc3-20fd-4d4a-a58a-0b7e2eac2d0a La Roux
[update] labrinth 8a8acc9f-113f-4817-9cec-e1abbe7ff8c7 Labrinth
[update] labyrinth 5b3e423d-045c-4475-bd78-96089f6820c8 Labyrinth
[update] lacey-sturm b1c29ecc-6655-448b-8834-8bc8ebb40334 Lacey Sturm
[update] lacrimosa aca31f1c-222c-479c-b640-faf02c29ac89 LACRIMOSA
[update] lacuna-coil 8b5bd62d-411c-4f76-ae5e-f24b40720cba Lacuna Coil
[update] ladi6 cd9e0939-3e3f-4686-bd3c-197fa730502d Ladi6
[update] lady-blackbird c1ce0503-ea73-4aa5-b7e0-83098ef33720 Lady Blackbird
[update] lady-gaga 717745dc-b290-460e-b8a8-dd53e1335949 Lady Gaga
[update] lady-london 8a4b5193-1054-4300-ae33-89bb1891e7c4 Lady London
[update] lady-of-rage 945cfcd1-f292-4419-83fd-4a526fb8e982 The Lady of Rage
[update] lady-sawr 91554625-5443-4068-b6a0-a719cbb2cf80 Lady Sawr
[update] lady-xo 68481183-405e-417d-bbc5-0df0fdc49f47 Lady XO
[update] ladytron 367361ff-c94c-44cf-81a5-a5d8c5337e4e Ladytron
[update] lagos 38326691-64dd-402f-8fe7-55230d684333 LAGOS
[update] laguna 31f63c9e-5c65-43fa-bbfc-a4d0e36146fa Laguna
[update] laidback-luke be615b9f-28d9-4031-ab2e-9397dedeb838 Laidback Luke
[update] laila 0c91d168-b2df-4be6-8068-f6a67b722a77 Laila!
[update] lainey-wilson 42e6db06-c4e6-483f-a820-091fb4bfecc2 Lainey Wilson
[update] lakeside 42255185-3fe5-4909-8a78-a5d2df8e4827 Lakeside
[update] lakeview f9aceda1-cffc-49a5-87fd-d114aaacc09a Lakeview
[update] lala-sadii cff27d98-8fe6-48a1-8985-cd20355cba53 Lala Sadii
[update] lalah-hathaway 8984bce9-0010-494c-b586-af8adbc1113d Lalah Hathaway
[update] lali 7b41195a-5ee5-4dcc-bf25-cc33bff06bda Lali
[update] lamb-of-god 1dab42ae-a7bd-463f-80bb-315fcf7034ac LAMB OF GOD
[update] lambrini-girls db8f0ea4-6d03-44f8-8f49-7482cf3620de Lambrini Girls
[update] lana-del-rey 6cdb3bdd-222f-4fc9-a2db-f638c42c7418 Lana Del Rey
[update] landfall 5a78561e-9600-49c4-94c0-de796ccd75ba Landfall
[update] landmvrks 9fdb39f9-8e01-4eb7-87e3-ae1ab469430f LANDMVRKS
[update] landon-barker 8664f7e4-e811-47d5-b1d1-70611395eb6c Landon Barker
[update] landon-cube 7ce21bb0-2aa8-4ae9-92fe-ec975829573e Landon Cube
[update] lane-8 b0d4652d-bbe2-49a5-8a45-a9585fb27b4f Lane 8
[update] lanie-gardner edd00eb5-9745-4cc0-8fd9-050c8f9afcae Lanie Gardner
[update] lany 57d1760e-a83c-41ed-8f03-93dd1b8d9eef LANY
[update] larissa-lambert 4f91a9bc-738f-4977-94db-fb2e96894f79 Larissa Lambert
[update] larkin-poe cb94dce3-6563-4e92-bd70-73e4b50e29a3 Larkin Poe
[update] larry-june 33dcc7ce-9a41-430e-b15a-ea12d663270f Larry June
[update] lars-vaular 43f24b96-a84b-4086-aa7e-027ab8adc5e6 Lars Vaular
[update] larussell 41d39ad3-e110-42bc-b3e1-4bc539a32928 LaRussell
[update] lashun-pace 643d9e64-e748-474a-9f63-8a5ae8e9e300 LaShun Pace
[update] last-dinner-party 7e873bcc-e8d4-4ca9-aae7-4c3eb98cc2c1 The Last Dinner Party
[update] last-dinosaurs d8598704-7787-4b91-8cb8-b797ad16acb1 Last Dinosaurs
[update] last-nation 76157aa6-3d57-4b1d-a0d2-e94428c1c25c Last Nation
[update] last-shadow-puppets 2c9dd51f-fd27-48e9-be74-b2791bd517e6 Last Shadow Puppets
[update] lateef 87acb8ea-720f-45b8-94ad-c2b035da1c1e Lateef the Truthspeaker
[update] latexfauna fc18b1c5-8d26-406b-8d23-893cf8736325 LATEXFAUNA
[update] lathums 7411b905-b865-4185-8ef1-923905fbb84f The Lathums
[update] latto 1655cb39-c212-4f10-8d08-f994242c4c46 Latto
[update] lau bd645055-4fa0-447e-909e-e06f0a85ab80 LAU
[update] laufey d5d24cef-cfe2-498e-aa11-c03f9c99381b Laufey
[update] laura-branigan a1d2a286-e3fa-497a-a053-d4e45ddab0b9 Laura Branigan
[update] laura-brehm a3dad50b-f24c-412c-9210-2cb991fa1819 Laura Brehm
[update] laura-marano 09412b70-5b9e-4a4a-a8e0-b1445f337db3 Laura Marano
[update] laura-marling 0085732a-79e5-4213-939e-9915a2067a1d Laura Marling
[update] laura-pausini 5bc64098-f2e8-44f9-a03b-d52f56abb299 Laura Pausini
[update] laura-shigihara 48bd95d9-10d3-41bc-8487-97c15a104281 Laura Shigihara
[update] lauran-hibberd 49bdf823-9d56-4158-a4eb-5af15fcbb249 Lauran Hibberd
[update] laurel b8a20d11-7fcf-4b65-a312-48d42a3d14a6 LAUREL
[update] lauren-auder ceb4a621-177d-442a-9cfb-4847b02d3a5b Lauren Auder
[update] lauren-babic 1632b54b-0d09-4e63-ad12-03e9ba3cff9e Lauren Babic
[update] lauren-daigle d9ba3b85-1c0b-4a8f-8ace-2d686dcc1641 Lauren Daigle
[update] lauren-jauregui 259d95de-16fd-4381-a3c2-d2ca4af56d43 Lauren Jauregui
[update] lauren-laimant 8dd03b2a-2c3d-4a44-b85e-19dedec42957 Lauren L'aimant
[update] lauren-mayberry bac5229c-6b62-469f-b3de-072db8473d73 Lauren Mayberry
[update] lauren-sanderson c0b21ace-81a1-4acd-ba7e-1762e674c128 Lauren Sanderson
[update] lauren-spencer-smith cd75b2d4-b4f1-4998-a341-845dccfdb3ac Lauren Spencer Smith
[update] laurie-vincent adee7080-5af1-4f10-8b88-d71b77fd3cd5 Laurie Vincent
[update] lauryn-hill cc4ea66b-6870-4253-94bf-73efbe235a39 Lauryn Hill
[update] lauv a3aa5515-3367-4a0b-a34e-8f63b9472043 Lauv
[update] lava-la-rue 95abdac6-0581-4b13-9bdf-ba6d65a9f0ad Lava La Rue
[update] lavalove 612e5348-3e83-4178-bde1-a0d591013e49 LavaLove
[update] lavern a5dc78dc-0eea-4ec6-a966-78bbb995d91c Lavern
[update] lavinia b13171d6-f6ec-4f63-8da4-9efe41588964 LAVINIA
[update] lawrence c13e0b2d-d218-4274-ba8f-ed121b79898a Lawrence
[update] lawrent 49c6eaa3-6916-4755-a65e-080b783f72ea LAWRENT
[update] lay 449600ad-9c76-4843-a12f-1354bfca3602 LAY
[update] lay-zhang 449600ad-9c76-4843-a12f-1354bfca3602 Lay
[update] lay-bankz e1163bc1-c076-4d43-b029-5cfbb0283cd5 Lay Bankz
[update] layto 09387fd9-474f-4676-824f-a111414dae31 Layto
[update] lazys f903a1ae-7b59-4408-a5b3-274223a5453c The Lazys
[update] lcd-soundsystem 5dc666e0-edfe-4df2-812d-49c924d9d174 LCD Soundsystem
[update] le-flex e5036163-4b1e-4235-8fa6-39b0636f7741 Le Flex
[update] le-youth a6998e9d-9fe4-4368-bfc2-e1a3d234acf2 Le Youth
[update] league-of-distortion f16b446a-777d-490f-b69b-fbc40c9942d8 League of Distortion
[update] leah-kate ebc82bca-608f-4abf-a517-277459857684 Leah Kate
[update] leah-martin-brown f0fd3324-c41d-4abd-9e7f-1ca24ab45782 Leah Martin-Brown
[update] leah-sykes df588c25-31e5-4aeb-910e-b2170f71d0fb Leah Sykes
[update] leap 28da75d3-3d21-450b-8e91-9c370542d544 LEAP
[update] leaves-eyes b31f88c9-99f7-49d6-8dbf-c2d28918b002 LEAVES' EYES
[update] led-zeppelin 2a602b14-fe77-4761-b1ad-ddb772f24434 Led Zeppelin
[update] lee-brice c19354ca-f577-49fc-bef7-7c235fc08c33 Lee Brice
[update] lee-isaacs 62519ecd-0b55-4e70-bf32-3264097cd9e4 Lee Isaacs
[update] lee-jennings b32057da-c8bc-4f72-96aa-ac938c690b85 Lee Jennings
[update] lee-young-ji 920cb7c1-8668-4109-9e29-ffe0e4434857 Lee Young Ji
[update] leela-james aa760de8-149d-426e-9605-c907b89f5c89 Leela James
[update] leftfield 18da565f-edde-4829-b8ee-aacbdc0faefd Leftfield
[update] lefties-soul-connection 290043bd-032a-4e84-8080-1d7f7ac79e86 Lefties Soul Connection
[update] lefty-gunplay e4ce982c-f970-4884-8bbc-a5327a873c21 Lefty Gunplay
[update] leigh-anne 4acde982-5344-44ef-9123-b4a6cdb484b6 Leigh-Anne
[update] leisure dfe296a4-1021-462d-bcec-195cca163f69 LEISURE
[update] lele-pons 35932eb6-9860-45b8-b385-5f26a2140520 Lele Pons
[update] lemon-twigs 56dc5743-b138-4db1-912f-1c7c1f37d91e The Lemon Twigs
[update] lemonheads 2d89d204-c4d0-4923-8c1f-7e060cf8398b The Lemonheads
[update] lena 00383985-beb8-4fdf-b0b5-0e0690e35c0c Lena
[update] lena-scissorhands b50e5340-9268-4d9f-a913-948a039d5767 Lena Scissorhands
[update] lenine 8a6cbe3a-5661-4d16-8c69-43b4b3b1e4c0 Lenine
[update] lennon-stella 2a799058-f4e4-44f6-8f2f-c27add940720 Lennon Stella
[update] lenny-kravitz 6bb83bcd-b3fa-437d-958b-0ea85803cb84 Lenny Kravitz
[update] lens d16a192d-06e1-4140-b0ca-81082ed09227 Lens
[update] leo-moracchioli e2f73b40-2224-4aa2-b834-0ea59f093965 Leo Moracchioli
[update] leo-stannard 95419613-a528-4426-90af-efcfd33091a2 Leo Stannard
[update] leon 04e954ad-6eca-47f0-afab-9156739ab312 Lﾃ碓N
[update] leon-bridges 5d764c07-1f8f-4521-b67c-6475ccedffd5 Leon Bridges
[update] leon-larregui f64509bd-ce7b-40aa-9750-908ca8faa8c0 Leﾃｳn Larregui
[update] leon-thomas c4f5e0a9-083e-4bdc-a30f-2144c715aff1 Leon Thomas
[update] leona-lewis 9f4a7707-9fd3-4074-a476-33a6946c5463 Leona Lewis
[update] leonard-cohen aaa8d322-1ba9-4b00-bd22-d0fa8fbab71d Leonard Cohen
[update] leonid-friends e1742778-5588-4bbe-a7e3-d35a2e3ffefb Leonid & Friends
[update] leony 392144d1-9320-437f-a6bd-e6d3dadbea03 Leony
[update] leprous b3f37300-f9c1-432c-9cdc-e7aa71c6b111 LEPROUS
[update] leroy-sanchez 98afe03d-854e-4fc3-b2c6-b9aa158c14fe Leroy Sanchez
[update] less-than-jake 5310524c-6945-450a-b6c1-b878bc27b400 Less Than Jake
[update] let-go 1e0ef69f-201a-428c-9976-370c10f638c3 Let Go
[update] letdown 4e726234-0066-4843-8787-c573f8b7dcc9 Letdown.
[update] lethal-bizzle 65fc372a-d392-48f7-91f7-6d63b6fb54dc Lethal Bizzle
[update] lev c793d8dc-ff4e-4740-ad8a-f83e79d6af8f Lev
[update] levante 7f6076cf-1111-4516-8358-d117fe507722 Levante
[update] level-42 904f22c4-c068-471a-9f9d-66bab5dc09da Level 42
[update] levels f61bac62-dc29-4440-b768-ededcc6f38f1 LEVELS
[update] leven-kali a585a2f1-9f43-4b88-ae60-efd805e354f5 Leven Kali
[update] lewinray a42b6297-1385-4a32-9b81-4167bb4eff7f Lewinray
[update] lewis-capaldi daa47fcd-c6bb-4f30-84ec-fae21b883538 Lewis Capaldi
[update] lewis-fitzgerald 46918c10-5510-4b26-85e4-a081e960e049 Lewis Fitzgerald
[update] lewis-ofman fe0c8ca8-e2ac-40cc-a4a6-490168298168 Lewis OfMan
[update] lewis-thompson e4427758-d861-4363-b7a0-ed716f9e7646 Lewis Thompson
[update] lexi-jayde a5874129-bac7-46a5-aed7-40559232f4e6 Lexi Jayde
[update] lexie-liu 1686a7e4-1d5d-4b1b-b025-f00055f2c809 Lexie Liu
[update] lexnour b26a600d-b0e4-4c48-8271-9f6eb326d721 Lexnour
[update] lexurus cf349b2a-9d81-4249-8866-923a767dcbaa Lexurus
[update] lf-system 0ccb20d5-9557-4aab-932e-9f7f871907e2 LF SYSTEM
[update] liam-benzvi cbb46b74-b5a5-4a3c-8892-4a8c67cac7ed Liam Benzvi
[update] liam-c 28460b1c-d0d5-4079-a7bd-15e205b2328b Liam C
[update] liam-gallagher 8fd77431-cd8c-4916-b0b0-8e5ba8c85b26 Liam Gallagher
[update] liam-melly d8aa4891-c508-483f-accc-13e1f79335bb Liam Melly
[update] liam-payne 627582c4-c6dd-4e73-bad8-fa31c306cc73 Liam Payne
[update] libby-whitehouse c8d86552-0edb-4d07-ab95-97fc034c7d27 Libby Whitehouse
[update] libertines ccc21cd5-f52f-440b-81f4-ecfc51c700ce The Libertines
[update] libianca 866230fd-7ca5-485a-9a2b-bef5a42c8bac Libianca
[update] lido 12c12ba5-2799-461b-90fe-f4a4773a598c Lido
[update] life-without-buildings 5250f605-2a1f-412b-bd24-5f4da9f2aaac Life without buildings
[update] lighter-shade-of-brown 4aa270e1-a0bb-4f1a-95bc-df94e0f24b3f Lighter Shade of Brown
[update] lightning-seeds 16764787-ed24-4a9f-8c74-e2f96f0a99d6 Lightning Seeds
[update] lights 2b5c26db-4e9d-4d3a-aca6-ecd2c004293c Lights
[update] like-a-storm fbe77f9e-31be-4062-893c-a9fe88cf1868 Like A Storm
[update] like-mike 4b35ccf6-23ca-4a06-9c54-2ce88892c952 Like Mike
[update] like-roses 7982f5f0-7fc8-4813-92d2-354125154842 Like Roses
[update] lil-aaron 9f413e26-cf91-4926-acd3-8287969f85f1 Lil Aaron
[update] lil-baby 22accff6-b6d4-4958-8fc5-7e36b64682df Lil Baby
[update] lil-darkie ae5ab196-125c-44da-8ab5-5182b9f551d7 Lil Darkie
[update] lil-dicky 42df6f24-8b87-4a26-bb41-b68348cee194 Lil Dicky
[update] lil-durk cb766391-4c5b-4589-97c2-8fcb9033326e Lil Durk
[update] lil-duval 5d422957-bea8-43fe-b55e-be2c76d73c90 Lil Duval
[update] lil-jon 2ee1087a-56c9-467d-80da-513cfc05a3cf Lil Jon
[update] lil-lotus 11357fcd-5494-4eee-893e-5f78d601503d LiL Lotus
[update] lil-mama e17a601e-d4fd-4f04-b178-e9094b3c602b Lil Mama
[update] lil-man-j 7e5272a0-832b-4712-90b8-179fa6b657ee Lil Man J
[update] lil-mosey 621e1ec1-db67-482b-a1de-6689fdc6a14d Lil Mosey
[update] lil-mr-e 52ed5b66-cab3-4f82-b3a7-67fecd07c530 LIL MR. E
[update] lil-nas-x 5f10d978-3d97-4328-8b01-45e5a4177856 Lil Nas X
[update] lil-peep 63e8390b-76e5-4298-968b-99f4bee6f018 Lil Peep
[update] lil-pump d9466222-3a05-4c9d-854e-ea154e304a82 Lil Pump
[update] lil-rob 401c4330-9c00-4406-a9ab-cf14e93dc020 Lil Rob
[update] lil-skies ff8e658f-6600-4cc2-8b1e-b1f2ddf80341 Lil Skies
[update] lil-tay bd55b0ce-d689-4ec8-adbc-134092b0b353 LIL TAY
[update] lil-tecca 0f2c26d7-9623-4a59-a1c2-99e26c577f7a Lil Tecca
[update] lil-tjay 10853c63-e97e-41e6-b6fb-224c24519950 Lil Tjay
[update] lil-uzi-vert 257d9011-414b-4ec4-bbb3-62e1cd94bfbc Lil Uzi Vert
[update] lil-wayne 3cfa4592-a431-4dd2-9f28-d5ee8f4717d8 Lil Wayne
[update] lil-xan 6fbaf268-39c1-4e4d-a80d-e646d0c23f71 Lil Xan
[update] lil-yachty 413d37df-1e70-4478-94d2-ef5dbdeb1331 Lil Yachty
[update] lil-kim e60f176b-f8fb-44a3-bc2d-dd27dbcb67ff Lil' Kim
[update] lila-ike 0b492f25-b732-4007-a9b1-973141dfb287 Lila Ikﾃｩ
[update] lilith-czar aa04748e-fdf1-48d2-978b-d72cb72a1b14 Lilith Czar
[update] lilly-ahlberg ec4f1831-8490-48c7-b84b-37349a90f3f9 Lilly Ahlberg
[update] lilly-palmer d93af6ea-6c51-4fb4-9a59-18e6ef680bdd Lilly Palmer
[update] lilly-wood-and-the-prick 1d70c2ba-9aae-496a-86e9-c41488baf80e Lilly Wood and the Prick
[update] lilniina 1fc0d838-38c7-4fab-96c0-eb1d4274178f Lilniina
[update] lily-allen 319372dc-9bf1-4925-9e78-78d5270f1168 Lily Allen
[update] lily-meola c8aee492-eb93-4e63-839e-881c9a2cfff8 Lily Meola
[update] lily-rose-depp 10c1f297-b47a-4998-a669-ce537613e336 Lily-Rose Depp
[update] lilyisthatyou f8d49da5-cb21-44cb-b9f1-ca14842a2752 Lilyisthatyou
[update] lim-kim 5c3f60e2-3413-4605-a2b8-5e950df983fe LIM KIM
[update] limahl 8e074df1-5db2-44f2-b8e7-a757818f0bf0 Limahl
[update] limbo-slice d475dae8-2ae5-43b2-a6de-9edc2e8ae650 Limbo Slice
[update] lime-garden c5e44307-9d29-43f3-9bbb-5b4bdc66cdff Lime Garden
[update] limi cc6cee31-35ed-4c62-a8f7-abc3e5030d75 Limi
[update] liminal cf1611ff-167d-4a1e-8db1-af309e4f252d Liminal
[update] limp-bizkit bf78f95d-0b3a-4134-843a-5f539328b31d Limp Bizkit
[update] lin-d ac600059-12aa-4748-a119-e971e50b8377 LIN D
[update] linda-lindas 33f6990b-795b-4485-b9d3-9650a415339a The Linda Lindas
[update] linda-perry 38196650-bf38-40c8-bd2b-f2731417bc46 Linda Perry
[update] lindsay-lohan 3a8209de-3e69-4fbe-874f-79b96068edde Lindsay Lohan
[update] lindsey-buckingham 97cd1024-5ecb-47e3-ab66-aa87462b36a5 Lindsey Buckingham
[update] lindsey-stirling 87038774-4e95-4675-8e05-8c8e5c9ed812 Lindsey Stirling
[update] liniker 4953e548-0216-4d29-abb8-a8cc2a20ec93 Liniker
[update] linkin-park 4adc3603-8186-4c89-80f8-5e7368a55bdb Linkin Park
[update] lion-babe dceb400c-9a42-48ee-8498-a1341edac6f8 Lion Babe
[update] lionel-richie c158191b-e227-4811-a786-24ba4c75655e Lionel Richie
[update] lionheart d9679fe0-065a-474a-8879-aabbd154ccad LIONHEART
[update] lionville 8f3ae23d-c961-47cb-b989-2f057df9ed79 Lionville
[update] lip-critic ce28655e-2265-411c-9aaa-e49b95716187 Lip Critic
[update] lipps-inc 1ff2fd3b-a99d-4d11-b724-6dfa125c4650 Lipps Inc.
[update] liquid-stranger 2a0e098b-7d98-4022-b367-2e97d174a3ff Liquid Stranger
[update] lisa f3a4a3db-b2a7-4290-bf7b-e56fb610e494 LISA
[update] lisa-loeb 459480f8-f531-451e-9d49-164814916551 Lisa Loeb
[update] lisa-stansfield 28914a57-93c3-44a4-abd7-f3fde194ecc5 Lisa Stansfield
[update] lisasinson 5712350c-942a-4de9-bf08-dd078f4a85eb LISASINSON
[update] lithe 34dddf3a-7831-4322-93d7-7e0090ab6108 Lithe
[update] little-barrie f8932329-c836-471b-95f7-f7892d2867a5 Little Barrie
[update] little-big a2727123-2ebc-4e78-b0cd-2d2d69ef8859 Little Big
[update] little-big-town cdbee1c1-24c7-46af-aac9-6fd504e2169a Little Big Town
[update] little-dragon 807adf51-f086-4d39-8060-cf6e57d519eb Little Dragon
[update] little-feat fb3c2326-a87b-427a-b1a7-4c76abd16f16 Little Feat
[update] little-image 9543adc7-95e8-47ae-8020-2e5c81b3b33d little image
[update] little-lion-sound 5434d448-6880-4f3b-bca2-06780751e3ee Little Lion Sound
[update] little-mix 1621c5e9-8ca2-4bf1-92da-5f7498b39930 Little Mix
[update] little-quirks ce8352d7-e0f9-4f9f-8313-6fd24c81f723 Little Quirks
[update] little-simz c98d5463-ee32-46b9-a46f-d8ae29c1a1f5 Little Simz
[update] little-sis-nora 4c8a1ad6-78f1-45c7-830a-93885537f6a9 Little Sis Nora
[update] living-in-a-box 0208640a-b9a6-4bf2-8b47-48643364af66 Living In A Box
[update] living-shape 10bbe42a-e6dc-4db4-b454-ef960ec7310a Living Shape
[update] livingston 0f01a7f7-9ead-4a6f-a266-35cabd643a3b Livingston
[update] lizwi be516932-92ed-481c-8c92-71a28bf0c3a8 Lizwi
[update] lizzo 93817b7d-797f-4788-ad14-bce968bf99dc Lizzo
[update] lizzy-mcalpine b49ca853-76b8-41e6-ac9f-47ce69399d68 Lizzy McAlpine
[update] ll-cool-j e1809e8d-f6cd-4778-be5b-9de422f769db LL Cool J
[update] lloyd-banks 05556f62-7706-4429-98b2-662f460f9a64 Lloyd Banks
[update] lloyiso 4c70f79e-c79c-49ce-acaf-43c87ca5a2cb Lloyiso
[update] lmc b57930bd-cd36-49dd-83b3-b738654ee3fd LMC
[update] lmfao 58defeb2-fdd9-481d-ad22-7e64e84a039b LMFAO
[update] lo-moon a9ec49fe-9a73-4b30-94a0-e89c793b5739 Lo Moon
[update] loaded-lux 536f14b0-2c60-4601-956b-1ab191d8d773 Loaded Lux
[update] loathe e015c77c-579e-40ec-b9bb-1ec8dd29ee8b Loathe
[update] local-natives 61fff117-00ee-4e4c-8fda-bc8ffbdb1f19 The Local Natives
[update] logic 69499faa-6a06-4933-8fbb-decd0e5c0e46 Logic
[update] logic1000 513be0d9-2bab-47e6-ba72-04f04814c268 Logic1000
[update] loi 5d91a45f-a8a7-4519-80ff-6fd8db606a52 Loi
[update] lojay bce6a41b-1261-4744-9974-6d78a6ba3fde Lojay
[update] lola-blanc 9349973b-ad32-4ebb-a24e-78197fc1d836 Lola Blanc
[update] lola-brooke ef4fc7d4-b75b-4db6-93e0-2612ea09a3d7 Lola Brooke
[update] lola-indigo 92409b07-59d9-49ea-a91b-424bbb24edbe Lola Indigo
[update] lola-leon ffafa840-b425-42dd-a1e6-321760799939 Lola Leon
[update] lola-marsh cdedb6d1-cfdb-48da-b188-7fb3a3732fc5 Lola Marsh
[update] lola-young b0cb9ca4-56d1-49a6-973c-5d611ecebda9 Lola Young
[update] loleatta-holloway 2a61722f-219d-4837-946c-f554a077f93e Loleatta Holloway
[update] lolo-zouai 80459531-121a-4153-af37-dc073fca8cef Lolo Zouaﾃｯ
[update] london-grammar 14a4dc4c-8f30-4a7b-a97e-4d04a9e3c199 London Grammar
[update] lonely-island 51b007ac-a22b-49b3-a895-19651b494329 The Lonely Island
[update] longpigs 885aa4a1-dde6-4dab-9379-cfd7d2c61530 Longpigs
[update] lonnie-liston-smith 68c0dd69-228a-448a-9250-ea4657a4ac36 Lonnie Liston Smith
[update] look-mum-no-computer 48f876d9-79fd-41ed-8b16-eb5c28c3534a LOOK MUM NO COMPUTER
[update] loote ba83e3cc-057b-4205-9e2a-cfb109196e9b Loote
[update] lord-huron 00d3704b-de65-4783-87d2-8fcda976d121 Lord Huron
[update] lord-of-the-lost cb3ef34d-57dd-496f-93fd-79259fba2e26 Lord of the Lost
[update] lorde 10a12e69-3402-4140-a12f-5490abe8ab6c Lorde
[update] lordi 34dcdd70-3dc1-47c5-ab31-3c7e26a938f0 LORDI
[update] lordkez 21d4eaeb-273f-482b-bc91-9d2f7b039768 lordkez
[update] loredana-berte 646c4317-1c5a-4e44-b4c8-1ad0b936abc1 Loredana Bertﾃｨ
[update] loreen 97e6a1bf-eea9-4613-a2ed-b0c7469661e5 Loreen
[update] loren-gray 80d290ae-0012-44e8-a320-61d686a60065 Loren Gray
[update] lorna-shore c36d2629-ec27-4f9c-b1e5-79e413a3d25f LORNA SHORE
[update] los-bitchos 8961a6f0-75ac-4b37-94aa-270b8fd30142 Los Bitchos
[update] los-lonely-boys 27d7b390-baec-4da8-84c3-0fefc4419a14 Los Lonely Boys
[update] lost-frequencies 6f5945c5-11ce-46dc-bbad-df85fb7b188c Lost Frequencies
[update] lost-hearts 2ebda990-3c6e-47ad-8366-805485d1a0c6 Lost Hearts
[update] lost-in-hollywood d381fc44-5925-4c1b-8815-bf624e154a08 LOST IN HOLLYWOOD
[update] lost-society a8245e07-d126-4d13-b5de-34b76468c271 LOST SOCIETY
[update] lottery-winners c7a58674-82b4-43fb-b187-5818dbc5f52f Lottery Winners
[update] lotus 611229b3-378c-4407-a46b-bd11e2e5088f Lotus
[update] lou-gramm f28f79c1-7a5c-4439-8b1c-c3c6ea2c75db Lou Gramm
[update] lou-reed 3e3823f2-ad83-402a-b7e7-3e7aebdc72b7 Lou Reed
[update] loui-victony 8f7119aa-1aff-46de-b04c-5e9030430727 Loui & Victony
[update] louie-austen 5b2641c6-582c-4a4b-8db8-062bd52c4939 Louie Austen
[update] louie-thesinger ed9c749e-98b8-42ba-be4f-e600bc51dc60 Louie TheSinger
[update] louis-culture c1699880-9bb4-498a-99b7-d7dd14c38912 Louis Culture
[update] louis-the-child a74407e0-3aca-433b-94d0-fc82d61edeea Louis The Child
[update] louis-tomlinson fc92207a-952a-4b4b-a450-78ae45e3f43e Louis Tomlinson
[update] louisa-johnson bf34570a-5b3c-457b-ae28-181641fb32cb Louisa Johnson
[update] loupe a22f181f-6225-4852-ae96-d54fd283d00b Loupe
[update] louta 48e62452-00f0-4cac-90cd-d2c325a2c2c3 Louta
[update] love-ghost f65b6f0f-eb35-4dfe-bacf-5de03d851e22 Love Ghost
[update] love-spells 6959ac50-1e73-4634-a1e0-c92ea4f496bc Love Spells
[update] lovejoy 6387f44b-0347-47e2-a543-e5ab5816a02a Lovejoy
[update] loveless bb13a4da-a8dc-4e08-9158-a7fbf32376a5 Loveless
[update] lovelle ed77dc79-1656-4e22-856f-c232f941d351 Lovelle
[update] lovelytheband 3926f97b-2466-47de-9152-61a821bb263d lovelytheband
[update] loverboy c57d04c0-df1d-47fa-aa91-043de74aeca5 Loverboy
[update] lovn aa7e1fa8-3b9e-4d79-baf0-e844c4d88765 LOVN
[update] low-g 66333db7-6e3b-417c-a4a1-09564bc9b91e Low G
[update] low-hum 9b202f8e-8047-404c-8bce-ce3cd81d1704 Low Hum
[update] lowercase-committee 00073e01-11fa-4b65-a9a4-fcef63a7626e LOWERCASE committee
[update] lowx 51389017-649e-46c3-acfd-831c0fd82115 LOWX
[update] loyle-carner ea13efe7-d790-4f07-b69f-aefc4c1f0774 Loyle Carner
[update] lozeak 1f757ad6-cafd-48bb-8971-265f07c4af9f lozeak
[update] lp bd28b49b-17aa-463a-91e8-0fe6c2714e0a LP
[update] lp-giobbi 86464102-6323-4f87-bad3-b912f3bef5b8 LP Giobbi
[update] lsr-city 514f4254-ca7f-4c05-9393-01b8221b30a9 LSR/CITY
[update] lu-kala d9ae54c7-6039-45c6-bfa5-33273820d921 LU KALA
[update] luara 05ae3a2c-97dc-4f54-ac59-2c467a8afb80 Luara
[update] luca-testa 44865fb2-7ae5-4f71-834a-f1757e88c640 Luca Testa
[update] lucas-steve d77783b9-9754-4d8f-b480-659618d2c57c Lucas & Steve
[update] luciana 908d3a97-62a8-4a91-8fbf-c65d9c61ac58 Luciana
[update] luciano-pavarotti c2576d05-e167-4b79-85a7-ea2e92879098 Luciano Pavarotti
[update] lucius 41b58ec1-6a8e-4286-899e-6a10c9539b87 Lucius
[update] lucky-daye cffa1dd4-c4d1-473b-b08d-c4f9794bf263 Lucky Daye
[update] lucky-luke 8a0b3088-fb6e-4a1e-a5b8-33a68d03afac Lucky Luke
[update] lucy-blue e2927305-8018-48e0-a0c5-10dc33959c30 Lucy Blue
[update] lucy-dacus 7b8504e1-a18f-4459-bb5d-3a4aaf63f35d Lucy Dacus
[update] lucy-pullin 26786ee7-088f-4a96-8810-bde784da7085 Lucy Pullin
[update] lucy-rose 00298890-88c8-4d4c-8d5e-b9a90cb8156f Lucy Rose
[update] ludacris 02f58f9b-8b17-4c99-9c66-dab812742c09 Ludacris
[update] ludmilla 9dccdfd3-5035-4517-bb6b-c2e5ed3442ad LUDMILLA
[update] ludwig-goransson 4412387e-d3ec-4f77-a556-dbe9e1c874a6 Ludwig Gﾃｶransson
[update] lufthaus eefd6d82-11b6-462e-bcc1-8aa6b5a5ec69 Lufthaus
[update] luh-kel 1d11e852-62eb-4b30-8a2d-03e5f19835f0 Luh Kel
[update] luh-tyler 2d00cab3-f094-419d-bf82-241047e137d2 Luh Tyler
[update] luis-fonsi 278502d8-4f2d-4854-b8e1-32de35a025f2 Luis Fonsi
[update] luisa-sonza d0bbefb8-e861-41c3-9a12-7b779f3a9177 Luﾃｭsa Sonza
[update] lukas-graham 16aad7ab-22a7-4e83-97dc-57bdb857c93b Lukas Graham
[update] luke-bryan 455e353f-6e4f-43ad-90f5-1df3b0c64e4e Luke Bryan
[update] luke-chiang fbe3dfb4-3dec-4146-adc7-7c814029ffbc Luke Chiang
[update] luke-combs 34ea0ce8-52dc-406f-9e9e-2ac61d568645 Luke Combs
[update] luke-hemmings 3258b2a1-76aa-4d8e-816d-3568a5575f5d Luke Hemmings
[update] luke-spiller 21f62998-6310-4fc7-bc0a-7a87945ccf7a Luke Spiller
[update] luke-steele 83132b74-211e-4e3e-a0a9-f693cc0c0202 Luke Steele
[update] lullaboy c00ddfb0-c2f5-46c2-98c8-a4b27336aa58 lullaboy
[update] lulu 240ebefd-3990-4336-94ac-41c82a5cf2c7 LULU.
[update] lumix a4c7bd74-dab8-4892-8959-a39e69477feb LUM!X
[update] luminati-suns 684ff75a-dc8b-41ed-96d2-5e741a2ce41e Luminati Suns
[update] lumineers cb1c9368-b8df-4bcd-8d86-e80ff53af5ae The Lumineers
[update] luna 8ac80792-dbb1-4f7b-a27a-148de83c6965 LUNA
[update] luna-kills 8ab13434-87df-4117-a718-53cb74fbab15 LUNA KILLS
[update] luna-li e1b94e81-ad1e-4f3d-accc-fac338f82a18 Luna Li
[update] lunars a94f03a6-1cad-431e-b39d-08bec8c7fb42 LUNARS
[update] lunatic-calm dbb6a345-f08c-4116-8814-c94a2d3e7080 Lunatic Calm
[update] lunchmoney-lewis c3ede56c-ac2a-4321-bd7b-018f71d0fa7a LunchMoney Lewis
[update] luneex 2c3c0c3a-255b-48d9-958d-a115c293333d Luneex
[update] lupe-fiasco c710335d-25cb-4333-878b-3145ebf8008c Lupe Fiasco
[update] lusaint 05c64819-85b3-4a75-88e1-6172d4c9abd7 Lusaint
[update] lush-simon 063f77eb-ae8b-4050-b6f6-f8bc63c380a3 Lush & Simon
[update] luster ed89705d-b79e-43bc-ad58-16c6bb16677f Luster
[update] luther-vandross 2b507380-d914-48a0-a30a-0270f0819a11 Luther Vandross
[update] luude 7c09db4d-e1ec-4fe6-a683-e7f80ebf5d24 Luude
[update] luv-moore a68408a2-d1e5-45e2-95ec-0f11f4906022 Luv Moore
[update] luvcat 810c6286-d084-42e2-8484-44f507bf6656 Luvcat
[update] lydia-night 0d29700f-d51d-4f7f-8f4a-5676075c1a05 Lydia Night
[update] lykke-li f562c463-4100-42b4-89ff-d8d3db5c54d4 Lykke Li
[update] lyn-lapid 3fd34747-cbed-42dc-b52d-14d1d1f3498f Lyn Lapid
[update] lynks 0dfc1a1a-c39a-4a0a-8156-6c360ad5ec66 Lynks
[update] lynyrd-skynyrd 298c221b-51cd-4fb8-9a28-2e9fe2be032c Lynyrd Skynyrd
[update] lyrah 7cc100b4-5dca-408d-bcf3-ed9d81c46315 Lyrah
[update] lyric-noel 1b6b876d-e235-4b5e-ab60-47f581d9b739 Lyric Noel
[update] lyrical-lemonade 1c88fee1-cd1c-431a-8156-cc4e6b12a17b Lyrical Lemonade
[update] lzzy-hale c082f513-a273-46d9-9559-8ff4f7458690 Lzzy Hale
[update] lo-spirit 02710787-9556-407b-a642-4049bcc5f2a5 Lﾃｸ Spirit
[update] can bdf6afc3-4336-4a35-a20d-8030d25dcb04 Lﾃ廊ﾃ・lolo
[update] lolo 5e6b20ed-97fa-47df-81fe-5f4ca9043329 Lﾃ廊ﾃ・[update] loren 798b863b-05e7-425a-afd5-eda30fe10b4a Lﾃ漏EN
[update] m 32b94ed5-f3fd-4a0e-baa0-a31c4e49d661 M(Robin Scott)
[update] m-22 bcdebd7e-9b08-45b6-b4a3-9e21f3ab1f7c M-22
[update] m-beat 18d0c4fe-ed9a-48ff-ab90-9f4a8e764049 M-Beat
[update] m-i-a 2b99ee8e-8137-4a2b-afaa-66c7fbdb6405 M.I.A.
[update] m83 2d93e695-8c22-4a94-bbfd-d01373379e09 M83
[update] mabel a5db4bc8-bbf3-4abb-8a17-81b0087c3a28 Mabel
[update] mac-demarco aca34663-5fdd-466d-a878-b8ef0176fc0f Mac DeMarco
[update] mac-miller 3620591e-d18f-441f-98e8-607fc99ef128 Mac Miller
[update] macartney-reinhardt f9b21e48-9a37-4f51-b6c3-3ac348335dd6 Macartney Reinhardt
[update] machine-gun-kelly 3e63b2a4-9ac4-4a74-8697-7bf3b2829a2c Machine Gun Kelly
[update] mackenzie-carpenter 0d0d9dfa-b272-4a48-8de1-307224a437de Mackenzie Carpenter
[update] mackenzy-mackay a83e4d6b-ae71-4b1d-ae17-25111990bb54 Mackenzy Mackay
[update] macklemore b545bdf5-f578-4c2f-88e5-cf6d5fc72f8d Macklemore
[update] macklemore-ryan-lewis 54b6946a-c918-4ba4-a80a-ba4856af6f64 Macklemore & Ryan Lewis
[update] macy-gray 19fb6ada-b74e-4f3d-b6db-78abd8ccd5cf Macy Gray
[update] mad-tsai 3f2be40f-9fd8-492f-8d73-b1ba7ef033f8 Mad Tsai
[update] maddie-tae 1be4b5b7-1e1b-4a99-84c4-83e07c94bd12 Maddie & Tae
[update] maddix b898fbe1-d486-49ef-bc8a-f3ae39370216 Maddix
[update] maddox-batson b9cd340d-bb6b-4df7-82e6-ec63e707d665 Maddox Batson
[update] madeline-megery d66424a2-2b66-4e51-bd4e-df4d702c3c52 Madeline Megery
[update] madeon 6e7ad639-1b25-44d8-8cad-a622c709ee64 Madeon
[update] madison-bailey 51db38c1-52a8-49b5-a7c2-253c03440a7e Madison Bailey
[update] madison-beer 9d8fe586-bdb4-43db-b02a-24dbc219c6ed Madison Beer
[update] madison-cunningham fcc6857b-27e8-40c0-915e-86d5de7b7232 Madison Cunningham
[update] madison-love bcbb260e-3535-425c-93c4-decbb2e1c87d Madison Love
[update] madison-mcferrin a2dca979-cd41-4c1f-8c73-17fc4a97d66e Madison McFerrin
[update] madness 702d671f-3c0e-4884-87b0-a5a7f9876459 Madness
[update] madonna 2d5c9393-224f-48dc-8e2d-ef5696f09163 Madonna
[update] mae-muller 738d0d9a-6051-4caa-abfb-0347805a08fb Mae Muller
[update] mae-stephens d6745442-b8a7-489a-b1bb-2c2c924e7700 Mae Stephens
[update] den 36c46190-4221-4064-b1b6-bd13db8e7110 Mﾃ・mo
[update] maeta acaadcf2-f687-43f4-a456-3ef0d3f66842 Maeta
[update] magdalena-bay 7358b37e-6a99-46df-87f5-e72317eb71f4 Magdalena Bay
[update] maggie-lindemann baea83d5-eb5d-43d1-9ce3-e80e4063eb1d Maggie Lindemann
[update] maggie-rogers d476a4fd-e8e2-40dd-8d83-7acb90f1e0db Maggie Rogers
[update] maggie-rose c65b5521-b92d-4689-8967-9eb55be8192a Maggie Rose
[update] magic-city-hippies 850d9c87-32ea-4a79-b0ff-f2ea1d51b280 Magic City Hippies
[update] magic 9bc9e40c-43a8-443f-9cbb-31c99edd6071 MAGIC!
[update] magician 5f4a53a8-da5a-4474-bca9-09bae71c6d5d The Magician
[update] magnet-brain 7af0b814-5ffc-4000-8bf7-5dbeb023799e Magnet Brain
[update] magnolia-park 23920796-273e-4c00-8e44-73a1024c7f79 Magnolia Park
[update] magnus ac73a1b8-9aab-45b9-93bc-6f2e7c63bedf MAGNUS
[update] mago-de-oz 2f75bb54-0436-4aaa-b239-427a58afe79b Mﾃ､go de Oz
[update] magugu 2625239a-9d5b-41da-a290-d5e64d00f666 Magugu
[update] mahalia 583acc87-7524-49dd-b60f-95d345813b46 Mahalia
[update] maia-wright aeaaa57a-64c9-4c0d-bc03-6e7dbdf93c8e Maia Wright
[update] maiah-manser 60bfc56e-4783-4004-a355-62640de0df33 Maiah Manser
[update] maid-of-ace 42e515c4-31da-4d1b-9bfd-5b76b472ce84 MAID OF ACE
[update] main-squeeze 415b1eb1-b412-4711-bda7-25019cdd48e6 The Main Squeeze
[update] maincourse 247e32cd-7bfa-4a1b-8f1b-66e505f4542c MainCourse
[update] maine 91e23fe4-23f9-42de-acc2-2784f9ef1b63 The Maine
[update] maino aca90e5c-073b-4cec-82f8-601df483cf6a Maino
[update] maisie-peters 41b0816f-a908-42b9-aac8-7545b3fd31d9 Maisie Peters
[update] maisy-kay ee25d678-f5c7-4958-894d-2ea2553624fa Maisy Kay
[update] majestica d2f8f763-bac6-4e88-adf2-712db9eb6f97 MAJESTICA
[update] majid-jordan fc8f5814-2308-4608-bb1d-a29f725c75e6 Majid Jordan
[update] major-lazer 8e8b3d90-4ea1-4354-b1b6-65606aa09473 Major Lazer
[update] major-league-djz 2f7f1ecc-46a1-459c-9a22-ebb6089f5ea8 Major League Djz
[update] makar 5d0aa8c4-de3d-470f-89b2-4c822b99f506 Makar
[update] makko f528e489-6405-468d-baaf-ba02dfe38e8f makko
[update] malachiii d754b02f-11bd-4c7e-92bc-50dcafeb128f Malachiii
[update] malcolm-mclaren efa44287-10d7-4c4d-81fe-7c6f5de286e3 Malcolm McLaren
[update] malcolm-todd 9f938728-78de-473f-bd69-642e6be396ce Malcolm Todd
[update] maleigh-zan b03305a4-068e-4d41-b06c-4eeb7969a273 Maleigh Zan
[update] malena 8c348756-fd3d-4327-ab4b-f781c0c0e6cf Malﾃｩna
[update] malena-narvay bc61ad60-f855-4d8c-a846-becbe89ae785 Malena Narvay
[update] malevolence 7cdabf9e-1b18-4c0e-abd4-dd58a5ad296a MALEVOLENCE
[update] mali-koa c1704239-08e4-4663-b68f-7b1e46e2ec42 Mali-Koa
[update] malice a6f22137-fd98-4c8b-976d-1e82da957c87 Malice
[update] malik-harris 2ec1d17f-0319-42be-b0d7-00cadf4d5359 Malik Harris
[update] malive 8ac2e045-c1d4-4a38-baaa-142c0d72a4ce Malive
[update] mallrat b2546349-ea0c-401a-ae18-66b1eaa640dd Mallrat
[update] malou af744819-21a4-4fdf-bef2-47ac3942a8c5 Malou
[update] maluma ea65d4fb-2547-49e9-bd6f-a22217db542b Maluma
[update] malvada db40f9b1-dea1-41b5-8c11-2a25d3d53e09 Malvada
[update] mamas-the-papas 9c92c09c-b1cd-4324-9a50-7f1a263bb76e The Mamas & The Papas
[update] mammoth a0e0a37e-23e7-4f12-b6f6-ab1ed0897d0b Mammoth
[update] man-woman-chainsaw 8c8315b1-7ace-49b4-a4dd-dde21cb1e04e Man/Woman/Chainsaw
[update] manchester-orchestra 24a4e32e-e91e-43f5-be63-73f4f05e94e9 Manchester Orchestra
[update] mandark a95940ea-e797-4f63-a41f-bc9ce78239b9 MANDARK
[update] maneskin ecc45810-71ac-4d2c-a5f4-21ee5a9f83fb Mﾃ･neskin
[update] manfred-manns-earth-band 09cfb0f2-c765-4283-9d27-6d8c35633ab8 Manfred Mann's Earth Band
[update] mango-foo 88171e7e-484d-4ce1-ab97-2e7837e18b13 Mango Foo
[update] mangoo 9ef8ebc7-dd90-4783-b447-5fca2197b218 Mangoo
[update] manhattans bad8f8bd-7c0f-4fc0-985d-399806fb1dd0 The Manhattans
[update] manic-street-preachers c8bd87e0-256b-4ec4-b723-2f362b63f702 Manic Street Preachers
[update] manila-killa a3f3eefa-dba5-4ae6-af14-f924877f65f4 Manila Killa
[update] mannequin-pussy 0d9951c5-3d6b-4494-8967-c2a383b03308 Mannequin Pussy
[update] manntra b23e35a7-e627-465b-b493-88b54a85a2da MANNTRA
[update] mansionair 7231c865-204d-45cf-90a5-84f22b203cb0 Mansionair
[update] mansionz a7d3e2ff-bd5c-453d-8f30-a9ff01cfbd05 mansionz
[update] mansun 5214b656-61ce-494a-b5ec-78aec3722a32 Mansun
[update] maoli abdd0652-b7b7-4eff-8cb9-935511365433 Maoli
[update] mapei 338f186e-9a3b-4aa9-bca5-d6db79d2663b Mapei
[update] marc-almond 070f4634-ec9e-4671-8511-671d7f2d91da Marc Almond
[update] marcellus-thesinger e4b9244a-bbc5-4849-908f-ecc217ab5a04 Marcellus TheSinger
[update] marcia-griffiths 8e2da5ee-0680-46c8-8a28-2c89d8daf201 Marcia Griffiths
[update] marcin b72ec432-2ba1-42cf-b019-acb322ed1c08 Marcin
[update] marcus-king 990fb9e9-43ba-47e9-8211-c484e72f3cb5 Marcus King
[update] marcus-mumford d8c216d4-192f-4c22-91e3-46371fe83f84 Marcus Mumford
[update] maren-morris 49d3bbf5-4338-4ae0-a161-dba07f4351ca Maren Morris
[update] mareux 2f1b7e91-df34-4b27-8fea-9e4108eef35a Mareux
[update] margo 45c3776a-f29a-4989-b2c9-f81e42483588 margﾃｸ
[update] mari-froes 9f9200cc-47af-44fd-8fe4-20d77035ca46 Mari Froes
[update] maria-becerra 1246faaa-5016-4b3a-9f7a-3135b8861e76 Maria Becerra
[update] maria-brink 84f51b33-3001-42ac-ab69-0be63234fcfe Maria Brink
[update] mariah-carey 648ab039-393f-4089-adee-3ad31a57fc4e Mariah Carey
[update] mariah-the-scientist 37e83150-0f10-4833-89cb-16bbd9ee5ea9 Mariah the Scientist
[update] marianas-trench 151cd27d-197d-4268-b58b-340cd8078607 Marianas Trench
[update] marias 22250eb7-5fc2-490b-926a-3d31bdc0df57 The Marﾃｭas
[update] mariasss 2ed587ce-fe1f-4f07-a37a-cdbae0226df9 MARIASSS
[update] marie-dahlstrom 81ce88c1-7e0f-48f6-a2e3-5a0f216a79e7 Marie Dahlstrom
[update] marie-davidson 1fe2415e-399b-41d5-a06a-95c0a6bc2127 Marie Davidson
[update] marieme 93678da4-4056-4a98-8289-1e389a0df9c3 Marieme
[update] marilyn-manson 50462cba-25f7-486c-9426-185c2b99543b Marilyn Manson
[update] marilyn-martin 04b02137-ff5d-418f-8697-f8d8876bc472 Marilyn Martin
[update] marina 18dfc177-d333-4112-86c3-6edcf7865b96 MARINA
[update] marina-kaye c69a4bf9-c59e-47a5-8017-7233cd4bc36d Marina Kaye
[update] marina-reche 691bc8bc-a2a2-46af-b7b7-2624d5aa1fb5 Marina Reche
[update] marina-summers 54f440a8-dd64-42fb-9061-4834401b33a5 Marina Summers
[update] marine-girls 55a5aaa1-fa55-4982-aace-1d0abd7ff1cf Marine Girls
[update] mario 7788e1a8-baf6-4786-ad60-1a7c2ec1340c Mario
[update] maris f6ab835c-7508-4839-b9d8-9a6c887e5aee MARIS
[update] marisha-wallace cd811273-9978-4409-90b5-a20d2c7fe23a Marisha Wallace
[update] mark-ambor 08476a7c-1791-408c-b376-1be0543f7aa2 Mark Ambor
[update] mark-dekoda 6442ec0a-f373-4b8c-a0cc-bdce9e242e04 Mark Dekoda
[update] mark-hamilton f88605de-e51e-4383-bb0d-d6ecfffac212 Mark Hamilton
[update] mark-hoppus c13de088-70e1-4111-abe1-140de2624f53 Mark Hoppus
[update] mark-knopfler 199e4bd8-917a-4883-bfb0-cd888e5ade3a Mark Knopfler
[update] mark-pritchard 9f47f279-7102-4a0d-916d-a964a0d9fb0c Mark Pritchard
[update] mark-ronson 4bae91eb-0091-488f-acf4-ffa408c9ddb3 Mark Ronson
[update] mark-tuan 947aa3a9-07dc-4c6e-844c-2c5b2cb62f5f Mark Tuan
[update] marko-hietala b09e0891-22bd-4e95-a08d-c317f4f92f1a Marko Hietala
[update] markus-schulz 60159e89-a697-474d-98e5-e1e20ec78a8b Markus Schulz
[update] marky-style c6638792-e895-47c2-b6b8-336197368fe8 Marky Style
[update] marlhy 3ed98e2e-3821-427c-ad0e-1b0151d6c67b Marlhy
[update] marlo 76235ef8-45d3-4145-a076-cb0bb579542f MaRLo
[update] marlon cee491c6-e4da-494d-951f-f44db699db38 Marlon
[update] marlon-craft d74629e8-eca5-4e5f-9572-87115ddfe7d3 Marlon Craft
[update] marlon-funaki 2f594730-9820-46e3-8eaf-6814f6232fd6 Marlon Funaki
[update] marlon-williams 76fe817f-7448-4980-a0f9-f8b99c986cab Marlon Williams
[update] marmozets dade3180-bffd-4c2a-a151-518f4dab6668 Marmozets
[update] marnik ca41931a-fdab-4468-a502-cfd85e48ac5e MARNIK
[update] maro 6d76106f-b510-4f8a-9062-b6b79e028439 MARO
[update] maroon-5 4820f647-f63b-4e64-9fcc-bc476d04dea9 Maroon 5
[update] marques-houston bcbd71f4-7077-4440-a27d-683d1098ea3f Marques Houston
[update] marquise f7ecdfc9-8afa-4af2-85f5-1e6c3b55c35c MARQUISE
[update] mars-argo 8748839f-3807-42fa-a521-55dcb071f64f Mars Argo
[update] marsha-ambrosius cdd2b939-f4c2-407c-8137-73de19ca2bb1 Marsha Ambrosius
[update] marsha-milan 8a07c944-7353-47b1-b27e-e6ba878b1284 Marsha Milan
[update] marshmello f35760bf-2d66-438c-ab67-3c8c99bda269 Marshmello
[update] martha-wainwright 25b59dd3-b92c-4be8-a37e-21ae1b5daa17 Martha Wainwright
[update] martika 821f9639-b6ca-4a04-835b-45c2a0b4fa9d Martika
[update] martin-garrix 40b2d385-4746-4e9f-833c-6f463f4a13ac Martin Garrix
[update] martin-solveig 407e802c-e807-4cfc-b398-5fa33d510759 Martin Solveig
[update] martinez-brothers f164f9e9-2aab-4be0-8f31-1847649823a3 The Martinez Brothers
[update] marty-friedman b6fe4939-add3-40ba-8f5f-5fc404b75601 Marty Friedman
[update] marvin-gaye fa6264fa-97b9-4929-8ef0-1da846c9abb4 Marvin Gaye
[update] mary-ann-alexander b65dd75d-6bf9-4a1c-b5c1-a55f2d6eaee4 Mary Ann Alexander
[update] mary-j-blige 80607db3-e410-44ab-9468-72441aa9342b Mary J. Blige
[update] maryjo 513191ea-4f63-4c38-8550-e815033cec5a maryjo
[update] masego 73e9bc53-955b-455b-a83e-967e0a25d885 Masego
[update] masicka a5bef46a-d496-456e-93cd-c2a1df6a72ad Masicka
[update] masked-wolf 6b22e8b8-fe84-4fc9-bd00-8da4d1a84ac4 Masked Wolf
[update] mason 7b9baea1-9040-44da-aa8d-fd6e33d47230 Mason
[update] mass-of-man 63d863f4-c7e3-4e8a-9c91-f583a46a389a Mass of Man
[update] mass-production af9baeb2-d15f-4a65-bcec-4ea00d99e95b Mass Production
[update] massano a5e3806d-a311-45f8-9571-7ea07df3de5b Massano
[update] massive-attack bf40a3ba-2f9d-48ed-966d-7b31f9e1c390 Massive Attack
[update] massive-ego acf891ec-3274-42be-915b-5b83311d7a7f Massive Ego
[update] massive-wagons cd8ccf23-8bd0-470c-bfa3-aee2b498f65d Massive Wagons
[update] mastodon fc45bd83-5e5a-444c-b598-f2954793dc83 Mastodon
[update] matata e5294091-effb-4d35-bbed-0f532f0c6755 Matata
[update] matchbox-twenty 2d0d9faf-ab44-4348-8a10-a5005ee0c693 Matchbox Twenty
[update] mathame bb6d19b8-2c9c-4e4e-9ab4-e9845e730886 Mathame
[update] matilda-mann 60d51a13-51e8-4530-83fa-6316145a567d Matilda Mann
[update] matilde-g 0e2284c3-61d4-46a6-8d2a-8761ba4ed383 MATILDE G
[update] matisse-sadko 5337422d-0ec9-4e4f-9014-a3f5f872678a Matisse & Sadko
[update] matoma ca0f556f-1bd1-4f68-b324-647399cd3700 Matoma
[update] matrix-futurebound 5db80ea6-1f25-4e00-93b4-a1c334cae9c2 Matrix & Futurebound
[update] matt-berninger e3a1ab7a-32e8-404c-9a39-9308d8e6f40a Matt Berninger
[update] matt-hansen c3eeaf1e-657b-415c-a677-81c80203fff1 Matt Hansen
[update] matt-honeycutt 82ae4268-72e2-4824-a739-62890f492cfe Matt Honeycutt
[update] mattafix 883e0f62-2620-4337-abb3-b21b980c71d2 Mattafix
[update] matthew-koma 40e1aab8-a9a8-4109-a029-a1137742695f Matthew Koma
[update] matthew-mole aac74ade-64b3-49bc-ba58-21bda5ae8010 Matthew Mole
[update] matthew-sweet 7006c45c-2b41-45f9-8209-f07e94d93738 Matthew Sweet
[update] matthew-wilder ddae60c2-5320-49bb-b237-912036e9766b Matthew Wilder
[update] matthias-jabs d76f5665-db8b-4c2b-bf9a-2ae126758ea8 Matthias Jabs
[update] mattilo e959bb49-adaa-4f69-9e0d-ae960f9b374d Mattilo
[update] maty-noyes 480a18a9-136b-4462-827b-5d9ca32f04c0 Maty Noyes
[update] mau-p 2bb585ca-2d09-44db-b56b-3527e89f74c3 Mau P
[update] maurice-fulton 261c12cb-c854-450d-b2c6-a8f47e7327c0 Maurice Fulton
[update] maverick-sabre c4e176f6-9c86-4da5-be9a-4a1bcab8d0fc Maverick Sabre
[update] mavi a39c56a5-451a-41db-86ad-9a7feb0738d2 MAVI
[update] mawayy b7f567c7-f8ed-41ea-8252-5b427482f316 MaWayy
[update] max bb29e2a8-1b79-47f6-ac75-52f8b1080729 MAX
[update] max-africana 76effba5-08f6-48c2-a7af-cf7377db4eaf Max Africana
[update] max-b b9770a68-c60e-4667-af81-13ca4296bfa8 Max B
[update] max-fry c3a79dab-e3e5-478c-921c-7279674fd413 Max Fry
[update] max-gazze 15b1c7dc-6514-424e-8a4b-01a2c0c69603 Max Gazzﾃｨ
[update] max-mcnown fe020518-2e68-49e9-81aa-44d0181c31d1 Max McNown
[update] max-styler c439b297-51e0-4c87-bd28-c8bb1ffc552a Max Styler
[update] maxo-kream ccb2e839-f019-4ae9-a852-59a34ffc3b6e Maxo Kream
[update] maxriven bc08e5fc-3ec6-4252-90c6-c4699032d5d6 MaxRiven
[update] maxwell 2c15f03c-e96a-4d88-86e3-9a217e7e17a2 Maxwell
[update] maya-hawke 71d5e115-9db5-4654-ab14-940743dbef9e Maya Hawke
[update] mayday-parade 6f81f23c-6c21-48c9-9f40-692d4186c1de Mayday Parade
[update] maye dfa6e120-cbb5-4d76-a3b6-310187fed873 Maye
[update] mayer-hawthorne 379d384c-0673-4956-8d5d-242874432161 Mayer Hawthorne
[update] mayorkun 8be71066-c5df-4402-9e0c-019a4cf9cf0f Mayorkun
[update] mazare 7f27d89e-de99-4962-b2fd-6ba040f38ff2 Mazare
[update] mazie b3b2d68c-b4c4-448f-8626-a7b08cb99546 mazie
[update] mazzy-star 780099e9-b873-4f16-83f3-a50a857bf1ed Mazzy Star
[update] mc-bin-laden 915c3089-dfd5-42b8-a4d6-9fb477bc0596 MC Bin Laden
[update] mc-lan f169a108-1d8d-4cde-acce-076a79cb9ba8 MC Lan
[update] mc-lyte 02bd6bcd-c321-4063-98aa-b2f350575db9 MC Lyte
[update] mc-miker-g-dj-sven f2686481-ec1a-4deb-bcee-b5050749aa43 MC Miker G & DJ Sven
[update] mc-tony 146bdefe-e80a-4a72-a6fe-8d22236d5fe5 MC TONY
[update] mccabe 73cced6b-2c3f-4ad9-be50-9f3bfae344f4 McCabe
[update] mcfadden-whitehead cbf50ef0-59d2-427e-b089-6d910f420ed2 McFadden & Whitehead
[update] mcfly ed037710-aa3b-4306-9f06-9d30edd4626d McFly
[update] mckenna-grace 0915752d-65ed-47b5-8402-9b4f4bd2789a Mckenna Grace
[update] mckenna-rae 98e7f415-dd50-47b0-9d2d-0d2c4a565e3f McKenna Rae
[update] mckinley-dixon 4f560b75-dc1b-4de4-8db5-7d4de6a72e6e McKinley Dixon
[update] mdns e765f08f-3af7-4c64-988b-457ea54c7955 MDNS
[update] mdou-moctar 816d0b59-e0bc-455f-a789-04e4b9d95a6a Mdou Moctar
[update] mearsy 73ed59df-b85a-49dc-931c-d7ea7c5931c2 MEARSY
[update] meca 172e7832-37a2-45b8-95b4-98df99d9ec4c Meca
[update] mechatok a6ba1f78-5e54-4bfb-917c-90c2f4ee2684 Mechatok
[update] meduza 1cb01902-f9db-4e4a-9191-99f69ec31853 Meduza
[update] meek b938120b-cfbc-4cfb-968d-712d96855719 MEEK
[update] meek-mill 50dba51a-2589-442c-adb2-97511ee87681 Meek Mill
[update] meg-donnelly 64715ab6-7da5-4ab0-b6e2-ef3f1ca7b69f Meg Donnelly
[update] meg-myers 9a27779f-fc7e-419d-88d8-52bfc1902d43 Meg Myers
[update] meg-smith 8aa30cd1-7225-4ea7-953f-bd11e6b30f18 Meg Smith
[update] megadeth 3978a8ad-5cb0-4ac0-b52c-62ea7df6753e Megadeth
[update] megan-moroney f1987b35-8de5-47ce-a509-d11552e52772 Megan Moroney
[update] megan-thee-stallion 8b0a5bdc-282f-480e-83c1-818426370cad Megan Thee Stallion
[update] meghan-trainor 8daa8c83-9427-4083-be99-7f81ae3dcd21 Meghan Trainor
[update] mehro 892bbb35-2e57-4bae-8123-8dba82901d2c mehro
[update] mei-semones 6810063c-3928-4d12-8854-5c05273bd6fd Mei Semones
[update] mel-kim 86b1b12b-bbff-4513-95ab-b826093a365c Mel & Kim
[update] mel-brooks 609c1dfe-eab2-4bdc-8b79-b2e4dc395a86 Mel Brooks
[update] melanie-c 037ae88c-5bd7-499c-99f2-adb00d054432 Melanie C
[update] melanie-martinez 6e5d5889-638e-4c18-ba1a-42c0ff5dd93b Melanie Martinez
[update] melissa-bonny 57d0d4d8-e924-448c-9545-4e2647915a5f Melissa Bonny
[update] mellow-rackz 11c8b071-098d-42ef-9fec-45e08288ed37 Mellow Rackz
[update] melodicka-bros ace357e3-bfb5-46e6-8ade-e5e48914c70d Melodicka Bros
[update] melody b4520e79-0ada-42cd-906c-c59c71029a34 Melody
[update] melrose-avenue d66980a2-93b0-4254-bb2b-3a1c31306392 Melrose Avenue
[update] meltt 7a17d51d-2c80-4653-a43f-a0856681712f Meltt
[update] melvv f7d5fe48-796f-4cf7-88e0-baa4447d8e5f MELVV
[update] memi 5590986f-49a6-4d17-9642-0546afe8d819 MEMI
[update] memphis-may-fire 22311dee-925e-464a-bd81-ddb6d782984e Memphis May Fire
[update] men-at-work efed6598-e918-43d2-85ca-5fb3dcef9bbc Men at Work
[update] men-i-trust e87f3285-3cee-41bb-af34-9b4a55d6df80 Men I Trust
[update] men-without-hats 12f52861-9e67-4138-af6b-28b2429957f4 Men Without Hats
[update] mereba aaf8fbc0-12f7-4e86-b14b-dde4f015b005 Mereba
[update] meredith-brooks 262a68c4-bf81-42c6-997f-ec5ea102a89c Meredith Brooks
[update] merkules c84a978e-8294-495e-9513-8d5fc86c4e30 Merkules
[update] meryll d326387c-0f0f-4ec8-9095-96a812648202 MERYLL
[update] mesh cbecc3c3-b3c8-40bb-83e6-51f6fb7c2f97 Mesh
[update] mesto 104c5a8f-f996-4969-ad15-e662f59af53e Mesto
[update] metal-de-facto 9553df0d-5193-4182-a595-499accda0e17 METAL DE FACTO
[update] metalite 2b9b1b04-b392-4752-bba3-059fb5494c8a METALITE
[update] metallica 2032bdbb-e64f-4320-a3ff-6c15d1f5a34c Metallica
[update] meter 5d8859b3-6cdb-4f65-90df-c2bf7aa60157 Meter
[update] meters fcc474fb-254f-4dfc-90f3-81282cda9f0b Meters
[update] method-man c9f7847d-6cad-4d4e-a39b-0a926fec8cfc Method Man
[update] metric 78157205-2461-4248-a616-da72184d9359 Metric
[update] metrikuk b8570ceb-ee5b-404c-ad3b-ce705dac5016 Metrik(UK)
[update] metro-boomin e141236f-3e22-4eed-a56c-97c207b0cc3d Metro Boomin
[update] metronomy 74440452-5d4a-4a06-bdbf-53ca1512051a Metronomy
[update] mette f697f230-5e3d-4667-b863-4184416313bd METTE
[update] meute c1fe067f-a8c9-4242-9e31-603cb71cdccd MEUTE
[update] mezerg 50c81f4e-b8e2-4dd9-a8df-15448a3a7bc6 Mezerg
[update] mf-doom eaf9a0f3-bc09-490e-85bb-a31e365701eb MF DOOM
[update] mgmt c9746eb9-8da4-49e4-8a1d-8207b77ca1a8 MGMT
[update] mi-casa 6d23be19-3468-44b3-b73a-f0da7f4f2ed5 Mi Casa
[update] mia-rodriguez 1e55a447-51b1-4be6-a5f2-4cf768b69153 Mia Rodriguez
[update] mia-takarabe 3caf2711-7f9a-4517-b614-8682b733ef35 Mia Takarabe
[update] miami-horror 0433fc61-a3cb-4cad-b9c6-913c78136d1d Miami Horror
[update] miami-sound-machine 3ea2302a-06cf-4592-9cbc-e480c752da5b Miami Sound Machine
[update] micah-martin c46db6e3-dc7b-445c-9591-13196d65de64 Micah Martin
[update] micah-mclaurin 2646071e-9aad-42b7-b926-f6b0381a17f3 Micah McLaurin
[update] michael-bolton 1e995278-1d1e-420d-b2c8-4bb4ccb86e50 Michael Bolton
[update] michael-brun 110fb807-6a88-459c-a191-4c3e52b53875 Michaﾃｫl Brun
[update] michael-buble a573d6ab-05db-44f0-9cf2-9f1e329f3529 Michael Bublﾃｩ
[update] michael-clifford d917421f-96d4-4057-9a1e-91e151f44f85 Michael Clifford
[update] michael-jackson 3b3b4345-7b81-45bf-b3c4-85e073726e1b Michael Jackson
[update] michael-johnston 35b68545-f258-4a49-9ec3-8f0217b12c34 Michael Johnston
[update] michael-kiwanuka 773b3e14-4efb-4d54-97b7-dac28868905e Michael Kiwanuka
[update] michael-monroe e518fff1-063e-4604-8296-518f82fe2c62 Michael Monroe
[update] michael-patrick-kelly b76d864a-c49a-48bd-84dc-64073d5561b7 Michael Patrick Kelly
[update] michael-rivera 05b29f38-2a83-4ff3-bb4a-b34698e4c10e Michael Rivera
[update] michael-rother a4958874-a9cb-4b8c-acf1-bf1f01234acc Michael Rother
[update] michael-schenker eda03279-7c5a-412e-9653-ab5157178e31 Michael Schenker
[update] michael-schenker-group 6aff6a62-e687-4517-a700-53f125d52fcd The Michael Schenker Group
[update] michael-schulte 9d4fc04a-ce50-4a6e-9acc-c2c0464f818c Michael Schulte
[update] michael-starr 23fa52d8-78a2-42de-8487-d862bab011f0 Michael Starr
[update] michaela-jae d85ed1d0-5a78-4f82-be00-14cb7cf11cba Michaela Jaﾃｩ
[update] michelle 8394ef50-f016-4b5d-ba6d-f45093941691 MICHELLE
[update] michelle-branch f5c19a0d-ecd0-4833-ab62-74f1ce183a26 Michelle Branch
[update] michigander 47670b66-56f7-43e3-9be4-97dcca3cde8b Michigander
[update] mick-fleetwood deccff99-bad5-4c7d-b508-97c66feb2ad3 Mick Fleetwood
[update] mick-gordon 5487cb7f-e6ac-4eb2-9efc-a15d0cf03363 Mick Gordon
[update] mick-jenkins 5db0dcd2-ee24-47a4-8dea-3278d6b55ec3 Mick Jenkins
[update] mick-jones 9ecb8984-d4ca-4575-adc4-a243ff4ccb23 Mick Jones
[update] mick-mars 4b7914c4-d4f1-4d10-bbf3-749fabd0b8fe Mick Mars
[update] midas-the-jagaban cc360c96-56f0-4ea4-ac3e-ddc35df63983 Midas The Jagaban
[update] middle-kids 8b3c76fc-32be-4077-aabd-9dabb6e32d7f Middle Kids
[update] midnight 549b1ccd-09fd-430f-8c2a-9e3623ff5177 The Midnight
[update] midnight-cowgirls 549c5f59-2d45-40a5-bc0e-8b3ca47ea6b7 Midnight Cowgirls
[update] midnight-danger 6a17a605-47d8-4410-bb4c-2705df0ecbf0 Midnight Danger
[update] midnight-generation 820e2b87-2c7d-44df-8deb-13f74b5025f3 Midnight Generation
[update] midnight-oil 7f0a2d3e-974a-4e6d-b22c-135df9db2ec5 Midnight Oil
[update] midnight-star 313a4220-ade6-4b64-bf5b-8054be675ffd Midnight Star
[update] midnight-til-morning 098adaf5-8523-4f90-bfa4-457f3d073c55 Midnight Til Morning
[update] mig 251a58a1-85f3-48b8-8bee-785354a8f203 Mig
[update] miggy-dela-rosa a5c20724-46a2-4fb4-af85-d4a0ed989020 Miggy Dela Rosa
[update] migos 3893eef4-a378-4316-ac33-90f6dbd724c2 Migos
[update] miguel d1fb5839-81ca-4a7b-9cc7-d37f632b5a18 Miguel
[update] mika d503473c-3566-468b-8557-b645feec2732 MIKA
[update] mikayla-geier 06c86a0c-5cbc-4017-8b38-dcb339b558f1 Mikayla Geier
[update] mike-and-the-mechanics 02cda1ae-5306-4705-b930-9a980c98b594 Mike + The Mechanics
[update] mike-campbell b1dd02a6-acd9-4b72-9f5c-3d3ab094e246 Mike Campbell
[update] mike-clark-jr fd0eacbc-dd93-46b5-92e2-669ccd652784 Mike Clark Jr
[update] mike-dawes a461ff87-3443-44b5-aa03-fd89e0ba9235 Mike Dawes
[update] mike-garry 8d24bcda-4d6a-49c6-827e-7f04d1ea0b35 Mike Garry
[update] mike-perry c9c813ff-ae63-486b-9989-54c785e262d8 Mike Perry
[update] mike-posner 4a0df12c-7611-45cb-9e61-3869830a06f7 Mike Posner
[update] mike-shinoda 31077abf-6698-4f40-bc35-f0d05b6139b9 Mike Shinoda
[update] mike-tramp 86c03d15-e6ff-422b-af90-98058c23342e Mike Tramp
[update] mike-will-made-it 44f42712-e323-465f-999d-35fcd1b0ea2a Mike WiLL Made It
[update] mikey-the-magician 3624fab0-d896-417c-a01c-579a3fa51a55 Mikey The Magician
[update] mikolas 56d49177-eb9f-4fce-8d9e-15f7d6abe0a6 MIKOLAS
[update] mikolas-josef 45485cec-0e26-4eaf-aab0-bb0c6b82fd60 Mikolas Josef
[update] miles-caton 51d39604-1451-444a-a996-544a0baace2c Miles Caton
[update] miles-kane 553041cc-99f5-450c-a4ee-226296486e32 Miles Kane
[update] miles-minnick ab8f947c-2108-49f9-8e64-510006a18849 Miles Minnick
[update] miles 584103e1-468e-484f-b707-695fd1b2d0b0 MiLES.
[update] miley-cyrus 79ad1555-fa2a-442c-b0fc-b1f232055248 Miley Cyrus
[update] militarie-gun 8fd65342-f005-43e9-b570-5e61747fbf0b Militarie Gun
[update] milk-teeth 730ad337-2d0f-4e63-982a-7067022b2fbf Milk Teeth
[update] milkn-blues 1c034219-98ff-42b7-a015-7501e9f20d7e Milk'n Blues
[update] milky c851fe0e-7070-42fc-b1b0-d14352b6fa61 Milky
[update] milky-chance aa5d7249-c315-446f-be2b-48695f30c362 Milky Chance
[update] millennium-parade fb946e89-54aa-44c7-8c30-d8aecd482d92 MILLENNIUM PARADE
[update] milli 3a6c28a4-a951-4464-8db2-2c82397e3c8a milli
[update] millie-jackson 49d27471-f65a-45b7-9c2c-9ce6364b1e68 Millie Jackson
[update] millyz 8298a0c8-ed0e-40e4-ad91-6086302e463a Millyz
[update] mimi-webb 0abe3492-f4f2-4029-b8eb-7eb8e1468ada Mimi Webb
[update] mims bdccb0bd-0d1a-4ad9-9cd1-e8e0731fe3d4 Mims
[update] min-of-miss-a 0c82b95e-557c-45da-9abf-1718f64d5b71 MIN of miss A
[update] mina 49b42946-03d2-4461-9ebd-d753284d26ee MINA
[update] mina-okabe 0b20a990-c7b9-4a37-ac4b-cac360e60d51 Mina Okabe
[update] mind-driller 86823127-c45d-4df9-8345-0912cee06a1f Mind Driller
[update] mindflip 96a2f9ec-4593-40d8-9c04-35e465455c14 Mindflip
[update] minelli 587d0d23-dc33-459d-889b-a85084823b89 Minelli
[update] ministry 5b1192d1-2924-4f8a-9d59-0e2afaf2e396 MINISTRY
[update] minus-the-bear e6a302ee-8082-4de6-95cf-4499a09aec03 Minus The Bear
[update] minz 95daf40f-5062-4b39-b4d7-9b0ff23a2918 Minz
[update] miranda-lambert 7565ebdc-a5bb-4aa7-9755-fa91dc4b0655 Miranda Lambert
[update] miriam-bryant f72d292f-a9fe-4f2b-89eb-668e7d58a33c Miriam Bryant
[update] mirrorcell f750ce5a-d463-473e-b870-70707315f4cc Mirrorcell
[update] mishaal-tamer 212140b0-78a6-4261-8809-61bb9184d511 Mishaal Tamer
[update] miso-extra e946ad1d-0f0e-4694-904d-5a9900877d2e Miso Extra
[update] miss-palmer 3a5bfa8e-8a51-44ab-b3b3-4288120de6a6 Miss Palmer
[update] miss-trouble 3d0547e4-3c98-4113-8abe-3efa54bc47ed Miss Trouble
[update] missing-persons b91d0520-58b6-45be-b358-a3901787ecfe Missing Persons
[update] missio 8573657b-f34b-49cb-96e6-14e62b80dfbf MISSIO
[update] missy-elliott 960e7cd9-88fa-433f-ac0e-990a4baaabbc Missy Elliott
[update] missy-lancaster b063209d-d10c-4c49-a06b-20cd1c553bcf Missy Lancaster
[update] misterwives 643b5b8a-fdb8-4cee-86ee-774313bc7a98 MisterWives
[update] mitchell-tenpenny 89d1cd19-f8f2-473b-80dd-1358f1fbd7db Mitchell Tenpenny
[update] mitis f2719d9b-b25d-425c-9290-9ca413ca48ce MitiS
[update] mitski 24ab8c7e-8d83-469f-9496-e180730d29d6 Mitski
[update] miya-folick b02e97f9-3a20-4def-a9ef-db30ea3926dc Miya Folick
[update] mizmo 3d22b799-6b23-48b1-836d-76160fb22124 Mizmo
[update] mj-lenderman a81e2d16-1dcc-49e0-b060-2e6484f9c7fa MJ Lenderman
[update] mk d7ad1f7d-9220-4ac6-acc4-e3d89dc17c77 MK
[update] mk-xyz 144a48d2-2393-4aea-9b75-01b84728e970 MK xyz
[update] mk-gee fea83483-684e-4461-a5c6-1a47b5c8449f Mk.gee
[update] mkla 40cceca5-5a55-4343-b588-b38f93a18878 MKLA
[update] mnek 9588e67b-aa13-4906-9618-99357e800058 MNEK
[update] mnelia dd939377-21a6-457b-957a-37ebc9a872f5 Mnelia
[update] mo-horizons 50f8e0cb-e0cd-42b7-b474-f1a321abfddb Mo Horizons
[update] mob-rules c8c22e7d-2647-4f1b-a4c0-edc2e96a200f MOB RULES
[update] mobb-deep 2f0128c2-227b-451f-be66-35e871adbcb4 Mobb Deep
[update] moblack 31917f8d-599b-4c4a-8e05-f9be39110b9e MoBlack
[update] moby 289635a4-0746-400f-b5b9-2842a82ca842 Moby
[update] moca dba58f35-ea8b-4693-b0dd-cdd5e9170912 Moca
[update] mod-sun 150ac567-d0b7-4b37-9813-e42bec29331b MOD SUN
[update] model-actriz 06c9d897-7d49-4a39-8a2a-d691ec41f14f Model/Actriz
[update] modern-english d55add32-aacb-4fae-8842-c16502a488db Modern English
[update] modern-tales bf59f6b6-1d76-4c4c-84bc-e2cdbc310b8d Modern Tales
[update] modern-talking 51cf6341-5864-4656-9ef6-25791c211234 Modern Talking
[update] modern-woman 667bc915-251d-4c2e-8232-33079b0221ae Modern Woman
[update] modest-mouse 202fea71-a05a-472f-85cb-3dad8ed5070e Modest Mouse
[update] modjo c11b4a5e-1569-4222-9de2-bd7fee69f3cb Modjo
[update] moelogo e764c1c8-034b-43e6-8fba-e24610fed91d Moelogo
[update] mofak 3951b121-30c5-4e96-a9ae-08f7b2d910f3 Mofak
[update] moguai 257e6e43-8fa3-49fb-ac35-7840e9216b3a Moguai
[update] mogwai 5f0b40ce-5eb3-4469-be99-db202e7075e6 Mogwai
[update] mokita 8535f840-3870-4d4a-9ab4-e3ea8d8a12c2 Mokita
[update] moliy 41fecf82-fef9-4786-a282-b7be207502f6 MOLIY
[update] mollie-elizabeth 50f68266-2a43-4b56-8f82-c50eff046f62 Mollie Elizabeth
[update] molly-sanden 49efaa33-2580-4140-aa63-18017fb0a5a2 Molly Sandﾃｩn
[update] molly-santana 7fdb25b3-7cc4-4e0d-9aee-fdbebddebb17 Molly Santana
[update] moloko aed7eaee-7277-4d80-86b1-589b2b9f7d3c Moloko
[update] momma 2fa20338-259b-4ba4-93e4-3432f3d60b73 Momma
[update] momo-boyd a5745c1d-ad50-4b13-9de9-624c1d0eac15 Momo Boyd
[update] momoka-tobari b824cf29-7438-459e-a8ad-58a51e2ca1d4 Momoka Tobari
[update] mon-laferte 02ef16cf-c992-4ec6-bed6-b6e32415c9c7 Mon Laferte
[update] mon-rovia c3fb4f03-a22f-46db-8c4d-27c04cdfaa89 Mon Rovﾃｮa
[update] monaleo 9b3a8f84-2ce8-49df-8899-a3d91cbc023c Monaleo
[update] moncrieff 27b8d37c-df5d-44ff-8db0-5d1d3b3d1c5a Moncrieff
[update] mondo-cozmo d084c0c6-1dcb-4e12-b195-2fe01e21a0e4 Mondo Cozmo
[update] moneybagg-yo b11035f5-b3e5-42d6-9c93-9ccb041ccad8 Moneybagg Yo
[update] moneysign-suede 83fcd017-61f2-411f-80cd-86e849bb0b67 MoneySign Suede
[update] mongo-santamaria f238a293-8fd9-463a-a9e3-f3794de90a53 Mongo Santamaria
[update] monica 9b0bbe23-8ea8-4d0f-b9d2-592b0308458a Monica
[update] mono-inc c37fab15-d2aa-4e7a-9125-2b8572eceff0 Mono Inc.
[update] monobloc b3e31aef-8ff7-498e-bbca-bf10426f8db4 Monobloc
[update] monoir 7072987f-6b2c-4ddc-b5de-8c0c8a69665d Monoir
[update] monolink e9546e8d-491c-4fdc-afd1-74965c2d64a0 Monolink
[update] monster-magnet 1869aa0c-35bf-4785-87d5-a2a49742b67a Monster Magnet
[update] montsho-eshe af847b5e-63c9-40f6-a686-0c750b521292 Montsho Eshe
[update] moody-blues 4e48ad6b-d964-46fb-8ff1-27acb1f35509 The Moody Blues
[update] moon-fever 84836329-157e-4896-98a9-16ebaf99edb3 Moon Fever
[update] moon-shine 8d7c7d77-7a6b-4d72-9968-7a7befd8eeee Moon Shine
[update] moon-shot 6cafd03e-5527-422e-b25b-a75bcc066f7b MOON SHOT
[update] moon-tang 93ec7a25-6583-4cbf-ab38-7752838400fa moon tang
[update] moon-walker e242f44f-7d8a-4ee4-a3ea-b9bdeac86f72 Moon Walker
[update] moonchild 738339a0-a79e-474c-8057-f4586635d41c Moonchild
[update] moonchild-sanelly 2510ae28-d1e9-49d0-bd70-0abcbbfaf837 Moonchild Sanelly
[update] moonlight-haze afdb0392-a6af-481c-902c-9b693f9320cc Moonlight Haze
[update] moonshine-bandits 1e879e79-7bc3-418a-b64f-3d0cdd5445f6 Moonshine Bandits
[update] moonspell 9ab4b7eb-e37d-43a5-8c5e-99f8f0bd87fc MOONSPELL
[update] mooski 0dd024bf-2147-4a73-b06b-ffdf1363b252 Mooski
[update] mora-michelle 388593fb-eb5f-4bb1-9996-56231de8f186 Mora Michelle
[update] morandi b8e13bbf-3793-4ac4-b9fe-5ae19bde403b Morandi
[update] morcheeba ff2d5e65-810f-4470-8dd6-24fc944ee1b3 Morcheeba
[update] morgan c8b128ae-d6ad-407d-ad25-04dea22ea2a8 MORGAN
[update] morgan-james 2b1db3e4-95b0-4d29-a1a4-7129deb2f259 Morgan James
[update] morgan-page 707ece93-88f4-48c1-bcff-b75267367dbc Morgan Page
[update] morgan-st-jean 7aa97fa9-4310-4b35-a5fa-266ea410c5bf Morgan St. Jean
[update] morgan-wade e4a7fe18-9b3b-44cf-97e0-be211f9044a5 Morgan Wade
[update] morgan-wallen f6039597-100d-43d8-a470-38563fd1f557 Morgan Wallen
[update] morganway a671154f-a00f-4860-9d8a-edfcfa9d4ab5 Morganway
[update] morgxn 08670f5f-fa9a-453a-97f7-147b7756c8de morgxn
[update] morrissey 0c232c68-d351-4222-bf90-febc7ca8f92b Morrissey
[update] mortemia 9bcba3dc-fd3f-40ea-a994-31684528ffd8 MORTEMIA
[update] morten 855f4c01-9bdc-4c38-b73f-b874ea089697 MORTEN
[update] mortimer b018ccfa-20a7-4948-838b-c10a311c0d7b Mortimer
[update] moruf fe49d03e-9570-47f2-a20d-e794bd03ef31 MoRuf
[update] mos-def f7482acd-aa48-4ed4-930b-42451f98d0ae Mos Def
[update] moses-sumney aab166ef-5e99-4337-9d83-3130f6982471 Moses Sumney
[update] mostack ef4d8476-8bee-485e-a9e1-5bc4918ed339 MoStack
[update] motel-club fbbbf870-b991-4913-8142-a335f75479a1 Motel Club
[update] motels d420163a-272f-4def-a073-02c4cb2d9ff9 The Motels
[update] mother-mother e9a52b63-8858-45a5-bf84-5f837fb3c43f Mother Mother
[update] mothica 094c13a2-0c42-483e-aed6-ddf5e3c01fde MOTHICA
[update] motion-city-soundtrack a6b4c5b8-116a-42b7-9fa1-a604fd2c946a Motion City Soundtrack
[update] motionless-in-white 0bf6a46d-a5c0-473d-b9a6-c62488066353 Motionless In White
[update] motley-crue 43d7d3f1-bf08-4e49-b06a-89cccebf7e81 Mﾃｶtley Crﾃｼe
[update] motorhead d742ea71-f520-4c95-a149-cb9ef74f7849 Motﾃｶrhead
[update] mount-kimbie 4ad67eb7-4909-4067-9987-16e9d17b87b4 Mount Kimbie
[update] mousse-t ccfbebaf-460c-4005-b095-61df0bb54838 Mousse T.
[update] movements 4201caaf-b79f-4217-838e-8194675aa68a Movements
[update] moxie 1f79b0f6-5632-4a3f-b88f-2cc8a4629ae5 Moxie
[update] moyann 63df587e-909c-43ac-9bec-fb7451022a44 Moyann
[update] mozey e334fb1f-ce14-43cd-a293-ba83a813fc3e MOZEY
[update] mr-eazi 2c0168d0-0609-445d-8331-a8d949097a26 Mr Eazi
[update] mr-talkbox 689f795e-a9f6-4a68-b0f4-d1cba25abac4 Mr Talkbox
[update] mr-big fc77bfab-2535-4cf1-accb-2a70bf8b4ec3 Mr. Big
[update] mr-bill d0a7a2b5-d278-48d1-870c-6a79b21c07bf Mr. Bill
[update] mr-fantasy f6aca133-7bc2-4344-8411-9106679a3cc1 MR. FANTASY
[update] mr-mister 056257f3-7974-4f41-af9b-0ea1a680b10e Mr. Mister
[update] mr-oizo aefd98ac-0f90-488a-b731-1ccc36a28b46 Mr. Oizo
[update] mr-probz 74e51d4c-5386-42a2-a96e-92509ae894e9 Mr. Probz
[update] mr-robotic 026a9fcf-0609-43e8-a4fb-a7e6d347b11e Mr.Robotic
[update] mt-jones 8fac4c26-dc4f-415a-b626-91cc973f53b3 MT Jones
[update] mt-joy e27f3abb-2c92-4440-b75d-6e9c71a428b8 Mt. Joy
[update] mudvayne 5936bc1f-1b6e-426f-b5cd-4f85b8b6fbc1 MUDVAYNE
[update] mufasa-hypeman f8d5b44b-0b05-46f6-b51a-ab4fe9ee065a Mufasa & Hypeman
[update] muffs 59ec8b74-3582-46ba-8ed2-a350ec89ac7a Muffs
[update] mugatu f5199b62-5806-4f8b-9e94-e397045ce5be Mugatu
[update] mulaa-joans 6f8c1ddb-f924-4e36-8f1b-93ae20b12c6c Mulaa Joans
[update] mumford-sons f9736ff4-0b88-4e5f-9ec5-901bafa6326c Mumford & Sons
[update] muna e946af50-7316-4948-8bc9-dc81a9a41879 MUNA
[update] muni-long d9ecca80-2274-4dc8-8a29-fa4993f1ce8a Muni Long
[update] mura-masa acc7e85d-69f6-42da-9ac2-cf94cb6801cb Mura Masa
[update] murda-beatz f7732c76-7d1e-4134-aa98-5c785f85797d Murda Beatz
[update] murder-capital a0173ddc-4f2a-41fe-9eb5-15c21734d9d9 The Murder Capital
[update] murlocs e6914fdc-3b82-457e-bbbd-6af09d4dcbbd The Murlocs
[update] muroki feb8c406-1a5f-46ac-9dba-65391b05a504 Muroki
[update] murphy-lee 7ebcdb01-b73b-4f0a-a357-f96d1056c5df Murphy Lee
[update] murray-head 904f82f7-ecb6-41a3-b72d-52c83304036d Murray Head
[update] musa-keys cb45c970-4289-4148-b109-d12ced95b671 Musa Keys
[update] musalini 44483814-bf95-4194-829a-1ca1a69b9167 The Musalini
[update] muse f5f65b54-46ec-4b9f-a8cb-b2b99daf5a35 Muse
[update] mushroomhead 19463f47-f06f-4672-b0c0-8b951f902f7b MUSHROOMHEAD
[update] music-travel-love 40b25bc2-b69a-4da6-baca-e270ac2428e1 Music Travel Love
[update] mustafa 4a48d2be-05f5-482b-994b-2e79cee8d237 Mustafa
[update] mustard c9152965-679c-49e7-a994-e354391a89ae Mustard
[update] mustard-service 9b2bc53d-56ae-44aa-8cf3-97368349391e Mustard Service
[update] muzz 3ca7bfa9-ea8c-42e7-87dd-fb8689045b4e MUZZ
[update] mxmtoon 2702144f-4364-4ce5-a887-e3931c56bc61 mxmtoon
[update] my-bloody-valentine 0c2d7e54-4d28-4cec-a5ed-c5cc04c90d38 my bloody valentine
[update] my-chemical-romance 7d9841c7-eb5b-463d-bbe0-31051dbebfd8 My Chemical Romance
[update] my-first-story 1440a287-bc02-4cf6-b084-777694de3f47 MY FIRST STORY
[update] my-kid-brother 97f606ff-b805-4a96-bf00-a2be394879a2 My Kid Brother
[update] my-morning-jacket 2184b02b-8b5e-4cb7-bfc4-084256a1fdcb My Morning Jacket
[update] my-new-band-believe 51c13c1a-5195-487a-a41c-cc9263ec0794 My New Band Believe
[update] mya a74827ba-04bc-47c2-ad66-aa40ea4a4ba9 Mﾃｽa
[update] myke-towers 96b04a77-5488-4542-ab89-ddc9b54ef47f Myke Towers
[update] mylene-farmer a65f807f-5ed9-4da1-9d4e-866fe664cd7e Mylﾃｨne Farmer
[update] myles-kennedy d8a5f5fb-8150-48aa-aebc-7ddafac5e42e Myles Kennedy
[update] myles-smith 2ccc7dbb-77ce-4885-aa22-3cb1db3de593 Myles Smith
[update] myrath b2ac80b3-9446-40bf-ada0-5fdcf97663d7 MYRATH
[update] mysterines a21655b1-572d-47a6-ba38-e1d4494e0c03 The Mysterines
[update] mystery 8c961a75-b0b6-4896-8a7e-5b72a5ce00bc MYSTERY
[update] mystic-merlin 9dd4b167-eb45-4509-8a26-a778469919f9 Mystic Merlin
[update] mystikal f151e5c6-5f06-473c-b244-668048e9bf46 Mystikal
[update] mzlv 154c9d1e-12a9-4a18-b586-4998edd9d023 MZLV
[update] mo a02643e8-1098-4c50-ac4a-4ce67d3f8424 Mﾃ・[update] mome dce71448-5253-4325-bbff-34eb0137022a Mﾃｸme
[update] n-trance 03e1a94d-59ac-4163-b54e-14f15e91befe N-Trance
[update] nwa e45f4282-adea-4b6c-89d2-053cc6cc1a66 N.W.A.
[update] nadia-batson f557da24-1bc9-420e-b36d-e1f37992fcf2 Nadia Batson
[update] nadiah 0146a614-ee16-4287-ae87-4b54911d3fb0 NADIAH
[update] naeleck 9d1f0097-ce26-4b86-9d4e-c3800e74d0d3 Naeleck
[update] naika 35bf7c41-77dd-4dc1-8123-575ae753ddc0 Naﾃｯka
[update] nailah-blackman 863fbe33-bc3b-4439-976e-a652dbc3a422 Nailah Blackman
[update] nakalness 637fc332-f827-4441-a9f4-6257b60d5b7c Nakalness
[update] naked-eyes 827bb3c3-fbe2-4f7e-9fca-fe1b036a131b Naked Eyes
[update] nala-sinephro 93ba3a55-eaa0-4dd5-80c9-4129bcbdabf1 Nala Sinephro
[update] nanna 5de66802-316f-445a-9784-dc6f6c7cae74 Nanna
[update] nao 0d735e15-e67d-4d42-9102-c9f65b709421 Nao
[update] naomi-campbell a8798cad-d8ef-4761-bf9b-6749c14c1b8b Naomi Campbell
[update] naomi-jon 253de6b8-b572-4a9e-9885-cd166bc16131 Naomi Jon
[update] naomi-scott 68c9da2c-fe17-46d0-aebb-7be390617c44 Naomi Scott
[update] naomi-sharon 8233d739-3dde-4bcc-b41c-2a1184bcd567 Naomi Sharon
[update] naomi-wild a8eaffdc-788e-4f91-b9fb-7c065d4a0b72 Naomi Wild
[update] nappy-roots e044ca9b-ce48-44a6-8a07-020c0d641a2b Nappy Roots
[update] narada-michael-walden 608db602-fbaa-4981-86dc-c18a5e271cbe Narada Michael Walden
[update] narvent 4eb88d22-b370-4c0c-b0ef-2d2406047532 Narvent
[update] nas eb50ec3b-221c-4137-92f6-cc2e1df14982 Nas
[update] nasaya 0c606e0b-c1d7-413e-9a6e-265d937ac733 NASAYA
[update] nasty-c a1aeb330-d665-4e69-8c56-7be7ff30044e Nasty C
[update] natalia-chacon 67fc57ce-84ed-439f-9dc5-8cd82a0ce471 Natalia Chacon
[update] natalia-lafourcade 9fc1858d-7c11-43f6-be65-c85eea000f37 Natalia Lafourcade
[update] natalie-duncan 2c4f8748-b614-4f99-975e-b47013717e35 Natalie Duncan
[update] natalie-gioia 834d3757-2185-418f-a932-013def9b9a6c Natalie Gioia
[update] natalie-imbruglia 2161c30f-e0bd-4f20-8799-4092df555f46 Natalie Imbruglia
[update] natalie-jane 4ef02b16-0962-4d56-9dd9-fc948fd3d5fa Natalie Jane
[update] natalie-la-rose 8962ea8e-00b6-40a0-a942-9f6e91c62e6a Natalie La Rose
[update] natalie-merchant 4b4aa470-6ef6-49e1-a67d-2c7c4d7f7f7d Natalie Merchant
[update] natasha-bedingfield 4171192a-8aa1-4c7b-a802-53c4f875065b Natasha Bedingfield
[update] natasha-mosley 3a5455e9-ba3e-4a8e-a2ed-6305f3d07e5e Natasha Mosley
[update] nate-dogg 19643af2-ca4a-4928-8688-d32ea51ee7c4 Nate Dogg
[update] nate-smith 74f7c924-276c-43fd-a519-a3c31c8fa20a Nate Smith
[update] nate-traveller 55d34dd8-4ea3-4eca-884f-c44e5fead3af Nate Traveller
[update] nathan-dawe 97c88b9c-81c8-43b3-a369-146ff11e13e4 Nathan Dawe
[update] nathan-evans b0b8ceff-c47a-420f-ba77-18d1b9993afa Nathan Evans
[update] nathan-nicholson 80ebd54d-216a-4ce7-abde-c5222c17da59 Nathan Nicholson
[update] national 6a8d21e1-0f0c-431f-b1fa-97abf605de30 The National
[update] natisa-gogol 8ce06f13-f9ba-4f2b-9c12-6c8862be8129 NATISA GOGOL
[update] native-howl 47aebda7-a083-4ba5-b4b2-97c07723349e The NATIVE HOWL
[update] natti-natasha e895b0ed-c670-42a4-9176-4f7a95b45c1e Natti Natasha
[update] naughty-boy 3a4f9630-4cbd-4678-814e-7cb82789c951 Naughty Boy
[update] nav 5912ee05-9e48-40f6-ae9a-6fb5c149efe7 Nav
[update] navjaxx 71fdb528-67fa-4a2e-8a0d-5a18c83d0247 Navjaxx
[update] nazareth 8b8293be-314f-4803-a13f-cd882e4c62e6 Nazareth
[update] nazzereene b036de77-7e30-4f5f-afa9-323164451a80 Nazzereene
[update] nba-youngboy 7324310f-6aad-4790-bc5d-85b10ab5ecee NBA Youngboy
[update] ne-yo 34c2ede2-affe-4eb5-bf03-aadec7aed80a Ne-Yo
[update] neal-francis 2015aa26-bda3-475a-8c43-b0792bc9abb9 Neal Francis
[update] neal-morse-band 9d036941-acff-4cdd-b82e-0dfa06e53864 The Neal Morse Band
[update] nearly-deads 0cc8f1f2-3e89-46b1-8bab-f28639584b21 The Nearly Deads
[update] nebulossa 1725b112-ed67-4573-8a2f-b60ededa4288 Nebulossa
[update] neck-deep 6762d10b-cd4a-44dc-ae01-ea8141501dee Neck Deep
[update] neeka 3a0ef321-02b8-4ee8-af14-7200c0470c55 NEEKA
[update] neelix 5e87dacd-f652-4c95-8b1f-a9b93d00a2d2 Neelix
[update] neffex db76e84c-6d3a-4990-8028-2c9c250c3fdd NEFFEX
[update] neighbourhood a9462cd6-d5bd-4fc6-8c33-aecc4e7bb414 The Neighbourhood
[update] neiked 68fde75e-7d64-4544-a9ac-640d6bae42e8 NEIKED
[update] neil-diamond 320f8476-1f99-412a-8df1-4f912bd750b9 Neil Diamond
[update] neil-young bb3ac388-4025-4d71-b86a-5bbdc7959229 Neil Young
[update] neil-young-and-the-chrome-hearts 484b4ff0-29e5-4148-8d4b-08cba4907ca6 neil young and the chrome hearts
[update] neimy a0d20678-8ae3-490c-83e4-7124f9ed1851 NEIMY
[update] nekrogoblikon 49bfd764-2b80-4829-8200-86b1d63b940d Nekrogoblikon
[update] nekta 21d16752-9c26-474d-b4ad-65c6743e4426 Nekta
[update] nektunez 45948049-b69c-4915-929c-84caf3b4a576 Nektunez
[update] nelly 083755c6-fb68-4b4f-94e8-3fefe300896c Nelly
[update] nelly-furtado d9e0883d-f2e4-41af-ad7f-84441de2f809 Nelly Furtado
[update] nemahsis 96da5d8d-b0d7-44d8-9852-01d4084680e7 Nemahsis
[update] nemo 956fb5d9-d19e-4507-8c4e-8dfd3392b372 Nemo
[update] nena 9e99e3df-ba52-4183-991c-8f061485ef04 NENA
[update] neneh-cherry c8b11962-c550-4fd4-a660-3bad568c70ca Neneh Cherry
[update] neon-dreams 69dbe97b-60ed-4caf-b5bf-d3ebd17a8d62 Neon Dreams
[update] neon-trees 18522fe6-2865-4232-941b-3169c11af571 Neon Trees
[update] neoni 592bda9c-6c18-4c1d-a702-a1e0c8810b6e NEONI
[update] nephew-jones dc2ea70d-53b4-41f2-83d5-f4ad354e8c8f Nephew Jones
[update] nervo 72a6a7c8-f919-42bb-bdc4-19e45cd45565 NERVO
[update] nervosa adca4126-0638-4142-a0d9-6ae6e5766555 NERVOSA
[update] nessa-barrett d2021db5-104d-4ae8-8b94-873e584aaa17 Nessa Barrett
[update] nestor 004ef076-6f6f-4be5-b948-e50fd5b6da9f NESTOR
[update] netsky 997d8db4-fa8f-4cd5-bc78-ea740c57d065 Netsky
[update] netta e797dc08-a104-4bee-9a89-e4ab5be5cf03 Netta
[update] never-dull 40642d8a-c4df-429e-894f-660388546074 Never Dull
[update] never-obey-again 4485584c-1bb1-41c1-a808-4a6aa5b37a0a NEVER OBEY AGAIN
[update] neverminds 93283a82-c085-4a1f-af19-430698012bad The neverminds
[update] nevertel abf9e8ba-4e59-424d-97b8-dfb9b8ac3411 Nevertel
[update] new-aesthetic 47e01b61-c0db-4d67-b5c6-5e0282e7bcd6 New Aesthetic
[update] new-age-steppers 6864451a-b1bd-4784-8eaf-dae2f6b8f00b The New Age Steppers
[update] new-constellations 99b9d7c3-6089-4441-b146-1a3178f5c990 New Constellations
[update] new-edition 520316e8-58d8-42b0-b8c6-f74d333de2ad New Edition
[update] new-found-glory 1ad01e76-9e6f-4f84-b40f-1025638471ff New Found Glory
[update] new-friends 92fe1579-1379-4c40-9428-d9a651b701b0 New Friends
[update] new-hope-club c555e881-bf10-40f5-974d-ad2598ee0b44 New Hope Club
[update] new-kids-on-the-block 2d1267a3-3779-4edd-a3ba-e30bb679ad9e New Kids On The Block
[update] new-medicine 045cc3fb-246e-45b8-87d5-5d9e0aba3729 New Medicine
[update] new-order 7164dcc2-5a51-4f2a-b1e0-057127d803f3 New Order
[update] new-radicals 77dfd204-40eb-487a-8610-d2e771253292 New Radicals
[update] new-roses e4ea4aec-091c-4ab4-ae8d-540c551a3c96 The NEW ROSES
[update] new-rules cb1870dd-763f-41ba-af65-0a2804ba6060 New Rules
[update] new-west 86623e54-4adf-4d57-b814-5d4ca2c67ea6 New West
[update] newdad 8b7ef340-eeb8-4bbf-b5cb-01383141bfa8 NewDad
[update] newsboys 32ca6b24-6e7e-4575-9f2f-bdc6e1bfc9cb Newsboys
[update] nf a60c73db-e12c-4f32-9b5f-dded6c467a0c NF
[update] nghtmre b07d17b8-6123-4e46-8258-c3a126310183 NGHTMRE
[update] nia-archives ea7f7c37-1ea6-4d2c-8cd6-fea97baabc9b Nia Archives
[update] nia-smith b5737fd8-e6fc-4b0e-93f0-826885efe3ca Nia Smith
[update] niall-horan d1cc647c-7bb0-4108-8a93-4a9e8d63f6ac Niall Horan
[update] nic-d 589eb250-ca76-49d6-bf53-c074e7d2d6dc Nic D
[update] nic-hanson 832b38ff-4903-45b8-8565-af71ee24463c Nic Hanson
[update] nice-nasty-3 ad25febf-7b81-4a3e-aa0f-66089fad188a Nice & Nasty 3
[update] nick-carter b8c22a9e-c313-4d1e-9139-76aca3474fad Nick Carter
[update] nick-cave cb5014a1-27c2-44c3-a520-c464f352d26f Nick Cave
[update] nick-cave-the-bad-seeds acdf2b8f-c76d-4fea-af0c-f03bdec74376 Nick Cave & The Bad Seeds
[update] nick-hexum 2b4d88b7-ae87-4a9c-b047-d7f4ac239869 Nick Hexum
[update] nick-heyward 68753d5f-24dc-44b7-8fdd-948b98e83c57 Nick Heyward
[update] nick-jonas c68255c4-8034-4b18-b0f9-63295fdfa706 Nick Jonas
[update] nick-leng f7b9d629-1a85-431a-9096-a6c43446a258 Nick Leng
[update] nick-strand 10b47903-b1d3-4004-9c81-437b2de25041 NICK STRAND
[update] nickelback 1e82ba62-fead-4cb2-a216-57e7bdf8f766 Nickelback
[update] nicki-minaj 4bbef356-8ee6-4901-83d0-68be0a7d0c9e Nicki Minaj
[update] nicklas-sonne 14c23bc8-62ce-4076-b1e1-74ed9feff219 Nicklas Sonne
[update] nicky-jam 06c0faec-288c-4496-919f-71124a07c289 Nicky Jam
[update] nicky-romero 4b785ce3-5f15-4240-936c-fab518d74b4d Nicky Romero
[update] nicky-youre f8099690-d7a1-4521-9b96-fcc4b8805634 Nicky Youre
[update] nico-vinz 6033ba31-33d2-43ae-ace3-c8c237664410 Nico & Vinz
[update] nico-santos 066e8458-5cd6-4de2-82b5-8a8e9a9c49a0 Nico Santos
[update] nico-vega 7774279d-c9c2-416b-85d9-33fa7d3b3a0f Nico Vega
[update] nicolas-jaar 96dfd8de-2084-4978-94a3-cf7f1095aeef Nicolas Jaar
[update] nicole-bus 867d72ac-67b3-412f-be6e-7ace5d77e3ae Nicole Bus
[update] nicole-scherzinger d26578df-b4d9-414e-a5fb-196d4a8d1acd Nicole Scherzinger
[update] nicotine-dolls 25039fc1-3b13-4afc-8d59-56e5786b8ca3 Nicotine Dolls
[update] night-club 3fd67af3-dd3d-4f05-b372-d86987b1cb70 Night Club
[update] night-flight-orchestra 2168fa6e-a6ef-4a58-88ca-ae8498f510b1 The NIGHT FLIGHT ORCHESTRA
[update] night-game be37d617-db35-4dd7-aa8a-a78644fd0c4c Night Game
[update] night-habits 33c57143-7176-44b6-bac8-ee35005d1168 Night Habits
[update] night-laser 1860a2d1-740d-482d-97e0-c3d8f4c707b4 Night Laser
[update] night-ranger 8db6921c-ccf0-40e6-becd-890e79dadcab Night Ranger
[update] night-tapes 3887cbdc-3f69-44e3-8912-2ae450ff427a Night Tapes
[update] night-traveler cacbe349-6973-4d3a-9861-848242900db5 NIGHT TRAVELER
[update] night-verses 91652a19-8dec-4a34-9138-132c4d5b7366 Night Verses
[update] nightbus d7637b07-b4d2-4815-8dfd-17d863d50065 Nightbus
[update] nightcrawlers 2a51bf44-acf0-40d3-a4f3-d36fec85c8fd Nightcrawlers
[update] nightly f3e07ca6-9426-4fa7-86d6-13353590bf42 Nightly
[update] nightwish 34038ca5-c399-4ab7-8ee3-7e186a45ae74 Nightwish
[update] nik-kershaw 3275627d-f2c2-44c8-8747-780bcab0a237 Nik Kershaw
[update] nik-west 906f7d3c-3e5c-4740-ba21-1fa4d5870250 Nik West
[update] niki 2d856d0a-db3d-43e0-8409-dd729906f402 NIKI
[update] niki-the-dove 1d703d0a-f9e4-48ce-873f-cbedc64904a7 Niki & the Dove
[update] nikki-lane 72db3718-d773-411d-9234-f383c4be0440 Nikki Lane
[insert] nikki-nair 7dfd3fed-697f-4e39-8093-fa5a229d8e48 Nikki Nair
[update] niklas-dee 4e9750ea-3f67-4410-9828-2470a80d1b75 Niklas Dee
[update] niko-b 94b00a1d-df4a-470e-9af1-a6fbc7c9937c Niko B
[update] niko-moon 3c0f8e7c-eb07-4851-b89e-de36e847a9fa Niko Moon
[update] niko-vilhelm d6edecb0-5cd1-4f65-9584-1a1986478650 Niko Vilhelm
[update] nile-rodgers 2e01e750-5edd-4c61-8390-dad98fbc43df Nile Rodgers
[update] nilufer-yanya 1f114e90-ab11-422e-8492-7c88a124728d Nilﾃｼfer Yanya
[update] nimino 3a2787b2-875e-4c70-9b75-2b1814027cbf nimino
[update] nina c2f9e77c-684e-447d-85a0-922546412acb NINA
[update] nina-chuba 5d548c92-4230-4829-a62e-cb3f0e35f85b Nina Chuba
[update] nina-nesbitt d9a4e6bc-433c-4c6a-a60b-6e2e8f123cc9 Nina Nesbitt
[update] nina-persson 3d07d0a8-c557-407e-a4bb-04a47be8d698 Nina Persson
[update] nina-simone d621cda1-1101-4e2d-b7d7-3c9c26ce8246 Nina Simone
[update] nina-utashiro 07d179f4-5c99-47e0-b1e3-b371d3fa9362 Nina Utashiro
[update] ninajirachi 24ca57a1-34ba-4386-968e-9d45062d670b Ninajirachi
[update] nine-inch-nails 33bce40a-e09b-4915-a0d8-782446dc70de Nine Inch Nails
[update] ninet-tayeb 74dd8f06-3adb-47ad-8e48-86a3772406f9 Ninet Tayeb
[update] nini-music f02f9ef1-9228-41a9-9536-aac937834e3f Nini Music
[update] ninja-sex-party c353d57e-1bc4-4d10-9a62-abe4eb4392d6 Ninja Sex Party
[update] ninth-key ce8deaf9-cb36-479e-badd-e03603a6720b Ninth Key
[update] nirvana 3c5e0c36-a3d4-4d46-b58e-61ec62369c4b Nirvana
[update] niska 53aceadf-047a-4725-990f-568513e0df2d Niska
[update] nitefire f6616e82-6ca9-4716-9905-6cb7a3f230b9 Nitefire
[update] nitroverts 41a295cf-687c-4c2e-93a2-5f1d6cdbe188 Nitroverts
[update] nle-choppa b38ca0ed-ec73-44d3-ba48-32e73fbec6fe NLE Choppa
[update] nle-the-great debe53b6-5204-4c41-8971-bce1bdf5157d NLE The Great
[update] nmixx 0ea72da5-5ae0-4e35-8949-04bc70e04c82 NMIXX
[update] no-doubt 93eaf329-210a-4236-bd71-1e5c03d42ecd No Doubt
[update] no-guidnce 8755ab70-d058-46c0-be5e-4f03f7ead4ae No Guidnce
[update] no-id 40a3be8b-0acf-4d49-aba2-5e67c25dc5ca No ID
[update] no-na 20deaf1b-c1f5-4a95-b87e-68e870ec3af1 no na
[update] no-resolve 94841f34-787a-4b41-b88f-541bae14cad5 No Resolve
[update] no-rome 500e840f-58bc-4d2b-8df3-96d2c9a8d0b6 No Rome
[update] no-suits 475402b4-4410-4785-a6d9-afd3e585f5c0 no suits
[update] noa-kirel 5f51c5ba-8bfb-4944-b007-24775f2c730b Noa Kirel
[update] noah-cyrus 8a0162b7-ddca-4e6e-9a6d-f41fc3ed778e Noah Cyrus
[update] noah-kahan 43e72ded-a32e-4d53-adbd-3b6a728132cb Noah Kahan
[update] nocap 08a0bcb7-28a6-4a61-bb02-2109a85d3d15 NoCap
[update] nocturna 65d6a4cc-0f46-4d64-a213-7512eba26ce3 NOCTURNA
[update] noel-gallagher c06d22d1-211c-4066-802e-f26ef9043f4f Noel Gallagher
[update] noel-gallaghers-high-flying-birds f25456b9-988d-43ef-a3f9-c1af662e0ad7 Noel Gallagher's High Flying Birds
[update] nofx d53677df-ce37-4623-bdbc-d64b1c6f3da0 NOFX
[update] noga-erez 65c97d78-9c7a-4d1a-9dff-75ccd917abc4 Noga Erez
[update] noisemaker b5b48edb-454a-4bb3-8516-a0d1c2afc57e NOISEMAKER
[update] nombe dcb0745b-d3f0-4ad9-adf8-06c4f7062265 NoMBe
[update] noname 553c6777-b54b-4f0e-8f71-cbfaf28987cd Noname
[update] nono 17486be6-7733-4edb-b4d4-06603d60cba7 Nonﾃｴ
[update] nora-en-pure bff54c77-843d-45c0-8618-42e42ce4c66f Nora En Pure
[update] norah-jones 06cc9b7f-a5d1-4f70-9922-03e7ded8d10d Norah Jones
[update] nordic-union dc19d3a3-ef5c-41a4-8033-5401ddd40d5a Nordic Union
[update] norma-jean-martine 924ea9d7-edfd-45a1-a330-e4e396ea5ba3 Norma Jean Martine
[update] normandie 531cac14-8744-4dfd-b611-c48ef051c25b Normandie
[update] normani bd1723ac-dde9-45d0-8773-bd56e3bc2816 Normani
[update] north 5ea26bab-8bd6-4cc3-b5b2-0fb0264606b1 NORTH
[update] north-west fe5fc9d4-6a2c-4d72-8ef3-bcdc70c4c3ba North West
[update] northern-boys b3643d04-1228-4c29-83bd-0dfd8410edb5 The Northern Boys
[update] northlane 62894a05-7ad0-469f-ae12-21668599e40b Northlane
[update] not-enough-space 4817f100-88ec-4d7c-9f18-27127a333948 Not Enough Space
[update] not-for-radio 0667669b-c4da-4197-96c7-0b66df8291ff Not for Radio
[update] not3s 55311480-a07a-41a4-a945-4f5be646b955 Not3s
[update] notd b94b75e0-8b42-475d-bd02-bc08afd08407 NOTD
[update] noteline e00be6c5-c555-4044-aa5f-245961a9ad03 Noteline
[update] nothgard 80a342f3-cb91-4eb4-9584-ce3372c4b07b NOTHGARD
[update] nothing-but-thieves 93962a68-b080-45fd-b1e0-05eb6e78f811 Nothing But Thieves
[update] nothing-more 1c24ac19-88a6-426a-b6e2-5a74e11edf7f Nothing More
[update] nothing-nowhere b157bbe1-dedb-4b3f-bc6b-5c39a2874525 Nothing,Nowhere.
[update] notion 51db0ae8-ff4a-49de-99a9-890fbba6afea NOTION
[update] notorious-big b7f49e37-6801-4669-9a91-f1f2fd42e37d The Notorious B.I.G.
[update] nour 0d7e3a63-cbad-42c9-a1e4-f942a539f3c8 nour
[update] nourished-by-time ad8c6f1e-f574-4bf2-8e10-9e6ff8569f2f Nourished by Time
[update] nouvelle-vague 6a7aeaac-e6d4-44be-a9ff-e3c540ac9b46 Nouvelle Vague
[update] nova-may c07aa2dc-8cfc-419e-9838-8cb7ed1fd3b6 Nova May
[update] nova-twins 872fadcc-73dd-4ae8-8fa9-ac93c1b69f34 Nova Twins
[update] novelists 4994a6f2-c74f-42d6-a7f9-2bbe26005685 NOVELISTS
[update] november-kid f8f99567-0d9a-4907-b947-a3433e2143f0 NOVEMBER KID
[update] november-ultra eef8b28a-87ec-44a1-82a7-7bbd639d12f7 November Ultra
[update] novi 942ccca5-2585-4693-981c-07774a188e4f Novi
[update] now-united bdbabd85-e5e4-4ffe-972e-4205de7f0279 Now United
[update] nowhere-left 0fd330df-cace-46d0-ab36-9b9207556bce Nowhere Left
[update] noxatra 8a13508f-3468-4dde-9f7d-3351d0508a1a NOXATRA
[update] nsb 4f0de74c-867d-4350-8ff5-0fdfdc803cb8 NSB
[update] nsg d708b052-2a8b-4cbf-8746-5b0d3e88870a NSG
[update] ntate-stunna 58e11af2-db99-4cbc-95bc-40c8e1076793 Ntate Stunna
[update] nthabi-sings 179b0555-141d-43d0-b76a-bdb392c7cf4e Nthabi Sings
[update] nu-shooz 97f94356-4087-4d44-9edb-34b226e25c4f Nu Shooz
[update] nu-la d1c71c19-4b73-4c79-a95b-6c723b4c42f7 Nu-La
[update] numa 027122f8-f04d-43df-b0fa-9d27d868cafe Numa
[update] nurko 3c0e1e7b-813f-4729-a235-628496545873 Nurko
[update] nxdia aaf42ca1-ae46-4599-8adf-b9259bb2d27b Nxdia
[update] nxworries 7dddd73a-a38f-4c11-997f-253480a58e07 NxWorries
[update] nyshelle 9b549604-0662-4ed6-84b0-5cd99c94206f Nyshelle
[update] nyv 9fa4e9bb-c18b-4f27-8dbb-f299c6af9aea Nyv
[update] nyxjvh 52913197-8001-4a64-99ca-e7883d6602e5 Nyxjvh
[update] ojays 2042c0e9-7258-4e4f-85ac-4c181426a948 The O'Jays
[update] oaks c3e71f2c-56c6-47e1-9eaa-f3cb45147a04 Oaks
[update] oasis a34429e2-acca-4cac-86af-ce536c479735 Oasis
[update] obang ec603483-aca4-494e-8652-25c6436558c8 OBang
[update] obongjayar 4cefdc97-e3c0-40ab-b8f2-e3421ca5e526 Obongjayar
[update] ocean-alley d95226d2-386e-4d28-80d0-ad411b98d050 OCEAN ALLEY
[update] ocean-colour-scene 6ce72b0c-acaa-497a-8b27-d1a280b960b5 Ocean Colour Scene
[update] ocean-grove 4b3a3b23-8f58-446f-90e7-febf530438ee Ocean Grove
[update] oct e2a7f1d9-c98a-458f-b4d3-a1890b5ddc73 OCT
[update] october-london 485120fa-f793-4f49-8dbc-f5da859b7cb9 October London
[update] ocula 0966be47-326a-4e03-8693-ce988882bf5d OCULA
[update] odc 7c5951db-0a88-4f49-b497-044a46491fa5 ODC
[update] odd-mob a5d19a49-02c4-42de-81c3-63e0143f9368 Odd Mob
[update] oddko 62ce8239-56be-4d1d-bac2-6baa3fc3c5cd ODDKO
[update] odeal 09c373e7-fb9d-4d5c-8157-2f745145a839 Odeal
[update] odesza 8a7e3f89-e1f6-46fc-aaf9-5ef23cd5d687 ODESZA
[update] odumodublvck 1f5d8036-b547-4345-9fc0-0849d40e67b8 ODUMODUBLVCK
[update] of-mice-and-men 81b8b00c-0595-4ce4-9f55-ad8ca8022692 Of Mice & Men
[update] of-monsters-and-men 1e8baaf1-4cfd-43fb-9017-891be4e57a7a Of Monsters and Men
[update] ofenbach 8952dc0d-2a9c-4abe-a260-ac0a207f48a4 Ofenbach
[update] offset 86b5035b-d51b-4e15-9e79-018af52f8493 Offset
[update] offspring 9f42fac9-f63d-4ff9-a3c2-373b7b731063 The Offspring
[update] ogi fc75e397-374b-43be-81c6-196b2fc8729f Ogi
[update] oh-hellos 7f88b836-519f-401b-a2e1-54b38777ca97 The Oh Hellos
[update] ohhyuk 5185ab38-d1f9-4861-a566-5b1e6829e2ff Oh Hyuk
[update] oh-wonder 51ef4f76-2f68-42d0-a339-6689b67e209d Oh Wonder
[update] ohio-players c37e8877-a958-4480-9380-846415231691 Ohio Players
[update] ok-go 109fe519-fbf2-49c5-8951-3d171b813838 OK Go
[update] ok-goodnight dc1f5d89-7455-4a7a-87de-a47354a3ace2 Ok Goodnight
[update] okay-kaya df1aa315-6030-4c93-a72f-1e7c2569087c Okay Kaya
[update] oklou 77088344-959b-4a5c-b88e-c937a68e4c14 Oklou
[update] olafur-arnalds ead2e85c-caf4-4152-bbc1-d284ed33eb8b ﾃ斗afur Arnalds
[update] old-dominion 24a77a21-4b71-474f-aa9d-d800a4edda9a Old Dominion
[update] old-flame 9eb47d0c-506b-4376-a768-9bd85fe9e7c2 Old Flame
[update] old-sea-brigade 41751a1a-a90e-4fb4-9c0b-bed9ed4a4c32 Old Sea Brigade
[update] ole-60 a4fd28e2-a200-41b3-a00c-c187337c4b78 Ole 60
[update] oleta-adams c7d139b4-d2f7-47e2-b81b-3c0e3fd4fb74 Oleta Adams
[update] oli-sykes da90599b-8265-427d-b51a-944dd9f626bd Oli Sykes
[update] olin-mattiblue 03c2f186-553a-4308-9552-f3f5fbe6089c Olin MattiBlue
[update] oliva 1d401e0c-0d37-4971-a18a-8d522de6cc15 Oliva
[update] olive-vox b9c7bc32-ff11-45f6-a418-bf5c7cba8f1f Olive Vox
[update] oliver-anthony 6f62729c-148d-4103-93fc-924e3382b547 Oliver Anthony
[update] oliver-heldens a34fa7f1-4fea-4499-af17-353ab5b08a28 Oliver Heldens
[update] oliver-tree f5f69e84-db54-454b-8911-5f5aec2c8a89 Oliver Tree
[update] olivia 936ac3d4-67dd-4e6c-85d0-2ed37cdaa53f Olivia
[update] olivia-addams b9a13fa2-b7d3-41f5-9aaf-65218fc564fe Olivia Addams
[update] olivia-dean 631f984c-691b-4575-ab37-b285c452e9d7 Olivia Dean
[update] olivia-newton-john 2448fff9-9e49-45ee-8e97-5a883c7ba21c Olivia Newton-John
[update] olivia-obrien cea908bd-6874-4b33-afb3-3447f891dc82 Olivia O'Brien
[update] olivia-rodrigo f9e25268-d64f-461a-87ef-fd5e6f651c95 Olivia Rodrigo
[update] olivier-giacomotto 1bf3d386-34e0-4127-8f10-db166904af38 Olivier Giacomotto
[update] olly-alexander bca818c0-23ed-4f61-a5e8-48c5a3e667a5 Olly Alexander
[update] olly-murs 918cef4b-cbdd-4fe9-8fe2-ffc8f9100197 Olly Murs
[update] olympic-runners d1a81763-0aca-4118-bfcc-63a16ad92355 The Olympic Runners
[update] omah-lay bcb6863d-6be0-4783-ab89-48cc9f52215f Omah Lay
[update] omar-apollo 1eb66ef9-11ae-4a1e-80f4-e98415c197d2 Omar Apollo
[update] omar-souleyman 3e113d7f-1df4-486a-a82f-655786848b30 Omar Souleyman
[update] omarion 685ec6a6-0136-4166-bc3a-e5c01cf4f86c Omarion
[update] omega d1db84bd-656e-4ba1-9d5b-6b901792cff4 Omega
[update] omg-girlz 76300608-e284-45a6-9911-ea342b1d6fe0 OMG Girlz
[update] omiki e6b51ffb-8b25-44b2-aa9e-247df689b9ee Omiki
[update] omnya b98391ef-0cc1-4f4b-9330-ebb3a168624c Omnya
[update] on 6a0cd815-7bbf-459d-bc7d-7229985eaf73 on
[update] one-desire 28a2f4ad-bf18-410f-9491-343f7fe54b03 One Desire
[update] one-direction 9bbc257b-94fb-482d-9e44-ac28c613e66b One Direction
[update] one-morning-left 3192b79e-a106-4ae0-879a-e805cda28a59 One Morning Left
[update] one-ok-rock fe869a2b-33cb-499c-bcad-4298e44822ae ONE OK ROCK
[update] one-true-god 289780c1-7e2f-4eb0-9749-50a9ed650721 One True God
[update] onefour cd71f66e-122b-4fd5-ab2e-c3892bc46db6 ONEFOUR
[update] onerepublic bcf20846-5d82-4c00-af21-09e74743d7e4 OneRepublic
[update] oni 44425a30-37e2-4051-9231-50114d927b5f ONI
[update] only-the-poets a55a3fcd-8bd5-4c74-a6c3-0001064439b2 Only The Poets
[update] onuka ab971aa0-93af-4f5a-a80e-098b6150ebf7 ONUKA
[update] oona-doherty f3cbe335-fe10-40f5-8c32-4b87be2b95a1 Oona Doherty
[update] opeth 360ec3ab-8f87-4fb5-ae29-8a8a01a1f289 Opeth
[update] opus-iii ed7ab126-2b40-4285-9753-c4de7f1542bf Opus III
[update] oracle-sisters b1c084d3-e07e-41bf-bc38-f6de86ab2493 Oracle Sisters
[update] orange-juice 31d993f0-395e-46c7-ad05-77c182a9fc8f Orange Juice
[update] orb 19717ab1-95b6-4cf3-acfa-d04e96e66b88 The Orb
[update] orbit-culture a1a75337-9b4b-4de2-b079-9aa577b5499f Orbit Culture
[update] orbital 4b4316f9-1080-4177-833d-ea9a704e7ffe Orbital
[update] orchestral-manoeuvres-in-the-dark add6069d-990b-4787-801b-d32d414769ba Orchestral Manoeuvres In The Dark
[update] orden-ogan 7ad4953d-849a-4c6f-b805-ee5166cd1b81 Orden Ogan
[update] orgy a3c5c7de-5d56-4af2-9f64-9727ad7cd1c7 ORGY
[update] orianthi 98585917-1e58-4c08-ae86-c0a80794d568 Orianthi
[update] origami-human 866036a4-8e2e-4f08-b214-535454121feb Origami Human
[update] orjan-nilsen 3f5a438f-4d3f-453a-8a6a-32d854a94bec Orjan Nilsen
[update] orla-gartland 5a2d27c2-693d-4d94-89a2-509d4bc6a9fa Orla Gartland
[update] orlando dbb704d0-f850-4e74-a03a-b633c2647a2a Orlando
[update] orvak 9afba5b8-a4b6-4378-9fc8-88ad6a54b011 Orvak
[update] orville-peck cb338e7b-2730-4079-b6a6-18130fef4df2 Orville Peck
[update] oscar-lang 7bc07830-28ea-4fe6-a6a6-bf2193904fa2 Oscar Lang
[update] oskar-med-k 6e02c9de-a659-4bad-8878-6147d3a1f1d6 oskar med k
[update] otiot 98bd841a-b82f-49ac-b3a3-70b0b0f1166a OTIOT
[update] otopia 308d170c-55f6-4cd7-8758-ead813771e13 Otopia
[update] otyken 0e30d814-ddc6-4bc2-a06a-f9487b96dfe0 OTYKEN
[update] our-last-night e4170551-fd21-4a1f-bf8e-699e8ae0a4cb Our Last Night
[update] our-mirage b02b3b32-03a6-466e-a8e2-0f4f3c9af66f OUR MIRAGE
[update] ourson b58cdce6-bb8f-4443-b087-196975333402 Ourson
[update] outfield 974401cf-5262-43cb-b176-19b2b66f7218 The Outfield
[update] outkast fbce10fc-dba5-42ed-b4f2-8788d9ddcb11 Outkast
[update] outlawz 63a8a3af-e502-491f-9f28-66ffc0792186 Outlawz
[update] outsider-heart b562e4e7-f09f-4be5-a0cb-6d688f2e42cb Outsider Heart
[update] overdrivers d8f3f870-40db-4585-ae6e-5792c9c3cf7e OVERDRIVERS
[update] overlordian 8874f5bc-a579-43a0-bdff-048abb13795f Overlordian
[update] overpass 5e997d65-a823-4bba-85f2-236538394fe4 overpass
[update] ovtlier 6819bf9f-4a9e-4518-a9fc-9b8856a67329 OVTLIER
[update] owl-city 39900373-910c-4404-8618-605e4abc98cb Owl City
[update] owl-vision d5a54d14-608a-4f8e-b763-492c644b7545 Owl Vision
[update] ownboss fc2e4b42-84a4-4e90-8dae-e9939f031f28 ﾃ殆nboss
[update] oysterband 6529bbf7-d258-44d0-b92c-99bb493118ad Oysterband
[update] ozuna cf6ae0bc-37da-4f80-b154-611adbb64b0e Ozuna
[update] ozzy-osbourne 70ab4483-1bf3-4308-a6f4-8cbbd9cd8bb4 Ozzy Osbourne
[update] omer-bukulmezoglu 6dd9f371-5332-489f-bf5f-07021b6becbb Oﾌ・er Buﾌ・uﾌ・mezoﾄ殕u
[update] p-nut 978abfa4-b2a0-4cb6-a262-63410ed4bb4a P Nut
[update] pink e99c2ed1-e033-4ea4-a026-94dbf00489b9 P!nk
[update] p-lo 643b248e-f3ee-4a59-bad6-1450af680848 P-Lo
[update] p-p-arnold 101c1c2e-f414-4914-8e2f-4be991f108a5 P. P. Arnold
[update] p-o-d 1edfd580-3f3d-4417-ab2c-5a53807b67b3 P.O.D.
[update] pa-salieu def0fbf0-dbf8-4e99-99ca-6e10ca4ddb43 Pa Salieu
[update] pabllo-vittar 441a93fd-be9a-4ba9-b9ca-8052b2c0b69e Pabllo Vittar
[update] pacifica 94a83440-c7e0-4411-877d-59cb295f2159 Pacifica
[update] paco a39709e6-ef8f-4304-9406-00076dbd69e3 Paco
[update] pain 1d47b3fb-1f42-463e-8280-0dd0d36b46c0 PAIN
[update] palaceuk 621bb53d-9641-4e96-937a-fe3801379099 Palace(UK)
[update] palaye-royale 6a08b857-8ce4-4b87-9581-5ad69546785b Palaye Royale
[update] pale-waves dc978747-8750-4a74-b463-f0001ad7f9a4 Pale Waves
[update] palebloom b7aed731-b099-4795-9e2f-a15f2a3b44c5 Palebloom
[update] paleface-swiss 6fcd7da6-2aa7-4955-9f8d-db479f5167d2 Paleface Swiss
[update] paloma-faith 32cdbe4d-efa3-4d21-a8d8-475cbeae8479 Paloma Faith
[update] paloma-mami 9be1292e-9213-46e9-97a6-70c00d1ea35a Paloma Mami
[update] pamela 678ad74d-b4ba-46a6-91f7-ac053530db9c Pamela.
[update] pami 4e1de801-90f3-4202-89c3-74ace32a7250 pami
[update] pan-amsterdam bd1c472d-24aa-4c90-83a7-b544f355c478 Pan Amsterdam
[update] panda-bear 87da9ed0-dfeb-4683-9af9-fce1c7fc2256 Panda Bear
[update] panic-at-the-disco 552b3630-0d70-4e25-820f-c262acd95e31 Panic! At The Disco
[update] pantera 4e882233-3e11-4bb2-87eb-5d12bc163bff Pantera
[update] paolo-pellegrino 868090db-999c-477a-9e75-4584a4193f3c Paolo Pellegrino
[update] papa-roach 9c236504-3410-473c-8a3e-c0346f246d9b Papa Roach
[update] paper-kites c957dbc9-bfcd-4a25-89a9-ab33b2893785 Paper Kites
[update] papooz 7836df62-ecf9-4e58-b7c0-d83bc66ef52f PAPOOZ
[update] parachute a6425cc5-5515-41da-bbaf-b456323a4b38 Parachute
[update] paradigm 68a3b7b6-e73b-491b-b113-511ab3c606ce Paradigm
[update] paradise-lost 1941abab-ea62-4fe6-824f-0a160f1c3bb1 Paradise Lost
[update] paradox 377fbfcd-afda-466b-ab68-4481b3cb6a01 The Paradox
[update] paramore 4e99065a-2b12-4b06-92b3-10131c318780 Paramore
[update] parcels 87cf4301-f6fb-4f32-a65b-7206fe8ac1e1 Parcels
[update] pardison-fontaine 1c05a718-3110-41ba-8248-777d73b023ee Pardison Fontaine
[update] pardy 1bb6f043-618d-4895-9367-12adeb8cce91 PARDY
[update] pardyalone 09d18e22-df2c-409e-8914-50e8f4e9c993 Pardyalone
[update] paris-hilton bb880c6e-683d-496c-8d38-748e12f285d1 Paris Hilton
[update] paris-jackson 5fa9a82b-e19d-4e0a-b4cd-2b948f1f0bb4 Paris Jackson
[update] paris-paloma 06cb45ed-174f-4481-bf4a-0d2d9d724403 Paris Paloma
[update] paris-texas f147a9dc-0de1-4715-a9bc-3ef180683f6f Paris Texas
[update] park-avenue 2652185d-5953-47ec-b507-b531685172a3 Park Avenue
[update] parkah-durzo 4b8506b7-d21d-4408-adc4-45cb1fea1fae PARKAH & DURZO
[update] parkway-drive 9ee8062c-b7ab-4dac-95b6-fb5bdc8e0aeb Parkway Drive
[update] parliament d6fdefad-6b0a-4d76-8125-606f1506896d Parliament
[update] parmalee 91b0ab4b-e86d-4875-a557-823dd575b62c Parmalee
[update] parov-stelar 4f743838-f537-4ce9-9068-402d39901b23 Parov Stelar
[update] parson-james b3e836c6-4919-435e-a93e-0579a515c903 Parson James
[update] party-pupils 699b06dd-f3bc-45ce-90e4-04a4af3513df party pupils
[update] partynextdoor edc36372-0f69-4ee7-968c-7239db656e3f PARTYNEXTDOOR
[update] partyof2 a2133326-3994-4375-9ba6-653735e8befb PARTYOF2
[update] pascal b532e423-9aa9-440e-89bf-4367de0a7c58 PASCAL
[update] passenger 06f34500-ebf7-45be-8188-e0f07a5c0c0a Passenger
[update] passion-pit b202f45b-650e-432e-a517-7ef52433deac The Passion Pit
[update] pastel-sky 8b03b52c-e79f-4574-a974-775becf5ee1a Pastel Sky
[update] pat-benatar ffaa07b3-c608-4fd1-99ba-141c0105faa1 Pat Benatar
[update] pat-metheny-group 68888742-57a2-4dfd-ac27-969f102fbbd7 Pat Metheny Group
[update] pato-banton 777fc852-a7fc-47ba-8100-7094429a5e24 Pato Banton
[update] patrick-cowley ba56ebba-4037-483d-8496-a73963e5a5ec Patrick Cowley
[update] patrick-droney 04968c46-a8a7-4e5f-acd4-4dd0416779a6 Patrick Droney
[update] patrick-martin fd8dc766-5bd5-41aa-9313-18da1818a3b6 Patrick Martin
[update] patrick-stump b1880cf3-b52e-4356-8879-4ae3745ca972 Patrick Stump
[update] patrick-watson 1fa5f20a-9d3b-47f5-b836-31152406ca54 Patrick Watson
[update] patti-austin c8516c3a-8278-45b9-8088-88f4e71305ef Patti Austin
[update] patti-smith ab2d9da6-c56b-483b-8b65-1d81f42e3e45 Patti Smith
[update] patty-gurdy 869389ee-1a43-4b8c-ae71-0633cf7185ca PATTY GURDY
[update] paul-gilbert 26970f42-6c14-4cf7-8e1b-3100c6bd608f Paul Gilbert
[update] paul-hartnoll be1ef619-dc92-465e-aa9d-bf127be86fe8 PAUL HARTNOLL
[update] paul-heaton 175c6bcf-43af-4e2c-a5d2-7bc1ec015a55 Paul Heaton
[update] paul-kalkbrenner 6bb37779-d45d-44fc-b390-f820ebd966d9 Paul Kalkbrenner
[update] paul-mccartney 48b7b405-794c-48ac-9eef-4e6428e50396 Paul McCartney
[update] paul-oakenfold 1b0b2943-0686-43a3-8b9d-c0701214c770 Paul Oakenfold
[update] paul-rodgers 7b1ac95e-1ce6-4876-9ca7-f88ac1c8af2c Paul Rodgers
[update] paul-russell d28f26ef-4687-4aea-8597-0ba510099ddd Paul Russell
[update] paul-simon 9394fc96-520e-4cfc-adfa-1481de5401c6 The Paul Simon
[update] paul-skelton e214df86-d179-4b81-b742-e103fce15b33 Paul Skelton
[update] paul-van-dyk 29c3eb92-482f-486f-b00c-e09a8a73e7f1 Paul van Dyk
[update] paul-wall f181cb7d-ce27-43a2-81ab-0394fa78a3d5 Paul Wall
[update] paul-weller 5a94d104-aea0-4b25-8a9c-da96b701237c Paul Weller
[update] paul-young b7093e07-55cb-4246-9f40-675016477556 Paul Young
[update] paula-abdul 52ae4ff6-0922-491f-840b-f6dfb94b4ada Paula Abdul
[update] paula-cole 1154bfa0-480e-4512-9d81-0f4cf973913c Paula Cole
[update] paula-dalla-corte 7d6b2ca8-15a5-4461-a845-417b6e7ac5c3 Paula Dalla Corte
[update] paula-hartmann 1b527947-2691-47a3-8d8d-b764aff0f345 Paula Hartmann
[update] paulwetz 29e615a7-983e-4634-a3b9-9e41c057e832 PaulWetz
[update] pawsa fd9b9dc7-e78e-4b1f-9a72-a6ecdbebfe44 PAWSA
[update] paygotti 6becc1ce-7eef-43b3-8af1-63ed5601acd0 paygotti
[update] pazant-brothers e101fee2-7e01-4eb3-93cd-024ba085a3b8 The Pazant Brothers
[update] peach-pit 5b1f72b6-470f-4d37-807e-3e555dd62cb2 Peach Pit
[update] peach-prc 11ae2fa8-1cdd-42ca-bf77-996400f9e84a Peach PRC
[update] peach-tree-rascals f5688405-03b7-40e2-b68b-97044163c032 Peach Tree Rascals
[update] peaches 92ac81db-962e-491c-9a64-e63d93cadfc0 Peaches
[update] pearl-jam b27c3719-24f0-4b36-996c-ad8128acd47d Pearl Jam
[update] pebbles 9a6c08c3-15bc-4622-b9c6-d6599d758bd2 Pebbles
[update] peder-elias e291c111-d475-4efd-b6e6-6538345d3bb5 Peder Elias
[update] peezy 273c4fdc-b311-4f97-af97-64d19be3691b Peezy
[update] peggy 9f70403a-ba0b-4286-b6b4-497a244037a5 PEGGY
[update] peggy-gou 360bee4c-c662-4ba0-a92c-9b7940c88438 Peggy Gou
[update] pell 871b8ced-c731-4bde-8bad-c3ee30123c08 Pell
[update] pendulum 24ebc060-fceb-43de-aa37-86c5189e25ca Pendulum
[update] penelope-isles 0616de00-ea3e-4bdc-8c7e-010b6f2ffa2c Penelope Isles
[update] pentatonix ddaa7b0d-3ed6-495a-93d4-b5a26e65e544 Pentatonix
[update] people-r-ugly af4aaf75-5b87-4cea-bd8e-506f41a18a83 People R Ugly
[update] pepper f16f5d1b-9442-4e59-bc2b-61bbe223dd15 Pepper
[update] perfect-plan 241d67f5-66d0-4183-ab99-98f3614b8470 Perfect Plan
[update] perfume-genius fbbf0eb8-9da3-4c3a-834e-b4c3e9899ca3 Perfume Genius
[update] periphery db447740-ee86-4f5c-b17f-b464de6ae29e Periphery
[update] perrie 2486a833-b0fa-4cb0-822c-fd17b64836d4 Perrie
[update] perrie-edwards 94f026f0-78b4-4eed-a96b-bba284e24588 Perrie Edwards
[update] perry-farrell 7d6c0c90-c1d3-4bb1-b4d7-4449c206bc78 Perry Farrell
[update] perturbator 9edccf7e-1f87-4efa-a782-7075e6e0fc31 PERTURBATOR
[update] peso-pluma 0d0f22ed-fe2a-4937-b372-8a36ca585925 Peso Pluma
[update] pet-shop-boys fe5c6c34-6c1c-436f-930b-0fb2f1306ea5 Pet Shop Boys
[update] pete-bas aa5ad2e3-7c1e-49e3-9aac-1bd2cb2594b1 Pete & Bas
[update] pete-rock 01c67773-de6e-46c7-99cd-ee69c08ee5f0 Pete Rock
[update] pete-yorn a1938574-71c9-4cc4-a76e-ae5264b74940 Pete Yorn
[update] peter-bjorn-and-john 428f4e55-0d42-49d1-9b18-2373c2427821 Peter Bjorn And John
[update] peter-cetera 7f1b4fa6-a0d6-4c54-a020-33d2cd8b90e0 Peter Cetera
[update] peter-doherty 9e52b56a-0311-4486-b1c6-18de9ef73d6f Peter Doherty
[update] peter-gabriel b0a770e6-2a81-451b-b1f2-93f40ca39bf4 Peter Gabriel
[update] peter-mcpoland 7ea09912-77d0-4929-bd75-511cdb52248f Peter McPoland
[update] peter-murphy 594e06df-4c35-4ffb-8a2a-90914accd125 Peter Murphy
[update] peter-schilling bb2eed9c-10da-4ff6-bea5-c7e133a4ae61 Peter Schilling
[update] petey-pablo 5489fc4a-1729-4584-a67a-3207c322c1e1 Petey Pablo
[update] petey-usa f4089f63-fcb2-4fec-8423-2d8fad1ba127 Petey USA
[update] pfg 0a18d8f0-7fe6-40ee-a578-d84766be46b5 PFG
[update] phantogram 8c4e4518-95cf-4bc9-b365-7d050b98c8cb Phantogram
[update] pharrell-williams d5fe80da-59ba-4820-921c-9c9c0b90768e Pharrell Williams
[update] pheelz 701bdeef-7db6-4e83-a327-bbb2f08fbe06 Pheelz
[update] phil-collen 3876d0b3-b20b-471f-bafa-486917e66432 Phil Collen
[update] phil-collins 6f7a9a4e-487e-4d35-bfb9-439f7b08117d Phil Collins
[update] phil-labonte f91295b3-7616-43ba-8b94-0c8fa3ae4911 Phil Labonte
[update] phil-lynott 041171a4-6230-4795-9c09-dda69cd8cce6 Phil Lynott
[update] phil-the-beat a172512b-ef7a-478a-93b2-55d308d84e69 Phil The Beat
[update] phil-wickham f4d144c1-4d5c-4540-9b58-191b55bd43c7 Phil Wickham
[update] philharmonik 48f96c88-6fa9-4560-86e1-0935ebb8fa72 The Philharmonik
[update] philip-bailey deefc38a-6828-417d-b81d-99649f3d55dc Philip Bailey
[update] phillip-phillips 1b22d3c1-2445-4bf4-a689-03d5217c3167 Phillip Phillips
[update] phix 610efecd-6884-41c7-874c-adc761e2b75c Phix
[update] phoebe-bridgers 7ca0e196-af31-4f0a-bf7c-c9e4b6750fc7 Phoebe Bridgers
[update] phoebe-killdeer 0c509b7f-9617-4aab-b8df-19f63fcaff12 Phoebe Killdeer
[update] phoebe-ryan f1d02367-1b50-4159-8b34-954c65aaeea7 Phoebe Ryan
[update] phoenix 91d9efb3-bbd3-4537-9a30-cfbe0e77d290 Phoenix
[update] phony-ppl e0cf3f11-5132-45fe-b81c-d88ba612bdab Phony Ppl
[update] phum-viphurit 969cc90f-c3fe-40a5-b515-0010e07e3d98 Phum Viphurit
[update] pia-maria 41908df6-7255-4db8-bbc7-0be934c2a910 PIA MARIA
[update] pianos-become-the-teeth 03957e42-5f70-4cbf-9079-6e6b2eab3a59 Pianos Become The Teeth
[update] pickle 99bfad4d-77aa-48c9-85e0-be4ef06de87a Pickle
[update] picture-this cbe082da-072f-4989-a2b6-bbe23ef3e5d8 Picture This
[update] pierce-the-veil 0a557644-9384-482b-9f3c-6d425bc6a41f Pierce The Veil
[update] pill d651cffe-7a30-41b3-bf3b-1c81ec8975ee Pill
[update] pineapple-thief 69767457-7b45-41b9-81e4-7854957b8b5c Pineapple Thief
[update] pink-floyd 2056989b-1b8b-4eb9-ab22-e0370bf5bdb5 Pink Floyd
[update] pink-siifu 63b5d982-2e55-435c-b712-d81805ac9b19 Pink Siifu
[update] pink-sweats 29939032-e213-4b75-90eb-9f7acfe5b2f3 Pink Sweat$
[update] pink-turns-blue ab73fe3b-669d-476e-84d1-df04bb251cb1 PINK TURNS BLUE
[update] pinkfong b8e984f8-2345-4fe1-bddb-80f245dd2e99 Pinkfong
[update] pinkpantheress 6d4aa18e-8089-424b-8056-f613928318a3 PinkPantheress
[update] pinkshift a0bdd62b-7899-474a-a25d-031c64e84095 Pinkshift
[update] piper c826f7f7-1371-4382-9f84-8131259a12d7 Piper
[update] piri-tommy 0edfa05d-6ee9-43ca-bb76-b1364ba44d8e piri & tommy
[update] pit-baumgartner d3afc9f7-7c24-4f13-9385-0299251a0c44 Pit Baumgartner
[update] pitbull 5a57cc73-8b09-4acc-b561-2c7050ba392f Pitbull
[update] pixel-grip 07649a84-7363-411c-b472-85b6a18361f3 Pixel Grip
[update] pixey bfe4d91c-ce85-4866-a144-356cfc50004e Pixey
[update] pixie-lott 9dd2279f-a27b-490a-852b-5439e0595d53 Pixie Lott
[update] pixies 1f3fca88-ca94-4488-982e-1e3cdcb38988 The Pixies
[update] pj-harvey af8b0a54-c1b2-4308-8072-c39af6103d57 PJ Harvey
[update] pj-morton 9097785e-15b9-42f7-b807-637a607f7e04 PJ Morton
[update] placebo 03bee4ca-9aed-41c2-81f1-d2e6552e3342 Placebo
[update] plague 2c1a7b87-38cb-45ef-8334-aa4d4d38cd2d The Plague
[update] plain-white-ts 6da8022d-0bd7-4b04-afad-9cb14e968077 The Plain White T's
[update] planet-funk 729717c2-1187-49c9-bc57-71ff1ba18f1a Planet Funk
[update] plaqueboymax 0e407479-4945-479e-94e5-3f275de0fee3 PlaqueBoyMax
[update] plasma 8c128b40-9205-49c9-8ba7-bebafd187b1e Plasma
[update] plastic-bertrand 2a0ddfa3-99b2-44f0-ac00-1c1c450eedc3 Plastic Bertrand
[update] play-n-skillz ec24b9af-ec4d-4932-b3b8-47cc345f5076 Play-N-Skillz
[update] playboi-carti 5425398f-31de-4ded-ad90-7ea4974f444c Playboi Carti
[update] playlunch 53a4ac0f-46af-43f1-82b8-1f78dda91abd PLAYLUNCH
[update] plaza 0ec3a773-c18f-4a80-bce1-0401d4331c27 PLAZA
[update] plested 152d8b5d-b320-4ade-a08a-4b144d17fae0 Plested
[update] plies 28e0237f-f3d4-4f14-af86-80aac4a2d90b Plies
[update] plini 239c193c-4fd3-4283-a4ed-c74ad325a8c2 Plini
[update] plot-in-you e1969d5d-1e80-44c3-b44b-723d4696cb12 The Plot In You
[update] plume dcb4a9f4-2b56-48cc-90f9-bce5e257839c PLUME
[update] plush 0b368b91-54f0-46cb-b173-ba0b642a3897 Plush
[update] plvtinum 5ab6d183-23db-44d9-80f1-19e27ee99b2d PLVTINUM
[update] pnau 6d292f3d-3777-41d9-a593-9da299e6a56d PNAU
[update] pnb-rock 32908b31-f342-4bf3-b397-f6aa4eba553e PnB Rock
[update] poets-of-the-fall 7ed4aedf-362e-4448-9274-90fa2b7cbe15 Poets of the Fall
[update] pogues 0cc9398c-0f2d-4187-bbb8-d62e871b5631 The Pogues
[update] point-north 6d99fcb3-30ea-416d-a4ab-c390867412e4 Point North
[update] poison dbb2ccb3-d3fa-40af-b0b9-8f33fe2af40b Poison
[update] poison-rose cd7ab74c-7f21-416d-840e-30cb091b7dcc Poison Rose
[update] poison-well 2e30a6a3-fcac-41d5-a9e3-2cdb14cd019b Poison Well
[update] pola-bryson c67ac1e1-64b9-4297-b429-72f0be9f6140 Pola & Bryson
[update] polaris d7490fde-0100-409c-a7aa-63a2762e7539 POLARIS
[update] police e6b364cb-4444-4bbd-922b-3c1612fa5827 The Police
[update] pollyanna 963f6557-ba94-4fc0-8da1-f1296dc3b5a1 PollyAnna
[update] polo-pan 3c3490b1-35cc-42cb-ad4e-8b8c93528f2c POLO & PAN
[update] polo-g 5fd6763c-7247-4d87-ac17-f24a2e24324e Polo G
[update] polyphia 619fa555-63a8-4420-b053-60faff2287da Polyphia
[update] pomme 50a14038-6d29-482b-97be-65be36afc79b Pomme
[update] pomplamoose 8cd38a77-1212-460a-81f6-a22e82a534b6 Pomplamoose
[update] pony d885e755-9d7e-49aa-9946-7cb14e8e034e Pony
[update] pooh-shiesty f594e9d4-42f9-4631-b5cd-25e24067411b Pooh Shiesty
[update] pool-kids 9c009320-af03-4703-ac03-bb8132aabdbe Pool Kids
[update] poorstacy 7080e9a8-1311-4c9c-ba1f-a23deb95aab8 POORSTACY
[update] pop-evil b3244417-ba5e-4938-9433-d567e3f7a786 Pop Evil
[update] pop-smoke b66fa69e-b998-46cb-a6e1-3ab6e5e73aa7 Pop Smoke
[update] pop-stunna cb898c46-33cb-42fa-8ef7-00194c0d3657 Pop Stunna
[update] pop-raprb d78f92d8-edc6-4d19-9cef-348ca889ca7c pop-rap,rb
[update] popcaan 4649038b-7c48-4196-982d-95eaca4d48d1 Popcaan
[update] poppy 035f8fc6-185b-4d85-85d6-3a0650f9b7a0 Poppy
[update] poppy-baskcomb 8acc3779-7b51-426b-9177-d9e8a7169201 Poppy Baskcomb
[update] port-noir 3c99a494-e859-437b-9348-9a1abb04038c PORT NOIR
[update] porter-robinson 515b59f8-0b4e-4b89-89e2-077f6246604c Porter Robinson
[update] portishead fcb5313f-7bc3-4a6f-bb7c-9be578014798 Portishead
[update] portraits-of-tracy 079872f8-fcf7-41a6-ade6-9c23ab3bcc1f Portraits Of Tracy
[update] portugal-the-man 2b6ea782-67b3-4476-bf08-247b5424a058 Portugal. The Man
[update] posdnuos e985ee7e-50d8-48da-aef7-0322f87d93ae Posdnuos
[update] positive-force d8cb03ae-c6b9-4b80-b889-61213459d7cd Positive Force
[update] post-animal 27e7bc6b-c36c-4f5d-9d98-fab2023e6e91 Post Animal
[update] post-malone c10b2458-9df8-4fbb-a17b-b44219705d4a Post Malone
[update] postmodern-jukebox 52646ef4-9c8b-4fa0-a19a-9df7c0780150 Postmodern Jukebox
[update] poutyface 3f7b45e5-4ed7-4bd1-bff0-eb42226cc0b1 poutyface
[update] pouya f67f46bf-c4a1-435d-b840-1f7c5ec8bb34 POUYA
[update] powell-payne c9081e51-4053-4deb-949a-3e161b81ba84 Powell-Payne
[update] power-glove 05908a8f-0423-474e-9e47-5ce2e803405a Power Glove
[update] power-paladin cbbe6a47-1d88-4a33-8aec-3cab92747f8a POWER PALADIN
[update] power-station 3b3ace58-e412-4dde-8e4e-b01dd74a28d7 The Power Station
[update] powers 2bcbef3d-a719-4be8-8d07-bfd13c67d786 POWERS
[update] powerwolf fa2f9d61-9984-40c6-a139-e80600770c18 Powerwolf
[update] powfu 07da779b-c883-4080-ae58-da163cc41bca Powfu
[update] precious-pepala 2b4cae45-4e4e-4ae9-b8d6-0c72301988f9 Precious Pepala
[update] prefab-sprout 01335efd-1262-4552-b03b-c116ce83b8a7 Prefab Sprout
[insert] prentiss 17ddfeb0-0678-41cd-8e94-653b3d3ae0bf Prentiss
[update] prep 9eb9dfdd-5cac-4878-9b2e-c58ec3b976b0 PREP
[update] president 313bc8ab-1a39-407e-a370-d0603be14437 PRESIDENT
[update] presidents-of-the-united-states-of-america c94149bd-e78e-4ca5-837d-2278dc92dd72 The Presidents Of The United States Of America
[update] presley-regier 267ac1eb-329e-4621-9412-b11a5f14b423 Presley Regier
[update] preston-harris e6b8ac31-a942-42c8-8353-5a50129acbdb Preston Harris
[update] pretenders 853d7c15-fd7e-462d-a847-5df66bd404e3 The Pretenders
[update] pretty-reckless cf8eb4b4-bd95-48b0-8d77-7dd92866d435 The Pretty Reckless
[update] pretty-sick 140605df-26db-413e-a02f-863dad5ec1f4 Pretty Sick
[update] pretty-wild b68bd78c-c3ad-4af3-a39d-50bc77058def The Pretty Wild
[update] price f6ee790d-485e-46b5-a0a8-d1d757924705 PRICE
[update] primal-fear b47eeda4-ce62-4cf6-815d-8b55a0914815 PRIMAL FEAR
[update] primal-scream 1a144085-b452-42d1-94bb-dbda5a38ed90 Primal Scream
[update] primus 13f3d5eb-9adc-4574-adea-494c4c33099f Primus
[update] prince 36d0fbfe-2fbb-422b-b6c7-17f3fcf81f7c Prince
[update] prince-royce 5339f57b-3c3c-4aba-9ffa-afe0f53927c9 Prince Royce
[update] princess-nokia 74280b18-c5a3-4fa4-952a-694f0dfb3c04 Princess Nokia
[update] princess-paparazzi 94c68283-6a09-4612-967e-21a66473521b Princess Paparazzi
[update] princess-superstar 58f61bba-4bc3-486c-9f54-884ba1d61bb0 Princess Superstar
[update] prinze-george 44bf3412-a882-4cf5-8ca2-04368327febc Prinze George
[update] priyanka-chopra a8d81804-3911-4c51-97e2-e28e24740f5e Priyanka Chopra
[update] procol-harum b9073b23-c2d2-471c-9aaf-8c90da07c320 Procol Harum
[update] prodigy fab5f380-cd0d-453d-afb5-299a3f822536 The Prodigy
[update] product-gb 229dd51e-7f4a-49b1-8878-f37522b780ad The Product G&B
[update] prof 1e132312-d00c-4a70-951f-dbfbf302d3c4 PROF
[update] professor-green e2426cd0-c76f-4d42-a9b4-47fba3230f9d Professor Green
[update] project-pat af7ecac7-af0b-4135-a006-cf8ea64a3c98 Project Pat
[update] proof 1ad669af-af80-4679-bcf6-757348e0c0c0 Proof
[update] propaganda e652b7ee-1e4f-4d9d-bf3c-3b33542ac5fe Propaganda
[update] propagandhi 0e5e03ba-d5bf-4080-ae17-0f1fe9efe356 Propagandhi
[update] propain 2417956e-0d44-4f9e-b53d-02ddaed63116 Propain
[update] propellerheads 33c60f83-0fe1-4aff-949a-f74690841af3 Propellerheads
[update] prophecy 94facc24-78f7-432d-87f7-125593936bb6 Prophecy
[update] protoje bedd8392-dcc8-4054-bbde-1bfa95085e1e Protoje
[update] protomartyr e736f377-2ae7-451e-a7ad-7278cc15b4a6 Protomartyr
[update] pseudo-echo 8764cfb6-338b-46e9-b019-fadde93307f6 Pseudo Echo
[update] psychedelic-porn-crumpets 534c3f9e-dc03-4eaf-b966-faf73b845a18 Psychedelic Porn Crumpets
[update] psychonaut e90021aa-759e-4c1f-b0ae-a807a2db4fe5 PSYCHONAUT
[update] puddle-of-mudd ac6b2002-86f6-457f-aa40-14084ebeb434 Puddle Of Mudd
[update] puff-daddy 2d846971-6214-4f21-a796-f6da4e59cb48 Puff Daddy
[update] pulp 7fb9a95f-a00e-44cd-ae67-c8af9814ebbb Pulp
[update] puma-blue c889b07b-98c3-4465-add5-e595c594e720 Puma Blue
[update] pup 8e26eb42-79fd-4905-8586-801676708851 Pup
[update] puretone 56115e85-8d49-47d9-b307-6044b93ea8ba Puretone
[update] purity-ring f1653581-38ba-44fe-83a4-c162ded19b57 Purity Ring
[update] purple-disco-machine cb13ecdf-6ee6-43d5-a400-28e8139119e6 Purple Disco Machine
[update] puscifer 7ed669a4-71af-4a60-a39c-d37ab5ac08c1 Puscifer
[update] pusha-t 301aec91-fe5d-4b87-950c-4e5832364eae Pusha T
[update] pussy-riot 08b456e0-6803-4456-800a-03117b9b9629 Pussy Riot
[update] pussycat-dolls 70795c83-3350-4ea8-b14f-ee24714d6521 The Pussycat Dolls
[update] putri-ariani 28d73045-f05d-4b3f-a2a8-7fcbb9ea3ac9 Putri Ariani
[update] pvris 0fb7fd6f-e169-4ea6-b37f-68651654f454 PVRIS
[update] q-tip d82b7760-e051-4442-84e2-8a4b39a31fb2 Q-Tip
[update] qing-madi 6bcfb4f9-3512-4c0c-9ab2-ce15cb6a541e Qing Madi
[update] qinhones 67eb6106-bc00-48fd-96aa-e895992e0e69 Qinhones
[update] qobra 628cf3df-0688-4b8f-886f-f9b8812d894d Qobra
[update] quando-rondo 62b2f0df-aa93-4dab-84a1-27c05c26c8e2 Quando Rondo
[update] quannnic f6ae9df2-88a8-465b-9075-940882d4d3be quannnic
[update] quarterflash 0677dfd8-edcd-4064-8e51-0cd1ad65acdf Quarterflash
[update] quarters-of-change d613f041-b473-4e83-a589-8194be766a4a Quarters of Change
[update] quavo 8466ae1c-b91a-409f-a87e-e5d058bd7f78 Quavo
[update] queen bbfab061-9893-450b-9708-492e96beeafb Queen
[update] queen-latifah ac840476-8fbd-47ca-8f30-62146f98c220 Queen Latifah
[update] queen-naija 4908e9a5-6243-4346-ab23-bc9fb2567b2d Queen Naija
[update] queen-omega 59b329a2-8b3a-4d24-83b4-71b3ad4152a7 Queen Omega
[update] queens-of-acid 4d759297-6bd4-4519-9434-04b857c50aa5 Queens of Acid
[update] queens-of-the-stone-age 3062f2e2-68c9-4e53-8912-be037f21e5f0 Queens of the Stone Age
[update] queensryche 007c104f-4bda-4cc8-8f39-a0a5e6c06ea7 QUEENSRﾅｸCHE
[update] quiet-riot 738c2b3a-1a37-444d-a948-a0bb7fbba147 Quiet Riot
[update] quincy c81591bc-3fdb-4832-a7e8-0a462d634eef Quincy
[update] quinn-xcll 7aafa5b0-858a-4911-9601-845df5e16849 Quinn XCII
[update] quintino 97229d57-9755-4c28-b2e5-d757f8390dc9 Quintino
[update] qveen-herby 9d5ff412-72e3-4e74-810b-cb411f583ab9 Qveen Herby
[update] r-a-the-rugged-man 20f39993-1f92-4969-84aa-bf90354db48f R.A The Rugged Man
[update] rem cd8f7109-3a5a-4c5f-bfde-9f97d746043b R.E.M.
[update] r3dn1k 385132a3-643e-49ad-83cc-f9bd6cd5abf1 R3DN1K
[update] r3hab b420e7d5-f595-4d9f-a099-70d35ad5d5a4 R3HAB
[update] rachel-chinouriri 230fd154-373e-4137-9284-880a466260f8 Rachel Chinouriri
[update] rachel-darcy 5f440e67-8b23-49e5-b11a-566cbf30bd55 Rachel D'Arcy
[update] rachel-platten 01983042-7ab4-4f19-a56e-88907b24cc9a Rachel Platten
[update] radiance-acapella cb04afa0-1c57-405b-a7b1-75788bb761cc Radiance Acapella
[update] radiator 6835201c-0ddc-47b7-a579-3229968c405b The Radiator
[update] radio-cargo 75c076cf-02ed-4705-b025-92edffcc3b9c Radio Cargo
[update] radio-ranch a441bea1-403d-4a6c-b205-fa0aefe194a3 Radio Ranch
[update] radio-utopia 99b58052-7e0e-49ed-bb27-a707459c66ec Radio Utopia
[update] radiohead 1f3249a6-d371-44ae-b2f3-9d83b12bb291 Radiohead
[update] rae-khalil a9debb34-70ee-432d-bdc4-0d51fbfa7fbd Rae Khalil
[update] rae-sremmurd 2253ecaa-1cd4-4ce2-a7ee-945a5cd6bfc9 Rae Sremmurd
[update] raelynn 34e670d1-3bcc-4178-952a-8710ced223db RaeLynn
[update] raf 5ddd82ba-3b7b-41a7-b5c9-17245dbbbc5c Raf
[update] rafa-blas ced84783-32e0-4a20-935e-8a16b40ff336 Rafa Blas
[update] ragn-bone-man 889f59da-00df-49e0-ae7e-8c5f0e372a77 Rag'n'Bone Man
[update] rage ba984274-1e28-493e-9ab2-0e66f704aa69 Rage
[update] rage-against-the-machine 285b78bb-7548-439b-bae3-6235581e112e Rage Against The Machine
[update] rahill 96ba6969-0f90-4fe4-b853-5a6320e1afb3 Rahill
[update] rain-city-drive fc70ec03-72e9-4cf3-8d8e-592d97aae89e Rain City Drive
[update] rain-paris b3c2bebe-ec93-434d-b0d0-ecd6a22f5dee Rain Paris
[update] rainbow 48ba8f0b-8225-4bd2-bac0-a3fa443676dd Rainbow
[update] rainbow-kitten-surprise 389f9867-807a-4100-81c8-9fd2aaf652bd Rainbow Kitten Surprise
[update] rakim 98c889a9-52b2-40f4-9d2f-7ec2fcfa44d1 Rakim
[update] ralph-tresvant 437d80ab-75a8-4cdb-bbe1-2a2be2ce1a9d Ralph Tresvant
[update] rammstein 9bcbede3-0b3b-4c62-8279-2805f53941e2 Rammstein
[update] ramones 4650a4a1-98c6-481f-b813-a6be4239709b The Ramones
[update] randa-and-the-soul-kingdom ec4c5e9d-f0ca-4b28-b6b9-e3b3f81f3931 Randa And The Soul Kingdom
[update] randa-the-soul-kingdom f2ce44f4-9931-4b2a-a85e-81ce7522bcf0 Randa and the Soul Kingdom
[update] randy-blythe bd7e5466-f7a8-4cf4-b089-7bc4b465bb76 Randy Blythe
[update] randy-jackson e52c029b-95b0-48e0-9d7e-0cd96a714b60 Randy Jackson
[update] randy-newman dbe04c89-e29b-4ed6-8c8a-8a36eebac6c0 Randy Newman
[update] rangga-jones 415904e8-e7c3-4dc3-b9c4-f33164722c5b Rangga Jones
[update] rani b2dc0898-78ad-42f5-8d5c-8d210280c8e8 RANI
[update] ranji 5e8d78f9-c38d-43af-83d6-134d9e8e6a28 Ranji
[update] ranking-roger 0b3206ae-8cb7-4498-97ba-3e25956adfbd Ranking Roger
[update] raphael-saadiq c126f02c-8998-41be-8701-cd09fecaf2f9 Raphael Saadiq
[update] rapsody 9aa99b94-1423-47bd-8dd7-9cc8e485598a Rapsody
[update] rare-americans 43f83c41-f173-4d9d-9b00-f73ee5e95bde Rare Americans
[update] rascal-flatts 018e56ca-59ec-4189-9fc2-7b8408b30205 Rascal Flatts
[update] rasmus 7ba6d42f-43f4-4a87-82ea-433b13fe9e35 The Rasmus
[update] rata-blanca 87691732-03c2-40bf-adce-adf81a54e05f Rata Blanca
[update] ratbag 6303abb0-85df-4a98-8d84-be58dbbb5e50 ratbag
[update] raury 9e85e69b-3a0c-42bd-ad1c-a18ae58fcf45 Raury
[update] rauw-alejandro ad070a4b-646c-4392-a94b-2e065ff79a11 Rauw Alejandro
[update] raveena 024bb681-4393-49b2-b9f4-a6d9c341df44 Raveena
[update] raven-age ed7f23f1-83ff-4342-bb83-4b6a6c4d3211 The Raven Age
[update] ravyn-lenae 4b61f0d9-2104-492a-b908-6cae5d1cbe89 Ravyn Lenae
[update] ray-charles eb346a6a-f140-4ab2-bf44-bcf9b154749d Ray Charles
[update] ray-dalton a0301165-be15-448d-ba55-edd88ac222e3 Ray Dalton
[update] ray-lamontagne e34bee39-079e-40a6-abbb-055e2f2173dd Ray LaMontagne
[update] raye 27a9d267-b031-4245-bcb1-673b1751c776 RAYE
[update] rayvanny 1508e28a-f2cc-4431-9e05-976e0dc7e5cc Rayvanny
[update] rayvon 055a4882-e2bf-4bbe-9e8d-9dcd90bd837c Rayvon
[update] razorlight f1ab4dc2-e913-4843-9ef5-c7c5f737c034 Razorlight
[update] rbbts 98c516c9-2512-4499-b287-b97ba0d42c47 RBBTS
[update] rbx ba1a0a1b-54e5-4239-9434-7704816c71df RBX
[update] real-estate 62b70e83-f4d3-4555-853d-76323ff38fce Real Estate
[update] real-friends 0a18c848-f490-4387-b343-00452af43b6a Real Friends
[update] real-life 07ba8875-10cf-4d3e-8b91-2b2ff72ee1b1 Real Life
[update] realest-cram de0d7ad0-baf4-4b63-897c-09b40f5e76e3 REALEST CRAM
[update] realestk c2d9afd4-578f-48a2-a153-776dbb04bc80 RealestK
[update] reba-mcentire e3830423-e7cf-41c3-8c03-c31f22fcb768 Reba McEntire
[update] reba-meyers 225bf77a-926a-4373-b56b-0c5bca2c5940 Reba Meyers
[update] rebecca-black 74aeb912-52a2-4fd2-972b-dffda1d62959 Rebecca Black
[update] reckless-love fd56effc-5182-4f60-a22a-af909af11f05 Reckless Love
[update] red-clay-strays 56432caf-c4ee-40e5-b981-35326de19fdf The Red Clay Strays
[update] red-hot-chili-peppers 9152a1c0-b478-40da-a9a8-de7528a7f49e The Red Hot Chili Peppers
[update] red-jumpsuit-apparatus bfc77b26-0f9c-4eeb-9ce6-3e38c22a985e The Red Jumpsuit Apparatus
[update] red-leather 1a374e78-f149-45c9-a917-cfee4491893c Red Leather
[update] reddings 2475290a-5485-4f6d-85a2-0bd6c09e4533 Reddings
[update] redhook 70633e74-ac0a-4dc8-9e38-f1896e3f3967 RedHook
[update] redman a3cec0f1-07a4-4567-9b44-7f631b736fcb Redman
[update] redveil c5a21352-ef99-49aa-93d2-e88d2ae7a0f3 redveil
[update] reebz bc56ea06-985a-465c-99f4-5eafd5d7cd57 REEBZ
[update] reel-big-fish 4e6c081d-51c2-4e80-9f98-a256c84300d1 Reel Big Fish
[update] reeve-stimpson 24f3fa89-9b63-491c-8f92-ddbc7795961e Reeve Stimpson
[update] regard 3465ff15-b963-4372-ae01-a9fd58efb807 Regard
[update] reggie e001ee6a-0b2c-448b-8705-2520805e75c1 Reggie
[update] regrettes 910afa4f-3e8c-4bba-8897-95dbf5c2c6bc Regrettes
[update] rei-ami 6e21015e-d0b0-4d72-b644-b8cd27b70dc6 REI AMI
[update] reinier-zonneveld fcc7066a-2a74-43a3-a60b-e722373c19f7 Reinier Zonneveld
[update] rejjie-snow ea9aa070-81fe-4e5a-91bb-fa7ed4c240db Rejjie Snow
[update] rema 36bf0809-fbda-4920-972a-4aaa16069c4d Rema
[update] rembrandts 7d999087-7922-406e-8fbc-342a30924987 The Rembrandts
[update] remedy 895112f0-4308-4714-b22f-e4988cd8f450 Remedy
[update] remember-monday 36e1fe73-dddb-41e2-91d5-3e2228852ea9 Remember Monday
[update] remi-wolf fc9caca9-56c6-402b-a757-8f4f773b72f1 Remi Wolf
[update] remy-bond 9fd87309-f13f-47ba-943d-275020eaa63a Remy Bond
[update] remy-ma 679b1ae5-4ce8-42fe-a8df-8f092fe8b742 Remy Ma
[update] ren 6342a348-de59-4aae-918a-71444cdd30f0 Ren
[update] rene-miller f2427174-8f52-415e-9f35-0d986bd39730 Renﾃｩ Miller
[update] renee c861be7d-c412-441f-8b1a-813dfcd8757d RENEE
[update] renee-rapp c1d3c850-d098-4d22-96a3-c707f3d2675a Reneﾃｩ Rapp
[update] renforshort 3aa37c83-c55e-4c52-9b79-ef4b24681393 Renforshort
[update] reo-speedwagon b7696729-852f-4885-ab1a-389e09d19f0c REO Speedwagon
[update] reptythm e06e7331-34f1-410b-b00d-48ca9b9f3feb Reptythm
[update] resolve 45d6db9a-d3f7-4986-b99c-3f073603b324 RESOLVE
[update] restless-spirits 09e2e6e4-8e89-438c-b70d-f964112c812e Restless Spirits
[update] retrosonix e0e147b9-6699-4ec1-8706-79eae97b605c Retrosonix
[update] reve 6bbae4b2-d1d9-46df-b79f-2f68107c0e05 Rﾃｪve
[update] revivalists 20d9cacf-dd34-4448-8557-d18bc163c554 The Revivalists
[update] revolution-saints 04e1c42d-514d-4fb0-9a07-47b5e0731255 Revolution Saints
[update] rex-brown d4a1f3e6-98f4-4242-b015-2b5452c46ddb Rex Brown
[update] rex-orange-county 8f8ce8e9-7442-41d9-b194-1d420e12be9d Rex Orange County
[update] rexx-life-raj 3bf522fc-76e4-4bc6-93ec-9e1fa7e22e01 Rexx Life Raj
[update] reytons 1afe48fa-95fb-4cd5-9d44-4f40d221ac28 The Reytons
[update] rezz c28790c0-bc78-4da2-8bbe-0bbb13c1e5bc Rezz
[update] rhapsody-of-fire 65c436a7-e1fd-4e88-803d-aea642291f96 RHAPSODY OF FIRE
[update] rhea-raj efae8d1c-5901-4e46-b313-ceac0e13d4fd Rhea Raj
[update] rhy-elliot 37cd7575-7d48-4ec3-8abe-20477f0f1285 Rhy Elliot
[update] rhye 8fa64a57-885a-4748-8003-078452645c33 Rhye
[update] rhys-from-the-sticks 8e5bb7c4-87e9-4c86-862b-78321969064a rhys from the sticks
[update] rian a8ace44f-b6ac-41f4-864d-133cada977af Rian
[update] rianne-downey 2db8b44c-8770-4d49-a19d-a524a0e0fc04 Rianne Downey
[update] ric-ocasek 5ea052da-4910-4a15-860d-5a0d581579a4 Ric Ocasek
[update] ricco-barrino 5f3df89b-4622-47c2-b1d3-a7d5ea5114e2 Ricco Barrino
[update] rich-brian da49d72a-3b93-4999-8e8d-735bdb880c77 Rich Brian
[update] rich-the-kid 2ddec062-ba10-4830-bcbb-e3290bd19731 Rich The Kid
[update] richard-ashcroft 7c6abbcd-c18c-4513-9b10-bd3a866310e5 Richard Ashcroft
[update] richard-bedford 87459840-c88e-490b-b6e3-d128dc3fdfbd Richard Bedford
[update] richard-durand 0eceba68-1fcd-4368-a786-2e6b461a08b6 Richard Durand
[update] richard-judge c134f3fb-9d5e-43c4-8d70-befce3e72767 RICHARD JUDGE
[update] richard-marx 8449c0ed-277d-4a79-88e3-e3bd548b60c2 Richard Marx
[update] richard-sanderson 4796094d-82bc-4529-a96a-dd5ebd71a99b Richard Sanderson
[update] richello 3e29fad1-f1d2-44cb-b80f-cb9ec7126dc9 Richello
[update] richie 146ad4b3-9eb7-4ecb-b910-1edc730c552a Richie
[update] richie-kotzen bc608711-7aaa-4dc3-a182-a04520c6c5f2 Richie Kotzen
[update] rick-astley ef200ae2-98cb-413d-8e27-4fb17dc28aad Rick Astley
[update] rick-james 6749ad05-82b1-40cc-b40a-6ca0b7bac34c Rick James
[update] rick-ross 073636a0-1e08-4e68-97d4-4c98adfeff7f Rick Ross
[update] rick-springfield 0a58a155-90d0-40b1-943e-80f09524aea8 Rick Springfield
[update] ricky-ducati 85e20f87-568b-474d-8b6f-60e625fc8615 Ricky Ducati
[update] ricky-montgomery 9e5aef9c-e972-423a-b39e-a3e64956c5ed Ricky Montgomery
[update] rico-nasty da2061f7-b2f0-4112-a991-029c3485c5c4 Rico Nasty
[update] ride f2055f3f-717a-4fe1-afeb-4dbfa8fcc21b Ride
[update] ridgeways 51badcea-5fbd-442b-bf8b-88c11b97d0a5 The Ridgeways
[update] riff-raff f1595589-9ac4-4399-b843-d72d2277f17a RiFF RAFF
[update] rifffs f8c8960f-c35e-440b-830a-7b61b5634c99 The Rifffs
[update] right-said-fred 8043cae5-cd6f-4ede-bc2d-c5c9d6a1c166 Right Said Fred
[update] rihanna bfe96a92-4e20-4752-808a-f3ee4a0529e1 Rihanna
[update] rik-rok 819f4a1e-1520-4e67-933c-dc1c593d3dab Rik Rok
[update] rika 8f94e595-eba4-4e9d-bd44-e5f2824a37b1 RIKA
[update] riko-dan aad54cce-f626-454b-b012-b21da92fb6e5 Riko Dan
[update] riley-biederer 0843dbaa-2934-405c-abbd-2f2d9ac0f223 Riley Biederer
[update] riley-green 46cea42c-6bfc-43bc-81dd-dd967951d3eb Riley Green
[update] rimon f5a438d7-7a29-4031-ab27-e2673886ad90 RIMON
[update] rina-sawayama e6518291-7f57-4543-9d0a-31b1bbda356f Rina Sawayama
[update] ringo-starr 57e77be6-34d9-42ee-a919-013b378fe3e0 Ringo Starr
[update] rini f68beac5-b472-4cfe-a9e9-8f6a406a728a RINI
[update] rio-da-yung-og 46b638ed-7760-48fc-8431-0a0962896b32 Rio Da Yung Og
[update] riot-v b9932983-76fe-4f50-905e-410dc351a72c RIOT V
[update] ripley 04c7f510-d59e-4bdb-bcdc-b38e8328cfd9 RIPLEY.
[update] riri 95726317-1733-4cbb-91f9-a4ff29553087 RIRI
[update] rise-against 2df3571d-6b77-40cf-b4ed-6e2efc79fb74 Rise Against
[update] rising-steel 511a1f60-d8e5-487a-9986-2fe14634f3d4 Rising Steel
[update] rita-ora 58eb9792-6d40-468b-9b44-aa30f6df4654 Rita Ora
[update] ritchie-family f9f9e6ef-2882-447d-8236-6c4b616a1034 The Ritchie Family
[update] riton 6dc229a3-eb2e-4c83-af3d-03edb01d98c0 Riton
[update] ritt-momney e9b52d4b-4077-46bd-9912-96dbc6cdccbb Ritt Momney
[update] riva-starr 90143374-3002-4ee7-a426-303903931ceb Riva Starr
[update] rival-sons 8df9ec6a-c149-466f-8daa-ff4c3a8f5243 Rival Sons
[update] rivers-cuomo 469a5c63-0a09-4ab2-8318-ba25d7eae634 Rivers Cuomo
[update] riverside d5c6362f-9e4b-4739-bd1f-6bc0e5d4717d Riverside
[update] rivo 8fd83bab-9448-4e8c-8c59-ae17462d249f Rivo
[update] rizzle-kicks b03f473c-025a-439b-8828-a6981ac3dc91 Rizzle Kicks
[update] rj-pasin ceb57829-2a9f-4471-8443-5a7030d0a03b RJ Pasin
[update] rm c0e9daed-f519-4070-b727-96e2eae05a08 RM
[update] road-hammers f50511f5-3dfe-4236-9e9b-228473e3be72 Road Hammers
[update] rob-damiani 60d900bf-c8b1-42dd-a1df-783ea83dd8a9 Rob Damiani
[update] rob-dougan fb7a2645-e67f-4a17-82e9-1adf8649ba05 Rob Dougan
[update] rob-halford 3779fe02-1924-4deb-8c1a-02172ba1ef3c Rob Halford
[update] rob-swire 9f7ee87f-13e6-48c0-9cd8-d999007b2f42 Rob Swire
[update] rob-thomas c2e5bb86-04a9-4fc3-b7df-20bd2dcacc4f Rob Thomas
[update] rob-zombie 1d5f4b25-701f-43ba-ab1d-004a63467eb5 Rob Zombie
[update] rob49 5c3b3ab8-bcbf-493a-a45c-e439b523fcf4 Rob49
[update] robbie-g 9b935d62-4f0f-4549-9d1d-df017abf4639 Robbie G
[update] robbie-lablanc 4e9bcdba-b988-4617-9f72-892dda1278a4 Robbie LaBlanc
[update] robbie-seed 14c2e109-2e4f-4c5e-84ec-0ae064165e1e Robbie Seed
[update] robbie-tripp cb4262ba-6df6-4fc9-9930-d6dab831a780 ROBBIE TRIPP
[update] robbie-williams 8c3e1b0d-32d7-4b11-8d8b-60f1632fcc40 Robbie Williams
[update] robby-east 846506d2-88d9-4b51-8c0b-7289dfcef05c Robby East
[update] robert-fripp bc8dbc00-c2bf-480c-bcd3-522132a6e1bf Robert Fripp
[update] robert-glasper 647ac5e6-235c-45b0-b517-29d13dc420d8 Robert Glasper
[update] robert-jon-the-wreck 3cb78e37-7113-433b-815d-97e92bbec01a Robert Jon & The Wreck
[update] robert-miles 8f06cab3-d368-4ec7-a422-03be59028c6c Robert Miles
[update] robert-palmer 2e58dab9-69f5-4bf4-8515-f4e1b3b52de9 Robert Palmer
[update] robert-plant c6b26fb0-c0ae-49a7-ac7e-8074594d2923 Robert Plant
[update] robert-smith 2edd8b8d-4db7-4842-8fc6-03bde1852d1f Robert Smith
[update] robin-packalen c183964e-16fe-4f80-b9c7-656a3cd2cc24 Robin Packalen
[update] robin-schulz 48ebf5c4-6766-4c92-838b-dd7a0feec118 Robin Schulz
[update] robin-thicke 98cbe86f-f616-46cc-93ce-0a7e792f4892 Robin Thicke
[update] robin-zander 3a56c2d8-03e4-42e8-8ab4-604e90d2241f Robin Zander
[update] robinson 5317eeb1-c1df-4999-a156-a9387f444ac8 Robinson
[update] robocobra-quartet e27c19a4-f629-42d2-baaf-1a58f383606c Robocobra Quartet
[update] robyn f03db3f0-1dfc-460f-8060-69685b8862d1 Robyn
[update] roc-marciano 41ec2347-e7d2-4211-ae3f-fcb087e8df9c Roc Marciano
[update] rocci 7ebbc8b6-90f1-4d99-a607-d01eb48b2fb2 Rocci
[update] rocco 335706d9-2296-4a87-8e22-f540a5e48dfc Rocco
[update] rochelle-jordan 70834b5b-8c39-418f-87a2-ced485fd5b1b Rochelle Jordan
[update] rock-master-scott-the-dynamic-three 0fa65791-492b-4a94-90c7-9084af935309 Rock Master Scott & The Dynamic Three
[update] rocket ddf02468-b8d5-4662-9287-5644beabb2ce Rocket
[update] rockwell 2c58a601-79f9-4a2f-a3e8-e11cccd8a9e8 Rockwell
[update] rod-stewart 9d8a2b3a-75e4-43e2-b3ca-543d5a4d6f1b Rod Stewart
[update] rod-wave bbe80043-0c6d-48fe-89ce-09d570f56794 Rod Wave
[update] roddy-ricch 16c6c48c-62fc-4519-948b-153ed6f4db5e Roddy Ricch
[update] roe-byrne 6fef55b3-ad2f-4f18-8c9c-b226315906e4 Roe Byrne
[update] roger 3160cab3-b4eb-4a16-8473-e016b08821c3 Roger
[update] roger-taylor 4def1f4a-622c-47aa-9d58-5f3652ca9e4f Roger Taylor
[update] roisin-murphy 6d484321-9212-40c4-b0ae-fd296cb237dc Rﾃｳisﾃｭn Murphy
[update] role-model e1828098-a753-4035-9e1b-c967dd86a0b7 ROLE MODEL
[update] rolling-stones 6ef44677-94ba-40b7-8d1b-dd24b4786e1a The Rolling Stones
[update] roman-morello 202989d0-74db-4384-a45a-0aba8cf8509c Roman Morello
[update] romantics 6a007346-a823-42fc-a538-24fcf83bee65 The Romantics
[update] romany-gilmour ecffb173-b64d-45e6-b000-020ddf565581 Romany Gilmour
[update] rome f49a4edc-2119-4d64-b539-15b73d3af1b0 ROME
[update] rome-music ea45710c-7580-44a4-a3ca-87e4fca34faf Rome Music
[update] romeo-void 97792e8c-12a7-42ed-b132-2af0af2223b6 Romeo Void
[update] romy f013ccbb-2d97-42f0-b943-c641248c28b4 Romy
[update] ronald-isley f5cd3a9b-8f6b-413c-9573-a0a464b9076f Ronald Isley
[update] ronan-keating 21e55968-9be4-48bc-a600-76003a611cc5 Ronan Keating
[update] ronnie-atkins 965d9431-73bf-4ee6-a1f1-756e2043650e Ronnie Atkins
[update] ronnie-hudson 2c54a015-205e-40f7-963e-fd51b364d26b Ronnie Hudson
[update] ronnie-romero a494f9ad-d298-4692-b4cc-5a7f9a8eeef4 Ronnie Romero
[update] roop 02a1cda4-6c1e-40aa-80e6-d9f196a0d9cb The ROOP
[update] roosevelt 788d6474-9f83-4858-bc86-ef8be33ef966 Roosevelt
[update] roots 38d7a9b6-c3ce-4186-87b6-b4e19a5f3825 The Roots
[update] rori 7e5696c4-60a9-497d-885d-9c526eaa8261 RORI
[update] roro e25a6096-aa4c-4176-9110-a4b671bb8577 RoRo
[update] rory-2 932b9262-a9d7-4768-9526-c12b15dba4f4 Rory
[update] rosa-linn 2d8c87da-9030-4fc3-962c-898987e1aadb Rosa Linn
[update] rosalia 414f7dd0-fdf5-477a-8f8e-77d9730e0a3f Rosalﾃｭa
[update] rose-gray 606dbe3c-5806-4b80-9ba1-238415e41057 Rose Gray
[update] rose-royce f5bf5f7d-5bc8-4041-8693-ddcaec6c3817 Rose Royce
[update] rose-tattoo fd9a2c64-44a5-4b29-ae08-1c803ea71940 Rose Tattoo
[update] roseanne-barr 8a13f4f3-8132-4cbf-accb-dcddb55dd9ce Roseanne Barr
[update] rosecoloredworld ebc5ed69-a691-4d19-97dd-d9725e1fe667 rosecoloredworld
[update] rose 0fc7091c-e675-4e3c-a3c8-70c726e33302 ROSEﾌ・[update] rosie 7f1366ed-2c9a-4ae2-8927-976e96e46149 ROSIE
[update] rosie-gaines 98894845-fd64-49de-a51b-f18457b191d3 Rosie Gaines
[update] rossdale 606e4fc8-6898-477c-8381-2ad996f78de9 Rossdale
[update] rossi cbf0eecc-36aa-4f30-8772-9f5bd715bc65 Rossi.
[update] rostam 46d36574-844e-477a-ab56-79ad5a7152dd Rostam
[update] rosy 2c5a96d7-2a67-45bc-807e-2075863d48fa ROSY
[update] rousso 8cd0a6fb-b16b-4660-907d-cd974d94e2c9 ROUSSO
[update] route-94 b9efded6-16ec-468c-b3d1-155ac3d0d034 Route 94
[update] rowena-wise c5a3a774-a210-43e3-9c4d-799c1d8aaac1 Rowena Wise
[update] roxane 9d7ee232-9a66-4a0b-9fcf-8b07b84f4b86 Roxane
[update] roxanne-shante a35248c0-6ebb-4995-bef8-9f9bdfb8f4e1 Roxanne Shante
[update] roxen e2481f59-d020-42a8-b751-5d010d73adc8 Roxen
[update] roxette 5b11651b-6556-4ec9-8bf6-5bb306a0afc2 Roxette
[update] roxy-music 1c549a3c-cecb-42a8-a9df-0f0599a10b7c Roxy Music
[update] roy-ayers-ubiquity 3db60366-7746-4b87-bdb1-ec14a77db055 Roy Ayers Ubiquity
[update] roy-buchanan fdd96190-7a20-47f9-b809-0966145383eb Roy Buchanan
[update] roy-woods 01db780d-962e-40eb-967a-cdc1353bbc7c Roy Woods
[update] royal-the-serpent 1d48ec30-ba18-4b7f-b4be-84896ff340b2 Royal & the Serpent
[update] royal-bliss 456fb36d-265b-4d1c-b192-0f13ec4494f7 Royal Bliss
[update] royal-blood d52fb98d-2b21-4523-ab85-1a08fdff1931 Royal Blood
[update] royal-blu 146ae46a-e45c-43b5-9293-2601535651c7 Royal Blu
[update] royal-flush aea9a2eb-4358-47b5-bdd3-e4ecf3838782 Royal Flush
[update] royal-republic af23fedf-0d75-4941-9ee1-db247d3a33d6 Royal Republic
[update] royal-thunder 7dd864f2-bb20-4d42-84fd-52934da0fc62 Royal Thunder
[update] royale-lynn 1b51b9ef-6873-44a0-827d-63188e09cb8a Royale Lynn
[update] royel-otis 35915bde-43e5-4359-bf70-a427e78109e9 Royel Otis
[update] royksopp b11d25ba-c3a6-419e-8503-7e65a71aee1c Rﾃｶyksopp
[update] rozes 533d4780-16a6-4261-a7c6-2ba6aed92dc1 ROZES
[update] rtee 3c6b1370-211e-47e1-a554-84158ac06df7 Rtee
[update] ruback 6110bca4-2920-4b31-b739-5907569a2bb0 RUBACK
[update] ruben a7aa7d03-c7ae-412e-a032-b8f00c96bf0d Ruben
[update] rubi-rose 22accd33-ba47-4821-b994-f9adbc283142 Rubi Rose
[update] rudimental c489e537-1152-4c68-b597-683391a62b10 Rudimental
[update] ruel ea8f8ce7-15eb-4a83-956d-dbf8aca6b0b8 Ruel
[update] rufus 3e5b1129-19e7-4aaf-ac71-4ff3e454c80a Rufus
[update] rufus-du-sol 723241a4-be91-42d2-9997-0edf8733427f Rﾃ廡ﾃ彜 DU SOL
[update] rules ba4115d8-bed2-4862-afac-3943488983cc Rules
[update] rumjacks 8a216cb7-d49f-49d9-8ff4-c8eea9522183 The Rumjacks
[update] runaways 2bbbbba8-0adf-4b4c-b124-9bd1d2264e6f The Runaways
[update] rupert-holmes ad6be548-1ae2-459f-92b0-8d20cfde6bbd Rupert Holmes
[update] russ fb920d65-30e0-4e35-9695-1665e11eaabc Russ
[update] russ-millions d4886c81-e8ab-4e0c-be58-0ac5bdbdb957 Russ Millions
[update] russkaja f223076b-91af-492f-8e15-570075bc4473 RUSSKAJA
[update] rustin-man 9b88dcaa-39fa-415d-b409-0c663a3d84c6 Rustin Man
[update] ruth-b ba31c9d2-d719-4791-962d-c8ab49f1285a Ruth B.
[update] ruti f68e0e97-1242-4c63-b25a-ee032bfd0046 Ruti
[update] rvssian 5bb73b46-2c53-4949-bb0c-cc83ad6930b6 Rvssian
[update] ry-x d32a0b9c-3588-4738-bb08-4022491be65b RY X
[update] ryan-beatty b85620b5-748a-4c61-b114-62a1aa3abd60 Ryan Beatty
[update] ryan-caraveo 5af9ed22-ad73-405a-baaf-bc6bbe5f86ec Ryan Caraveo
[update] ryan-destiny 99d5b6d5-f725-46ba-942a-88058a36e2dc Ryan Destiny
[update] ryan-gosling 7ad793d5-bba4-4556-ae4d-234803a6169c Ryan Gosling
[update] ryan-hurd 99d51300-fe17-48d6-b945-fa5549ee1fcf Ryan Hurd
[update] ryan-paris 86a78ec1-c7dd-4280-a439-c8cdf79619e4 RYAN PARIS
[update] ryan-tedder 6a54a2c5-fd84-4177-bd8f-b49353eec0bb Ryan Tedder
[update] ryan-trey b0bcbd9e-e647-4509-b073-ee9fa840f857 Ryan Trey
[update] rybe d918eae1-b693-4c8a-9668-98e526af539f RYBE
[update] rylo-rodriguez d4788514-c3a8-4447-875a-c15ae1d15633 Rylo Rodriguez
[update] ryos c5e88f96-8ae1-4431-b7e4-a4bf942ce4d6 Ryos
[update] ryuichi-sakamoto ab08d75b-a046-4984-add2-a33f827e9a23 Ryuichi Sakamoto
[update] rza c8f9b13a-52b0-4b7d-8d5f-51719f8e0560 RZA
[update] rory 1f0d3167-f492-4d35-a131-ca0628b38d3f Rﾃ漏Y
[update] s-club 8328201d-1805-4af1-849e-ed7a1fc5ca75 S Club
[update] s-o-s-band 677eb3bc-7868-4294-bda2-c9332d81309e The S.O.S. Band
[update] s1mba 58c5d8a9-b93c-434f-8195-218c14dbd273 S1mba
[update] s1rena 803a1e9d-6eeb-4159-a300-2077ed22f443 S1RENA
[update] saavan 38626a97-e61c-4fee-ada5-5db678eba894 Saavan
[update] saba fe52fa35-492c-4f8d-b0cb-e467e4acfb3d Saba
[update] sabaton 7c1ed9cb-d5df-4653-bd1b-d49ad9318381 SABATON
[update] sabrina 62ea81db-0b5a-46af-834c-c381e2d2bfc1 Sabrina
[update] sabrina-carpenter 05eed2a1-632f-4ff5-b933-1ab4be550ec7 Sabrina Carpenter
[update] sabrina-claudio 4396c261-dddc-49a9-a8c9-480f62f20bbe Sabrina Claudio
[update] sacha 12684a58-9c21-4d9e-a1e7-920d4c158d7a SACHA
[update] sacred-souls 349068cd-39d8-49e8-8270-51f671af8154 The Sacred Souls
[update] sadboi c7ef7a15-de26-4070-8b36-7a8f8f77357e SadBoi
[update] sade 892fee9e-1cfc-415b-ab7f-fc41abebe62c Sade
[update] sade-adu 176150da-ae8e-4f70-bad7-580f837b1010 Sade Adu
[update] sadie-fine 1d7fe852-b785-4513-bd19-bf22ab0ef2fe Sadie Fine
[update] sadie-rose-van 555f93ed-fecb-40f6-85b4-6186441dbdee Sadie Rose Van
[update] sadmonth 173fdd18-6858-4f12-ae11-a00bb1881e02 sadMONTH
[update] safe-mind 38961bda-cd31-44b9-b97f-5d19e7d01b3f Safe Mind
[update] safri-duo 810558d8-c51f-4b67-bf7e-afa7df046cc4 Safri Duo
[update] saga 4aab0320-fbd1-44d9-8d64-38b125df8faf Saga
[update] sahaji 5d4cf27d-642e-4758-aa0d-f282243cd605 SAHAJi
[update] sahbabii a1d37323-a29e-404c-9e64-d2e99c6263f4 SahBabii
[update] said-the-sky a314f7ee-9c89-46c7-a805-f0876c164c22 Said The Sky
[update] sail-north 06f1f7ed-b801-434d-83cb-d055b66f5237 Sail North
[update] sailorr 04321ff4-377e-4aa5-868d-3d497297e144 SAILORR
[update] saint-agnes 6da1e2c2-1c51-4f3a-b8f2-dbb2042f26b4 Saint Agnes
[update] saint-asonia b29cf8a4-53ea-4972-916c-7eccc7e0a74e Saint Asonia
[update] saint-etienne 6afe463b-f961-4a52-a405-df6210a77ba1 Saint Etienne
[update] saint-jhn 4825d1dc-b581-4028-81c1-567a12bcca72 Saint Jhn
[update] saint-levant c7be151b-3271-4a0c-aa4b-e54a91dd9ce8 Saint Levant
[update] saint-motel 92ecc4fe-198f-47d1-a390-4e0f5e48f0c6 SAINT MOTEL
[update] saint-phnx 27a574b9-88a1-4b46-90b2-d90a7d3509dd Saint PHNX
[update] saint-pnhx 4aee5466-8b02-4b2b-a7ec-5f5b55872c85 Saint PNHX
[update] saja-boys cf8ac68d-e788-4b0e-809a-d73d73c8ffe1 Saja Boys
[update] sak-noel e9ea99df-a969-4ea8-9d0b-df7006b6bc90 Sak Noel
[update] salarymen 7cf014de-1972-4c01-8ddc-6b5dae1217db Salarymen
[update] salem-ilese 279587a7-3207-4ac3-8ffc-aa76061b06ce Salem Ilese
[update] sally-green b5c01414-8f6a-488f-b956-32658e5daa49 Sally Green
[update] salmo 7e8d019b-6e87-4b93-9d91-0b829361cdec Salmo
[update] salt-tree 6e76225a-9cd8-4ae1-b53c-36aed6030685 Salt Tree
[update] saltatio-mortis 1684aa07-2caa-405c-bd30-3be4e562adce Saltatio Mortis
[update] salute 9b3c27f5-02c2-40f2-9361-56501f54d2e1 salute
[update] salvatore-ganacci 638254b5-910c-4c61-8960-a4451546db54 Salvatore Ganacci
[update] sam-concepcion 10d608b4-3300-4a01-b906-cb053f63557a Sam Concepcion
[update] sam-feldt b5d0ff69-e079-480f-952a-c4f34a89ca38 Sam Feldt
[update] sam-fender f4e2fee4-fec5-4582-a578-61a652011fcc Sam Fender
[update] sam-fischer 3084222b-1192-4fb9-933d-17e8e69a99ad Sam Fischer
[update] sam-gellaitry 180ec291-25e6-4222-96bd-623a8d2b80cc Sam Gellaitry
[update] sam-harper 6d7f1f02-6e79-49c7-adcd-ae61e7522464 Sam Harper
[update] sam-hunt 293de354-5ed1-4ea9-bfeb-58d0b1ace5bb Sam Hunt
[update] sam-martin d522fd46-f2ff-4bd2-9c0f-7a7915289857 Sam Martin
[update] sam-ryder 24e5c555-458e-466c-a70a-ea94a9c8792a Sam Ryder
[update] sam-smith 1a0e080c-248a-456b-888c-1cee2c69809a Sam Smith
[update] samantha-fox 3877e2f5-7835-4f2c-a800-8315ea2bae42 Samantha Fox
[update] samantha-the-bomb a0677541-6ba6-4d44-adec-a98d7943e1a2 Samantha The Bomb
[update] samara-cyn e2a6ae9a-85fe-4b34-b611-317359ad7cce Samara Cyn
[update] sammy-hagar 1515b808-b917-4983-be99-0212f8480292 Sammy Hagar
[update] sammy-virji 08946790-f00b-4878-9331-8cee91fe0d79 Sammy Virji
[update] sampa-great c5206466-21f0-4fd3-9eb3-c1f35a8731a0 Sampa Great
[update] sampha b3a4b4d9-f1d5-4ac0-bc98-0c95e430f2d7 Sampha
[update] samurai-pizza-cats 395d3ef3-56ca-4390-ab1d-0b817f9bb3bb Samurai Pizza Cats
[update] san-holo 5d17873b-3665-40bc-86f1-0de0f4f1cf65 San Holo
[update] san-z 9e5080d3-2267-450f-ac5d-e0a6a257755e Sﾄ］-Z
[update] sander-van-doorn c9a579be-f451-4ef8-9e82-ff2220f5c258 Sander van Doorn
[update] sandra-n aeabc402-c9c1-4a1a-b14c-f62d4fe482f7 Sandra N
[update] sandro-cavazza 74bb317c-a38e-440c-b7d4-d14b90f88a7f Sandro Cavazza
[update] santa-esmeralda ba735673-69bf-481d-9559-85987e2f882f Santa Esmeralda
[update] santana 9f20eade-9ed1-400d-a9ec-75166b6e09f7 Santana
[update] santhosh-narayanan 9ec2f1d9-61f3-40ec-9deb-24e72665e18a Santhosh Narayanan
[update] santigold 20176236-64bd-4a16-bc34-5dc6fae3e70a Santigold
[update] saosin ea284ccf-b78a-4904-be9a-168df75628f7 SAOSIN
[update] sara-bareilles 0297146e-12c8-4059-a389-f385e558c4a7 Sara Bareilles
[update] sara-james d82cd975-1e65-4375-ad86-468b9c9a1af7 Sara James
[update] sara-kays b7ed533a-256f-476e-bd90-148660c10da6 Sara Kays
[update] sara-landry f94125a2-290a-4ad4-81c7-1d17204282b7 Sara Landry
[update] sarah-barrios 098512b4-2047-4929-a9bc-b6059b271a98 Sarah Barrios
[update] sarah-de-warren 7e21bdb2-8f4d-4b90-9bf9-59f23e8c6160 Sarah de Warren
[update] sarah-engels f97e2af4-c74b-416c-a9e6-526460e2f473 Sarah Engels
[update] sarah-jane-morris 43203880-d14f-48ac-95ae-ad8111539eaf Sarah Jane Morris
[update] sarah-kinsley 496b701d-12ff-49e3-92c9-612a163be63a Sarah Kinsley
[update] sarah-mclachlan d575a589-5bcb-4fba-9faf-a2d2c92d1bf4 Sarah McLachlan
[update] sarah-reeves f4289d3b-ae91-45d5-b570-20659a0083b2 Sarah Reeves
[update] sarcastic-sounds 3331428e-ecba-43f1-be63-14601b9d19e3 Sarcastic Sounds
[update] sarina e77794bc-2e03-483d-9908-47d3729db4e4 Sarina
[update] sarz 4dda3ff4-bd08-4d23-a1af-937678891bef Sarz
[update] sasami 69a43769-6137-4cec-95f5-acc76a96fb2c SASAMI
[update] sash 339f8b82-af71-4707-bb41-2a877ba4c39e Sash!
[update] sasha-alex-sloan fbe1f72e-66b7-4517-b4c7-e2fe93897442 Sasha Alex Sloan
[update] sasha-keable be6ad459-85a6-4970-bcbd-4289becd916c Sasha Keable
[update] satin-jackets 08a6a504-45ec-4ea5-9409-c56ee7f0cab1 Satin Jackets
[update] saturday-night-band 10cfbe59-0771-416a-b960-b23e07e09022 Saturday Night Band
[update] sauce-walka 384ca08d-1aab-413c-96c3-8cc32d060ca0 Sauce Walka
[update] saults d99974f4-1c43-4ae8-b003-7c49d9057d10 Saults
[update] savage-garden 429d1d3d-4fec-4857-a272-462a1a001fff Savage Garden
[update] savannah-dexter 6a15c9b6-8547-4b22-9291-2439aaee613c Savannah Dexter
[update] saweetie 85c21fa0-d80a-466b-85f1-0820d305e8be Saweetie
[update] sawyer-hill c2b71943-c5a8-46b4-918c-7bd231701b0e Sawyer Hill
[update] saxon 814222e7-d20f-453b-ae8f-a75a03117da9 SAXON
[update] say-now 07c617ef-aec8-431f-bd5b-d68e9bee98e1 Say Now
[update] sb19 fdf8f82d-666c-4b03-b9d6-bd9916191766 SB19
[update] scandal 517d03e0-9da8-429b-a3a4-f9a983a04c8c Scandal
[update] scarlip e611c062-f404-4406-baed-b993bb585baa Scar Lip
[update] scarface 2ebae44d-062c-437d-8bdc-9feb82431e51 Scarface
[update] scarlett edf6a420-fbd9-4c44-9843-19b281e904fd Scarlett
[update] scarlxrd 1149ae09-c8be-4f9b-866c-1837652b3c0a Scarlxrd
[update] scatterbrain 70ae24b6-a200-4f4d-879e-50881e674cda SCATTERBRAIN
[update] scene-queen ef8fd453-944a-4a03-95d2-9ad791a87c7b Scene Queen
[update] schoolboy-q 8f89b35b-201f-40fe-923a-7aa233fc9d3e ScHoolboy Q
[update] scissor-sisters 50661ce9-b8c3-41f4-bf5a-0b05822b9c16 Scissor Sisters
[update] scooter 0cb8ee80-89f4-4778-94df-2617a7cfa7fb Scooter
[update] score 3837ce0f-f764-4335-a713-6b5dd204672a The Score
[update] scorpions 82f4cc6d-571b-40c5-8883-0bfb72fe0e7d The Scorpions
[update] scott-hoying 3474681c-4718-4abe-be1a-0eb21ff8dbb3 Scott Hoying
[update] scott-rill a5aad806-38e8-4007-9f2b-39feff50b339 Scott Rill
[update] scott-stapp 890b3c0c-c059-4407-9c09-e191ed0d4661 SCOTT STAPP
[update] scott-storch a10284a7-a9bf-426d-99bf-cd358d356e08 Scott Storch
[update] scowl 0214e12e-912a-4632-acba-cfcc5a7ccdd6 Scowl
[update] scratch dd37f36d-b771-49bf-a9d3-15a4417d73ae Scratch
[update] screaming-females 3ce50149-62b4-4c6b-b5d2-059c87c77ecb Screaming Females
[update] screensaver 5001998e-890e-4fcc-a5ff-a1d794af8174 screensaver
[update] scrim 710544f7-161d-476a-a6aa-5467df71fa82 Scrim
[update] script 87efc480-2d98-476a-b916-f369b7077752 The Script
[update] scritti-politti 07627c30-7b7f-4e52-ad7b-eb933ee34038 Scritti Politti
[update] sea-girls bc06f567-f7a3-425a-a108-759ec3994be9 Sea Girls
[update] seafret c1487f22-d986-4c46-a45d-7d88d70c2d5a Seafret
[update] seahorses 255f5c8d-16c7-4558-bc7f-d6e97cbdc9ed The Seahorses
[update] seal a8de5ceb-a192-4e55-bf78-7040da9ae938 Seal
[update] sealed e0e87e52-9d27-4665-a008-d0945addf929 Sealed
[update] sean-harmanis 21866aa2-104e-4459-8a51-6a213e525af3 Sean Harmanis
[update] sean-kingston 4ec8c3cf-5de7-4b3a-b42b-dbb6cfb97d51 Sean Kingston
[update] sean-p-east 2c2a139c-cfb0-442e-a3be-56b4685e8e8a Sean P East
[update] sean-paul dd0e3e5b-e43f-4337-911b-55a525c71296 Sean Paul
[update] seantonio 4f9b7634-f201-43a2-83fe-cd2da951fb10 Seantonio
[update] seas-on-the-moon eac1168b-b70c-4bf0-8054-39816df5d464 Seas on the Moon
[update] seb-lowe 961af9f9-1109-48a7-9362-db5c922fc415 Seb Lowe
[update] sebastian-bach 370c8dad-c802-4d87-a327-9bfd1378af89 Sebastian Bach
[update] sebastian-ingrosso 5007c061-661e-49ff-90d8-00a0f79ceece Sebastian Ingrosso
[update] sebastian-seeb-levermann 9a37f14b-251d-43e9-bd55-1321c693ebcf Sebastian Seeb Levermann
[update] sebi 2d239363-c802-4d6c-aaee-154ae56f9d68 SEBi!
[update] seeb d9e219f7-3c47-4103-bfac-65a02b355298 Seeb
[update] seedhe-maut a6da8ffe-f7d5-40c1-8ef5-712b726266b7 Seedhe Maut
[update] seether 8bfd9fb5-bae6-4627-bde2-1655432fe3fc Seether
[update] sekou 4dc0dc1f-c18b-40f4-941b-f046722b1ff9 Sekou
[update] sela-v c0da749c-95a1-4f3a-b9a1-f606b0296c8f Sela V
[update] selena-gomez ef4e19fb-9c3a-4f09-af56-eb28e0715d01 Selena Gomez
[update] self-esteem 646b15dc-08c4-4c09-acb6-1338a9dc7e52 Self Esteem
[update] selin 767627a9-71fd-4f37-a523-d2e02a7a597d Selin
[update] sem-vox 0636263b-fa99-4b12-8527-c2eac6bea25e Sem Vox
[update] sen-senra 45cff492-ca12-49dc-a44b-34b534cbb430 Sen Senra
[update] senna a6ae0e29-7d1e-4aa7-8898-9c515074455f SENNA
[update] sentinel dce8f0a7-de40-47ea-a89d-8bc36b5326b1 Sentinel
[update] sepalot 85a54f7d-b647-48ca-8d14-ca80fe22f36f Sepalot
[update] sepultura 37040763-8e0c-45bb-8339-e8450a3e785e SEPULTURA
[update] serendipity-rabbitpaw b42ca949-3d79-48e5-a913-b2c6dee2607b Serendipity Rabbitpaw
[update] serhat-durmus d448f05c-5f33-4e21-b4c8-49ee03bb4ca8 Serhat Durmus
[update] serious-black 1a09c23c-a1df-4109-a5af-4e78df5af2c0 SERIOUS BLACK
[update] serj-tankian 711a3ac5-0bc5-4ba7-bcd2-3d63eb336b1d Serj Tankian
[update] sershenzaritskaya c3846b97-cd09-4049-b628-19ffaa9ee005 Sershen&Zaritskaya
[update] sessi 9738bc7a-e8a2-48b1-8b89-c3f2853a1f4f Sessi
[update] set-for-tomorrow 751147d4-eb41-45f3-a0e6-099bf60769cf Set For Tomorrow
[update] set-it-off 02ce5b5a-ebf1-4912-8509-d542938fa0af Set It Off
[update] seth-hills 210ca735-8535-43da-956b-8828ce565be0 Seth Hills
[update] seth-macfarlane ed274acc-2ea5-4342-9708-49add9bfd2e5 Seth MacFarlane
[update] seun-kuti 6b5f1189-beab-492b-97b9-d46f3542d4b3 Seun Kuti
[update] seungri bd5019d8-d42a-4bd3-8393-07c6962acbfb Seungri
[update] sevdaliza c6688fe7-a9e1-40a8-8950-708d3874b555 Sevdaliza
[update] seven-lions 546c89ff-9ce5-4923-81f2-6e26600dc063 Seven Lions
[update] sevendust 4060fbed-f730-4edf-91e3-7c4841744bf8 Sevendust
[update] sevenn d1c1b825-8c3f-4146-8daa-bab2fae06ba5 Sevenn
[update] seventh-crystal 4bdb003c-6697-4a9d-ba8a-e75d7e39d8fe Seventh Crystal
[update] seventh-wonder b8d77f30-1ef1-46f4-862c-899e727308dc Seventh Wonder
[update] sevi 9e2284f7-ced5-4f75-9c58-26020e3d92b1 SEVI
[update] sex-pistols b8f75136-8540-43a4-a169-9841aa294a14 Sex Pistols
[update] sexyy-red 0afaa70d-5b1c-4325-a0c5-2fb1945244e8 Sexyy Red
[update] sfera-ebbasta b32d13b0-3c7e-42b1-a226-02c54fa4df3e Sfera Ebbasta
[update] sg-lewis 29d83a3e-b0ad-4653-8f7b-c07c9c837654 SG Lewis
[update] sha-boom 52f9fc14-2e07-4c19-adb9-e571a9479ce0 Sha-Boom
[update] shab 482a99c6-eaa6-40f3-9a0c-30074a24d25f SHAB
[update] shabba-ranks 9654d028-54cb-4119-900e-66a48abbe9b7 Shabba Ranks
[update] shaboozey f830954e-c5b8-4ef7-b7c7-bf70dbf7eb30 Shaboozey
[update] shadxwgirl dff68ce3-74d7-472c-a343-1a37bed1e0a7 shadxwgirl
[update] shaed d5b8884a-4a13-4067-9888-6eebb4fcbb9c SHAED
[update] shaggy d76d8046-d92f-4a2f-9856-3dd1ce05b8cf Shaggy
[update] shaka-ponk d4789b57-a844-4323-adff-e7c2a8c8dcda Shaka Ponk
[update] shakey-graves 5e76d36e-0c05-476c-9780-e3fd661bb1df Shakey Graves
[update] shakira 6cdb6c04-0b79-4ea5-b6dd-66b7461bf362 Shakira
[update] shallou fbb0347e-0d78-4ca4-b0b4-b0836acb43fa Shallou
[update] shallow-side 156b020c-a578-48d7-a16b-cff066ca2c7c Shallow Side
[update] shame 27d3f44f-b203-45f9-97d5-e63cbb72f474 shame
[update] shane-codd 53022385-b460-4b69-960b-c6a90fd69120 Shane Codd
[update] shane-told 67bea582-933c-413e-8fe9-2a22d289b1fd Shane Told
[update] shango 2148c048-d636-4d8b-a928-c1ffa963d906 Shango
[update] shania-twain 91a6d92a-cbdc-44e6-8d4a-0658a9cfa621 Shania Twain
[update] shannon-the-clams b9523e99-8c69-4764-97a1-330b220a1bf0 Shannon & The Clams
[update] shapes f7ad37c6-74d5-4215-9d8e-0d2204077c81 Shapes
[update] sharam c0bf40e8-b1d4-402d-8ebf-399b62d531ee Sharam
[update] sharon-redd 69aa1b54-3175-4ab2-8f25-d1c82ddb09c4 Sharon Redd
[update] sharon-van-etten 27542b92-75ba-488e-8209-c3a3aad6662b Sharon Van Etten
[update] shashl fe24575d-6c64-41fe-89f6-ecb541a0d072 Shashl
[update] shaun d4873aa2-9ea1-4455-836f-f5551a4a8c97 Shaun
[update] shaun-farrugia b96973eb-5211-4bb8-947f-09d8eddd0917 Shaun Farrugia
[update] shaun-phillips 31d77906-7fe1-48cc-b64a-5632f6706e28 Shaun Phillips
[update] shawn-colvin f13c9de9-c1ca-48e5-ac3e-aa15b5309572 Shawn Colvin
[update] shawn-mendes 0f26cc3b-97d9-435e-b728-417dcbaaf7ae Shawn Mendes
[update] shawnna f1c9cde0-8118-47cd-bd1e-037e2fa2e30d Shawnna
[update] shay 0a24b90e-459c-4e90-be72-7711868521b3 Shay
[update] shaya-zamora cbade957-f997-4a72-a3ac-cb38d3e07c72 Shaya Zamora
[update] shayne-ward 196e4397-b5fb-4955-8869-7e374149f9ae Shayne Ward
[update] she-past-away 5e690466-cd4e-4e16-ba15-9e39fb5afd33 She Past Away
[update] shes-green 7ed4b8d0-3fef-47b1-8349-c5ac2b1503bf she's green
[update] shea-coulee 1ca4aa4e-6d07-40d3-b28c-f50a89094b9b Shea Couleﾃｩ
[update] sheck-wes 98599f05-ca23-4510-b8a2-bd030bc97918 Sheck Wes
[update] shed-seven cb9c2617-2e03-4b44-bee3-80145ebeb70c Shed Seven
[update] sheena-easton 48d0aa07-03eb-4d9d-9a43-a971905a4479 Sheena Easton
[update] sheila-e 7b54a2ca-0da6-4e3c-9537-8df9a9cdeca7 Sheila E.
[update] shekhinah 948dee13-23be-4473-a527-309c64795a5e Shekhinah
[update] shelby-j 7a48fb7f-df79-40ce-a860-3de10e049369 Shelby J.
[update] shelly 34067bf3-a1ee-45bb-97a3-73da893a22e0 Shelly
[update] shenseea 5684d107-4805-4462-8f7c-ce5c2ec70317 Shenseea
[update] sheppard 2f5ec4c8-95fb-4597-a76f-52f48de1b15b Sheppard
[update] sheri-moon-zombie b9fdae34-4c5c-4e30-893d-dfba15d6a0bd SHERI MOON ZOMBIE
[update] sherlocks 0212d668-c108-4899-b1f1-d7d763f98cec Sherlocks
[update] shermanology d4d90724-2a6f-4a3f-9a26-ada304744cfc Shermanology
[update] sherwyn 2af5731d-2364-4fdd-b299-435087c0c0ed Sherwyn
[update] sheryl-crow 041fc41f-6083-4c12-91ee-49c868b392b8 Sheryl Crow
[update] shimza 8b43bb5f-1658-4c96-9da2-7a3a629a6270 Shimza
[update] shinedown 4f8feb0d-59ef-400b-820f-0832b2a9c48e Shinedown
[update] shinettw 119ca0b4-5b12-448c-b08d-38e029eb9ed3 ShineTTW
[update] shining 4652faec-388b-4a7c-8aa9-553934693f21 Shining
[update] shins b18c018e-e410-4d2a-bbdb-454b650fbbf5 Shins
[update] ship-wrek f901bf44-5fcc-4dd4-9f0f-324688beb761 Ship Wrek
[update] shiraz-lane 99152872-e87d-4e60-bd43-3b5576fd2fbc Shiraz Lane
[update] shirley-murdock 231b750b-1ab2-4794-ac52-44d2226cba31 Shirley Murdock
[update] shock f5bd9a21-94f8-4e8a-ae6f-0876cf3252ae Shock
[update] shola-ama 2a777743-6563-44e1-84a6-390605e0a995 Shola Ama
[update] shooter-jennings ef634232-ec99-4e0c-a0dd-60a4589650bb Shooter Jennings
[update] shoreline 4228c23d-8ac3-4f63-8fa4-219d33b738e6 Shoreline
[update] shoreline-mafia 08653d50-2d92-4892-b4ab-6ffa0bb6307a Shoreline Mafia
[update] shortround ed81765c-6d37-4230-bd77-d01b3fe54b9b ShortRound
[update] shotgun-willy f4cd1587-c568-42da-b95f-988f5187ada6 Shotgun Willy
[update] shouse 8d737754-ecbd-4bd6-b5ce-909e1f04bc30 SHOUSE
[update] show-me-body 915f9c97-7e39-43cf-a945-f78adeaa0fee Show Me Body
[update] showtek c5d4eb3b-cabd-4bf0-8369-e1ec98ba459d Showtek
[update] shreyas caa07380-a96a-4cd7-ad58-bcdefc8073cd Shreyas
[update] shungudzo 551112a5-4662-4771-9caa-90b8f6d7fdb0 Shungudzo
[update] shura 8b42a368-c607-4fab-9273-bd32e57cc61e Shura
[update] shy-fx 5761d7ba-fe89-4529-8ce7-95f216e148cf Shy FX
[update] shy-martin 5ac7db3a-a4cf-436c-b8f0-392fede8bc85 shy martin
[update] shy-shy fc0b4d33-dd6a-44c5-8d81-bc0237b8aecf Shy Shy
[update] shye a9e2982f-33de-46b0-ab9b-3ca87d21b41e Shye
[update] shygirl d9e9a55c-5a2f-4c2a-a417-5cc316a9f19a Shygirl
[update] sia df7ad863-322d-4862-b809-ee31ef330514 Sia
[update] siala c2235d25-7dea-4156-ad7e-003616c58ef8 Siala
[update] siames 8db2cf84-0f51-43fe-b2d1-faf0f3a3097e Siamﾃｩs
[update] siamese 8980cf13-f6f5-4229-afa9-facf3addc972 Siamese
[update] sicily-rose 42b26e93-7f18-46f3-8808-c1f8cdc5d1c5 Sicily Rose
[update] sick-puppies 071acc20-6d4e-448c-94f8-75c37842935c Sick Puppies
[update] sickick c774305c-476a-4f55-bd5d-2f3c26ef866f Sickick
[update] sickotoy 87edabff-c3ab-4472-a5dd-a1d1cfd8ecb4 SICKOTOY
[update] sid-sriram 6eebdfbc-940a-430e-bafb-4da2e80a7638 Sid Sriram
[update] siedah-garrett 909f3f80-291e-48e1-baf8-c92012176cfc Siedah Garrett
[update] sienna-spiro 2772610e-6832-4d71-831b-d67586565348 SIENNA SPIRO
[update] sierra 28f2ad6e-726e-4d39-932c-a9ae8064190c SIERRA
[update] sierra-deaton f7bb137b-2a87-4d02-b061-a5aefa780779 Sierra Deaton
[update] sierra-ferrell d4e31d31-bb1e-4066-be6c-ffb244bb3c2c Sierra Ferrell
[update] sigala b2afe0dd-d5ed-4d8f-9174-49eeedad9b87 Sigala
[update] sighter 146b995c-9677-422a-b243-e38a2be07aa5 Sighter
[update] sigma 1a3749e0-a8f5-4ca9-81d8-ae9e155df6ea Sigma
[update] sign-of-five 3eebe9ba-0c11-47cb-aba7-e181fb5fdb89 Sign Of Five
[update] sigrid 2abf6780-4184-4301-9aa0-3cffc14765f4 Sigrid
[update] sigur-ros dfa396fe-6420-4620-bd89-0afdd8342d27 Sigur Rﾃｳs
[update] siiickbrain d82f6767-2d60-4893-89bb-dc0263d325cc Siiickbrain
[update] silent-addy ad6a7fe0-0a00-4176-8a15-a6b2ee8e30c0 Silent Addy
[update] silent-child e79ff372-6664-4652-aabc-f6d60edc455c Silent Child
[update] silent-planet 770b41a4-e8a6-4fca-afbd-0f08ee2ca503 Silent Planet
[update] silent-theory 9b01a18b-59df-4036-b1b8-93b7ff5a430b Silent Theory
[update] silk d906b50e-d38f-4fa5-b7fa-660452850171 Silk
[update] silk-city ca06176b-2ee8-4291-814f-d41038cac708 Silk City
[update] silk-sonic 5eb505f3-9111-467d-b3ed-0e47bba0e148 Silk Sonic
[update] silver-platinum 37693d1c-a230-417e-a799-616ddbfe6b82 Silver Platinum
[update] silverstein 1fc85529-3226-45d3-9800-bda8ca928352 Silverstein
[update] silversun-pickups 3845434e-6ec8-44e0-883f-f8b0937c12e3 Silversun Pickups
[update] sim 5defd676-db4b-415d-a7bd-dc9088c2d981 SiM
[update] simien 12a6a387-5970-4a1d-9040-616c24365bbd SIMIEN
[update] simon-garfunkel bd69200b-6790-4c44-b690-4806bdc789c8 Simon & Garfunkel
[update] simone-ashley 81f1a4a3-646e-46cd-a2e7-56ffa907f6b9 Simone Ashley
[update] simone-simons c4e7b2df-5588-4c0c-90c3-f217819696e9 Simone Simons
[update] simple-minds 712137d7-ed27-4af3-bf4c-65d616c25aa2 Simple Minds
[update] simple-plan 34298384-c299-4ce1-9262-725def86c459 Simple Plan
[update] simply-red 0cbd9b12-f924-4991-b590-9854fbad5c8d Simply Red
[update] simps 29b5f8bf-9f1a-4d0d-8c45-ef70f1b35165 SIMPS
[update] sincere 33ef0c18-b839-46b8-99c4-409c7510dd81 Sincere
[update] sinead-harnett c13aad92-df78-4d1b-b103-4520988e7c0f Sinead Harnett
[update] sinead-oconnor 7bbbc7d3-3139-4586-bf52-fac7dd86e1aa Sinﾃｩad O'Connor
[update] sing-it-live 491d9346-e64f-4570-bf71-68ecaf71a916 Sing it Live
[update] sinner 53d24c95-2fa2-43e4-be5f-ed59f8219304 SINNER
[update] siouxsie-and-the-banshees 6be6c72d-e0ec-451a-87be-115d6ab040a1 Siouxsie And The Banshees
[update] sir e09c7822-f4d2-4cd9-968c-e72d035435cf SiR
[update] sir-charles-jones 2f7f9505-4b29-4350-a6ce-baebd7b1b67c Sir Charles Jones
[update] sir-silly d6b9a363-af65-428b-91b5-53d15dd8f1d4 Sir Silly
[update] siren-society edbb5faa-08e2-4edb-b7c9-b3924036d6a3 Siren Society
[update] sirenxx d30f31fd-1466-4a2d-9ffd-7864412cef5f SirenXX
[update] sisqo af2899d4-d4c3-48a8-b7cf-8c26ce34049b Sisqﾃｳ
[update] sister-sledge 7cc4f076-b78e-496b-a258-3059c2e1194e Sister Sledge
[update] sisters-doll 003411d7-5e88-4ff9-80ff-4be2bfb5a57d Sisters Doll
[update] sisters-of-mercy 585caf29-4f46-4f9b-916f-8118b82016ef Sisters Of Mercy
[update] six-sex c40eb753-8ad4-4954-806d-f22293f1745d Six Sex
[update] six40two b6584ce5-4504-4c28-bd89-18e18470c930 SIX40TWO
[update] six60 23d9b517-b5b3-4039-a848-0064019d5a6e SIX60
[update] sixpence-none-the-richer f1e5699d-0e54-4f60-9546-2ccf97342486 Sixpence None The Richer
[update] sizzy-rocket 969b382d-bbd9-4bac-aaa9-e2c2571e2c48 Sizzy Rocket
[update] sjaak 4dace65c-6aa6-481e-85f5-a65a3186e111 Sjaak
[update] sk8 4cd721bb-ad4a-4d51-83e6-c7b70a157fde SK8
[update] ska-p fa759b13-1d53-4cc1-94c1-aed62ae02047 Ska-P
[update] skaar 35a13cb1-f198-4a4a-9340-562f1ff9a86d SKAAR
[update] skald 7c875e16-01a9-4915-b3d2-4703a1158f5d SKﾃ´D
[update] skating-polly d536edf3-c4a2-4ae5-b881-29cd54e06968 Skating Polly
[update] skavinski 1019c5a8-6a6c-4650-80ff-33f4fb549408 skaviﾅгki
[insert] skazi a008a12e-4256-4554-8d2d-6c40a154c836 Skazi
[update] skeler 83fcca39-5568-45c8-801c-49f3c0f98686 Skeler
[update] skepsis 5a8c82db-0c07-4d5a-8193-ebf81953dee2 Skepsis
[update] skepta 57a064c8-74a5-4ae3-9809-af4f0164b2fa Skepta
[update] ski-mask-the-slump-god 37d526f4-4465-4f3c-843c-5798bf753e44 Ski Mask The Slump God
[update] skid-row 9a014756-11db-4416-8cd6-f263955c61f4 Skid Row
[update] skillet 051bebb9-51f0-4260-880d-6d4baeebda9a Skillet
[update] skillibeng d06f89e6-430b-457c-baae-2f3cf8748d39 Skillibeng
[update] skindred d8bb9c28-f9c0-432a-b29b-5a2a62a5ed2a Skindred
[update] skinner-brothers ac7485f4-9b17-438b-95cc-e1e05d9c4ff6 The Skinner Brothers
[update] skinny-fabulous 4c945fd9-21d4-44c1-a2fe-28c5a9ac6b6a Skinny Fabulous
[update] skints 344afa2d-f22b-48c5-a81b-ad9dc3220777 The Skints
[update] skip-marley 4ea2fdec-ae97-4e1c-be44-775807e69c54 Skip Marley
[update] skloss ed44b311-fab1-45ff-97b9-dc9126ccd70d SKLOSS
[update] skrilla de9f4972-e1db-40db-b41d-2ac42ace35fc Skrilla
[update] skrillex cad58d61-9efd-4c95-8a77-8fbcd92fa350 Skrillex
[update] skunk-anansie e4804a9c-7bc9-498a-812b-70f7c13a61b3 Skunk Anansie
[update] skuzland c114435f-774d-4ba4-bd1c-710e0eb76a78 SKUZLAND
[update] sky-ferreira bdcb6fa8-776c-4815-90b8-03563a598874 Sky Ferreira
[update] skybreak e85c36c2-5930-40ca-85f6-e665cdcc07b7 Skybreak
[update] skydxddy bae087e3-59fc-49f8-b6a4-d5376e96b3e7 SkyDxddy
[update] skye-newman 372b61d3-054c-4ba6-8e58-10d43ccbd1a1 Skye Newman
[update] skyebrows 6d71673e-4cf0-4345-87da-45e4d69a468b Skyebrows
[update] skylar-blatt 07f2e034-9a3a-42d9-a18d-d9c348dd9c13 Skylar Blatt
[update] skylar-grey cdfbfdbe-d426-4e1b-b303-b7719d80a1aa Skylar Grey
[update] skynd 6cef1893-dfff-4fb4-9636-8f08b50a3450 SKYND
[update] skytech f01bb9a6-f176-4744-bf07-b5719cd5c8be Skytech
[update] skyy e97b8471-cf84-4014-a924-9b326ac84a61 Skyy
[update] slander e9b0ea67-7fda-4aab-92a2-0f4a7c5e0471 SLANDER
[update] slash 33826aff-d760-4dec-b76b-69c7856be001 Slash
[update] slaughter-to-prevail f8a4149b-9859-4a4b-a530-16666f21ee10 Slaughter to Prevail
[update] slave b43414b1-cab2-4f17-83f8-7d888e037566 The Slave
[update] slayer 916131ac-b4c9-4c11-a22e-1d29abdbb24c Slayer
[update] slayr 1e613351-745a-435c-9553-91219595c610 slayr
[update] slayyyter 58d941a0-6a67-461b-950b-fe2611bd1dde Slayyyter
[update] sleaford-mods 9ce752c0-17f3-4638-a576-f80a8068584c Sleaford Mods
[update] sleater-kinney eb6f7a92-051c-4063-9411-62c46143340f Sleater-Kinney
[update] sleep-theory 0028adf8-4380-4002-86d5-519c0138c0a1 Sleep Theory
[update] sleep-token 93569bea-6c7f-450e-a40e-0e4edc279056 Sleep Token
[update] sleepazoid d4bb28e2-3e41-4ed1-aa8c-bc87918466ec sleepazoid
[update] sleeper a1638dc2-3298-4ac4-8c9c-e6f8a717e663 Sleeper
[update] sleeping 4983c686-799c-4c70-80d1-b2aab0da4c16 Sleeping
[update] sleeping-with-sirens 128f6e9d-8624-442a-899d-ef4363481997 Sleeping With Sirens
[update] sleepy-brown 49a949ec-b4c7-4e66-b5b0-7ad1bc60bd47 Sleepy Brown
[update] sleigh-bells e3f7e800-b4f1-435a-b3f6-e98d4dac040e Sleigh Bells
[update] slick-rick a2530e9a-ce7b-4906-b2d7-d82c23e002eb Slick Rick
[update] slightly-stoopid 2f0902a7-2e57-4b07-b5c7-76993880a08b Slightly Stoopid
[update] slim-thug ee8962d3-12ac-41d3-ada5-0106aedf724b Slim Thug
[update] slipknot cf4151ba-1e32-4a0c-8fc3-a033f8a6bde8 Slipknot
[update] slot-machine f96d2acf-b72d-4870-85c9-9d3a60f2ffc7 Slot Machine
[update] slowdive 0b6a8fe1-6562-4906-84e8-8e904bf43327 Slowdive
[update] slowthai 05c62793-616b-4fa7-9e6b-35a7d4f07232 Slowthai
[update] slush-puppy 083e0967-fa47-4029-9cd3-1b1a7281d8b4 Slush Puppy
[update] slushii 3282913a-96fb-45da-ae7f-e3697236462e Slushii
[update] slvr b16e6bf5-cf80-431b-a1b4-df18c420b844 SLVR
[update] sly-the-family-stone 208dfdca-0818-4250-bf4a-aa09b932a5b2 Sly & The Family Stone
[update] sly-and-robbie 9a8a9dca-41f5-4b0d-8c60-3ecd9e5dd137 Sly and Robbie
[update] small-black ebcd5a8f-61c4-4ff1-9d29-18d3abef93e0 Small Black
[update] smash-into-pieces 2cdc4f32-1412-4fc4-89c0-7aa8c3b18c23 Smash Into Pieces
[update] smash-mouth d9af9b32-807c-4050-a82f-65ea16949b2d Smash Mouth
[update] smashing-pumpkins ef1dee0c-b87c-4cb0-aa56-d45dab2c7308 The Smashing Pumpkins
[update] smile 77bea967-2dec-4e96-ad4c-e33e529ab789 The Smile
[update] smiley 9da46a06-4855-4b7b-adf0-6b8b6392d70c Smiley
[update] smino 3f29d9ef-df70-4622-8afe-44572054d5f8 Smino
[update] smith-street-band 94f03c07-b7a8-4362-99a2-d3b4d168131e The Smith Street Band
[update] smith-kotzen f2b72638-f050-4e6d-98f9-0f825debfb33 Smith/Kotzen
[update] smiths 5e9eba56-e2b0-4d72-8036-892412a6b3ab The Smiths
[update] smokey-robinson 5a0be212-e242-443b-ad08-bc088d38c5c9 Smokey Robinson
[update] smoking-snakes dfdbe57c-e60e-401c-8b48-fc0818f8f8d1 Smoking Snakes
[update] smoove 12e4066c-dbaf-47ae-be7a-b40c14351597 Smoove
[update] smoove-turrell bd6c07ac-2710-4b55-be59-dfb758fa1f7c Smoove & Turrell
[update] smrtdeath adcaf465-7fc5-4a51-9bce-62abf9f98cf9 Smrtdeath
[update] smtve db203432-4826-492d-8daa-9a88968fe5f9 Smtve
[update] snail-mail 960819bf-e7fa-4f9a-a2d5-5074e8137542 Snail Mail
[update] snakehips 3a1e7076-0041-4ff0-aa3c-a60c18671b5a Snakehips
[update] snoh-aalegra 67b2e295-afd8-4b83-82a9-637d153e01e3 Snoh Aalegra
[update] snoop-dogg 827d9838-b7ba-4451-8c1a-5951162aa03a Snoop Dogg
[update] snooper eb75de29-eeb1-43c9-aa37-5f37abd45dce Snooper
[update] snotty-nose-rez-kids 40ba5410-9cff-4150-9bf8-479003a72383 Snotty Nose Rez Kids
[update] snow 3159d922-19cd-42c8-96e1-8cd17aabece4 Snow
[update] snow-patrol cee51d5c-a572-4b6b-8cc1-ff21e8d82db5 Snow Patrol
[update] snow-wife e32298c5-7739-40de-8fe2-800ad9486082 SNOW WIFE
[update] snuts 9f4384e4-60a5-4091-8bdd-14882099db1c The Snuts
[update] so 26bdc01a-67d1-4ddf-abdd-67a06c4a49e6 So
[update] soccer-mommy 8206fce5-52f2-4960-84a5-d068b991a74c Soccer Mommy
[update] social-distortion 9034d2a8-30d9-4131-910d-e324d351c547 Social Distortion
[update] social-house 50d7de0b-f49d-4571-849a-4820a98df436 Social House
[update] soen 2bd75ab3-c94e-4b75-860e-7325254af1bb SOEN
[update] sofi-tukker 8df23563-5dad-4cc5-aa30-e793a88f79d0 Sofi Tukker
[update] sofia-camara 41eea77e-30a9-44d6-8272-7a1a52b20175 Sofia Camara
[update] sofia-carson 55809108-468d-4e4b-87d6-74c609f14c0e Sofia Carson
[update] sofia-isella a78208f4-07d1-46c2-a079-3deaedb59cf7 SOFIA ISELLA
[update] sofia-monroy 58039e68-dd9b-415e-8924-cd31e87aaf12 Sofia Monroy
[update] sofia-reyes d998a833-4c29-4c15-892c-58da39c5a90b Sofia Reyes
[update] sofiane-pamart 2dc6e03c-8be7-4fbb-8987-c50b6dae809f Sofiane Pamart
[update] sofiloud f43cefb4-255e-401d-b4e5-e2b75e1782ac Sofiloud
[update] sofiya-nzau 4ae9cf22-cb03-4da9-962d-6c9d1d2ea49c Sofiya Nzau
[update] soft-cell b2b975d8-9471-49cb-9070-4f01ba339674 Soft Cell
[update] soft-launch 3e4bfa3a-90e6-4a70-80d8-ee3d5a2efb4c Soft Launch
[update] soft-play 91b2a0f7-8226-400c-bcc9-87dfa873a689 SOFT PLAY
[update] soft-scent 293b4266-c739-4b86-bd3e-5c87e682ba92 Soft Scent
[update] soja 1350b10b-08f0-4c81-91ab-7409731b738f SOJA
[update] solange aba7bdc3-b4e4-4028-9730-62ea830f6545 Solange
[update] solar-fake 821d716e-76ab-496a-888c-49bd1b19d263 Solar Fake
[update] solardo 44b2fb04-f3cc-453b-9e7a-c04def6b9efe Solardo
[update] sole 0bc0aeb0-3d41-4296-a41d-79051bc94400 SOLE
[update] solence 2eb49cee-6ffc-4a10-855d-b473bbb1f352 Solence
[update] solitary-experiments bfa6bf20-113f-4321-bb97-250979dcf22e Solitary Experiments
[update] solomun d78effb5-b6ac-4351-8415-4bab335b3639 Solomun
[update] sombr b40d56e6-b12d-4a5c-a17f-0b412441fb8c sombr
[update] something-corporate baf2c849-468d-49ee-bcbf-30c810bc6483 Something Corporate
[update] something-out-west afa0f61e-f6b8-4b0f-8520-7c50274a0c59 Something Out West
[update] son-of-son 04fd68a9-b7df-4774-a367-26107abef375 Son of Son
[update] son-tung-m-tp 812822e8-b413-45e1-844d-fccdf9ce528c SON TUNG M-TP
[update] sonata-arctica fac08678-5be7-48b3-98bd-1cd89f134526 SONATA ARCTICA
[update] sonia 07b090c9-1176-4ae2-aa7a-fa738e6a9478 Sonia
[update] sonic-universe 969eb383-04ac-43a4-9718-10717ea9d3fe SONIC UNIVERSE
[update] sonic-youth f5488250-67f8-45ea-821f-fb6f33a947a0 Sonic Youth
[update] sonny-fodera 95dc5919-c545-4f22-8be1-16ca726bd3c6 Sonny Fodera
[update] sons-of-silver cb0e0f06-c761-4494-b540-87738df67930 Sons Of Silver
[update] sophia-black 368129be-6ee6-48a5-91c1-407515845f61 Sophia Black
[update] sophia-somajo 7387bb28-68b9-466e-94f5-e65e2ae390c8 Sophia Somajo
[update] sophie 1141743d-9f63-4fd0-9497-031ceb27a13d SOPHIE
[update] sophie-and-the-giants 60cc1953-5623-4d2b-9d2c-784c121b0299 Sophie and the Giants
[update] sophie-ellis-bextor afd98559-6b5a-445f-8a02-a37b7581ded0 Sophie Ellis-Bextor
[update] sophie-grey 28c825f4-b098-431c-b532-daa1cbe1aa00 Sophie Grey
[update] sophie-hunter 6aa78904-46d5-454d-952e-858ba01506b2 Sophie Hunter
[update] sophie-powers e179a94c-98e5-4dbe-92c1-893420cf5550 Sophie Powers
[update] sorana a27ba7e2-1b1c-4cad-9555-17c173f87f0d Sorana
[update] soraya 58d981bb-8935-4e4a-b194-3c873d9bfecf Soraya
[update] sorry ce9ed229-146f-4b15-b28c-e18c26e7da6e Sorry
[update] soul-asylum 1073ff78-8a18-49d6-96ff-854e2b769de2 Soul Asylum
[update] soulja-boy 9ccb69da-6a3a-4115-b6b1-88ccbbd066b0 Soulja Boy
[update] soulja-slim ed351573-966e-4bbe-8eae-a33068bb41f5 Soulja Slim
[update] soulsonic-force af9fd431-686f-48ad-9190-2805626a74cb Soulsonic Force
[update] sound-of-legend 25962433-9f1c-4c4b-8abe-22bdf2ff03b0 Sound Of Legend
[update] south-arcade 336a3fe8-ab33-4498-8161-391da15fdbc1 South Arcade
[update] southern-river-band 541d6ff0-48ce-4527-9e46-c90bb9d16ec4 Southern River Band
[update] southroad-connection 9c52bc5b-09ea-4872-9166-52a9ef5988e7 Southroad Connection
[update] southstar eccb2692-f9d5-43a8-b6e4-3a46d1247643 southstar
[update] soweto-gospel-choir 260411d7-c745-414e-93bf-a4a551ecbde3 Soweto Gospel Choir
[update] space-motion 6e401dac-22ce-4bf7-9580-6be1cd90e64a Space Motion
[update] space-of-variations d1852831-7366-4366-9af5-13366dbbbb48 SPACE OF VARIATIONS
[update] spacey-jane a0ed8525-3aa1-4711-bed0-0f97b5da08aa Spacey Jane
[update] spandau-ballet 7d374033-98a4-4d72-9507-b7b299fef7f7 Spandau Ballet
[update] spanky-and-our-gang 02306524-e81a-4173-899a-f2ba7993e44f Spanky and Our Gang
[update] sparks f5a748c7-aa2c-4de8-85c2-1ddc0f21bfb2 Sparks
[update] special-d 33c7252e-b929-4212-84d9-55953f810d53 Special D
[update] special-interest bd590b13-a1b2-4fb2-9fc5-f65310651e10 Special Interest
[update] specials cf2bdaea-5a5f-4100-ae4d-97c5ebaceef6 The Specials
[update] speed-of-light 38c1bce6-e2af-4de0-bd79-8d288d8dba5b Speed Of Light
[update] speedy eec26458-82a4-41ae-81b4-c7a3b77ea788 Speedy
[update] spellling 2eea20ea-077a-4861-bb7c-4180e8cc837a SPELLLING
[update] spencer-charnas 786f5209-cf91-4ec5-ab9c-4961c8ccea9c Spencer Charnas
[update] spencer-sutherland 53aa57b9-726a-4e66-9bb7-15ba8075d187 Spencer Sutherland
[update] spice e0a56587-2c74-4d3c-97d5-faa543b65f8f Spice
[update] spice-girls 00844918-0b8c-4844-8ec9-6deb64189522 Spice Girls
[update] spill-tab ee7f7bfb-bcdd-487b-b09d-fd1e6f2b1456 spill tab
[update] spin-doctors 77a7a71c-14f8-48b8-b724-ca92d00e1a3a Spin Doctors
[update] spinal-tap d98a4d2c-e1a9-4165-a392-171fb54cb05b Spinal Tap
[update] spinall 8843a7f4-c114-4adc-bd41-e507584f7d26 Spinall
[update] spinners a6487fe0-adca-440b-a442-c41faca8b1df The Spinners
[update] spiritbox 7e03f1b1-4de1-40e6-83a9-c466ba28b31f Spiritbox
[update] split-dogs 03f6396c-c2ab-4ee5-9115-b2d8ee96b498 SPLIT DOGS
[update] spoiled 4656e256-935c-4357-9594-99796e1847f9 The Spoiled
[update] spoon ebedb8ae-990e-4f98-af8e-e276b49c1b9c Spoon
[update] spoonie-gee 198c2997-cf3b-4c5f-8bb7-b6f505370efe Spoonie Gee
[update] sports-team d7facd95-d95d-4002-8c65-ab074fa57436 Sports Team
[update] spotemgottem 271863eb-896f-4a95-a949-22d242e833dc SpotemGottem
[update] spriitzz 17b85136-18a3-412d-bb7e-b6b8aefa62bd Spriitzz
[update] sprints 4bc978f6-88ce-439c-b4f7-646669609ae6 SPRINTS
[update] sprites b7be0f5d-29d1-4eaf-ace8-52f04fd76e16 Sprites
[update] squarepusher 0a548a46-20b6-40dc-b20f-1df80ae24f08 Squarepusher
[update] squid ec31a298-b6ad-446f-80d0-cece3e352d83 Squid
[update] st-paul-the-broken-bones 876a8472-f5f9-481b-a8d4-0229317417e8 St. Paul & The Broken Bones
[update] st-vincent bf051757-239a-412a-a5b1-e65d49e51db3 St. Vincent
[update] stacey-dee 301c5b0b-7d7d-45be-8a55-4efe6b002a73 Stacey Dee
[update] stacey-ryan 89e8a872-8b83-4fcc-bff2-e19a78a13315 Stacey Ryan
[update] stan-walker 58b728ca-a65f-449b-9b96-229aab47e044 Stan Walker
[update] stand-atlantic 5d24389b-c160-4799-8c1a-e027cd900308 Stand Atlantic
[update] standards 88695eb9-7b38-49b6-9ddc-843ce1edb3e3 standards
[update] stanley-simmons e22131ff-a8f4-4d5f-885a-06674176d495 Stanley Simmons
[update] star-feminine-band d633f16b-bc23-4ea1-9daa-7e5e5a0525d2 Star Feminine Band
[update] starbe 52a244c0-dc2b-4d91-9c4f-92ef0477d71d StarBe
[update] starbenders c39a4237-5a33-432f-a506-e2782f173c36 Starbenders
[update] starcrawler e3c417c4-935a-4a49-9088-4d21d7ce6a80 Starcrawler
[update] stargard f1d0209a-b2e7-429c-8af4-d69b62137d31 Stargard
[update] starsailor 735ca190-0736-4399-99ec-281d540fe38f Starsailor
[update] starseedz cb8f6034-9645-4eff-b6c1-bf505b902038 STARSEED'Z
[update] starset c3eb28b0-f17b-4efe-b95c-9d5f46f6f8d1 STARSET
[update] starship 83f92612-9e6a-4a90-b11e-0e777a896682 Starship
[update] starting-line 47993eba-31f1-4fc3-9113-e33d233d3584 The Starting Line
[update] starx 0a3c41ab-d5b3-45a9-800d-4272e3e4ff00 STARX
[update] state-champs dd0d957d-d401-423c-9cb6-649d25711a9d State Champs
[update] state-of-mine ceb427d3-251d-4a7e-83b3-779ca295231d STATE of MINE
[update] static-dress 27307451-629d-4db7-8a91-ad447bc7a449 Static Dress
[update] static-major 0ae51745-5181-413e-9262-33e9e09dc30c Static Major
[update] static-movement 6493399a-bd49-4b78-94df-75ad5bd50beb Static Movement
[update] static-x 798def11-0266-46c5-aeb2-33612d9a9240 Static-X
[update] statik-selektah 1808164f-70ec-4173-9fcb-7cd46c2fe3cf Statik Selektah
[update] station-echo b697d6fe-f921-4be8-abbd-d24a835c9cfa STATION ECHO
[update] stay-high 0fb49036-b020-44f8-b3ed-472adef7ec9f Stay High
[update] staysolidrocky 86cc0c4c-9e1e-481b-9736-d8e00cc836da StaySolidRocky
[update] steady-holiday 6ec4276a-fda3-4952-ae93-dfdfddfd46ad Steady Holiday
[update] stealing-sheep b6e58794-359f-4650-bd1b-66db43fa45df Stealing Sheep
[update] steel-banglez 7f4fffd9-baa3-483c-ae27-833abc3ead5b Steel Banglez
[update] steel-panther 93f4cdb7-7ec8-41d1-bba3-30b8723c67e5 Steel Panther
[update] steelheart 6300c537-9362-4154-8451-0da6d1d73aa7 Steelheart
[update] stefano-di-battista 159bce86-0691-442e-a297-342e21afd5d9 Stefano Di Battista
[update] stefflon-don 678e4fa5-8e18-4a08-a3db-957c321ebd58 Stefflon Don
[update] stela-cole d7867824-b06c-4700-b0bb-ab24e5670ddc Stela Cole
[update] stellar 50bc0905-4390-4950-ae9a-c31e441c170c Stellar
[update] stephen-marley e214f764-d097-48ec-b10e-2cf857d7e441 Stephen Marley
[update] stephen-sanchez d99573a5-fef1-4c0d-a41d-db1c25732358 Stephen Sanchez
[update] stephen-wilson-jr 4d96a629-2d17-45b4-acec-8d57fd47279a Stephen Wilson Jr.
[update] steps 43a450c3-e8d8-49a8-b11e-80f192e38994 Steps
[update] stereolab 8c7c924a-8489-444b-ae01-bc2249326f2a Stereolab
[update] stereophonics fd9049de-4646-41a5-9627-08b325354989 Stereophonics
[update] steve-angello e6563361-d9c1-49fe-83ca-c78676535c45 Steve Angello
[update] steve-aoki 344562cf-dca4-4f69-b3c4-d78136c96ee0 Steve Aoki
[update] steve-lacy 16ce8269-2fb9-4c93-b1ed-a58ba592605d Steve Lacy
[update] steve-lukather 43012f0e-4241-4d3d-9437-7643a199ebcb Steve Lukather
[update] steve-miller-band 28361df6-2688-4266-8670-750926625df3 The Steve Miller Band
[update] steve-perry 85bda072-c5ec-48b0-a51f-eeabde2bf83e Steve Perry
[update] steve-stevens 8da848bc-4e28-42e4-a6dc-448fa04d9725 Steve Stevens
[update] steve-vai 75719baa-14e7-4a8c-b8d9-3d985c6b28bb Steve Vai
[update] steve-winwood 54deeb2f-dfc2-4d69-b9bf-85767c991bae Steve Winwood
[update] steven-wilson 9316ee09-25ae-45e1-97d3-7e8430dc4e66 Steven Wilson
[update] stevie-appleton 74580df7-bdb4-4a15-94f2-276440570858 Stevie Appleton
[update] stevie-howie 43139956-af36-4693-8442-f16924ac7468 Stevie Howie
[update] stevie-nicks fe02a680-eb7c-4da1-b8cb-003fc600bb2d Stevie Nicks
[update] stevie-ray-vaughan a43d7605-88b0-456c-9263-066de620a32a Stevie Ray Vaughan
[update] stevie-wonder 45f211b1-b4b4-4b3a-a323-19a816682c0d Stevie Wonder
[update] stevo-atambire ae0f23c2-8eee-45fe-9c4a-c951e8ee3b27 Stevo Atambire
[update] stewart-copeland bf0c1c05-d22b-4216-afbf-c01a4910afd1 Stewart Copeland
[update] stick-figure 9ec0d387-a3c8-4df5-9192-e3fb74b0e66b Stick Figure
[update] sticky-fingers c725ece8-1eda-4a48-abbb-37a8110ce1af Sticky Fingers
[update] still-corners 787a5f4b-20d5-4b5a-b600-c329967e64e8 Still Corners
[update] still-woozy 3b51e3ad-94d8-4e2f-95c1-e425cef73756 Still Woozy
[update] sting dad1e342-d5f1-4094-b926-facaf1ede8db Sting
[update] stone-roses af45d794-da0e-42f4-859b-115b150a9ad4 Stone Roses
[update] stopnicki 9fd1dbed-4bd0-4fae-9531-d0ee1598bf56 STOPNICKI
[update] store-p c1faa2a0-ff62-41f7-b380-e8bbc6b158b5 Store P
[update] storm-orchestra f3318e9e-cd8d-4e01-9374-f35d43799558 Storm Orchestra
[update] stormzy 50aeec7e-9ef4-4b21-9354-bc3b79a22a1c Stormzy
[update] story-of-the-year 598f2070-6914-496e-9bc8-5632b7270eff Story Of The Year
[update] story-of-year 710c4c9c-5100-42c9-b77e-425e67ca4af8 Story Of Year
[update] story-so-far 3afd609f-96c0-4682-8e0c-d2cc83391997 The Story So Far
[update] stove-god-cooks 828f3867-7073-4616-bebf-f2a4d0b1265b Stove God Cooks
[update] strange-neighbors 8dcd6d49-f14c-4d87-83a4-d7c3a70ed3c2 Strange Neighbors
[update] stranglers 7d76c7a0-b26e-4289-8a9b-a7227863c2cd The Stranglers
[update] stratovarius 33aff64d-dfc2-4742-9319-dfac28a880a4 Stratovarius
[update] strawberry-switchblade 07a6a86a-c591-4e09-9c39-70b80a4a1959 Strawberry Switchblade
[update] stray-cats 78790152-a7ff-4fa9-b95a-18f0fb832730 Stray Cats
[update] stray-kids cd1c30bd-7375-4b00-b05d-de6b3f80a5a4 Stray Kids
[update] stray-view 7bc9f144-a55c-46e8-81f0-6ae12b8d1dca Stray View
[update] streetlight 1766f586-338d-42af-b628-05da99591db9 Streetlight
[update] streets 5d76e5b3-50cf-4d25-bd07-8fb0758186ff The Streets
[update] strike 439047a5-95f1-43bb-9402-0ed1a2f83496 The Strike
[update] striker 0178c499-bd43-4384-bb3b-be26c01512ff STRIKER
[update] stripp c3ca4a06-cba5-4761-965a-d69d9877ca6c The STRIPP
[update] strokes 9a30665e-a432-4109-a157-333ea92be6a5 The Strokes
[update] stromae 52ab4e22-ebe4-4fee-8a94-b437de2ade02 Stromae
[update] strongboi debfa642-fab8-492d-a283-ef1ab9578061 strongboi
[update] struggle-jennings 3f27af6f-63fe-4a6e-923b-e7c131bc577a Struggle Jennings
[update] strumbellas b4a2dea0-ed47-4bf0-9aa2-7c0353ad9915 The Strumbellas
[update] struts 641f8cd7-22b9-4665-acc2-8f65b6b44a88 The Struts
[update] stryper ff57441f-e671-4a61-bf0d-94125c11d09d Stryper
[update] stryv 99585c80-7887-4512-a8db-abdd0a09c059 Stryv
[update] stuck-on-planet-earth 1ed0504a-36fc-44e0-8312-cabc2213ff85 Stuck On Planet Earth
[update] sturgill-simpson d254dfb8-8147-4116-affe-524ca19d1cca Sturgill Simpson
[update] stuts 95889a4e-4ea0-4ab8-914c-cf0824354eed STUTS
[update] style-council b45e73bc-759b-4f10-96d2-d45e6a908910 The Style Council
[update] stylistics 3c8333ba-f0ef-4724-9129-a082219e9159 The Stylistics
[update] styx 2c533e00-d24f-4c7a-993e-0e36e27a6679 Styx
[update] su-lee 85b435ed-6667-4123-b5eb-9ad9c6dbfd0a Su Lee
[update] sub-focus a95d2571-064f-4180-8c9c-a9b01b6bbf84 Sub Focus
[update] sub-urban c96e31da-7339-4832-93f0-ed15c45401c2 Sub Urban
[update] sub-zero-project e5e38347-520d-4f58-b571-30fdb320724b Sub Zero Project
[update] sublime 75b90854-b42f-41fc-b16e-47989c33518c Sublime
[update] suboi 2c11c9dc-138e-4c19-9a70-29c5c0f09903 Suboi
[update] subsonic ad9e111a-5a49-4ac2-a9ec-083ff8a2765a Subsonic
[update] subsonica c231fdbf-e8f6-447a-8360-fcaf8694105f Subsonica
[update] subtronics 34fd7189-0df3-42da-937e-123d9efef282 Subtronics
[update] sudan-archives 7811a896-f8a2-44c2-9d50-eefa5cf05a31 Sudan Archives
[update] sue-mclaren c7f3c263-5419-4f54-af57-d101de1bb7fe Sue McLaren
[update] sue-tompkins deb37a91-d4be-40df-b40d-b0471482aeb4 Sue Tompkins
[update] sueco 0501c422-cc2c-4f10-be8d-d4050836a009 Sueco
[update] suede f5e91237-a9e5-4f1c-a746-960563b857eb Suede
[update] sufjan-stevens f7173d73-6a40-4d9f-9386-bd316980149a Sufjan Stevens
[update] suga b4f520b2-646a-4bbe-a43c-708474f671a2 SUGA
[update] sugababes bddda23f-7ea4-4ec5-a312-d4d5840c2880 The Sugababes
[update] sugar d4df28da-3c8a-41f0-9258-ac3455177993 Sugar
[update] sugar-jesus d636f3ae-9e71-4251-89f7-336003414e21 Sugar Jesus
[update] sugar-ray b0bdedbb-6024-4e79-a7f8-dbf48cd44908 Sugar Ray
[update] sugarcubes b21a78f7-78c4-42a6-afe5-f82ed93e831c Sugarcubes
[update] sugarhill-gang a3f6fbee-619b-4968-a22b-6f458dfdb88a The Sugarhill Gang
[update] sugarland aef2b1f1-22b2-4b09-97f3-d5c1e7dea0f3 Sugarland
[update] suki-waterhouse 63b37f6f-6641-4ea9-9707-92720d62fcdb Suki Waterhouse
[update] suli-breaks 5a46397c-98b8-4ba1-a734-3f72a113543d Suli Breaks
[update] sully-erna bea5ce6c-1a44-4c39-9f7b-eb4a5aacebeb Sully Erna
[update] sultan-shepard 845ccfd7-c67d-49cb-a675-59d9d99cf2d1 Sultan & Shepard
[update] sultan-shepard-2 edebd0b3-3e92-4eff-a61a-3100be35b084 Sultan + Shepard
[update] sum-41 461cbf93-f7c1-4dd3-995c-24fccd7e4f98 Sum 41
[update] summer-salt 19723a22-caff-4fe2-a3d7-bd0767f725de Summer Salt
[update] summer-set b61f3cdd-aaff-4914-a16d-f85be946d885 Summer Set
[update] summer-walker 5f1fb3e4-2092-4a78-a862-dd0dbb691aef Summer Walker
[update] sunday-scaries a40acc02-e952-4501-9b3f-8ab7f2dd5b6d Sunday Scaries
[update] sundays cef0c966-94da-43b4-a9ec-1c9e959781bc The Sundays
[update] sunflower-bean 02f4bd35-9e22-4234-9a33-b52cd46679a7 Sunflower Bean
[update] sunkis fb34e6c2-5ed0-4f21-ac32-c1355fe69a9e sunkis
[update] super-furry-animals 79d7b393-1039-47be-9569-c5df26486b5e Super Furry Animals
[update] super-wolf 38b608fe-ac25-46b6-b5de-cb95dad458ea Super-Wolf
[update] superbus 0175a740-1e09-4586-bdd3-1dd9df0bba9b Superbus
[update] supergrass 3d9004c7-617d-421b-bcc4-1c329b17d055 Supergrass
[update] superheaven d575c689-d644-4420-b2f9-570051ce0780 Superheaven
[update] supermode 0a1ae3b6-8d10-466e-a869-67273cce4556 Supermode
[update] supertramp 819c718a-4046-469a-989a-cfc657e32b02 Supertramp
[update] surely-shirley 67eb2676-f517-49dc-a7ed-bcbfd4602f23 Surely Shirley
[update] surf-curse 3dbc1cce-cc53-4447-b39c-defe71d5c0e4 Surf Curse
[update] surf-mesa b55ff257-ea77-43a4-9768-07745327cd67 Surf Mesa
[update] surfaces 2ab0bcbb-5857-4e33-942a-49ad2008be24 Surfaces
[update] surfrajettes 78ee2937-6ef7-4d57-b213-0848b7bb0ee1 The Surfrajettes
[update] survivor 5b85038e-64c3-4a1e-aaa6-99e7e4388ae2 Survivor
[update] susanna-hoffs d876b939-fe64-44d5-9d6e-3292e11a3c09 Susanna Hoffs
[update] susanne-kemmler 06039cc3-e586-491a-99e1-87e575b058d7 Susanne Kemmler
[update] susanne-sundfor 5ed00d1c-878b-4d61-b66e-eb046b9c8f06 Susanne Sundfﾃｸr
[update] suzanne-vega eecfbeb3-d4ac-4cd9-bbf7-c3089aad9005 Suzanne Vega
[update] suzi-quatro 6eddd89f-376c-48c6-a17a-977b0786bb13 Suzi Quatro
[update] swae-lee 070e032a-20f0-4938-8862-78a7d13b0529 Swae Lee
[update] swapmeet e664337e-d163-4687-8747-70c27a029444 Swapmeet
[update] swarm 5784fe41-abb2-4f05-939c-13bd1a9633c6 SWARM
[update] swedish-house-mafia 706ac516-3273-4251-ac91-eef12858186e Swedish House Mafia
[update] sweet d193e665-73b8-4f10-b82d-7b336a318d48 Sweet
[update] sweet-love 4e90afff-a3c0-4e39-9fdb-3ff337582ebe Sweet Love
[update] swim-school 009b08e6-5f78-4a45-a75f-d69d4c9a97ea swim school
[update] swing-out-sister ff483ebb-ff24-48a8-81b1-1d69e3310af2 Swing Out Sister
[update] swingrowers bf0363d6-ba7e-4f08-9005-c662d24ec7d2 Swingrowers
[update] switch-disco 2b5a5b59-7125-4803-bbd5-31d79d2da18b Switch Disco
[update] switchfoot ffdc6f7d-79f4-434e-9ba6-b602758e122d Switchfoot
[update] swizz-beatz 663c12fd-c7df-4a5f-8570-907118f8c960 Swizz Beatz
[update] syd 80824a8d-8695-4f73-849f-129d2350c17d Syd
[update] sydney-rose 2412aa02-377c-4164-aed7-f5e87135534c Sydney Rose
[update] sylosis c4dc5380-c2b1-4a46-a6f0-7a2468c4707e SYLOSIS
[update] sylvester 90305703-46ff-4026-b35d-3be44bd5029b Sylvester
[update] sylvie-kreusch 1e3405c8-ab87-4a93-81ec-68ec9934bb05 Sylvie Kreusch
[update] syncole c4b50279-6f0c-4700-b3fa-8328d193ebde Syncole
[update] synergy da4a11dd-c6f5-4c75-9404-ce9328ecf99f Synergy
[update] synsnake 8bf45763-1e4a-4d88-a772-95eb7b8ceef2 Synsnake
[update] synthwave-dave ac772b41-9035-402e-9a75-0c003a2f0902 Synthwave Dave
[update] syreeta-wright fc869a7a-c61a-41ac-8461-51d72dd98689 Syreeta Wright
[update] system-of-a-down ce812950-d430-4330-96af-e2187e94d83c System of a Down
[update] system-olympia d665df17-34e9-4bf6-8e3d-ed4cd6ae83e3 System Olympia
[update] sza d354bc92-8962-4087-8ed9-82770ee90429 SZA
[update] szn4 cfa0d0c5-668e-4d20-ac80-b0e15e716c3b SZN4
[update] t-ski-valley 666e5c54-804b-4ae2-97ac-7689f7d19c1f T Ski Valley
[update] tpau b71e32c8-8757-47f6-b1e1-ca03f8ed7e9e T'Pau
[update] t-connection eec38951-5926-48d8-8c77-cacb77a5673b T-Connection
[update] t-low 78785fa0-6a6a-42a3-900e-2faf0ecdff61 t-low
[update] t-pain ecb2eaa9-7ffa-456b-934a-f514b7f3d306 T-Pain
[update] t-i 2438cd26-b638-4912-9289-fa9ed5c4e2c5 T.I.
[update] t-rex 9cb0ccb8-eb61-4210-b80e-aaa3ceeb3f12 T.Rex
[update] t-s-monk 147b031c-b2e7-4709-9bb8-de5d4c52823b T.S. Monk
[update] t3nors efe13bdb-cf81-4a01-8b55-471168d3cdda T3nors
[update] tabernis 096d62a5-aeae-4f9a-97e3-ac3ec38004e9 Tabernis
[update] tablo 90f2f0ea-5153-43a1-9eb4-6e5f14f043bb Tablo
[update] taboo d7255200-735f-47de-931a-07f3a553fecb Taboo
[update] taco b128479e-f484-437c-b544-a6913ccca94a Taco
[update] tahiti-80 7f9dc200-2a8a-42d9-a86f-26b9295fa124 Tahiti 80
[update] tai-verdes 0fd1d979-c24f-452a-b85a-30d5f2afb416 Tai Verdes
[update] tailgunner 06806e67-64db-4208-863f-07d0719a769f TAILGUNNER
[update] tailor 76f98580-fe4d-4c95-aee5-45573e8c55c3 Tailor
[update] tainy 59f661e6-4598-444e-b87c-44f69e03d776 Tainy
[update] taio-cruz d9cf2fff-887d-4580-a816-5635722c0b26 Taio Cruz
[update] taka f03ed238-f415-4411-afe9-dd4aa40996b0 Taka
[update] take-that 7ce0a84a-eb97-4ed9-a7f5-987872847bb7 Take That
[update] take-two 821864e8-8105-4a74-889f-cc5b1ca32655 Take Two
[update] takeoff 3ae46a9d-ac51-4574-aef1-564dd824e87b Takeoff
[update] taking-back-sunday 3ff82c98-19bd-471d-975a-9f2f5828dd15 Taking Back Sunday
[update] talia-dean 9449460c-eb18-47c4-8f3e-ef4a23b07b21 Talia Dean
[update] talia-mar 685bc902-848e-49d2-b527-1b07279e9d6a Talia Mar
[update] talib-kweli 8d4c7ff7-e8dc-4cfb-9370-4d5b0b0ffa83 Talib Kweli
[update] talk ec27e34f-b06c-4ace-be7d-a9e9090c3916 TALK
[update] talk-talk 0f2730d5-f684-4c62-82d8-ad5ebf0ab08e Talk Talk
[update] talking-heads b55fe3e5-f003-4d1c-882e-a554f59c8286 Talking Heads
[update] tallest-man-on-earth effa3b60-3f53-4dab-a324-426ed3f63d4c The Tallest Man On Earth
[update] tallisker 4111dafe-835a-4c80-a0a2-0eb3c1ac1755 Tallisker
[update] tamar-braxton b7a889be-b738-49b5-8a68-c0c8840ce45f Tamar Braxton
[update] tame-impala 9cb70949-7cac-4389-9417-53442eeed5a0 Tame Impala
[update] tamera 041f2b65-c8dc-474d-bed1-e0d42856f24a Tamera
[update] tamino f507c0aa-7874-4704-979c-da535026b211 Tamino
[update] tananai 2b65045d-c335-4e50-8feb-69672f4c6b1a Tananai
[update] tanerelle f055219e-0155-4450-b706-8de39dc3fe37 Tanerﾃｩlle
[update] tangerine-dream 95a30cf5-422b-4c81-814e-0beabe4dd534 Tangerine Dream
[update] tank 26568f22-9275-4b98-8337-32615ac1f04f Tank
[update] tank-and-the-bangas 94171d6c-f800-4134-b191-4f4e85984f9f Tank And The Bangas
[update] tanner-adell 52fa0a82-7fcd-4bb6-959c-6479eb1914a6 Tanner Adell
[update] tanya-stephens 058f32d9-6ff7-4481-a18b-2f1f3d277a2a Tanya Stephens
[update] tape-five 921e89a8-12a3-4cc6-8b88-83ea6b75a4fb Tape Five
[update] taras-topolia 6ebb0d08-2a30-4036-a1e2-a6dae4d47935 Taras Topolia
[update] tardigrade-inferno d476320d-f7c6-4b4b-8f3b-433b8c4c7983 Tardigrade Inferno
[update] tarja-turunen dba1680a-f95c-49a5-92df-e0bece8036e4 Tarja Turunen
[update] tash-sultana 3f8be8c1-eb72-40b8-a1e8-0380f7d88b7b Tash Sultana
[update] tasha-angela fcbb4181-449a-48ac-900c-55a6d5a6545f Tasha Angela
[update] tasha-cobbs-leonard a6202d2f-6da9-4bd6-b5bb-49f2e7172e25 Tasha Cobbs Leonard
[update] tasita-dmour 2d97e868-c382-4de0-9631-eb944615c119 Tasita D'Mour
[update] tate-mcrae 9f2375e0-de3f-40e0-a85f-551657e7edb7 Tate McRae
[update] tatiana-shmayluk 74b17306-12b5-449d-a7e7-14375f1bf730 Tatiana Shmayluk
[update] tatum-langley e4d5ec01-1a66-480a-ad59-4194c1a05d55 Tatum Langley
[update] tauren-wells 6d1a9c76-790b-4b37-bc81-90b1fce53fae Tauren Wells
[update] tavatli 40862be5-bdc9-43e7-ae5e-9d90977df16c Tavatli
[update] tawanda 30dab56b-90be-4542-a701-6ff950da4edf Tawanda
[update] tay-keith a95f7952-f5a2-4509-8b78-fcf7a8e903f4 Tay Keith
[update] tay-money 782a9ea5-192b-4f65-bd3e-466469a7bd64 Tay Money
[update] taya 5910c1d8-79fc-45f4-8e04-cdcf7798e4d8 TAYA
[update] tayllor 9d0e0bd2-8938-45b2-925e-b8dc1f67b245 Tayllor
[update] taylor-acorn 6b82d941-f3de-4a26-a318-ecdb95110d7c Taylor Acorn
[update] taylor-dayne 70f3e070-f7f0-4d1d-81dc-d16a0d961af4 Taylor Dayne
[update] taylor-hicks eaf2fc09-9a34-4c21-8208-122398075641 Taylor Hicks
[update] taylor-hill 9d29a74b-d34d-4201-b7c6-23083ace0af2 Taylor Hill
[update] taylor-swift 9d40ee6a-53bf-4acd-a81d-91de3575202f Taylor Swift
[update] tchotchke de15361f-5aa6-4a08-b301-9fef33984453 Tchotchke
[update] tears-for-fears 9921274a-3b74-4239-a57a-55804b1391bf Tears For Fears
[update] tech-n9ne ed4bebab-1bfd-41eb-aed4-6e90b78cd093 Tech N9ne
[update] teddy-swims 500ad73e-7691-4a01-a057-a69e7e0a25e4 Teddy Swims
[update] tee-grizzley 0704d2d3-c3ab-4f84-839c-0d6eab9ee4ba Tee Grizzley
[update] teed 2fddda84-163b-4d91-815f-77cefb473fff TEED
[update] teejay 42b01a2b-b665-4314-a504-a98d2faf48c7 Teejay
[update] teeks 0604f8a9-4182-40f6-9b8f-f3ffdd63b41b TEEKS
[update] teen-jesus-and-the-jean-teasers 5d422302-6870-4135-986e-c8a6d40e37d9 Teen Jesus and the Jean Teasers
[update] teena-marie 7ca1f5c5-7349-4244-ad9c-9cec8c564e62 Teena Marie
[update] teenage-fanclub 9403ab0e-b993-4d64-8f1a-1010bf4b7955 Teenage Fanclub
[update] teezo-touchdown 6bba4386-50c3-4166-9e42-dad3408413ae Teezo Touchdown
[update] teflon-sega 96e865d5-96bd-4265-96bc-7e0d60782937 Teflon Sega
[update] tegan-and-sara 10a9754d-c50e-480d-9cbf-e4790c816069 Tegan and Sara
[update] tei-shi 2985104f-f4c4-4091-b305-3a44d2575a89 Tei Shi
[update] tekno ef5ead18-92f6-4cee-b513-cd94528d5849 Tekno
[update] telehope 0c0698e2-3cef-4948-add7-1f2f10457c81 Telehope
[update] telenova 62f1b7f0-08fb-419a-beee-108100992263 Telenova
[update] temper-city 19526c80-4fd2-4a50-94cf-738dd9e31f91 Temper City
[update] temper-trap 398e77ed-afbe-4e36-9674-95ac1a59b263 The Temper Trap
[update] tempest 8b365fb4-3d0f-44ca-9b1a-fdfde02efe9e Tempest
[update] temple-balls 82fc7a6c-4b67-4016-9512-55b3c0ba6bb2 Temple Balls
[update] temples a50fdd09-f152-448a-9dc4-d615c37eba16 Temples
[update] temptations da992ced-3f96-491a-8cb8-5bffa4b794fc The Temptations
[update] tems 5418bcdb-ae14-4862-9b47-797388e8eeb8 Tems
[update] ten 6ad8a1fe-97e6-4fe5-86a3-eac919c12986 TEN
[update] tenacious-d 250a7085-b66f-455d-ba3c-55a3f6fc0baf Tenacious D
[update] teni 3d5a2d2b-955a-484c-8b3b-8f62fc94842e Teni
[update] tennis 992ff0bc-10a5-4954-9dd4-d63a5b4a1deb Tennis
[update] tenroc 0fba903c-54a7-4f1f-935c-aae841739c37 Tenroc
[update] terence-trent-darby a2d4f18c-9028-40eb-ad07-96be35c41dcd Terence Trent D'Arby
[update] teri-desario 92f1cb65-0c3e-47b1-809f-d258696c13b9 Teri DeSario
[update] term-slug 7c3b39a1-3fcb-4205-aceb-aa8188714775 Term Name
[update] terrace-martin 1813522c-12a9-44e4-9741-91d9571ed5e7 Terrace Martin
[update] terrian deca8524-1e9a-4945-ab9e-04857d99d685 Terrian
[update] terror a4707559-0162-48bc-948d-c057d3c67480 Terror
[update] terror-reid b148e797-d374-4c86-a497-e75ae23f4dff TERROR REID
[update] terror-squad 835a44fb-fb76-475c-9b92-55bbdcfe765b Terror Squad
[update] terry-g 86767328-e112-4a79-aeae-2d01ca68ba29 Terry G
[update] tesla dd28d861-513d-4603-958e-4dc465469684 Tesla
[update] tessa-violet 803f803d-029d-493c-ba65-2fb8cdf8a49c Tessa Violet
[update] tesseract ba6e1bda-e02d-4481-9a81-bb71a8996c15 TesseracT
[update] testament de2a8473-1945-4fba-b0fa-c54762c0996d TESTAMENT
[update] tetouze 97385ac7-cbce-4087-bb8e-56db21b3f99d TETOUZE
[update] texas 4bddd967-4a52-4fb9-ba77-d2b2e2bfeb7c Texas
[update] texas-hippie-coalition 17cb5416-c153-4ef5-a48a-aa130f53c74f Texas Hippie Coalition
[update] texas-king 21c7dd95-31a2-49bb-9d55-edbf48313044 Texas King
[update] teya 7610bacd-3d46-4716-96e4-1651ddc4aaf2 Teya
[update] teyana-taylor 0bc1d711-51a0-4b66-9f48-2ccb67f13f06 Teyana Taylor
[update] tha-dogg-pound 9e1b7abc-914e-446b-90a9-abec21ed441e Tha Dogg Pound
[update] tha-eastsidaz 37fde4d8-78ef-445c-a585-45cd19c28ecd Tha Eastsidaz
[update] that-girl 9332ce9f-af2e-4971-8a52-7e14d1a4f7b4 That Girl
[update] the-the b5d138d6-5638-447a-9155-471d9efb025b The The
[update] the-dream 696c21b6-4648-49bf-8ff9-f965029ca654 THE-DREAM
[update] thea 3bd54cd9-9883-43d3-908d-a3fb4c67aa5d THﾃ陰
[update] theartit 7bdebee1-379a-4361-89e9-b9271796d845 TheARTI$t
[update] thee-diane a50e11e5-6d71-4bf0-9491-511adcedc2c1 Thee Diane
[update] thefatrat 721ea953-7351-46d2-b3fd-34ab69a2b33b TheFatRat
[update] them 0143b434-5344-4b0f-aec6-18e35b01e61a THEM
[update] them-dirty-roses ee69fbbf-1775-494c-b761-1e511799fdeb Them Dirty Roses
[update] theodora 6178bcdc-5588-4ffb-b67f-4dfbf82c6f6f THEODORA
[update] theophilus-london 01b10905-b41f-4422-962d-504d7f1eba79 Theophilus London
[update] theory-of-a-deadman 5205189c-2e1f-4647-93e4-084da027d4a9 Theory of a Deadman
[update] theresa-rex 25f15bae-6c1d-4ef1-aa9a-f9aa0e48e91e Theresa Rex
[update] therion 83463bfb-d70f-4418-b785-0fac2f967626 Therion
[update] they 25c9f683-56be-45a0-b080-ea13ced1d54e THEY.
[update] third-eye-blind 7bacf279-b4de-4200-b865-923c89aac4fe Third Eye Blind
[update] third-party ccfa9603-2f3d-49ce-a3f7-5372855fb196 Third Party
[update] thirty-seconds-to-mars dc24d2d5-8483-4f58-8ccb-54e8b1711d13 Thirty Seconds To Mars
[update] thisizlondon b70f496c-6435-4859-b448-f16c54bb5fe3 Thisizlondon
[update] thom-yorke 991c282c-cae0-4ac4-bcdd-f6ffb7620339 Thom Yorke
[update] thomas-anders 024f87e0-92f8-4fb3-8e82-fc834a768797 Thomas Anders
[update] thomas-day 982ae099-fc54-495b-9c09-366b2ab7fcf1 Thomas Day
[update] thomas-dolby 8115c4e2-60e8-42fd-813d-0c4a02b90d43 Thomas Dolby
[update] thomas-rhett 6696b373-9bbb-4dc5-8955-c82941f890d3 Thomas Rhett
[update] thompson-twins 0bacaa07-4859-4afa-9420-2340f7f94e65 Thompson Twins
[update] those-damn-crows 8fca0fe4-b6ca-4219-bf68-127783c6bfd6 Those Damn Crows
[update] thot-squad ce3e43bb-86b2-4006-887e-d1a4cd686786 THOT SQUAD
[update] three-days-grace 6f376617-6fe9-47d0-992d-ffac45ad81e8 Three Days Grace
[update] three-dog-night d3eb4c40-ef26-4050-8ab4-f798c5074c91 Three Dog Night
[update] three-drives e5edc7f4-36a5-4885-bb46-d2d98a6cd9d6 Three Drives
[update] threshold 298106a7-467d-4bdd-b352-e0454d91a791 Threshold
[update] throw-the-fight 3f48a6fb-919d-45c6-a225-c7efbe82663b Throw The Fight
[update] thrown 16792077-4205-45ab-bf90-48ee9c9a18a8 THROWN
[update] thukuthela c7f0aeb9-1cd7-4139-ab52-db1f529f34d2 Thukuthela
[update] thundercat 1343a6fc-aad5-4167-949e-af5c393acad3 Thundercat
[update] thundermother d03db792-9854-401e-99b0-471f43b7bacb Thundermother
[update] thursday 948e7dd8-26d9-4cca-8342-d868348cba0d Thursday
[update] thus-love 7e6d6845-3ec0-4808-a028-2e5bb727bc47 THUS LOVE
[update] thuy 65ebb6ac-e416-486d-af7f-5b881e5a259d thuy
[update] thxsomch 26cf804d-c143-4336-89ab-f2b81c4eb5d2 ThxSoMch
[update] tia-wood 5803a92d-db4e-4b5f-8165-4eca5da86638 Tia Wood
[update] tiago-pzk d810b469-db7f-49ff-8224-e2a09e8ff03b Tiago PZK
[update] tiana-major9 467c7a36-e579-4864-a4d7-43271cb7be95 Tiana Major9
[update] tiara-thomas 14fd9108-bdc2-46b8-a5dc-ab81271c5f62 Tiara Thomas
[update] tierra-whack a165cb9f-f2c7-4f77-a55d-2ed2077ac57c Tierra Whack
[update] tiesto 90b4e1a3-610f-48c5-998c-db5dd369d1bd Tiﾃｫsto
[update] tiffany 9a664d5c-d075-498f-a943-2ef086270119 Tiffany
[update] tiffany-day e66d95fe-c958-49d6-96f0-6db32b7af559 Tiffany Day
[update] tiffany-evans 39491dfc-5319-46fb-89a2-ac3d16e56b35 Tiffany Evans
[update] tiffany-stringer 7a1362f6-721f-43fa-9d85-b5d7b6764eb4 Tiffany Stringer
[update] tiger-lillies 78c7b70f-dd69-4d94-8f2c-58f22770cb88 The Tiger Lillies
[update] tiggs-da-author 5a1cd43d-6dcd-4b2f-ac65-ca9a33d271b0 Tiggs Da Author
[update] tiina a1cf1406-37ac-4992-8c64-ea58b0dc23f4 Tiina
[update] til-tuesday 3dd63810-3e29-4de8-b8a1-56f4be1b20c2 Til Tuesday
[update] tilda-swinton b63fcc6b-b9f2-4bfc-9652-f892c6c05947 Tilda Swinton
[update] till-lindemann 58c29cf3-63c4-4180-ada8-4320835c0890 Till Lindemann
[update] tim-armstrong 65bd19e7-9f83-475f-b15c-c27b85ce4723 Tim Armstrong
[update] tim-cappello 42d0780c-d75e-4d1c-af41-1fdf49f2b754 Tim Cappello
[update] tim-mcgraw 83b294f0-f027-453f-ae7a-c6e7c965f98c Tim McGraw
[update] tim-mcilrath f814c7cd-bddb-4e92-9b5f-496d9f02897a Tim McIlrath
[update] timan-family-choir d8e43bbd-4751-48e6-a5c8-a9e796c32d19 Timan Family Choir
[update] timbal eb415174-af96-4d5c-9789-12376a09977c Timbal
[update] timbaland 69d160b6-beb7-4308-8c1c-ebd31886d28c Timbaland
[update] timcast 41c17278-1b09-47de-8859-064308025317 Timcast
[update] time-zone 656898e8-61cb-4304-81c5-042c311fc832 Time Zone
[update] timemachine1985 36899a3b-9573-4bdf-91c4-de714c3eabf9 TimeMachine1985
[update] timmy-trumpet c24759a6-bc16-4a14-ba80-55fafe339cf9 Timmy Trumpet
[update] tina-arena 2fad7134-0410-4fd6-8636-cc475375df4f Tina Arena
[update] tina-turner 0d86c2f5-d0ed-40a6-aff0-ef8a4293b647 Tina Turner
[update] tinashe 15dfd10c-1977-4ded-9a39-b74406685442 Tinashe
[update] ting-tings 93b83fa9-d0fa-4309-b0ed-ee6fb911a28a Ting Tings
[update] tini 16fdf26c-4a60-4cfd-8863-7ac7f452c78b TINI
[update] tinie-tempah 76c695f5-febe-4072-914a-d3bfdc364ebe Tinie Tempah
[update] tink e51fa2b8-6610-466e-9066-331b90505e0a Tink
[update] tinlicker cab741e9-131f-4173-a21b-68beffaad78d Tinlicker
[update] tiny-meat-gang 7b7d4095-03bb-44c7-9688-92a6b0f6afa5 Tiny Meat Gang
[update] tiny-ruins dc4f8a61-3697-4015-b0cb-d0f1d27d9924 Tiny Ruins
[update] tion-wayne 4926450c-cbc8-40c3-94bb-3eaa98f5fb33 Tion Wayne
[update] tiwa-savage d80157da-21ce-4db9-adcd-53837f4a2912 Tiwa Savage
[update] tj-oneill 0623e1bc-ae64-46ed-a246-5faaa1adb441 TJ O'Neill
[update] tls e6b4203c-7bac-4d80-ae9d-f7c735f690f5 TLC
[update] tobiahs 5cd699ac-02fb-48aa-8d89-df18613fefeb Tobiahs
[update] tobias-jesso-jr 7794bbcf-3239-41c2-ab16-52bd90cba851 Tobias Jesso Jr.
[update] tobii fc7918fd-a91d-4dba-9d17-bd18e8497028 Tobii
[update] toby-morse 2c3ef7fd-9a3f-4ae8-bd6f-6c54741c95c8 Toby Morse
[update] toby-romeo 2e91d3c7-cbe7-4af4-910f-620d4f87bf8d Toby Romeo
[update] tobymac fc752e88-5cef-4500-90f9-dae89c2bc359 The TobyMac
[update] todrick-hall 22120361-ddd8-46f1-928d-e91b7e771c66 Todrick Hall
[update] token 7860a9d7-1a53-4f69-8d74-d7b8fcd5a68c Token
[update] tokimonsta 1c5d4605-c75d-4d07-8301-7d5962b54bb2 TOKiMONSTA
[update] tokio-hotel 5d920fc1-dec1-4337-9a2a-e361ad6b7035 Tokio Hotel
[update] tokischa e45ab0ee-dc7f-4aad-b4ac-6eb2359ca601 Tokischa
[update] tokyo-tea-room fd490481-7337-43a5-b2b0-a83a8d2ff7aa Tokyo Tea Room
[update] tokyos-revenge 4434c6db-44c3-40f3-97b3-4fe28061544c TOKYO窶儡 REVENGE
[update] tom-breu dde4899f-0357-4472-b78a-8e1ba9fda284 Tom Breu
[update] tom-gregory c88cbcbb-563b-4da4-934a-ef005694c34a Tom Gregory
[update] tom-grennan 193f32ff-3590-4fd5-a737-4d2f1092a19d Tom Grennan
[update] tom-jones f2c258d1-e871-442f-b275-9fc987ef9823 Tom Jones
[update] tom-macdonald 9a7c1489-2f61-4378-890a-c525b7a5d601 Tom MacDonald
[update] tom-meighan ab3f4137-258b-4876-a330-a88d0d5226a2 Tom Meighan
[update] tom-misch 82a06b8c-c67a-4e32-a6c2-9b1513139d36 Tom Misch
[update] tom-morello 4481f3b0-443e-4263-82c0-2d22c3f38b43 Tom Morello
[update] tom-odell 41570ccc-f5bd-453d-8e79-a846bdb3595d Tom Odell
[update] tom-petty 711cdbea-5a19-43ae-b544-d9d24458e83d Tom Petty
[update] tom-petty-and-heartbreakers 278117b2-15f9-4a31-a794-80805be4b174 Tom Petty and Heartbreakers
[update] tom-the-lion 870adf78-24e7-4ef0-9119-46b33e135e16 Tom The Lion
[update] tom-the-mail-man f2bda87b-c9f0-4ff8-8a23-a62381cef9fc Tom The Mail Man
[update] tom-tom-club 81a0c202-b004-44af-b3bd-6f8d6a3f5353 Tom Tom Club
[update] tom-waits 641708e0-61e6-4cb3-9a91-1796c853ba79 Tom Waits
[update] tom-walker 6228edd2-8f79-48bc-a435-a2ed16214747 Tom Walker
[update] tomigotti 0d9f5c5b-04d4-47df-b3c2-bb93ab7b11a5 TOMiGOTTi
[update] tomine-harket 81186c5b-5dca-47a4-8bdf-6192c924d558 Tomine Harket
[update] tommy-cash 71aa8010-593b-4a23-ad8a-c38ce437f098 Tommy Cash
[update] tommy-genesis 273ec001-99c3-4b7d-8da6-a9bb8a2ef906 Tommy Genesis
[update] tommy-johansson 8f7d07aa-9a1b-460a-9802-12ec4400d74a Tommy Johansson
[update] tommy-karevik 9a50ab9a-1055-4c11-967b-b91ad6a9946d Tommy Karevik
[update] tommy-richman 898202aa-159f-4eb4-9fc5-3a6e8b46c026 Tommy Richman
[update] tomora 6716f5dc-c9c1-45aa-8d54-1a1413e1309d TOMORA
[update] tone-stith 3033bec8-e2ee-49ad-95fb-6843ad178a91 Tone Stith
[update] tones-and-i 4099b182-45b6-4e2e-ac2f-51f4e0776d3f Tones and I
[update] toni-braxton 8b68b784-1428-488b-ac57-7d4b8e3c53db Toni Braxton
[update] tonight-alive 062094b6-95fd-440e-8ef3-bf7549bf59cf Tonight Alive
[update] tonio-armani 21287ae9-859f-453d-a1d3-46987c0fff0b Tonio Armani
[update] tonique-man da674929-21ec-49c1-a8db-8ebbdacfd38c Tonique & Man
[update] tony-allen dbc10d20-a0d4-4230-94c8-504e8d283f0a Tony Allen
[update] tony-iommi 1a54ecdc-9bd2-4895-9d2c-cd0065737fae Tony Iommi
[update] tony-mansfield 5dd06dc5-94e9-4286-a557-2d45ed23ed58 Tony Mansfield
[update] tony-sheridan af29b2f7-4345-4c8b-9d94-a3f7907d4ddf Tony Sheridan
[update] tony-t b834c6b9-a905-404d-825b-e7e313db7037 Tony T
[update] tony-yayo bb66be73-cc8d-4357-af7b-f01c03af031a Tony Yayo
[update] tony-toni-tone eef8f260-bcd2-464f-be27-1fa40e506c13 Tony! Toni! Tonﾃｩ!
[update] too-short a92641a9-7722-48b4-a240-38801de3f253 Too $hort
[update] toosii 0e802848-5a7b-4c6d-adc3-f2502e39ec4e Toosii
[update] topic 5642fc0d-3ac2-4c10-b8a7-74472fb2cd5f Topic
[update] tora-i 410f74d1-3f72-4195-b7f0-a57bc6015ce3 Tora-i
[update] torc b06fe208-718a-46e1-8b02-7d5a931fd684 Torc
[update] tori-amos befe4880-b362-46ac-be73-891bb5c7a080 Tori Amos
[update] tori-kelly 57e37639-2209-4930-abbd-164ec2a918c9 Tori Kelly
[update] toro-y-moi 7dc0b308-5f30-4d1a-91fb-490e93b3219b Toro y Moi
[update] torrayot 7c44447e-7c2b-485e-a329-53f25486cc68 torrayot
[update] torren-foot 8e3f4cb3-bf25-4228-8db8-9a8086ca7bc0 Torren Foot
[update] torres 65e78313-dc3b-4625-9731-97724233c8b6 Torres
[update] tors 87680b3a-f464-4581-9623-86004bc63b78 Tors
[update] tory-lanez 9b836e1c-88c1-4a90-8ea1-768e00c80660 Tory Lanez
[update] toto 673b7264-f64b-4da7-adb0-efe6c09b2fb1 Toto
[update] tourist 6b4eca99-6b63-4f6a-b51d-1df6a28d0592 Tourist
[update] tourniquet 9dedccb4-5892-40e4-9498-4b6c9b6c8bf4 Tourniquet
[update] tove-lo c8e43d7e-10c7-4cb6-b4ec-cf1be3e23d2c Tove Lo
[update] tove-styrke 702d6137-1606-49c0-8854-b0efcfe50f38 Tove Styrke
[update] towa-bird b29772f8-ba3a-4cea-b9c8-ac4d7b8db268 Towa Bird
[update] tower ec13e8eb-a636-40ec-a007-5c76eb05fe6f Tower
[update] tower-of-power a3ecdd94-4f4e-46c4-b362-9e722b26ac29 Tower Of Power
[update] toxica c0009bf0-c88b-4268-8134-c2a0a8a27f4b TOXICA
[update] tracey-ullman 9081067a-b8f6-407b-9506-ec78490d9cce Tracey Ullman
[update] train ab03b656-d5c3-4371-a0c2-ab01966e444d Train
[update] trampsta 09ed4550-d252-47cd-b349-4e12d7b7399f Trampsta
[update] transits a38ecf05-5025-4f13-b444-605afe3ce78d The Transits
[update] travis 17ab33f7-04c0-4885-9c15-91204cd101fe Travis
[update] travis-barker 7b0c893c-f552-4d18-a01f-6862575d1bfe Travis Barker
[update] travis-scott 18e49f43-514b-4aae-bb21-68e9cd46d1ec Travis Scott
[update] travis-tritt be04f654-52dc-45a7-a1de-b3c2c67aaa16 Travis Tritt
[update] treacherous-three a5e230b0-e259-4ba4-ab71-e57846062320 The Treacherous Three
[update] treat 72d8a5c3-c841-4503-8d10-a9567cb32ace Treat
[update] treedome 3dcadc4a-6f1b-4d38-91eb-3e9d6dc75134 The Treedome
[update] tremonti 2f5cad5b-49d4-4e77-b454-4064519e3140 Tremonti
[update] trent-reznor-atticus-ross 8de28fe1-2cbd-4820-be40-0ee006cb5520 Trent Reznor and Atticus Ross
[update] trevor-daniel 5f7623fb-a36e-4ed6-8129-602c44886eb3 Trevor Daniel
[update] trevor-hall 90543702-abce-4aaf-9ce5-655d304b8c4d Trevor Hall
[update] trevor-rabin ccd5bbd2-be78-4897-b6cb-933014027b2f TREVOR RABIN
[update] trey-songz d6763829-2a5c-4761-82a9-2ca40ffb020c Trey Songz
[update] tribbs 3b3b01af-7aca-41f4-9c53-5c3b6db5124e Tribbs
[update] tricatel-inc 8b6c9c51-e53d-46a0-b366-74a549b9ffb4 Tricatel Inc.
[update] trick-or-treat c662c0a3-6f12-4563-ab0a-7b97f89c3133 TRICK OR TREAT
[update] tricky 945bc80a-4980-40b8-b5a1-219e2e54460d Tricky
[update] triggerfinger 277d5564-dbf0-4e08-95f9-0d405a5ae505 Triggerfinger
[update] triiipl3-inc 9b3be8e7-dd3e-44cf-8daa-14fef27ff0e0 Triiipl3 Inc.
[update] trina cdafdf5f-888d-4a43-a931-935d36fb0ece Trina
[update] trip-lee a2efd517-57b8-4236-98f4-3eee36b7dfbb Trip Lee
[update] trippie-redd 1585ff56-d0a1-4339-ae34-a99715fc9c84 Trippie Redd
[update] triumph bdebb4e5-7032-4c2e-903f-316cfa480e78 Triumph
[update] trivium 0214e142-52ce-4ae7-bc43-045de8a94d4a Trivium
[update] trixie-mattel 3d975473-0faa-4ff7-a539-caa214e18482 Trixie Mattel
[update] trophy-eyes 8f689d3e-f29e-4ecb-85f4-3d4e74bc5c70 Trophy Eyes
[update] trouble-funk 6626d3d8-2e1a-4533-9002-bf0a83d10395 Trouble Funk
[update] trousdale 80a7ce00-6f71-4fcf-b3e9-99435120c387 Trousdale
[update] troyboi 80b54c83-2147-4779-ad9c-021e92a48faf TroyBoi
[update] troye-sivan 256777bd-2e68-467b-a932-2a9572fdaa20 Troye Sivan
[update] trueblood 39d8800f-db49-4e80-88ad-63fd5a8f7ca5 Trueblood
[update] trueno e6d41649-73d9-4dd5-a5e8-eb3e97907813 Trueno
[update] truby-trio 05e5f239-8d15-4aaa-a92c-496b214036ad Truﾌ・y Trio
[update] tseba dd43e255-422e-48be-be7c-0e64a7f7e6b1 Tseba
[update] tsha f781980f-351f-474d-a079-d99e7a70e89f TSHA
[update] ttm 8ab004f3-91d0-4b69-88a6-5704603359b2 TTM
[update] tube f0f103a6-5c2b-447f-99f3-bfee8615c761 Tube
[update] tubeway-army dac76548-ab20-4bef-abc1-6fa78649cc98 Tubeway Army
[update] tujamo 466ee42b-8065-447c-9cb5-07b7d172f4ce Tujamo
[update] tumbe b139caac-3a43-4f96-95f8-0d3fc89280e0 TUMBE
[update] tunde-adebimpe 1937457f-5adb-4104-8858-5a641baf88c7 Tunde Adebimpe
[update] tungevaag 58092953-3994-4678-b6fd-ad1238586fb8 Tungevaag
[update] tungsten daca3e29-282c-42ae-b013-dc03c404ee6b TUNGSTEN
[update] turbo 31deea3b-0e48-40e6-8f2f-a208f189d08d Turbo
[update] turnstile 18835a26-0bff-4368-a806-1fa3b42d1eeb Turnstile
[update] tuxedo 4535e0b0-230a-429f-a3d4-62f3a21313da Tuxedo
[update] tv-girl 71254340-4a39-487f-908d-601f01d730e5 TV Girl
[update] tv-on-the-radio 6e696d9c-c39a-4765-85f8-bc452f44f2a6 TV On The Radio
[update] twen 94e71748-38b3-4786-b737-2de3cf638193 TWEN
[update] twenty-one-pilots 26c7cf8d-1aef-4354-9ab8-bbc3b02374a2 Twenty One Pilots
[update] twenty-six 1944493d-9541-4a75-8ccc-5896bdeac2b1 TWENTY SIX
[update] twice 27186028-f660-4a34-9f6c-71904ca32b85 TWICE
[update] twilight-force d01c7038-6b5d-4469-9e33-95902baf6992 TWILIGHT FORCE
[update] twin-temple 9a4c6176-4013-4cb3-9d09-b5075fc488c8 Twin Temple
[update] twin-tribes 595fa509-4de9-4ea3-880b-80e69769b774 Twin Tribes
[update] twin-xl 15ea9354-7c73-4ad6-89e8-4f05dfa36cf2 TWIN XL
[update] twista 6bd1828d-493d-4862-a2ab-3e724744edfa Twista
[update] twisted-sister ffe5d102-97ab-4989-8103-bf782ebf1089 Twisted Sister
[update] twizzler 718b25bb-38ca-49c4-b46e-158190a01b7d Twizzler
[update] two-door-cinema-club 9666cdbc-41ab-49ef-97e3-13ad4383677a Two Door Cinema Club
[update] two-feet 543e4fa5-772e-4f84-bfbd-f3d212445551 Two Feet
[update] two-lanes 0e70e4ab-862b-4498-8cae-434a6c4881d8 TWO LANES
[update] two-shell 57c18799-5623-4d10-81a4-5b1c2def71b2 Two Shell
[update] twocolors 9eb345bc-f29b-4b5a-8b34-e17d10d03f83 twocolors
[update] twrp bec5b33a-ed1e-4ab2-b4f5-d7ff34ffb01a TWRP
[update] tx2 f49619b6-d438-4da1-a1ed-f3fd0cbbf104 TX2
[update] ty-dolla-ign f96fc8e7-f7d2-4ac4-aa98-1e8497b1c8b9 Ty Dolla $ign
[update] tyga 37a076c0-c623-488e-8e0c-a8adf2aab968 Tyga
[update] tyketto 26c6a528-1593-49e4-bd77-0726f7a99b94 Tyketto
[update] tyla 9e0c09e2-3d73-4bd4-9b4c-503fb1c3be45 Tyla
[update] tyla-yaweh 427c8701-b2cd-400b-bffa-89cc50e240d5 Tyla Yaweh
[update] tyler-bates dee13467-4ddb-449f-8336-d766f3b5b144 Tyler Bates
[update] tyler-bryant-the-shakedown ff5e5190-ac16-40b9-8d76-13cc7033e195 Tyler Bryant & the Shakedown
[update] tyler-childers 8a80f8ab-9a3d-48b0-be5d-b632762342f3 Tyler Childers
[update] tyler-cole dd910f87-167f-4b5c-a8eb-291a498a5c80 Tyler Cole
[update] tyler-hubbard fa3fb41d-05cf-4b0f-a575-3e0c79123373 Tyler Hubbard
[update] tyler-mann 44ea5d9c-232b-43e4-a211-635b971a8483 Tyler Mann
[update] tyler-shaw 1ad84783-72fa-4b0b-badf-f278d2eb06ef Tyler Shaw
[update] tyler-the-creator a3718521-db8d-442f-830f-8e999d2c492e Tyler, the Creator
[update] tyrone-laurent 970c1b45-8865-4815-a4b6-bb120dd0f588 Tyrone Laurent
[update] tzuyu c1573aab-5992-4419-9e6c-ad416a207e80 TZUYU
[update] u2 faab669b-f08e-4182-b5f8-210e98bcfa2c U2
[update] ub40 1ea52c0c-71cd-44d3-91cb-c0e1ef168fee UB40
[update] uchii 0356b4c6-421b-42d4-be2b-6b3e20ac8e08 Uchii
[update] uffie 8d7c22fa-90ce-4b4c-8e56-3a235965a4d0 Uffie
[update] ukandanz 8623d441-bd90-4015-b407-0548ad0a6935 uKanDanZ
[update] ultra-nate 898412a4-9352-42c0-98a9-2cefd2738e15 ULTRA NATﾃ・[update] ultravox f46046de-c926-4a7a-8e1a-85fd017a596e Ultravox
[update] umi bc28cf8f-7653-49fd-957c-29bb2e74a0ce UMI
[update] ummet-ozcan 5c1c1536-3065-4d77-8061-813cff7f2125 Ummet Ozcan
[update] underbrook 6d79cb27-f565-44d8-b467-5101d5f3664c Underbrook
[update] underoath 6b6032e6-548b-4825-aebc-5e3521cbcc22 Underoath
[update] underscores 59ec2a26-1471-4f1e-b0df-177d0b1d6f0b underscores
[update] underworld e7028ac0-0f0a-4d47-bf06-836ec3a4382f Underworld
[update] unflirt 02b39bf5-b2d6-46fa-a06e-31a0a5235dac Unflirt
[update] unheilig 90324e5d-40b3-4ac9-9fa4-de49d16f2d49 Unheilig
[update] united-future-organization a64ea797-dcfc-4e2c-acd1-de104eb6ecca United Future Organization
[update] universe-city 3fb4723d-dd74-4fb0-acf3-c223a872715d Universe City
[update] unknown-mortal-orchestra 2249b97f-4561-4510-8afc-58d36aa71a0f Unknown Mortal Orchestra
[update] unknx d8fe2ebe-2ace-41f9-aa0a-15f20b46cf83 UNKNX
[update] unleash-the-archers cbcd909c-152f-4212-bb1d-40eed71b37e3 UNLEASH THE ARCHERS
[update] unprocessed 185d7631-39ba-4d4a-a8f9-4a914c46a082 Unprocessed
[update] until-i-wake 30177ebd-9a6e-4af2-8e67-9b989edbd418 Until I Wake
[update] upchurch 8ac43c67-011f-4ba3-958a-efd4e91860e4 Upchurch
[update] upsahl 5deaea9f-d538-4eb2-ac64-ee5e2a0410ce UPSAHL
[update] us3 6d338602-d5da-48a1-8cba-e111fd43da09 Us3
[update] dreamwake c30b2401-7b54-42d1-b2a3-5ccd6ddcd2c9 USDreamwake
[update] used 07be7772-ca22-4683-8c71-054130cebba8 The Used
[update] usher f4d5ce06-8bf8-49fe-8e64-aa9802af9353 USHER
[update] kid-lennon 75287cbd-094f-45d2-9293-ac168e8a53f6 USKid Lennon
[update] uuhai c6b71049-7b3d-43f0-9756-0419e4de5a72 Uuhai
[update] v-c-r cfe10852-d534-4934-8a7f-92c99cc6228f V.C.R
[update] vacations 29a39d13-b853-4d57-822e-7745eb487cd8 Vacations
[update] vaccines d36acd7e-5d0b-450e-9a3e-88379cb9aee8 Vaccines
[update] vado 789e0018-7fa3-47ef-a4b7-c056c7e2de54 Vado
[update] valencia-grace 8a6c72e4-bdff-4683-b04d-c1bd68e5b1d6 Valencia Grace
[update] valentino-khan a6a17312-a51e-4f26-97f0-90f5a7882c69 Valentino Khan
[update] valentyne ad96a873-aaab-4fef-bcb1-f891b6967744 Valentyne
[update] valerie-broussard e6f6d74a-455c-4898-a0fa-6571203f71b8 Valerie Broussard
[update] valley ac577e74-acf9-4922-a245-b54544c00cac Valley
[update] vampire-weekend 29b09f3d-d6de-449f-8ee5-f78ab67f0d67 Vampire Weekend
[update] vamps 481dd5bf-c3e1-433c-87a8-ee9833549c4c The Vamps
[update] van-canto d7fc1f1e-87b1-4a4d-9fad-78875d97f9df Van Canto
[update] van-halen 306c50e2-7e96-4e63-948a-848eb5c5bcac Van Halen
[update] van-morrison e992da13-0e67-4496-8074-9aadc47f1b02 Van Morrison
[update] vanness-wu fcb2159b-ff02-4d95-910d-dbc949b6cad7 Van ness Wu
[update] vana 79d74d26-291f-4c9f-a75c-1f645d0f6ff1 Vana
[update] vance-joy 2b3412dc-f84a-42b1-895a-c2d43878114f Vance Joy
[update] vanessa-carlton ab861799-873e-4aac-9f5d-6b0feabcd052 Vanessa Carlton
[update] vanessa-mai 6d3af022-5471-496e-b3b3-4f04107b4cd1 Vanessa Mai
[update] vanessa-paradis 8f89c74d-77f7-444b-bce0-dc2fd7508f6d Vanessa Paradis
[update] vanessa-williams f73007eb-30f0-43db-b7a4-82ec4cfffe9f Vanessa Williams
[update] vanessa-zamora a4867709-4da0-4677-930a-2c3b369c8410 Vanessa Zamora
[update] vanic 71fb55bd-be8e-4647-b0dc-792806cded9f Vanic
[update] vanilla-ninja 6a82f5d3-a1a2-4e36-9d66-99d135afa80e VANILLA NINJA
[update] vanjess 7cbe8c1c-23a2-488d-a2ac-43131b8170e4 VanJess
[update] vanns cc66cb58-1f22-4e1b-96c2-732ebc63a06f The VANNS
[update] vapour-trails 5859dd97-8f09-4ceb-9fec-9e334eb4a1f7 Vapour Trails
[update] variety-lab c3a8b194-750d-4a30-b5e2-c6fd991db8e4 Variety Lab
[update] various-artists 800d485f-c4aa-4945-a9ad-a76f85778a9e Various Artists
[update] varmix 4e9bca1d-fa7a-438d-8477-248c7aeae82d Varmix
[update] vassy 3ef024a4-ba73-4ef1-ab75-b6e4aebcb24b VASSY
[update] veda f417e245-a31b-41ac-86bb-3e6fb001453f Veda
[update] vedo 4743d02e-4c2a-4424-89bc-2134b21b1b05 Vedo
[update] veer-union c8d8dec3-a699-4291-8c9d-a137e0210818 The VEER UNION
[update] veeze da96499b-b6ee-4c65-999c-c2e406f5cb9d Veeze
[update] vegyn 7f4c655a-a95c-4ab2-a3c0-1ec3c4398fb3 Vegyn
[update] velvet-chains bb63b63f-2e9e-4b99-86c8-1d9c61ac314b Velvet Chains
[update] velvet-underground fe305ccd-2ee6-40d1-a2c3-b9a182db7562 The Velvet Underground
[update] velveteen-queen 71fc1a9c-40eb-4181-8614-8b8a3bac6b6c Velveteen Queen
[update] velveteers 3e91b0be-4b2d-4cb1-bba3-d513bd7baeb9 The Velveteers
[update] venbee cee5ea15-9204-44ba-8119-b3cd0e74a30a Venbee
[update] vendredi-sur-mer 595e6c11-f58d-4d2e-b288-147cccdce391 Vendredi sur Mer
[update] venice-qin 1930603b-744d-4705-86fe-265b28181c5e Venice Qin
[update] venna 80b1dccc-c0a3-4505-b820-bd584395092a Venna
[update] venues 9d27e7df-f792-48c3-afe5-7533d58df40c VENUES
[update] venus-5 1e904811-d65a-4133-bb07-c8631b0c5e92 Venus 5
[update] vera-blue cfed23fd-c241-4c34-9d3a-d4fa1e2772a5 Vera Blue
[update] vernon-burch a78dff37-928c-40cf-9f30-dc4bf7cd2584 Vernon Burch
[update] veronicas ec051210-ce7f-4257-afd1-253079ab8861 The Veronicas
[update] versengold ca1235e3-5039-40ca-b6d7-848c0aa86264 Versengold
[update] versus-me 7d7c4ca3-b00a-44ca-97b7-ed8659f8dcf2 Versus Me
[update] vertical-horizon def52672-9e9c-47ff-a15a-ad491448b245 Vertical Horizon
[update] verve 661ebd97-d8b6-4824-a7dd-194367e30bb6 The Verve
[update] viagra-boys ffdbdc01-875e-4602-b853-8058af7a6040 Viagra Boys
[update] vianova a2482221-df71-4fe9-9932-d54826dd7c92 VIANOVA
[update] vibe-chemistry 0fe470d4-2c3f-441a-981b-d925a342b430 Vibe Chemistry
[update] vic 23128e5d-5d32-4c9b-ad1c-9fc92b58771e Vic
[update] vic-fuentes 90945abf-51b2-4b01-bc31-c352763c668d Vic Fuentes
[update] vicco f42603f1-5d67-4d2e-b02b-aa904a4701a1 Vicco
[update] vicetone e0099d14-ace4-4502-82bf-d6c829f68b4e Vicetone
[update] victony e7ff56ae-c974-4324-b53c-f284b47a23fb Victony
[update] victor beb57746-afd9-4891-a8ee-c8cd448d9639 Victor
[update] victor-borba 8c378c6e-e46d-41db-87fb-36e086ef7359 Victor Borba
[update] victor-flash cd621419-6c23-4946-a81f-ffd48cf4dbaa Victor Flash
[update] victor-ray f0b34315-2f4d-4bd4-a279-d75db2466886 Victor Ray
[update] victoria ce17b832-4209-42c6-a760-0a83f6e57f43 Victoria
[update] victoria-bergsman 2c59718b-9eb3-4def-89db-36a39bcb6f30 Victoria Bergsman
[update] victoria-deangelis 6d18362e-be90-4a5d-9101-668c8f18d1af Victoria DeAngelis
[update] victoria-georgieva c4767c45-a24d-435c-9b33-96474c80f8da Victoria Georgieva
[update] victoria-justice 90b5dc58-f45a-4667-adcb-7ba8d2583868 Victoria Justice
[update] victoria-monet eda619ad-1bf8-4c23-bb8d-d1ae9f62ddf2 Victoria Monﾃｩt
[update] victoria-nadine 8154575a-e1f1-4b2c-8f61-99b2b179f598 Victoria Nadine
[update] victorius 5ce88c33-546d-4e5b-804c-a57fe21c037c VICTORIUS
[update] victory 34d9b238-7f61-449b-81c7-2ce7ac318834 Victory
[update] video-age 70b424b3-ca64-44b5-b038-1ac8d3bee27f Video Age
[update] vienna-vienna 529b2fc8-bfaf-480d-84cb-10ba74925b47 Vienna Vienna
[update] vikkstar 00349955-e812-4ee7-947e-5aafc05916c7 Vikkstar
[update] village-people 4de721e6-fadb-4a45-95e8-84a8b8127d00 Village People
[update] ville-valo 3afa16b1-e065-4bea-8390-6dbb38c1ba05 Ville Valo
[update] vin-jay fc5edfa1-85ba-4e24-ab92-a0214858896d Vin Jay
[update] vince-staples 78bd44c6-2570-4d43-8e8f-78ee646eee61 Vince Staples
[update] vincen-garcia adfbb484-88ed-46af-b7ea-9c0fd64a4c96 VINCEN GARCIA
[update] vini-vici cf3721d5-b10b-4baf-bcbd-6a7f5b12a908 Vini Vici
[update] vinne 58c28fe7-0c95-4843-ae2c-32f6b742dce7 VINNE
[update] vintage-culture 5307e7c7-b5c6-4995-a6d9-9c330da5f4c1 Vintage Culture
[update] violent-vira 7821c423-54be-4e55-9b15-435dda25dee1 Violent Vira
[update] violet 73f6891d-0d05-4e64-b3e7-3743d0ebfc74 VIOLET
[update] violet-days 94240b20-400b-4b78-8ed1-b163ee01edb3 Violet Days
[update] violet-grohl 348fe13d-81ca-4cf4-90f8-05e77bb19648 Violet Grohl
[update] virtual-riot dcaa7df0-a2ad-4422-b206-90802761b507 Virtual Riot
[update] virzha 3af9efc6-c989-4c66-9175-8160d432dd28 Virzha
[update] visage 2c5ab1b8-04dd-405a-afd4-b91bb5773d1b Visage
[update] vision-divine 5dd92459-f7f0-444b-a190-db33e02da1e4 VISION DIVINE
[update] visions-of-atlantis eaec1ae0-8f28-4465-96c2-3e42bab3dc75 Visions of Atlantis
[update] vita 9ff013f6-ce0c-4ca0-b69e-e0c237bc18c7 VITA
[update] vitesse-x 4c13a02d-6da5-4dd3-8ad3-91a2a0aa8fcf Vitesse X
[update] vito-bambino ce0fdf17-0ac8-425a-a7da-1679353c1cf2 Vito Bambino
[update] vixen ec06198c-59be-46f1-924a-1c0355b75928 Vixen
[update] vize 303f3821-f409-4bfa-aa5c-09c66f0be8f7 VIZE
[update] vnlla 71be230c-a6c4-466f-a504-59b478eebc71 VNLLA
[update] voiceplay bdad1c7f-2d9f-405b-bd4f-747f458f1afd VoicePlay
[update] voices-of-fire 7ce34f96-9838-4782-bda4-ac8d9599c6b1 Voices of Fire
[update] voidz 330297eb-6d5e-46e6-bbc7-9543e491b073 Voidz
[update] voila bebd6689-7168-40b9-87bb-5265092b7169 VOILﾃ
[update] vola fbbac34c-45f3-4f9a-84fa-e8caf9633a37 VOLA
[update] volbeat 2745bf3b-0ffb-41ff-8762-fb83b5a5989d Volbeat
[update] volunteers 523a0e61-425b-46fc-a9a1-caf5123f4797 The Volunteers
[update] von-hertzen-brothers 075f6058-fe61-4484-a619-550f15a9a03c Von Hertzen Brothers
[update] voodoo-wiseguys 0b4dafb0-9f2b-4ae0-9ce6-2f7247f3593b Voodoo Wiseguys
[update] voyager 7dd7ffdf-70b5-47fc-bd7c-147927f6a4ec Voyager
[update] vtss 2e17f218-7190-4f0b-ac15-51b3bb7be2fd VTSS
[update] vulfmon 8d95cc4f-63c8-4fb0-a0ec-9bb71f286dfc Vulfmon
[update] vulfpeck 7e9d941c-1890-42ed-b693-17b1d7c29e4b Vulfpeck
[update] vundabar 1181eb2b-430d-496b-8631-2e8d5434852c Vundabar
[update] vxllain e3e18dcd-622b-454b-b5e3-74439bedb331 VXLLAIN
[update] vybz-kartel 8466439c-0cea-43be-9bf4-e48daaf0c8fa VYBZ KARTEL
[update] voj 4cf83aa2-f883-4a58-b134-dac8fb894c98 Vﾃ労
[update] ww 35d93dce-1bfa-4b6f-937c-02c505d69275 W&W
[update] w-e-t f5867f72-0ccf-4402-b8b5-6a277af40970 W.E.T.
[update] waax 26acfc50-3ecf-4c8c-a8e4-4a6b36ba0843 WAAX
[update] wage-war 37cb5138-7a5c-4f44-9b8c-ae613348b69e Wage War
[update] waitresses dff09ceb-1462-4641-8ca0-31ea60b19a34 The Waitresses
[update] wakelee ee284dfe-7885-4270-b57a-6c3f7424ff78 wakelee
[update] wale 41546ecf-1dfe-4e7e-9aa5-7789804e0090 Wale
[update] walk-off-the-earth a97552c0-2484-4a83-8422-c72f8273964b Walk Off The Earth
[update] walk-the-moon 6c01e722-7d72-435f-befd-1d36f57489f7 Walk the Moon
[update] walker-hayes 2031914e-72a5-479a-8491-073a507e4c7c Walker Hayes
[update] wallice 5ef5d118-f904-4da5-be2e-356c25ea00cf Wallice
[update] wallows e31c6fdb-7990-4448-a13d-a4d535b4e8b8 Wallows
[update] walters 47184d4e-9f33-4ecc-9953-a246c181ad41 The Walters
[update] wang-chung 768b43b2-f9f7-406f-a5f8-fefd0ec1b60f Wang Chung
[update] wanmor dbdcde33-07fd-4046-a934-6b4b2eff6bf7 WanMor
[update] war-and-treaty 030c16c5-fc1d-4b5b-97f8-098390c3f3bd The War And Treaty
[update] war-on-drugs cc9b9a29-9b67-4b29-b924-36de086777e0 War On Drugs
[update] wardruna 03303a03-297e-4aa1-b435-ec9d52a75eea Wardruna
[update] wargasm a389500d-4227-4be8-bc8d-29555dc757ed WARGASM
[update] warkings e03df497-0350-4251-8a70-df5b5b19fda3 WARKINGS
[update] warning 1ece7de3-5c83-4b9b-aaa4-2d9469290afb The Warning
[update] warpaint 42976e4b-4ef9-4aa6-a61d-e7f00d371256 Warpaint
[update] warren-g a27bad77-5f96-432e-836b-f240ac82864d Warren G
[update] warren-hue 5a44b46a-8b5c-496e-ac54-de28b6fbd301 Warren Hue
[update] was-not-was 382f23a3-31b6-4b6f-a1bf-75ce6f51a507 Was Not Was
[update] wasia-project 1bffba4b-19a6-4954-aa7b-b512893ae1de Wasia Project
[update] wasiu a414a715-5b2a-4012-971f-31d37a1e5dd3 Wasiu
[update] watendawili 78db6da9-1ec3-49e5-9953-9964a0d9a7c6 Watendawili
[update] waterbaby 3a5a41f0-82ac-4a16-b988-2bd59271a588 waterbaby
[update] waterbed 40a7e22c-5547-4deb-bee6-c5c4c05ae9c9 Waterbed
[update] waterboys 1cf204a7-b8e9-4e0f-a395-82346c531482 The Waterboys
[update] watermat 5ba7eda3-b000-4fd3-baa6-15909851de95 Watermﾃ､t
[update] waterparks d3c12b0e-4277-480c-8320-a83ec9a720ca Waterparks
[update] watt dc228a7a-e6d0-409f-b460-9d2db2e03220 watt
[update] wave-to-earth 5cfe252d-5ad6-4ea1-a8b1-a1252c42c567 wave to earth
[update] wavedash 14613a32-2e82-4b81-9296-912a4e5ecb84 Wavedash
[update] wavvyboi 67fade8b-088f-4e74-bd54-95b3439d1857 wavvyboi
[update] waxahatchee 8cab6426-1e03-4046-bd65-1f102822e217 Waxahatchee
[update] we-ani b49c4316-86cd-41e3-a294-4bd5a5b125a6 Wﾃｩ Ani
[update] we-are-domi 32ce9091-f79a-4875-a2f2-e64705141d16 We Are Domi
[update] we-are-the-in-crowd 4bdb1704-74b2-43e9-b97d-5c5c76f7b603 We Are The In Crowd
[update] we-came-as-romans daddb453-ccb7-4a10-8228-f805fb0ccf2a We Came As Romans
[update] we-the-lion db66b436-ce26-4cd9-99ac-58a28db06c58 We The Lion
[update] weathers 6c4c1fd8-6bf8-4a6f-a293-731a40c78dc2 WEATHERS
[update] wednesday f58b1dd5-2733-457d-ba3e-ce0b012ca10f Wednesday
[update] wednesday-13 e310bd0f-7c9c-4b99-b057-0a6eff65d3d7 WEDNESDAY 13
[update] weeknd 8df1aac1-fa19-492d-b8b9-c3e18918d714 The Weeknd
[update] ween 1142c5b7-bec7-47f9-ad71-04c30da48ff2 Ween
[update] weezer c83d686d-3761-48b9-8732-cb7a4519c661 Weezer
[update] weird-genius 34063c79-19fd-41bc-b805-5669e71b69dc Weird Genius
[update] weiss 4aa6124a-d768-40e9-a0cb-100d515ac9a7 WEISS
[update] wenzl-mcgowen 210eb3ec-fe91-4918-bd3f-2013f1fe1149 Wenzl McGowen
[update] wes-borland 17ee7a5c-eaa4-4fcd-8cde-14bff5e99f59 Wes Borland
[update] wes-nelson c949f61d-fabb-4c00-8d8d-195c2c0d5204 Wes Nelson
[update] wes-parker acb047a5-fc29-4ac4-8965-087c5259da70 Wes Parker
[update] wesghost 9e4bef29-bad8-4c5f-ab8a-a2f9114dd171 WesGhost
[update] wesley-joseph db6f9d04-8861-42a1-8383-ad64d7a489a5 Wesley Joseph
[update] westbam 31ee8346-5ae0-406f-a962-fab034773916 WestBam
[update] westlife 1c979103-a3fd-4528-bc68-a31d87e644e5 Westlife
[update] weston-estate 5f8519ce-1c0f-4f6d-b589-4d3fa91b95a1 Weston Estate
[update] westside-boogie c3a59ca2-0af6-415a-9af2-87e4c7fbe463 WESTSIDE BOOGIE
[update] westside-gunn 8c02d502-3456-46e8-8f2d-e12f540f31fa Westside Gunn
[update] wet-leg ff7e46e6-24bf-4ccd-b0bf-afaa05fb4d15 Wet Leg
[update] wet-wet-wet 14ac1674-547e-46c3-8cd4-512cebbaba66 Wet Wet Wet
[update] weval 1730f49b-8960-47fc-a35f-8d45d9dc46c8 Weval
[update] weyes-blood d3950a93-55ca-48c5-8af0-cfa69acbc135 Weyes Blood
[update] wham fceb833d-9949-45e4-a248-b74fa984202e Wham!
[update] wheatus 450e8820-e085-413e-b066-7ef0e65af7f7 Wheatus
[update] wheel 17705725-c051-4411-b820-99e4b97bb42f Wheel
[update] whethan 4b8aa863-d37a-48a9-9126-1718ef115c4a Whethan
[update] while-she-sleeps c0cc57be-c1e4-46e4-8dec-640ee9f9b2e0 While She Sleeps
[update] white-lies 7b20e624-8375-47c3-8de5-e11fd35a3303 White Lies
[update] white-reaper abccf4c9-aca2-4744-b883-a8bbd25e59eb White Reaper
[update] white-stripes 52c66bb5-9815-4c41-93b5-de51ceef66c4 The White Stripes
[update] white-town d9458239-e3ac-4cbe-930e-29869eab4191 White Town
[update] whitesnake 0f181bba-30bb-471e-9ba8-da9a29c185b4 Whitesnake
[update] whitney-houston 89de9a2f-2cf1-4449-bc6d-874140c5a86f Whitney Houston
[update] who e373b406-40c8-41cc-bec3-b31d9066b175 The Who
[update] whom-gods-destroy 97e743c6-88d8-4934-92af-725a47d27bb4 WHOM GODS DESTROY
[update] whomadewho d64d818f-2cb2-4092-bbdd-37e72eef1de3 WhoMadeWho
[update] why-dont-we ceaccfb0-5f19-4505-adb9-b972f3a13ecd Why Don't We
[update] why-dont-we-2 1d01c92c-e2bb-443b-9d88-272fa203acb3 Why Don窶冲 We
[update] wilco ac371829-0f0e-4563-8ef5-a3e7dc473fbc Wilco
[update] wild-nothing 68bf3bba-3252-432d-9474-d928ea43635e Wild Nothing
[update] wildness 0624aa18-c2d9-46b3-b824-25f482d04005 Wildness
[update] wiley 5bf27d02-91ae-4a2e-961b-987efc234f71 Wiley
[update] wilhelm 17f88e76-f211-4286-b518-a8d36b082d47 WILHELM
[update] wilhelmine b42c9c00-8a33-4a74-ac0f-1fe4e8149106 Wilhelmine
[update] %ef%bd%97ilkinson 1d35cb16-c8a0-4b2d-9a28-3d10cf9c9e46 Wilkinson
[update] wilkinson e7c44980-1504-4d66-82b6-75ab157ca6ee Wilkinson
[update] will-anderson 15315c81-d50e-4105-b042-7f99f4561b67 Will Anderson
[update] will-atkinson 0e1a501f-4e8f-4eb2-9a15-6228e6c0df72 Will Atkinson
[update] will-joseph-cook cb67086d-a061-4f76-a705-69d3386dff87 Will Joseph Cook
[update] will-smith decfd33d-4357-46f3-80b4-9d3f7ea8e85f Will Smith
[update] will-sparks ac772556-5b85-403f-8704-fde6dfd73c95 Will Sparks
[update] will-swinton 19cf0989-a9e6-4717-91ea-5f33fd84d494 Will Swinton
[update] will-young efdfd003-a4a7-43e8-b268-4a430ea01bc9 Will Young
[update] will-i-am a637e95e-3112-4775-857e-b9db5a48a254 will.i.am
[update] william-singe 6c6979eb-5748-45b2-a0d6-0189336aa04b William Singe
[update] willie-nelson e05fe9f1-5b07-420a-8823-79a021ca4ec1 Willie Nelson
[update] willow ee284050-1fbf-4b5b-a934-c6c87abe524e WILLOW
[update] willow-avalon 4ab04800-84cb-4e6a-a1a4-9c3602790b95 Willow Avalon
[update] willy-william 29c519de-f780-492e-8e61-381db17ce70f Willy William
[update] wilson-phillips 1a62b8d8-a192-4b66-a81a-e370e5bfa96b Wilson Phillips
[update] wilson-pickett fe5fa06c-39e3-45dd-b1c5-796c1d61219a Wilson Pickett
[update] wim b9e628e7-6f02-496d-b38a-561f64b00a38 WIM
[update] wind-rose 76ee0efa-646f-495f-9290-a05137efdb30 Wind Rose
[update] wind-walkers 0c451df0-d2e7-4a7b-b6c2-273d35ebf735 Wind Walkers
[update] window-kid f691de21-f029-491f-9152-e94ad62d3e4a Window Kid
[update] windser 969d0d38-2ee1-4384-b1ba-2f0c90d0da75 WINDSER
[update] windwaker 7768b93d-6755-4949-aa3d-980d51150384 Windwaker
[update] wings-of-steel 711c65c2-3cda-4ed7-8e9c-82ed60397da7 Wings of Steel
[update] winnetka-bowling-league 4f2e0bab-650d-4e63-99da-5e52a91045e6 Winnetka Bowling League
[update] winona-oak ba111f34-c860-45f0-805f-159f2d59ffc3 Winona Oak
[update] winter fdf40886-c2e0-4bc5-8024-778c1a64097b Winter
[update] wisp 33e182bb-1bd5-4f59-a928-a12f79a4cb9c Wisp
[update] witch-post a4295f46-37e0-4868-8760-efeb3bf46db0 Witch Post
[update] within-temptation 42dfbebd-ac30-4cad-ab40-abb52049a4e5 Within Temptation
[update] wiz-khalifa 4b674a43-c6eb-4bc4-90c2-219f2248711c Wiz Khalifa
[update] wizkid 7ebd238f-371a-4905-9006-a19c27e6290f WizKid
[update] wizthemc af052060-befb-4c5a-a33c-050c3cdc46fb WizTheMc
[update] wldlfe c18842f2-6887-4531-b098-c8a01f5c1778 Wldlfe
[update] wolf-alice 498da5d2-7f48-4654-8f9e-f3f722073f5d Wolf Alice
[update] wolfheart c45eea89-054c-4e01-95c6-b9ac5e380f50 WOLFHEART
[update] wolston-butchers 8ff603a0-6b25-472c-867f-544ce753f674 The Wolston Butchers
[update] womack-womack 49818bbc-5fac-473d-8400-5b07c4f61aea Womack & Womack
[update] womack-sisters 3b45e34f-4c8b-457b-adae-ffee492c2ae3 Womack Sisters
[update] wombats dcf56a02-2f13-4b4d-a189-a7989d2447a9 Wombats
[update] worakls 18afa6f4-f113-4fbf-b8d6-2109e66d2f40 Worakls
[update] working-mens-club f9a3f320-2d4f-45c3-a0dd-53e0bbbf82a2 Working Men's Club
[update] world 0207d7a5-71da-496b-be1c-52af00fbe0e8 World
[update] wos dd530a13-5caf-4660-8c9f-e7e339c09274 Wos
[update] wrecks 3e5bc5d3-1224-4237-be11-d2c962607185 The Wrecks
[update] wren-evans 14e464e3-b478-4eac-8c88-7015f03198b6 WREN EVANS
[update] wretch-32 3a3bbe43-0d0c-4dea-801f-4506b910bb8b Wretch 32
[update] wu-tang-clan 2eadb12b-c31f-45cd-902f-5c2a002a19c6 Wu-Tang Clan
[update] wuki 0a415ab7-0832-4467-a107-6b148945a2d4 Wuki
[update] wunderhorse 9ea3b0d1-a144-43c7-b203-86fe5e0ef2cc Wunderhorse
[update] wycked 81dea32c-2028-4e71-a87f-5205bf80c040 Wycked
[update] wyclef-jean 260b0a60-1f25-4dec-b647-8cda6dcb3462 Wyclef Jean
[update] wylde 355d3325-6732-4fc6-96d4-04bdfb395080 WYLDE
[update] wyn-starks 9c88547d-8901-4b60-a1ed-39da0b576c02 Wyn Starks
[update] wynne f8505ab1-6eae-496f-a500-f93162bf7b2a Wynne
[update] x-ambassadors 66caaf55-6088-4862-aebe-9c48b5d2904a X Ambassadors
[update] xana 46cac442-350b-422e-b1be-95a9140d1a35 XANA
[update] xandra 4c558dc1-7f9d-4b2c-9ed7-34df35f495c0 XANDRA
[update] xandria a09cf036-69c9-40cb-9a28-9f55137e1c98 XANDRIA
[update] xenia-manasseh d05d335c-0499-42c5-9c5c-054c0c82884b Xenia Manasseh
[update] xg 0e66628d-a85f-48e4-aed9-4076af6de29d XG
[update] xin-liu 66ea9d70-e208-4442-8a10-141988a11c4d XIN LIU
[update] xo 4d5d6c4e-d79b-4fb5-b1f1-cdf246d950d9 XO
[update] xoro efd45982-6a78-481b-aa07-53b6c0295bf2 Xoro
[update] xtc 4f034af7-d1f9-427d-ba93-d1780f9683a7 XTC
[update] xx 579ff510-b34c-4100-b9fa-bd3ea35c97dc The xx
[update] xxxtentacion c18d359c-f4c0-41f6-95a2-8c3158b63b45 XXXTENTACION
[update] xylo 4f7daa44-00b5-4e31-b23f-42a1920409c3 XYLﾃ・[update] xzibit 7d8fb508-e234-45b2-b84b-0ba5d57f9bc8 Xzibit
[update] y-do-i fbcc0445-7119-44b1-a1f4-fed62b3aeee1 Y do I
[update] y2k cd4b488d-3f4d-4730-8dcf-b3e9d443f89b Y2K
[update] yaeji 3f1c47c9-1ba5-4bd5-84fa-fac73777c101 Yaeji
[update] yaelokre aee3454c-608d-4117-b687-49fec0b43eaf Yaelokre
[update] yagas aef71070-b144-4eb1-b767-af80b270a6c9 The Yagas
[update] yannis-the-yaw c1187cd1-dd73-4dd2-b1bf-752f3c3679c2 Yannis & The Yaw
[insert] yara-shahidi c4954729-ed8f-472f-b2a4-cf431566ddb9 Yara Shahidi
[update] yard-act b74a7f3d-fd44-48ff-bc7c-10aa6fd8cc8f Yard Act
[update] yasiin-bey 6e872a50-5797-4483-85aa-79e8a93cf69a Yasiin Bey
[update] yasiin-gaye 1cb6f26b-43b1-442d-9779-bf25693151a3 Yasiin Gaye
[update] yasmin-jane 3f1c5571-dedc-4db7-845f-18f8ac592162 Yasmin Jane
[update] yazmin-lacey d10f8484-8bb1-4c31-b3f6-73f66f39424f Yazmin Lacey
[update] yazoo 51f01129-8dc1-44de-86dc-17664a596a9c Yazoo
[update] yazz 2ad0d581-f5c1-4e0c-926e-0778dcab7d14 Yazz
[update] ye-banished-privateers 7f7d78f8-1eca-4595-99bd-8e353d7e4c9f Ye Banished Privateers
[update] yeah-yeah-yeahs 6f85e1cf-1d7f-4b84-8d29-af4d77e4ab6a Yeah Yeah Yeahs
[update] years-years 4e6ab09c-9d96-40db-8d70-de4af185f95c Years & Years
[update] yeat c985c115-d305-4c73-a4f4-1113f456c011 Yeat
[update] yebba cb3219c6-dfe2-4731-9d04-3ac019da50b7 Yebba
[update] yeek 9ab4f6c7-8a3d-407c-989b-0d7f4f96f7f9 Yeek
[update] yel a3d40504-a860-4a8b-a268-60625f011604 Yel
[update] yelawolf e283b7ee-e474-48e4-ac6b-470018bacdfc Yelawolf
[update] yelle e8dabec4-da64-4f93-9635-d31114c25fbb Yelle
[update] yello 796f2d03-be17-4c34-9cbf-d6332417f64b Yello
[update] yellow-claw e20fa579-ee0c-476f-ae62-ef9441d0a857 Yellow Claw
[update] yellow-days 720a94a4-5971-416c-aaa6-54b3b52e8332 Yellow Days
[update] yellow-house 5c5b0913-9402-4eb1-a1a3-5610bd8ebd3a Yellow House
[update] yellow-magic-orchestra 1fae2b0d-dc71-45ac-9448-4c5e32eb8ade Yellow Magic Orchestra
[update] yellowcard bf2fb0eb-aaa0-4005-82cf-110b24baab7e Yellowcard
[update] yes f540748d-eb22-4328-91ce-111a9bb6891e Yes
[update] yester-you fc7faedf-de4a-4760-aae5-5f88cb920a36 Yester-You
[update] yeule e1f23974-978e-44fe-a866-db7ac41d4f7c yeule
[update] yfn-lucci c34d8917-6e90-4cc1-9af3-c081e6f7498c YFN Lucci
[update] yg 3c5410d8-e6c3-4ec2-b15c-4da76778ebec YG
[update] yg-marley cbdb6b91-7e35-4765-83ad-3794879dc0f2 YG Marley
[update] yin-yin c25e4c07-3abb-4875-996f-15cdb3490972 YﾄｪN YﾄｪN
[update] yk-niece c7f695b7-5e01-467a-afea-fae362ca3a86 YK Niece
[update] yk-osiris 940116f9-082b-4ae3-96cb-731fb0065882 YK Osiris
[update] yll-limani 57249e59-8266-415d-8d25-f5721322e396 Yll Limani
[insert] ymanie e92b24fa-69fa-49b4-9741-b1bea0b6de81 Ymanie
[update] yng-lvcas 654214f9-cb29-4e33-aadf-46183add3905 Yng Lvcas
[update] ynw-melly 2744fab5-6a7f-4b69-84e9-cfb890398ae6 YNW Melly
[update] yo-la-tengo 5a4f5055-f052-46f6-b3c9-117cdfdef882 Yo La Tengo
[update] yodelice 47bc98b3-b758-4b65-9931-f35753bcd4aa Yodelice
[update] yogscast 99c7ccf6-1e98-4645-9a55-adce731ab2c8 The Yogscast
[update] yoko-gold 00b15b6a-f769-45d6-b091-ffbaaec20eb8 Yoko Gold
[update] yola c8cd143e-862a-4f0d-ba1c-b1ab05385187 Yola
[update] yola-recoba 223d84bb-07a2-4b1b-9dd6-b1a79ca4127d Yola Recoba
[update] yolkness 4c55d274-7569-4d0c-8bdd-8d2688b8c382 YOLKNESS
[update] yonaka 93d1044b-a012-455a-a88f-c7b642eec203 Yonaka
[update] yonii 37090bcd-9367-455a-b3fb-9f316f5c2bef YONII
[update] yonlapa 52347af7-d1dc-4b51-8fdf-868c38120d7b YONLAPA
[update] yorke 4dbeeb65-fbb1-4708-a2de-10927d5ad381 Yorke
[update] yoshi-flower 35bf4118-04f8-4fad-a2c8-1d7a029e6175 Yoshi Flower
[update] you-me-at-six 3c7b0970-6bcb-4b54-b2d9-c873a0da83c6 You Me At Six
[update] young-dolph 1d609dd2-87e6-483f-be61-a6f01e6d329d Young Dolph
[update] young-drummer-boy 037d2057-d0db-4b9a-9785-9ead924c5cfe YOUNG DRUMMER BOY
[update] young-gun-silver-fox e527dd8c-acfe-4e82-b9a3-6559c9bf797f Young Gun Silver Fox
[update] young-jeezy 4925b659-de66-472c-8373-c7df65a0cd28 Young Jeezy
[update] young-jonn f006fd7c-a309-48f5-a822-42c463793d21 Young Jonn
[update] young-m-a 4c465f0b-ed99-4659-9bba-5647edf583bf Young M.A
[update] young-miko 545a04c5-5931-4ca1-a738-51122cc1afd1 Young Miko
[update] young-nudy f20570a3-4837-4e00-9722-8e659b7df160 Young Nudy
[update] young-t-bugsey ba71027a-1a16-481b-a92f-88b158c97a93 Young T & Bugsey
[update] young-the-giant b95ea534-9437-43e3-a7d1-3693b1b10f22 Young the Giant
[update] young-thug a4bc9dd0-f26d-4023-87f6-e640202a57f7 Young Thug
[update] young-wolf 0cc8119f-5bd1-401a-8725-d46d836816e3 Young Wolf
[update] youngboy-never-broke-again 158412b9-06ae-46a0-a638-20e7c8bfe018 YoungBoy Never Broke Again
[update] younotus 061603a3-d49c-4874-b7ec-0a46fc1275cb YouNotUs
[update] your-broken-hero 611c65bf-9c5f-4375-82a4-f2e354dfef17 Your Broken Hero
[update] yours-truly 5620fb23-3b6d-441c-8db7-38d245813a03 Yours Truly
[update] youssou-ndour eccbe4bd-036c-4ab1-815d-bdef141b3d28 Youssou N'Dour
[update] youth-lagoon 1b323790-080c-45b6-aa6c-3cfe7b5399cd Youth Lagoon
[update] yseult 0d46eaa8-a6ef-4d0f-8028-563d4574c630 YSEULT
[update] yuki-chiba f1e05ef7-a1f2-4c8c-a60d-d43b30975222 Yuki Chiba
[update] yukihiro-fukutomi 6a0ddbe9-ad8a-4e81-a84b-13a6f4606dea Yukihiro Fukutomi
[update] yukimi 30989841-e8ba-4e7d-aa94-9dc28891a82b Yukimi
[update] yumi-zouma 55858a7c-b92b-492e-bce3-c4389f4b77f0 Yumi Zouma
[update] yuna fbc80c2b-1095-4ea8-9e00-5727381a3f7a Yuna
[update] yung-bae 8761a432-88b4-49a5-9a22-7591d6105122 Yung Bae
[update] yung-bleu bbc6d778-d43e-48de-81f4-7203f868dc67 Yung Bleu
[update] yung-gravy d20dd7ee-f5c6-45e7-a311-d7aca9ab86cb Yung Gravy
[update] yung-joc 4a2a2dcf-a571-42e6-be6b-d9659da2a76e Yung Joc
[update] yung-kai 84f5db47-69db-4d81-bcc6-590c38b46820 yung kai
[update] yung-lean 82584178-3f0d-4dc8-ba23-b68aac3f3441 Yung Lean
[update] yung-miami cd769e30-928e-4ce9-97fc-b6c50b345bb7 Yung Miami
[update] yung-sabre 52cfa6ab-4110-4e15-beb5-57184a7abd4d Yung Sabre
[update] yung-skrrt d3ff459a-8224-44bc-adaa-528e2005dc7b Yung Skrrt
[update] yungblud 56ce0c9b-044e-40d0-89a7-acb5248b7518 yungblud
[update] yuqi c9d70040-8c11-4098-94e3-275e3b1793da YUQI
[update] yussef-dayes 57fd9014-a2d1-44cb-91e6-715113f6b7f0 Yussef Dayes
[update] yves 4811772c-7b5d-44ef-95ba-78ab4225cdba Yves
[update] yves-tumor 368c0d44-48b6-43d6-b7b6-09119111eada Yves Tumor
[update] yves-v 8ae700fb-ea36-489d-b919-a63bb20549be Yves V
[update] yvette-young fb32518b-9fe9-4b96-a0cf-62276108d7f2 Yvette Young
[update] zac-brown-band 349bf3e7-6619-45a6-8507-424868a171dd Zac Brown Band
[update] zach-bryan af281567-40ce-43b1-b72b-1bc1a41b6ae5 Zach Bryan
[update] zach-hood 82b43002-9aad-4e1b-874a-ad7c42d715da Zach Hood
[update] zach-myers f1511900-43a2-4bac-a120-142ff6860349 Zach Myers
[update] zack-tabudlo 66e6def3-df9e-40c4-9314-a69e703400ae Zack Tabudlo
[update] zade f64c565f-b019-4217-bdf2-05eecd93b5c3 Zade
[update] zafrir 332c4be8-2577-42ba-8922-a1bbf680ae10 Zafrir
[update] zai1k 6fad987f-aeb2-4a57-b926-0dd93c064ff0 Zai1k
[update] zak-abel f981a5ac-3427-4d1d-ba89-d1201ff0e137 Zak Abel
[update] zamna-soundsystem 1a187f56-ec10-4dc2-bcb2-a0f564425ea1 Zamna Soundsystem
[update] zapp d71efbd2-4646-4079-834f-eadec3644484 Zapp
[update] zara-larsson 8e4def05-b735-450c-aae9-777eb3e4095d Zara Larsson
[update] zardonic 7a38751b-fbe9-45fd-9ae1-9c4bd23c2ec8 Zardonic
[update] zavr 32ecdd1f-f061-4c48-aea3-6b92491bafd7 ZﾄVR
[update] zayn 9d94696d-1519-4ac3-bc3e-1fd6bded1e73 ZAYN
[update] zaz 4328bd11-1e03-4c9c-aa42-4c2cae8b4f36 Zaz
[update] zebrahead 24ed1043-5512-45b4-8265-eadc134c6dc7 Zebrahead
[update] zed-yun-pavarotti 3573294b-8b01-49a4-bdd1-8b9fe0c9bd34 Zed Yun Pavarotti
[update] zedd c179d4bd-c3b6-4a11-9b47-2e0e1758c8c0 Zedd
[update] zeds-dead dac61f9e-349f-480c-8b8c-5c4805b5fad4 ZEDS DEAD
[update] zeeba 07c0b5c8-9e4e-488c-8cc0-eefcdcf29c31 Zeeba
[update] zella-day fa06dc8d-33d4-4eb6-b958-0708124456f7 Zella Day
[update] zendaya 0aae51b1-9661-4974-88da-3979f7c5deec Zendaya
[update] zep f5769e52-f33d-40d0-a4f1-e257d6732edd ZEP
[update] zeph 1f2f1aa4-a925-4ebc-93f9-21af0407e911 Zeph
[update] zerb a3271771-e08b-4360-8cbc-09606ec08476 Zerb
[update] zero-936 55dbbc66-d296-461e-8ac4-c625318ac5d6 Zero 9:36
[update] zhavia f9805303-5d9d-4e4a-b81e-f82b787373b9 Zhavia
[update] zhavia-ward f23eef12-cd1f-4ac5-95d7-49c2ebdf9ffb Zhavia Ward
[update] zheani 21e270d2-36b3-495c-8184-f38bd37dec95 ZHEANI
[update] zhu 408d6bd0-cfa0-4dc2-aa35-1479f35c1b73 ZHU
[update] ziezie e39b92f4-3b2f-4b27-baeb-ce9f95dd6a3e ZieZie
[update] zimmer90 5d4e565a-2915-4590-b4d4-11c8e19dd12e Zimmer90
[update] zion-t c046e212-6c85-4b06-855c-232c5357db83 Zion.T
[update] zior-park b814b4db-9c52-4cff-867b-537dd7364275 Zior Park
[update] zlatan e1a8e1c3-84b9-4b79-ac8e-3287ad166d86 Zlatan
[update] zmeex 6a8fb6aa-7867-46ef-8bbe-77ad4a0f387f Zmeex
[update] zoe-ko 68eadff1-4b77-43c1-93d1-e282fc2e75dc Zoe Ko
[update] zoe-osama c7384191-df37-4f1f-92f3-116674b4deab Zoe Osama
[update] zoe-wees 43d88c3d-4a1c-4bea-b2e3-af98d485d36d Zoe Wees
[update] zoey808 ec886f7d-bd9e-4bd6-b207-17023552e733 Zoey808
[update] zohara faf27b0f-4857-4055-9093-14d3b240d8fc Zohara
[update] zolita 5005a751-caf5-4948-929b-71be8f71b0cd Zolita
[update] zomboy 867590d2-2dac-4eff-b1e2-f7661ee70df2 Zomboy
[update] zoom 2748ab8b-6ef1-44fa-81e7-7542635855ad Zoom
[update] zucchero 32d5a90d-2b13-4107-8e3a-946f1251eb07 Zucchero
[update] zulan 6254dcb7-ef4c-4e42-b9a1-7d923cf8f4c5 ZULAN
[update] zutons 5db0902f-dcbc-4019-91d0-205ff00f8d9d The Zutons
[update] zvc 7c7f2cc4-9f1f-426c-a88d-e19ad164f736 ZVC
[update] zylarion 75522687-de3c-4485-9120-86aba9fa2105 zylarion
[update] zz-top 8f189aa1-b3eb-4ec8-83ab-ce1d88a3f061 ZZ Top
[update] zzzahara b05f41dd-715a-489e-a082-a17a3100a092 ZZZAHARA
[update] ivy acf67300-c3df-4cf3-a1a7-b1584dd5640d [IVY]
[update] aeonmode fbbf4e2b-90b6-4e74-ba9b-b8bbcbf75061 ﾃ・N:MODE
[update] o-phase 43481867-bc81-4ac1-8fcf-c99415bd3a6b ﾃ・[Phase]
[update] oneheart 7c01efdb-69dd-4adc-8475-058d94200b25 ﾃ蕨eheart
[update] ozi-tpe 5a413d5d-0124-4a15-b780-3b9ba98a1ab4 ﾃ六I
[update] ozi 5a413d5d-0124-4a15-b780-3b9ba98a1ab4 ﾃ六I
[update] stella 48449e74-bd88-4e28-afc7-c43d5a1f0a75 ﾎ｣tella
[update] %e2%80%a0%e2%80%a0%e2%80%a0-crosses ac44a079-83a2-4066-8df9-08b38979fd1a 窶窶窶 (Crosses)
[update] uncategorized 513f9b25-8692-4dcb-932f-98e5dec2d608 譛ｪ蛻・｡・{
  "dryRun": false,
  "total": 5717,
  "ok": 5717,
  "fail": 0,
  "skip": 0
}
