id,display_title,main_artist,song_title,music8_artist_slug,music8_song_slug,resolved_artist_slug,resolved_song_slug,original_release_date,json_url
aff3a1af-08c0-42ff-861d-22a8032db0c1,††† (Crosses) - Invisible Hand,††† (Crosses),Invisible Hand,%e2%80%a0%e2%80%a0%e2%80%a0-crosses,invisible-hand,%e2%80%a0%e2%80%a0%e2%80%a0-crosses,invisible-hand,2023-08-03,https://storage.googleapis.com/music8-json-prod/data/songs/%e2%80%a0%e2%80%a0%e2%80%a0-crosses_invisible-hand.json
ea6b93f9-a924-4881-b02b-fee319f88c1b,+J Balvin - Jump,+J Balvin,Jump,j-balvin,jump-7,j-balvin,jump-7,2026-03-05,https://storage.googleapis.com/music8-json-prod/data/songs/j-balvin_jump-7.json
4ccfc716-dc79-4be8-846a-99929bb0a901,$UICIDEBOY$ - 12 Gauge,$UICIDEBOY$,12 Gauge,uicideboy,12-gauge,uicideboy,12-gauge,2024-12-23,https://storage.googleapis.com/music8-json-prod/data/songs/uicideboy_12-gauge.json
13837df0-dfa9-4f22-9c13-4d076c2c356c,03 Greedo - Cubicle,03 Greedo,Cubicle,03-greedo,cubicle,03-greedo,cubicle,2019-02-12,https://storage.googleapis.com/music8-json-prod/data/songs/03-greedo_cubicle.json
c4e9ed5b-b3ee-4535-8b94-cf11fcfb627b,070 Shake - Escapism.,070 Shake,Escapism.,070-shake,escapism,070-shake,escapism,2022-11-09,https://storage.googleapis.com/music8-json-prod/data/songs/070-shake_escapism.json
61fc2f59-039e-46b8-b1d3-ab7648ff6b01,070 Shake - True Love,070 Shake,True Love,070-shake,true-love,070-shake,true-love,2023-04-17,https://storage.googleapis.com/music8-json-prod/data/songs/070-shake_true-love.json
fafd4c68-db95-4c14-b7e1-9c51628be4fd,070 Shake - Use Me,070 Shake,Use Me,070-shake,use-me,070-shake,use-me,2020-08-27,https://storage.googleapis.com/music8-json-prod/data/songs/070-shake_use-me.json
9b3fdd45-9220-4c7c-a304-f84d6b4511c7,1991 - Chop Dem Down,1991,Chop Dem Down,1991,chop-dem-down,1991,chop-dem-down,2025-08-21,https://storage.googleapis.com/music8-json-prod/data/songs/1991_chop-dem-down.json
c927ae1c-b5e7-4dfe-b5af-55af25db4bd3,2 Chainz - Trampoline,2 Chainz,Trampoline,2-chainz,trampoline-2,2-chainz,trampoline-2,2013-07-29,https://storage.googleapis.com/music8-json-prod/data/songs/2-chainz_trampoline-2.json
c60891c6-5f87-4c0d-a511-2385721cd585,21 Savage - Both,21 Savage,Both,21-savage,both,21-savage,both,2023-08-30,https://storage.googleapis.com/music8-json-prod/data/songs/21-savage_both.json
70d36858-7b85-4d0c-b842-2bb000be55bf,21 Savage - Creepin',21 Savage,Creepin',21-savage,creepin,21-savage,creepin,2022-12-01,https://storage.googleapis.com/music8-json-prod/data/songs/21-savage_creepin.json
5e7d438d-be7a-4ffd-a163-c21db264cd9b,21 Savage - Good Good,21 Savage,Good Good,21-savage,good-good,21-savage,good-good,2023-08-22,https://storage.googleapis.com/music8-json-prod/data/songs/21-savage_good-good.json
97d428a1-f572-4fb6-b9b7-e467b00e479d,21 Savage - Jimmy Cooks,21 Savage,Jimmy Cooks,21-savage,jimmy-cooks,21-savage,jimmy-cooks,2022-06-17,https://storage.googleapis.com/music8-json-prod/data/songs/21-savage_jimmy-cooks.json
1b91b2b5-cba1-434a-babe-f49ea0e46aa6,21 Savage - Knife Talk,21 Savage,Knife Talk,21-savage,knife-talk,21-savage,knife-talk,2021-09-02,https://storage.googleapis.com/music8-json-prod/data/songs/21-savage_knife-talk.json
52fd9c6e-e399-4033-82ab-04840a5a4f47,21 Savage - New Money,21 Savage,New Money,21-savage,new-money,21-savage,new-money,2022-06-30,https://storage.googleapis.com/music8-json-prod/data/songs/21-savage_new-money.json
01363a79-28a2-4668-8d2a-eef61f6c0e75,21 Savage - R U That,21 Savage,R U That,21-savage,r-u-that,21-savage,r-u-that,2022-03-10,https://storage.googleapis.com/music8-json-prod/data/songs/21-savage_r-u-that.json
fbb04689-f987-43f4-b2e1-9841c155c6d4,21 Savage - Rich Flex,21 Savage,Rich Flex,21-savage,rich-flex,21-savage,rich-flex,2022-11-04,https://storage.googleapis.com/music8-json-prod/data/songs/21-savage_rich-flex.json
c1f8b561-84d3-4ee4-be18-db1eb3f12663,21 Savage - Show Me Love,21 Savage,Show Me Love,21-savage,show-me-love-2,21-savage,show-me-love-2,2019-11-07,https://storage.googleapis.com/music8-json-prod/data/songs/21-savage_show-me-love-2.json
e305b305-18c2-4130-ab13-366c6256fb30,21 Savage - Topia Twins,21 Savage,Topia Twins,21-savage,topia-twins,21-savage,topia-twins,2024-01-05,https://storage.googleapis.com/music8-json-prod/data/songs/21-savage_topia-twins.json
3138d62e-5238-499d-84a8-38f8126dd0ad,22Bullets - Mami,22Bullets,Mami,22bullets,mami,22bullets,mami,2024-09-05,https://storage.googleapis.com/music8-json-prod/data/songs/22bullets_mami.json
64a15903-78ab-443c-8800-fda8bf2eba60,24kGoldn - It's A Feeling,24kGoldn,It's A Feeling,24kgoldn,its-a-feeling,24kgoldn,its-a-feeling,2024-07-22,https://storage.googleapis.com/music8-json-prod/data/songs/24kgoldn_its-a-feeling.json
84ca6397-a11f-4c5a-9186-ece6bbc3b2f6,24kGoldn - Oh My Lord,24kGoldn,Oh My Lord,24kgoldn,oh-my-lord,24kgoldn,oh-my-lord,2022-06-09,https://storage.googleapis.com/music8-json-prod/data/songs/24kgoldn_oh-my-lord.json
529c248c-af50-4cea-a3cb-24a53b885d21,24kGoldn - Overthinking,24kGoldn,Overthinking,24kgoldn,overthinking,24kgoldn,overthinking,2022-05-19,https://storage.googleapis.com/music8-json-prod/data/songs/24kgoldn_overthinking.json
9f78003f-76df-4668-8418-1ec5f4d78137,2WEI - Down With The Wolves,2WEI,Down With The Wolves,2wei,down-with-the-wolves,2wei,down-with-the-wolves,2024-03-21,https://storage.googleapis.com/music8-json-prod/data/songs/2wei_down-with-the-wolves.json
9df0eb8a-e26f-4069-9b65-205b73812bad,3rd Wall - Crush Me Down,3rd Wall,Crush Me Down,3rd-wall,crush-me-down,3rd-wall,crush-me-down,2024-07-16,https://storage.googleapis.com/music8-json-prod/data/songs/3rd-wall_crush-me-down.json
91e11ddc-a3f9-4214-a139-1bfadbf3f1be,4 Non Blondes - What's Up,4 Non Blondes,What's Up,,,4-non-blondes,whats-up,,https://storage.googleapis.com/music8-json-prod/data/songs/4-non-blondes_whats-up.json
2d158052-7aca-4fd7-bac8-00876a42f240,42 Dugg - We Paid,42 Dugg,We Paid,42-dugg,we-paid,42-dugg,we-paid,2020-04-30,https://storage.googleapis.com/music8-json-prod/data/songs/42-dugg_we-paid.json
339283d2-055f-4387-b854-ec055aa5efec,4batz - Sick,4batz,Sick,4batz,sick,4batz,sick,2024-11-12,https://storage.googleapis.com/music8-json-prod/data/songs/4batz_sick.json
f041cf75-fc78-4c49-a4a9-c66f5cb56ba7,4EVE - Girls Like Me,4EVE,Girls Like Me,4eve,girls-like-me,4eve,girls-like-me,2026-02-05,https://storage.googleapis.com/music8-json-prod/data/songs/4eve_girls-like-me.json
da6f097e-78f4-492c-b82f-5e3a589c5295,5 Seconds of Summer - Lighter,5 Seconds of Summer,Lighter,5sos,lighter-3,5sos,lighter-3,2024-02-29,https://storage.googleapis.com/music8-json-prod/data/songs/5sos_lighter-3.json
f5db768a-1658-4ead-9caf-d2bd5f7bb738,5 Seconds of Summer - Who Do You Love,5 Seconds of Summer,Who Do You Love,5sos,who-do-you-love,5sos,who-do-you-love,2019-12-05,https://storage.googleapis.com/music8-json-prod/data/songs/5sos_who-do-you-love.json
f7ae2fe4-c317-4cf3-bd0e-939cddad36dd,50 Cent - Crack A Bottle,50 Cent,Crack A Bottle,50-cent,crack-a-bottle,50-cent,crack-a-bottle,2009-05-15,https://storage.googleapis.com/music8-json-prod/data/songs/50-cent_crack-a-bottle.json
b32b780b-d808-466c-b10c-35a2fdd81907,50 Cent - Down On Me,50 Cent,Down On Me,50-cent,down-on-me,50-cent,down-on-me,2010-01-01,https://storage.googleapis.com/music8-json-prod/data/songs/50-cent_down-on-me.json
16c3f569-651b-482c-94fc-1f10c6862c39,50 Cent - Gangsta Smoke,50 Cent,Gangsta Smoke,50-cent,gangsta-smoke,50-cent,gangsta-smoke,2024-12-04,https://storage.googleapis.com/music8-json-prod/data/songs/50-cent_gangsta-smoke.json
911243c8-b17d-4ac9-8331-4c8070a8036f,50 Cent - Gunz N Smoke,50 Cent,Gunz N Smoke,50-cent,gunz-n-smoke,50-cent,gunz-n-smoke,2024-12-12,https://storage.googleapis.com/music8-json-prod/data/songs/50-cent_gunz-n-smoke.json
c450b21d-5bfe-4242-bfad-171cec1bbffa,50 Cent - Keep On,50 Cent,Keep On,50-cent,keep-on,50-cent,keep-on,2023-11-10,https://storage.googleapis.com/music8-json-prod/data/songs/50-cent_keep-on.json
a1d7de38-7e08-450b-aa4d-e9eb707c8672,50 Cent - Office Hours,50 Cent,Office Hours,50-cent,office-hours,50-cent,office-hours,2023-07-20,https://storage.googleapis.com/music8-json-prod/data/songs/50-cent_office-hours.json
d36757cf-4161-4395-b014-7e506ea34e7c,50 Cent - Payback,50 Cent,Payback,50-cent,payback,50-cent,payback,2024-10-26,https://storage.googleapis.com/music8-json-prod/data/songs/50-cent_payback.json
9322077c-13de-43a1-874c-5c4ba13cb6ac,50 Cent - The Woo,50 Cent,The Woo,50-cent,the-woo,50-cent,the-woo,2020-07-02,https://storage.googleapis.com/music8-json-prod/data/songs/50-cent_the-woo.json
c0bdc511-9c82-4a27-9448-046184618ce8,54 Ultra - Talk To You,54 Ultra,Talk To You,54-ultra,talk-to-you-2,54-ultra,talk-to-you-2,2026-03-05,https://storage.googleapis.com/music8-json-prod/data/songs/54-ultra_talk-to-you-2.json
640f0f84-70a7-441e-9acd-fb6bb802709e,6arelyhuman - Don't Like Anybody,6arelyhuman,Don't Like Anybody,6arelyhuman,dont-like-anybody,6arelyhuman,dont-like-anybody,2024-02-02,https://storage.googleapis.com/music8-json-prod/data/songs/6arelyhuman_dont-like-anybody.json
2c81dcc5-1701-4e0a-a98a-f4dd3bbd440a,6ix9ine - Swervin,6ix9ine,Swervin,6ix9ine,swervin,6ix9ine,swervin,2018-12-20,https://storage.googleapis.com/music8-json-prod/data/songs/6ix9ine_swervin.json
d9e4490f-d22b-4fe0-8c87-b4b307e02fa4,6LACK - Calling My Phone,6LACK,Calling My Phone,6lack,calling-my-phone,6lack,calling-my-phone,2021-04-01,https://storage.googleapis.com/music8-json-prod/data/songs/6lack_calling-my-phone.json
0145658f-4da9-493c-846d-82dd567fd9ba,6LACK - Dilemma,6LACK,Dilemma,6lack,dilemma-3,6lack,dilemma-3,2025-04-16,https://storage.googleapis.com/music8-json-prod/data/songs/6lack_dilemma-3.json
7ef13f3f-d861-4ad2-a064-b6fa29eb45c5,6LACK - Forever,6LACK,Forever,6lack,forever-4,6lack,forever-4,2022-09-16,https://storage.googleapis.com/music8-json-prod/data/songs/6lack_forever-4.json
61014228-8a47-4923-89c9-71770da9f774,6LACK - Hard Truths,6LACK,Hard Truths,6lack,hard-truths,6lack,hard-truths,2025-05-08,https://storage.googleapis.com/music8-json-prod/data/songs/6lack_hard-truths.json
dca64da5-5bad-415d-8350-22cabbbede0b,6LACK - Nothing More To Say,6LACK,Nothing More To Say,6lack,nothing-more-to-say,6lack,nothing-more-to-say,2022-08-04,https://storage.googleapis.com/music8-json-prod/data/songs/6lack_nothing-more-to-say.json
9ea0b86f-aa29-4c1b-92de-8eebfe63d90b,6LACK - So Beautiful,6LACK,So Beautiful,6lack,so-beautiful,6lack,so-beautiful,2025-05-01,https://storage.googleapis.com/music8-json-prod/data/songs/6lack_so-beautiful.json
887b3f38-2f45-420c-9ee0-880a909326cd,6LACK - Take Your Time,6LACK,Take Your Time,6lack,take-your-time-2,6lack,take-your-time-2,2024-09-26,https://storage.googleapis.com/music8-json-prod/data/songs/6lack_take-your-time-2.json
e46c2a29-473f-439f-838c-06aec9e4c1ac,6LACK - Tell Me It's Over,6LACK,Tell Me It's Over,6lack,tell-me-its-over-2,6lack,tell-me-its-over-2,2022-12-13,https://storage.googleapis.com/music8-json-prod/data/songs/6lack_tell-me-its-over-2.json
bc552450-6a33-4998-a87e-e7de1c9bbb84,6LACK - Workin On Me,6LACK,Workin On Me,6lack,workin-on-me,6lack,workin-on-me,2024-05-16,https://storage.googleapis.com/music8-json-prod/data/songs/6lack_workin-on-me.json
9ddd532d-b8a8-4487-a76a-936d5b87984e,777mylene - ザ・ローズ ベット・ミドラー（The Rose / Bette Midler）,777mylene,ザ・ローズ ベット・ミドラー（The Rose / Bette Midler）,,,777mylene,the-rose-bette-midler,,https://storage.googleapis.com/music8-json-prod/data/songs/777mylene_the-rose-bette-midler.json
2ce7c1bc-0be5-4a8f-a00c-f48c29806330,"98 Degrees - Mariah Carey, Joe, 98 Degrees",98 Degrees,"Mariah Carey, Joe, 98 Degrees",98-degrees,thank-god-i-found-you,98-degrees,thank-god-i-found-you,2024-06-14,https://storage.googleapis.com/music8-json-prod/data/songs/98-degrees_thank-god-i-found-you.json
23556eac-2dea-4ce3-9399-607374549a86,A Boogie Wit Da Hoodie - Chills,A Boogie Wit Da Hoodie,Chills,a-boogie-wit-da-hoodie,chills-la-hills,a-boogie-wit-da-hoodie,chills-la-hills,2023-04-20,https://storage.googleapis.com/music8-json-prod/data/songs/a-boogie-wit-da-hoodie_chills-la-hills.json
15c6aa43-a119-41e7-8c04-5045815119ee,A Boogie Wit Da Hoodie - Lie For You,A Boogie Wit Da Hoodie,Lie For You,a-boogie-wit-da-hoodie,lie-for-you,a-boogie-wit-da-hoodie,lie-for-you,2020-08-16,https://storage.googleapis.com/music8-json-prod/data/songs/a-boogie-wit-da-hoodie_lie-for-you.json
50e7cebe-895c-4a57-b1d4-aea38f40101f,A Little Sound - Can't Love Me,A Little Sound,Can't Love Me,a-little-sound,cant-love-me,a-little-sound,cant-love-me,2025-07-31,https://storage.googleapis.com/music8-json-prod/data/songs/a-little-sound_cant-love-me.json
ecea8064-2438-47d9-b18f-3d49ae1f1895,A Little Sound - Final Breath,A Little Sound,Final Breath,a-little-sound,final-breath,a-little-sound,final-breath,2025-04-01,https://storage.googleapis.com/music8-json-prod/data/songs/a-little-sound_final-breath.json
b435cdc9-ba90-482b-b85a-fad44449d6ba,A-sketch Music Label - One Ok Rock 「Re:make」,A-sketch Music Label,One Ok Rock 「Re:make」,,,a-sketch-music-label,one-ok-rock-remake,,https://storage.googleapis.com/music8-json-prod/data/songs/a-sketch-music-label_one-ok-rock-remake.json
6b3b9047-0721-49e4-8bfe-5d91bed3732f,A.G - Happy Ending,A.G,Happy Ending,a-g,happy-ending-a-g-remix,a-g,happy-ending-a-g-remix,2024-01-18,https://storage.googleapis.com/music8-json-prod/data/songs/a-g_happy-ending-a-g-remix.json
b5b420e6-7578-4d0c-a24a-360c1ca936b7,A$AP Ferg - Black,A$AP Ferg,Black,asap-ferg,black-2,asap-ferg,black-2,2018-04-02,https://storage.googleapis.com/music8-json-prod/data/songs/asap-ferg_black-2.json
2a99ae38-b06f-485e-af72-a9e1bbab621c,A$ap Rocky - Blended Family,A$ap Rocky,Blended Family,asap-rocky,blended-family,asap-rocky,blended-family,2016-11-10,https://storage.googleapis.com/music8-json-prod/data/songs/asap-rocky_blended-family.json
345b49c2-6b6e-4c27-b06d-9b1c186e0b4e,A$ap Rocky - Good For You,A$ap Rocky,Good For You,asap-rocky,good-for-you,asap-rocky,good-for-you,2025-10-10,https://storage.googleapis.com/music8-json-prod/data/songs/asap-rocky_good-for-you.json
d1a92cff-f2a0-4c45-9b50-5bce079a35d9,A$ap Rocky - Live Fast,Alan Walker,Live Fast,asap-rocky,live-fast-pubgm,asap-rocky,live-fast-pubgm,2019-07-25,https://storage.googleapis.com/music8-json-prod/data/songs/asap-rocky_live-fast-pubgm.json
78071823-63ce-44f6-9aee-b367d68f4bb8,A$ap Rocky - Whiskey,A$ap Rocky,Whiskey,asap-rocky,whiskey,asap-rocky,whiskey,2018-06-14,https://storage.googleapis.com/music8-json-prod/data/songs/asap-rocky_whiskey.json
5f1e98ae-eddb-42d5-a82c-e0e8f489865d,A$ap Rocky - Wow,A$ap Rocky,Wow,asap-rocky,wow-2,asap-rocky,wow-2,2024-01-11,https://storage.googleapis.com/music8-json-prod/data/songs/asap-rocky_wow-2.json
947e3523-67f0-45c7-8194-3c19d9055bf0,A7S - Breaking,A7S,Breaking,a7s,breaking,a7s,breaking,2019-12-18,https://storage.googleapis.com/music8-json-prod/data/songs/a7s_breaking.json
a891c24c-f35c-4ca1-89c1-c0d9bd4e5252,A7S - Out My Head,A7S,Out My Head,a7s,out-my-head,a7s,out-my-head,2024-04-25,https://storage.googleapis.com/music8-json-prod/data/songs/a7s_out-my-head.json
e21f57c3-eda5-4918-aa62-b414591e8686,A7S - Your Love,A7S,Your Love,a7s,your-love-9pm,a7s,your-love-9pm,2021-01-14,https://storage.googleapis.com/music8-json-prod/data/songs/a7s_your-love-9pm.json
e37e3337-3f0c-46f2-94a4-58ea00aaf82f,Aaron Cole - Fake It,Aaron Cole,Fake It,aaron-cole,fake-it,aaron-cole,fake-it,2022-06-09,https://storage.googleapis.com/music8-json-prod/data/songs/aaron-cole_fake-it.json
3529affd-34b1-46b6-b2a9-50f3fced19fb,Aaron Sevilla - Yibona,Aaron Sevilla,Yibona,aaron-sevilla,yibona,aaron-sevilla,yibona,2025-03-12,https://storage.googleapis.com/music8-json-prod/data/songs/aaron-sevilla_yibona.json
c96e0ee6-55b9-4039-b4f8-0f45bf5347c3,Aatig - Take It Off,Aatig,Take It Off,aatig,take-it-off,aatig,take-it-off,2023-06-08,https://storage.googleapis.com/music8-json-prod/data/songs/aatig_take-it-off.json
f06393f9-81c7-4a86-bb49-be875a60e217,Ab-Soul - I'm Not Perfect,Ab-Soul,I'm Not Perfect,ab-soul,im-not-perfect,ab-soul,im-not-perfect,2024-03-21,https://storage.googleapis.com/music8-json-prod/data/songs/ab-soul_im-not-perfect.json
ddc8c729-0532-43ba-9742-458f66712b74,Ab-Soul - Still,Ab-Soul,Still,ab-soul,still-4,ab-soul,still-4,2025-08-25,https://storage.googleapis.com/music8-json-prod/data/songs/ab-soul_still-4.json
a46d5b63-7df8-4f91-a226-3f1f61be2fc3,Abba - Dancing Queen,Abba,Dancing Queen,,,abba,dancing-queen,,https://storage.googleapis.com/music8-json-prod/data/songs/abba_dancing-queen.json
0a8ac513-010d-497f-b597-31f34d66c59b,Abi Flynn - Closer,Abi Flynn,Closer,abi-flynn,closer-8,abi-flynn,closer-8,2025-10-09,https://storage.googleapis.com/music8-json-prod/data/songs/abi-flynn_closer-8.json
b03e798a-f61b-4fe4-93c2-f53313c92c36,Above & Beyond - Start A Fire,Above & Beyond,Start A Fire,above-beyond,start-a-fire,above-beyond,start-a-fire,2025-05-29,https://storage.googleapis.com/music8-json-prod/data/songs/above-beyond_start-a-fire.json
d4281788-de51-48e2-85de-4e219f10a17a,Absolutely - Waterslides,Absolutely,Waterslides,absolutely,waterslides,absolutely,waterslides,2024-01-25,https://storage.googleapis.com/music8-json-prod/data/songs/absolutely_waterslides.json
611ebce7-4652-434c-973d-43cd24975782,Ace Of Base - The Sign,Ace Of Base,The Sign,,,ace-of-base,the-sign,,https://storage.googleapis.com/music8-json-prod/data/songs/ace-of-base_the-sign.json
9404637c-8b24-4841-bb65-ed5633ec6c2c,Acid Black Cherry - So Goodnight (Acoustic Ver) Live 2015,Acid Black Cherry,So Goodnight (Acoustic Ver) Live 2015,,,acid-black-cherry,so-goodnight-acoustic-ver-live2015,,https://storage.googleapis.com/music8-json-prod/data/songs/acid-black-cherry_so-goodnight-acoustic-ver-live2015.json
46f5b1f1-0a55-4cb5-a32d-17a731d708bf,Adam Calhoun - Race War,Adam Calhoun,Race War,adam-calhoun,race-war,adam-calhoun,race-war,2023-09-22,https://storage.googleapis.com/music8-json-prod/data/songs/adam-calhoun_race-war.json
f2b9bba2-e979-410f-a7e4-94b48e031c63,Adam Port - Positions,Adam Port,Positions,adam-port,positions-2,adam-port,positions-2,2025-06-26,https://storage.googleapis.com/music8-json-prod/data/songs/adam-port_positions-2.json
b633de89-912a-421c-9097-3c1931eb7aa6,Adam Wakeman - War In Heaven,Adam Wakeman,War In Heaven,adam-wakeman,war-in-heaven,adam-wakeman,war-in-heaven,2026-02-03,https://storage.googleapis.com/music8-json-prod/data/songs/adam-wakeman_war-in-heaven.json
cb693ec6-cd41-4bd8-94c9-5c5becd143cb,Adekunle Gold - Jeezu,Adekunle Gold,Jeezu,adekunle-gold,jeezu,adekunle-gold,jeezu,2024-01-11,https://storage.googleapis.com/music8-json-prod/data/songs/adekunle-gold_jeezu.json
0a6a07f0-4698-422f-ab13-4d19452c0c73,Adekunle Gold - Khartoum,Adekunle Gold,Khartoum,adekunle-gold,khartoum,adekunle-gold,khartoum,2023-10-23,https://storage.googleapis.com/music8-json-prod/data/songs/adekunle-gold_khartoum.json
83fe3aec-5eeb-48e7-b6bf-7e9dc6726a1c,Adele - Rolling In The Deep,Adele,Rolling In The Deep,,,adele,rolling-in-the-deep,,https://storage.googleapis.com/music8-json-prod/data/songs/adele_rolling-in-the-deep.json
bb4973b6-7858-43ef-abdc-662839c087bd,Adele - Someone Like You,Adele,Someone Like You,,,adele,someone-like-you,,https://storage.googleapis.com/music8-json-prod/data/songs/adele_someone-like-you.json
dc13d65d-0b3c-4a8e-a993-9c5892d272b6,Adeleye Omotayo - Silent Running,Adeleye Omotayo,Silent Running,adeleye-omotayo,silent-running,adeleye-omotayo,silent-running,2023-02-22,https://storage.googleapis.com/music8-json-prod/data/songs/adeleye-omotayo_silent-running.json
5baa4dbf-8401-443e-a8bc-75af271a61a8,Adina Butar - Waves Of High,Adina Butar,Waves Of High,adina-butar,waves-of-high,adina-butar,waves-of-high,2023-09-21,https://storage.googleapis.com/music8-json-prod/data/songs/adina-butar_waves-of-high.json
50d1951e-e46d-469c-8810-532aff878ee8,Ado - 【Ado】 唱,Ado,【Ado】 唱,,,ado,ado,,https://storage.googleapis.com/music8-json-prod/data/songs/ado_ado.json
b00cc505-61f3-4fce-9c1d-2fae04a406f4,Ado - 【Ado】ギラギラ,Ado,【Ado】ギラギラ,,,ado,ado,,https://storage.googleapis.com/music8-json-prod/data/songs/ado_ado.json
aa8ae6da-893b-42b7-a185-5591fafc13a6,Ado - Take Me To The Beach,Ado,Take Me To The Beach,ado,take-me-to-the-beach-2,ado,take-me-to-the-beach-2,2024-12-15,https://storage.googleapis.com/music8-json-prod/data/songs/ado_take-me-to-the-beach-2.json
5867f31c-c7d2-44cc-9aa9-04577d4dd718,Adriel Favela - Sitting In The Corner,Adriel Favela,Sitting In The Corner,adriel-favela,sitting-in-the-corner,adriel-favela,sitting-in-the-corner,2022-07-21,https://storage.googleapis.com/music8-json-prod/data/songs/adriel-favela_sitting-in-the-corner.json
ec19e60e-cccb-4e6d-8e3e-587ebe1ccd63,Adventures of Stevie V - Dirty Cash,Adventures of Stevie V,Dirty Cash,adventures-of-stevie-v,dirty-cash,adventures-of-stevie-v,dirty-cash,2024-11-14,https://storage.googleapis.com/music8-json-prod/data/songs/adventures-of-stevie-v_dirty-cash.json
daf80228-0223-4a1d-a467-735fb05e1cc5,"Aerodyne - ""Razor's Edge""",Aerodyne,"""Razor's Edge""",,,aerodyne,razors-edge,,https://storage.googleapis.com/music8-json-prod/data/songs/aerodyne_razors-edge.json
11bffb63-8188-4e36-af9a-2587b05824c5,Afrika Bambaataa - Africa Shox,Afrika Bambaataa,Africa Shox,afrika-bambaataa,africa-shox,afrika-bambaataa,africa-shox,1999-09-15,https://storage.googleapis.com/music8-json-prod/data/songs/afrika-bambaataa_africa-shox.json
b4278105-39f5-498e-abe9-8ff23fcddb88,Afrika Bambaataa - World Destruction,Afrika Bambaataa,World Destruction,afrika-bambaataa,world-destruction,afrika-bambaataa,world-destruction,2001-01-01,https://storage.googleapis.com/music8-json-prod/data/songs/afrika-bambaataa_world-destruction.json
e3c9e5d9-a025-4d05-9ca8-e7eaafbdca2f,Afrojack - Don't Go,Afrojack,Don't Go,afrojack,dont-go-4,afrojack,dont-go-4,2024-10-18,https://storage.googleapis.com/music8-json-prod/data/songs/afrojack_dont-go-4.json
ef8dca57-2bdb-462e-b7b0-57986ae874cf,Afrojack - Louder For The People,Afrojack,Louder For The People,afrojack,louder-for-the-people,afrojack,louder-for-the-people,2025-11-06,https://storage.googleapis.com/music8-json-prod/data/songs/afrojack_louder-for-the-people.json
245939e2-60a6-4cb2-a6c7-2ca28a5131b9,Afrojack - Raving,Afrojack,Raving,afrojack,raving,afrojack,raving,2024-08-05,https://storage.googleapis.com/music8-json-prod/data/songs/afrojack_raving.json
b6057a86-4f97-478c-a755-cef350baf790,Against The Current - Teenagers,Against The Current,Teenagers,against-the-current,teenagers-2,against-the-current,teenagers-2,2022-06-16,https://storage.googleapis.com/music8-json-prod/data/songs/against-the-current_teenagers-2.json
7d6cd34c-5ee3-4adc-a697-008fc3d554d9,Age Sten Nilsen - Norma,Age Sten Nilsen,Norma,age-sten-nilsen,norma,age-sten-nilsen,norma,2023-07-23,https://storage.googleapis.com/music8-json-prod/data/songs/age-sten-nilsen_norma.json
d35e1ab2-0efa-4544-9d2f-a4cd7def107d,Agmon - Cosmic Void,Agmon,Cosmic Void,agmon,cosmic-void,agmon,cosmic-void,2025-05-11,https://storage.googleapis.com/music8-json-prod/data/songs/agmon_cosmic-void.json
bf3a6473-64ea-4dcf-851b-8027ebc53082,Agnes - Twisted Mind,Agnes,Twisted Mind,agnes,twisted-mind,agnes,twisted-mind,2022-03-03,https://storage.googleapis.com/music8-json-prod/data/songs/agnes_twisted-mind.json
c7d36c8f-8aad-414f-9d3c-495ecd01ba7c,Ahmed Spins - Waterfall,Ahmed Spins,Waterfall,ahmed-spins,waterfall-3,ahmed-spins,waterfall-3,2025-04-09,https://storage.googleapis.com/music8-json-prod/data/songs/ahmed-spins_waterfall-3.json
8d8fb659-711f-4069-96f8-b55ab960ac7a,Ahrix - End Of Time,Ahrix,End Of Time,ahrix,end-of-time,ahrix,end-of-time,2020-03-05,https://storage.googleapis.com/music8-json-prod/data/songs/ahrix_end-of-time.json
8591a297-4a78-4d94-add9-2108bed6fedd,Aidan Bissett - Stuck On Us,Aidan Bissett,Stuck On Us,aidan-bissett,stuck-on-us,aidan-bissett,stuck-on-us,2022-03-10,https://storage.googleapis.com/music8-json-prod/data/songs/aidan-bissett_stuck-on-us.json
88930f7a-89b9-41d1-85ad-3b38daa21158,Aidonia - Boom Body,Aidonia,Boom Body,aidonia,boom-body,aidonia,boom-body,2025-11-14,https://storage.googleapis.com/music8-json-prod/data/songs/aidonia_boom-body.json
5a56cd65-1c5e-48af-a5f2-323cdc5d215b,Air Supply - All Out Of Love,Air Supply,All Out Of Love,,,air-supply,all-out-of-love,,https://storage.googleapis.com/music8-json-prod/data/songs/air-supply_all-out-of-love.json
51862e76-fc6c-423b-9da4-dbd1cd9d3051,Air Supply - Making Love Out Of Nothing At All,Air Supply,Making Love Out Of Nothing At All,,,air-supply,making-love-out-of-nothing-at-all,,https://storage.googleapis.com/music8-json-prod/data/songs/air-supply_making-love-out-of-nothing-at-all.json
1ab14650-3552-4831-ab48-fd821c82bfe2,Airports - In Fiction,Airports,In Fiction,airports,in-fiction,airports,in-fiction,2025-08-28,https://storage.googleapis.com/music8-json-prod/data/songs/airports_in-fiction.json
0d0256ac-4eca-4a51-9a6e-cd47c8ff41b6,Aitana - Hermosa Casualidad,Aitana,Hermosa Casualidad,aitana,hermosa-casualidad,aitana,hermosa-casualidad,2024-05-30,https://storage.googleapis.com/music8-json-prod/data/songs/aitana_hermosa-casualidad.json
88d6e9d9-dd49-4ea7-9c3e-dd59c37b1be0,Aitch - Friday Prayer,Aitch,Friday Prayer,aitch,friday-prayer,aitch,friday-prayer,2025-04-10,https://storage.googleapis.com/music8-json-prod/data/songs/aitch_friday-prayer.json
365ac990-8a2c-45a8-99b4-645b50a1fa9d,Aitch - Unsteady,Aitch,Unsteady,aitch,unsteady,aitch,unsteady,2026-02-19,https://storage.googleapis.com/music8-json-prod/data/songs/aitch_unsteady.json
1bd6a291-772b-42a2-9551-ef6bb4412f31,AJ Mitchell - Imagine,AJ Mitchell,Imagine,aj-mitchell,steve-aoki-imagine,aj-mitchell,steve-aoki-imagine,2020-07-16,https://storage.googleapis.com/music8-json-prod/data/songs/aj-mitchell_steve-aoki-imagine.json
a83971de-d21c-4e36-92b0-27992a9525b7,AJR - Pretender,AJR,Pretender,ajr,pretender,ajr,pretender,2018-11-08,https://storage.googleapis.com/music8-json-prod/data/songs/ajr_pretender.json
68116c99-4ce2-4954-ab06-2c79d9803149,Akeem Ali - You Want My All,Akeem Ali,You Want My All,akeem-ali,you-want-my-all,akeem-ali,you-want-my-all,2025-06-06,https://storage.googleapis.com/music8-json-prod/data/songs/akeem-ali_you-want-my-all.json
1e8373c4-3941-4ff2-9b26-a1ea7033ccdb,Akon - Crazy,Akon,Crazy,akon,crazy-9,akon,crazy-9,2025-04-10,https://storage.googleapis.com/music8-json-prod/data/songs/akon_crazy-9.json
354a48c6-24f0-4dd7-b2eb-51f2b3442cd6,Akon - Drunk Right Now,Akon,Drunk Right Now,akon,drunk-right-now,akon,drunk-right-now,2025-05-27,https://storage.googleapis.com/music8-json-prod/data/songs/akon_drunk-right-now.json
fd9ea9e0-68e1-4a13-bb78-8a7e3113c574,Akon - The Sweet Escape,Akon,The Sweet Escape,akon,the-sweet-escape,akon,the-sweet-escape,2005-12-31,https://storage.googleapis.com/music8-json-prod/data/songs/akon_the-sweet-escape.json
306d5b11-1f14-4496-9731-0603638a0aa6,Akon - Wanna Be Startin Somethin 2008,Akon,Wanna Be Startin Somethin 2008,akon,wanna-be-startin-somethin-2008,akon,wanna-be-startin-somethin-2008,2008-02-07,https://storage.googleapis.com/music8-json-prod/data/songs/akon_wanna-be-startin-somethin-2008.json
a7eba654-a9a3-408d-b1b0-918adcf79164,AKRAS - Laser Eyes,AKRAS,Laser Eyes,akras,laser-eyes,akras,laser-eyes,2024-07-15,https://storage.googleapis.com/music8-json-prod/data/songs/akras_laser-eyes.json
6661b756-7c00-46f7-b27c-66a97ee1cc1d,"Alan Fitzpatrick - Friday, I'm In Luv",Alan Fitzpatrick,"Friday, I'm In Luv",alan-fitzpatrick,friday-im-in-luv,alan-fitzpatrick,friday-im-in-luv,2025-03-21,https://storage.googleapis.com/music8-json-prod/data/songs/alan-fitzpatrick_friday-im-in-luv.json
1143fa6c-cdd2-4aca-9f77-f4f98b1f738d,Alan Walker - Are You Lonely,Alan Walker,Are You Lonely,alan-walker,are-you-lonely,alan-walker,are-you-lonely,2020-04-02,https://storage.googleapis.com/music8-json-prod/data/songs/alan-walker_are-you-lonely.json
1de14829-2797-4007-917d-b76b118d09c9,Alan Walker - Headlights,Alan Walker,Headlights,alan-walker,headlights,alan-walker,headlights,2022-10-05,https://storage.googleapis.com/music8-json-prod/data/songs/alan-walker_headlights.json
13e0ba1a-19fe-4407-8a48-308dca29029a,Alan Walker - Ignite,Alan Walker,Ignite,alan-walker,ignite,alan-walker,ignite,2018-07-05,https://storage.googleapis.com/music8-json-prod/data/songs/alan-walker_ignite.json
408cff33-1f76-4ea8-82ec-afc08bc29f99,Alan Walker - Play,Alan Walker,Play,alan-walker,alan-walker-play,alan-walker,alan-walker-play,2019-08-29,https://storage.googleapis.com/music8-json-prod/data/songs/alan-walker_alan-walker-play.json
e8c48725-5e56-4753-bae9-216dbf9acce7,Alan Walker - Scars,Alan Walker,Scars,alan-walker,scars-2,alan-walker,scars-2,2024-03-09,https://storage.googleapis.com/music8-json-prod/data/songs/alan-walker_scars-2.json
7a8bcde6-381b-4878-9f42-a23d333f057d,Alan Walker - Too Bad - Alan Walker Remix,Alan Walker,Too Bad - Alan Walker Remix,alan-walker,dragon-anderson-paak-alan-walker-too-bad-alan-walker-remix,alan-walker,dragon-anderson-paak-alan-walker-too-bad-alan-walker-remix,2025-12-19,https://storage.googleapis.com/music8-json-prod/data/songs/alan-walker_dragon-anderson-paak-alan-walker-too-bad-alan-walker-remix.json
f26d52ef-b9c6-40f3-b865-9fd839eb8f97,Alan Walker - Who I Am,Alan Walker,Who I Am,alan-walker,who-i-am-3,alan-walker,who-i-am-3,2024-01-04,https://storage.googleapis.com/music8-json-prod/data/songs/alan-walker_who-i-am-3.json
ca4dc896-e6de-4a83-80f2-fdd86bde53c9,Alana Springsteen - Hot Honey,Alana Springsteen,Hot Honey,alana-springsteen,hot-honey,alana-springsteen,hot-honey,2024-07-25,https://storage.googleapis.com/music8-json-prod/data/songs/alana-springsteen_hot-honey.json
53d931f1-aefd-4f88-9554-0af600df26b2,Alannah Myles - Black Velvet,Alannah Myles,Black Velvet,,,alannah-myles,black-velvet,,https://storage.googleapis.com/music8-json-prod/data/songs/alannah-myles_black-velvet.json
bd94b783-ec7f-4ec6-b09d-d0b350dd4550,albert hammond jr - Another Hit Of Showmanship,albert hammond jr,Another Hit Of Showmanship,albert-hammond-jr,another-hit-of-showmanship,albert-hammond-jr,another-hit-of-showmanship,2020-10-16,https://storage.googleapis.com/music8-json-prod/data/songs/albert-hammond-jr_another-hit-of-showmanship.json
1d2dfcee-1118-4c34-bec6-ce09ef3c9b9c,alcemist - Would You,alcemist,Would You,alcemist,would-you-go-to-bed-with-me,alcemist,would-you-go-to-bed-with-me,2023-12-28,https://storage.googleapis.com/music8-json-prod/data/songs/alcemist_would-you-go-to-bed-with-me.json
ab2fb9bb-2841-413a-a82d-e7092b0b8478,Aldae - In The Dark,Aldae,In The Dark,aldae,in-the-dark-5,aldae,in-the-dark-5,2024-07-11,https://storage.googleapis.com/music8-json-prod/data/songs/aldae_in-the-dark-5.json
8b692bf2-d2b5-4c37-9a6e-9aea3e0e2f58,Aldous Harding - Elitest G.o.a.t.,Aldous Harding,Elitest G.o.a.t.,aldous-harding,elitest-g-o-a-t,aldous-harding,elitest-g-o-a-t,2026-01-11,https://storage.googleapis.com/music8-json-prod/data/songs/aldous-harding_elitest-g-o-a-t.json
e76366ef-a29c-432a-886d-8f181ec806a6,Alessia Cara - Only You,Alessia Cara,Only You,alessia-cara,only-you-2,alessia-cara,only-you-2,2022-06-09,https://storage.googleapis.com/music8-json-prod/data/songs/alessia-cara_only-you-2.json
8954aaed-0ff4-43aa-a13d-8866b6f0ea31,Alessia Cara - Stay,Alessia Cara,Stay,alessia-cara,stay,alessia-cara,stay,2017-02-22,https://storage.googleapis.com/music8-json-prod/data/songs/alessia-cara_stay.json
cabe3867-80b0-452c-9ce7-e9373e133906,Alessia Labate - Gimme The Love,Alessia Labate,Gimme The Love,alessia-labate,gimme-the-love,alessia-labate,gimme-the-love,2025-05-22,https://storage.googleapis.com/music8-json-prod/data/songs/alessia-labate_gimme-the-love.json
edbf210b-e4a4-4a4b-a3ef-dcfa3dd98f82,Alesso - I Like It,Alesso,I Like It,alesso,i-like-it-2,alesso,i-like-it-2,2024-07-12,https://storage.googleapis.com/music8-json-prod/data/songs/alesso_i-like-it-2.json
f0495826-d1da-4c8c-9928-466c917aeaf6,Alesso - Inside Our Hearts,Alesso,Inside Our Hearts,alesso,inside-our-hearts,alesso,inside-our-hearts,2025-07-24,https://storage.googleapis.com/music8-json-prod/data/songs/alesso_inside-our-hearts.json
4cb1ad2c-e783-4677-b2e7-aaa49232313b,Alesso - Interstellar,Alesso,Interstellar,alesso,interstellar,alesso,interstellar,2023-12-24,https://storage.googleapis.com/music8-json-prod/data/songs/alesso_interstellar.json
83e1d028-1445-4174-becc-b7e2509e6764,Alesso - Never Going Home Tonight,Alesso,Never Going Home Tonight,alesso,never-going-home-tonight,alesso,never-going-home-tonight,2024-09-05,https://storage.googleapis.com/music8-json-prod/data/songs/alesso_never-going-home-tonight.json
1c1fc576-5f65-41c2-94fa-f980e0353982,Alex Christensen - Club Bizarre,Alex Christensen,Club Bizarre,alex-christensen,club-bizarre,alex-christensen,club-bizarre,2026-01-30,https://storage.googleapis.com/music8-json-prod/data/songs/alex-christensen_club-bizarre.json
c865b38d-78f9-4d97-b88c-a61750ca4366,Alex Gaskarth - Kiss Me Again,Alex Gaskarth,Kiss Me Again,alex-gaskarth,kiss-me-again,alex-gaskarth,kiss-me-again,2012-03-12,https://storage.googleapis.com/music8-json-prod/data/songs/alex-gaskarth_kiss-me-again.json
6aa65e97-f895-40ff-9a15-ba7a0bc359f6,Alex Isley - Same Mistake,Alex Isley,Same Mistake,alex-isley,same-mistake,alex-isley,same-mistake,2024-01-12,https://storage.googleapis.com/music8-json-prod/data/songs/alex-isley_same-mistake.json
4a0bb6c1-e230-4795-a62f-2c7e3c7bf0b2,Alex Isley - Still Believe,Alex Isley,Still Believe,alex-isley,still-believe,alex-isley,still-believe,2022-04-28,https://storage.googleapis.com/music8-json-prod/data/songs/alex-isley_still-believe.json
23c26194-712e-4f52-add2-f47f7225693d,Alex Terrible - Ronald,Alex Terrible,Ronald,alex-terrible,ronald,alex-terrible,ronald,2024-05-06,https://storage.googleapis.com/music8-json-prod/data/songs/alex-terrible_ronald.json
20c90f57-15cc-4318-81d0-7dcf5a035267,Alex Trimble - Calibans Dream,Alex Trimble,Calibans Dream,alex-trimble,calibans-dream,alex-trimble,calibans-dream,2018-07-20,https://storage.googleapis.com/music8-json-prod/data/songs/alex-trimble_calibans-dream.json
80e9e59c-c26c-465d-a32b-708dcd13ebd8,Alex Yarmak - A Fool’s Parade,Alex Yarmak,A Fool’s Parade,alex-yarmak,a-fools-parade,alex-yarmak,a-fools-parade,2024-04-11,https://storage.googleapis.com/music8-json-prod/data/songs/alex-yarmak_a-fools-parade.json
aa684f32-2574-4eef-b230-8ef1ad3a6b2a,Alexander 23 - Cozy,Alexander 23,Cozy,alexander-23,cozy,alexander-23,cozy,2024-05-21,https://storage.googleapis.com/music8-json-prod/data/songs/alexander-23_cozy.json
23d71fc5-4faf-4289-8106-0ab4b42c0a7e,Alexander Stewart - Crossfire,Alexander Stewart,Crossfire,alexander-stewart,crossfire,alexander-stewart,crossfire,2024-12-19,https://storage.googleapis.com/music8-json-prod/data/songs/alexander-stewart_crossfire.json
cf545207-ce20-4dda-9d5a-3779f896afe2,Alexis Roberts - Falling,Alexis Roberts,Falling,alexis-roberts,falling-3,alexis-roberts,falling-3,2025-07-10,https://storage.googleapis.com/music8-json-prod/data/songs/alexis-roberts_falling-3.json
189bb405-56d4-441c-85c1-f596cc868381,Alfie Sheard - Spaceman,Alfie Sheard,Spaceman,alfie-sheard,spaceman-3,alfie-sheard,spaceman-3,2024-01-19,https://storage.googleapis.com/music8-json-prod/data/songs/alfie-sheard_spaceman-3.json
a91f01b5-08ef-4aeb-b7bb-e03263cbe658,Ali & Gipp - Grillz,Ali & Gipp,Grillz,ali-gipp,grillz,ali-gipp,grillz,2022-10-14,https://storage.googleapis.com/music8-json-prod/data/songs/ali-gipp_grillz.json
63017dec-d1d4-4dbb-bd9f-2f407a2b43d0,Alice Cooper - Stay In Your Grave,Alice Cooper,Stay In Your Grave,alice-cooper,stay-in-your-grave,alice-cooper,stay-in-your-grave,2024-10-24,https://storage.googleapis.com/music8-json-prod/data/songs/alice-cooper_stay-in-your-grave.json
930365ed-6453-4481-a9d2-cae3348a9593,Alice Glass - Legend,Alice Glass,Legend,alice-glass,legend,alice-glass,legend,2021-05-26,https://storage.googleapis.com/music8-json-prod/data/songs/alice-glass_legend.json
f7cb43c7-d848-4433-9d16-b5dc680d3375,Alice Longyu Gao - Burn The Witch,Alice Longyu Gao,Burn The Witch,alice-longyu-gao,burn-the-witch-2,alice-longyu-gao,burn-the-witch-2,2024-03-01,https://storage.googleapis.com/music8-json-prod/data/songs/alice-longyu-gao_burn-the-witch-2.json
791c2f3b-d729-4fd8-b80a-2dcd2bbf375d,Alicia Keys - Another Way To Die,Alicia Keys,Another Way To Die,alicia-keys,another-way-to-die,alicia-keys,another-way-to-die,2008-10-01,https://storage.googleapis.com/music8-json-prod/data/songs/alicia-keys_another-way-to-die.json
85e25cce-13f1-4db7-bd5b-185fac865589,Alicia Keys - City Of Gods,Alicia Keys,City Of Gods,alicia-keys,city-of-gods,alicia-keys,city-of-gods,2022-02-18,https://storage.googleapis.com/music8-json-prod/data/songs/alicia-keys_city-of-gods.json
e5c6d876-e652-4a66-84fd-1214be06e6cb,Alicia Keys - Finally,Alicia Keys,Finally,alicia-keys,finally,alicia-keys,finally,2024-09-02,https://storage.googleapis.com/music8-json-prod/data/songs/alicia-keys_finally.json
c9ff4185-604b-4bbb-a009-8d8e14240ea1,Alicia Keys - Other Side Of Love,Alicia Keys,Other Side Of Love,alicia-keys,other-side-of-love,alicia-keys,other-side-of-love,2025-08-15,https://storage.googleapis.com/music8-json-prod/data/songs/alicia-keys_other-side-of-love.json
21c8772f-e871-4488-bcfc-5d1a0feca3f1,Alika - Dangerous,Alika,Dangerous,alika,dangerous-9,alika,dangerous-9,2025-11-13,https://storage.googleapis.com/music8-json-prod/data/songs/alika_dangerous-9.json
69701d6e-ca05-4d87-a333-f547c697de11,Alina Pash - Kyiv,Alina Pash,Kyiv,alina-pash,kyiv,alina-pash,kyiv,2026-01-20,https://storage.googleapis.com/music8-json-prod/data/songs/alina-pash_kyiv.json
388d1df5-9fd0-4df2-a9ec-3afab5bf2460,Alison Goldfrapp - Dream Machine,Alison Goldfrapp,Dream Machine,alison-goldfrapp,dream-machine,alison-goldfrapp,dream-machine,2025-04-17,https://storage.googleapis.com/music8-json-prod/data/songs/alison-goldfrapp_dream-machine.json
e484f4c2-09ba-4ebd-bd1a-3118d112aaa0,Alison Goldfrapp - The Night,Alison Goldfrapp,The Night,alison-goldfrapp,the-night-2,alison-goldfrapp,the-night-2,2022-11-17,https://storage.googleapis.com/music8-json-prod/data/songs/alison-goldfrapp_the-night-2.json
6e6df148-294e-46c8-8ebd-bb957a5061d8,Alissa White-Gluz - Cradle To The Grave-gluz,Alissa White-Gluz,Cradle To The Grave-gluz,alissa-white-gluz,cradle-to-the-grave-gluz,alissa-white-gluz,cradle-to-the-grave-gluz,2024-08-23,https://storage.googleapis.com/music8-json-prod/data/songs/alissa-white-gluz_cradle-to-the-grave-gluz.json
ebd30f26-c219-4f87-adb6-631567733cd4,Alissa White-Gluz - Fool's Parade,Alissa White-Gluz,Fool's Parade,alissa-white-gluz,fools-parade,alissa-white-gluz,fools-parade,2024-01-11,https://storage.googleapis.com/music8-json-prod/data/songs/alissa-white-gluz_fools-parade.json
3a2dedcb-4ea3-44e9-8e75-59799547530b,Alissa White-Gluz - I Am A Machine,Alissa White-Gluz,I Am A Machine,alissa-white-gluz,i-am-a-machine,alissa-white-gluz,i-am-a-machine,2024-10-01,https://storage.googleapis.com/music8-json-prod/data/songs/alissa-white-gluz_i-am-a-machine.json
81f8e70a-c87f-4a88-b9e8-a7887476489f,Aliyah’s Interlude - Babydoll,Aliyah’s Interlude,Babydoll,aliyahs-interlude-2,babydoll-2,aliyahs-interlude-2,babydoll-2,2025-02-28,https://storage.googleapis.com/music8-json-prod/data/songs/aliyahs-interlude-2_babydoll-2.json
2b58bda0-3a4c-4ec0-a518-9bf5f419ae92,All Time Low - Back To You,All Time Low,Back To You,all-time-low,back-to-you-3,all-time-low,back-to-you-3,2023-04-27,https://storage.googleapis.com/music8-json-prod/data/songs/all-time-low_back-to-you-3.json
36934688-efaf-4c96-b1ed-52bf98c2117e,All Time Low - Ghost Story,All Time Low,Ghost Story,all-time-low,ghost-story,all-time-low,ghost-story,2021-10-14,https://storage.googleapis.com/music8-json-prod/data/songs/all-time-low_ghost-story.json
1fd558fc-486c-4fe0-8fb3-856b96a091a1,Allday - The Life Of The Party,Allday,The Life Of The Party,allday,the-life-of-the-party,allday,the-life-of-the-party,2021-04-21,https://storage.googleapis.com/music8-json-prod/data/songs/allday_the-life-of-the-party.json
198779cb-fc64-4a8d-9e9c-d5ad968cb071,Alle Farben - Lost In Time,Alle Farben,Lost In Time,alle-farben,lost-in-time,alle-farben,lost-in-time,2026-03-20,https://storage.googleapis.com/music8-json-prod/data/songs/alle-farben_lost-in-time.json
51b2a1f0-a20a-4963-b9a3-14b9e8adec31,ALLEYCVT - Into The Light,ALLEYCVT,Into The Light,alleycvt,into-the-light,alleycvt,into-the-light,2022-03-15,https://storage.googleapis.com/music8-json-prod/data/songs/alleycvt_into-the-light.json
4cbc7fa3-ce4a-4493-8373-d6dbf4ae19f3,ALMONDot GAIN - See Through ∀,ALMONDot GAIN,See Through ∀,almondot-gain,see-through-%e2%88%80,almondot-gain,see-through-%e2%88%80,2025-07-29,https://storage.googleapis.com/music8-json-prod/data/songs/almondot-gain_see-through-%e2%88%80.json
d63a0373-490a-4708-b896-2d20f2f96345,ALMONDot GAIN - Teenage Gangsters ∀,ALMONDot GAIN,Teenage Gangsters ∀,almondot-gain,teenage-gangsters-%e2%88%80,almondot-gain,teenage-gangsters-%e2%88%80,2025-07-29,https://storage.googleapis.com/music8-json-prod/data/songs/almondot-gain_teenage-gangsters-%e2%88%80.json
610c34b0-3bb4-4ff4-be44-3f1b3d5ff60d,Alna - Forever,Alna,Forever,alna,forever-10,alna,forever-10,2025-09-11,https://storage.googleapis.com/music8-json-prod/data/songs/alna_forever-10.json
3a94bcd3-2a76-4163-89ab-69dc2f4ad3de,Aloe Blacc - Candyman,Aloe Blacc,Candyman,aloe-blacc,candyman,aloe-blacc,candyman,2016-02-25,https://storage.googleapis.com/music8-json-prod/data/songs/aloe-blacc_candyman.json
d7261caa-8b10-4083-bf1a-42f8abf07250,Aloe Blacc - My Way,Aloe Blacc,My Way,aloe-blacc,steve-aoki-my-way,aloe-blacc,steve-aoki-my-way,2020-12-22,https://storage.googleapis.com/music8-json-prod/data/songs/aloe-blacc_steve-aoki-my-way.json
34c1667f-c4db-4367-bc33-15fec72b98f1,Aloe Blacc - Wake Me Up,Aloe Blacc,Wake Me Up,aloe-blacc,wake-me-up-2,aloe-blacc,wake-me-up-2,2024-11-22,https://storage.googleapis.com/music8-json-prod/data/songs/aloe-blacc_wake-me-up-2.json
72eea227-de89-4153-acf1-18f2588836cd,Alok - Euphoria,Alok,Euphoria,alok,euphoria,alok,euphoria,2025-01-03,https://storage.googleapis.com/music8-json-prod/data/songs/alok_euphoria.json
d353d399-31fb-457a-abe9-ebebaaeee9e8,Alok - Sugar,Alok,Sugar,alok,sugar-alok-remix,alok,sugar-alok-remix,2025-09-25,https://storage.googleapis.com/music8-json-prod/data/songs/alok_sugar-alok-remix.json
d366192e-426c-4c6a-98e1-4bee21c9dc5d,Alok - Under The Sun,Alok,Under The Sun,alok,under-the-sun,alok,under-the-sun,2024-05-30,https://storage.googleapis.com/music8-json-prod/data/songs/alok_under-the-sun.json
e1678e6d-2eba-4043-b072-8a87886fb227,Alphaville - Forever Young,Alphaville,Forever Young,alphaville,forever-young-3,alphaville,forever-young-3,2024-10-17,https://storage.googleapis.com/music8-json-prod/data/songs/alphaville_forever-young-3.json
c25da9cf-8f13-43ca-8ab6-d4f988a86cbb,ALT BLK ERA - Witch,ALT BLK ERA,Witch,alt-blk-era,witch,alt-blk-era,witch,2023-10-11,https://storage.googleapis.com/music8-json-prod/data/songs/alt-blk-era_witch.json
0f0a31f0-0502-45c5-8819-417e2a501171,Aluna - Beggin,Aluna,Beggin,aluna,beggin,aluna,beggin,2023-04-20,https://storage.googleapis.com/music8-json-prod/data/songs/aluna_beggin.json
7b0e33d5-2231-4efc-8229-a3abc72ab433,Alus - Outta Da Blue,Alus,Outta Da Blue,alus,outta-da-blue,alus,outta-da-blue,2024-11-21,https://storage.googleapis.com/music8-json-prod/data/songs/alus_outta-da-blue.json
590f880b-fbe2-40da-a202-3e35a36336ab,Aly & Fila - Kings,Aly & Fila,Kings,aly-fila,kings-fsoe-750-anthem,aly-fila,kings-fsoe-750-anthem,2022-12-08,https://storage.googleapis.com/music8-json-prod/data/songs/aly-fila_kings-fsoe-750-anthem.json
d40f2349-39a3-4325-af12-654508992299,Amaarae - Imagining,Amaarae,Imagining,amaarae,imagining,amaarae,imagining,2023-12-08,https://storage.googleapis.com/music8-json-prod/data/songs/amaarae_imagining.json
7693c136-60dd-4d6c-9906-2a8715c90698,Amaarae - In The Night,Amaarae,In The Night,amaarae,in-the-night,amaarae,in-the-night,2024-07-15,https://storage.googleapis.com/music8-json-prod/data/songs/amaarae_in-the-night.json
f449afb1-3e22-49d1-a2c6-bd0fe104e513,Amadou & Mariam - Patience,Amadou & Mariam,Patience,amadou-mariam,patience-4,amadou-mariam,patience-4,2025-06-05,https://storage.googleapis.com/music8-json-prod/data/songs/amadou-mariam_patience-4.json
5df8bec7-ca52-45a3-8deb-5d047f1a42e6,Amanda Reifer - Die Hard,Amanda Reifer,Die Hard,amanda-reifer,die-hard,amanda-reifer,die-hard,2022-05-13,https://storage.googleapis.com/music8-json-prod/data/songs/amanda-reifer_die-hard.json
b6f0990a-e365-4918-a3f6-2f1df247d796,AMANZI - Save My Soul,AMANZI,Save My Soul,amanzi,save-my-soul-2,amanzi,save-my-soul-2,2024-09-05,https://storage.googleapis.com/music8-json-prod/data/songs/amanzi_save-my-soul-2.json
f2c0de67-26ee-48fb-b473-cc82beb6bfdd,Amaranthe - Do Or Die,Amaranthe,Do Or Die,,,amaranthe,do-or-die,,https://storage.googleapis.com/music8-json-prod/data/songs/amaranthe_do-or-die.json
627d4c11-ab94-43c0-abb0-2636ce695661,"Amazon Music - Shaboozey Performs ""Amen"" At Amazon Music Live",Amazon Music,"Shaboozey Performs ""Amen"" At Amazon Music Live",,,amazon-music,shaboozey-performs-amen-at-amazon-music-live,,https://storage.googleapis.com/music8-json-prod/data/songs/amazon-music_shaboozey-performs-amen-at-amazon-music-live.json
967009e2-aa12-43b9-8c04-6f1fbe5e7f05,Amber Lee - Electric Boogie,Amber Lee,Electric Boogie,amber-lee,electric-boogie,amber-lee,electric-boogie,2023-02-21,https://storage.googleapis.com/music8-json-prod/data/songs/amber-lee_electric-boogie.json
5e45dfe7-85ee-4b0d-91fb-c310797754e2,Amber Riley - Macarthur Park,Amber Riley,Macarthur Park,amber-riley,macarthur-park,amber-riley,macarthur-park,2024-06-10,https://storage.googleapis.com/music8-json-prod/data/songs/amber-riley_macarthur-park.json
bb85fe6a-a938-4df2-bb52-28b1e4209910,Ambrose Kenny-Smith - Dud,Ambrose Kenny-Smith,Dud,ambrose-kenny-smith,dud,ambrose-kenny-smith,dud,2024-06-12,https://storage.googleapis.com/music8-json-prod/data/songs/ambrose-kenny-smith_dud.json
f16e2cc0-3e45-4fd1-a81a-a53dfc9cfaa1,Ambrose Kenny-Smith - Minor Setback,Ambrose Kenny-Smith,Minor Setback,ambrose-kenny-smith,minor-setback,ambrose-kenny-smith,minor-setback,2023-04-23,https://storage.googleapis.com/music8-json-prod/data/songs/ambrose-kenny-smith_minor-setback.json
3aebbec8-c34c-456a-8024-5b22e80a63e9,Amelia Barratt - Florist,Amelia Barratt,Florist,amelia-barratt,florist,amelia-barratt,florist,2025-02-27,https://storage.googleapis.com/music8-json-prod/data/songs/amelia-barratt_florist.json
e63930dc-519c-4dac-9a39-4a1cf875748e,Amelia Barratt - Loose Talk,Amelia Barratt,Loose Talk,amelia-barratt,loose-talk,amelia-barratt,loose-talk,2025-03-13,https://storage.googleapis.com/music8-json-prod/data/songs/amelia-barratt_loose-talk.json
92f04c0f-2636-4c92-a93d-7e2ad720891c,Amelia Barratt - Star,Amelia Barratt,Star,amelia-barratt,star-3,amelia-barratt,star-3,2024-08-27,https://storage.googleapis.com/music8-json-prod/data/songs/amelia-barratt_star-3.json
281602b0-c047-4fef-8cee-c1a6034a7e91,Amelie Lens - One Mind,Amelie Lens,One Mind,amelie-lens,one-mind,amelie-lens,one-mind,2025-02-05,https://storage.googleapis.com/music8-json-prod/data/songs/amelie-lens_one-mind.json
240ec940-1514-4820-988c-6c71406cdd4d,Amia Brave - Peng Black Girls,Amia Brave,Peng Black Girls,amia-brave,peng-black-girls,amia-brave,peng-black-girls,2020-11-01,https://storage.googleapis.com/music8-json-prod/data/songs/amia-brave_peng-black-girls.json
11053f9f-bd1a-49ee-ad6b-5fc7ede4ca02,Aminé - Egyptian Luvr,Aminé,Egyptian Luvr,amine,egyptian-luvr,amine,egyptian-luvr,2018-01-16,https://storage.googleapis.com/music8-json-prod/data/songs/amine_egyptian-luvr.json
7a880f1f-535d-49d0-a920-1fa1bbf3c526,Amtrac - I'll Be Around,Amtrac,I'll Be Around,amtrac,ill-be-around,amtrac,ill-be-around,2023-01-19,https://storage.googleapis.com/music8-json-prod/data/songs/amtrac_ill-be-around.json
63c32eb8-c354-4234-9aed-a2b9bd134595,Amy Lee - End Of You,Amy Lee,End Of You,amy-lee,end-of-you,amy-lee,end-of-you,2025-09-04,https://storage.googleapis.com/music8-json-prod/data/songs/amy-lee_end-of-you.json
90680bd6-4b6c-4bdc-90a7-19a1ee3629ba,Amy Lee - Hand That Feeds,Amy Lee,Hand That Feeds,amy-lee,hand-that-feeds,amy-lee,hand-that-feeds,2025-05-08,https://storage.googleapis.com/music8-json-prod/data/songs/amy-lee_hand-that-feeds.json
2d4542ae-03c4-408d-8eb2-2228532888ab,Amy Millan - Hollowheart,Amy Millan,Hollowheart,amy-millan,hollowheart,amy-millan,hollowheart,2024-08-12,https://storage.googleapis.com/music8-json-prod/data/songs/amy-millan_hollowheart.json
4cc9fad1-9dce-447a-b1d0-8dae12a845bd,Amy Winehouse - Can't Play Myself,Amy Winehouse,Can't Play Myself,amy-winehouse,cant-play-myself,amy-winehouse,cant-play-myself,2023-10-14,https://storage.googleapis.com/music8-json-prod/data/songs/amy-winehouse_cant-play-myself.json
db433313-821a-4ab6-b9dd-704a2a755af6,Amyl and The Sniffers - You’re A Star,Amyl and The Sniffers,You’re A Star,amyl-and-the-sniffers,youre-a-star,amyl-and-the-sniffers,youre-a-star,2025-10-03,https://storage.googleapis.com/music8-json-prod/data/songs/amyl-and-the-sniffers_youre-a-star.json
158e3bc3-9031-46de-976d-24d48fff033c,Ana Matronic - Jetstream,Ana Matronic,Jetstream,ana-matronic,jetstream,ana-matronic,jetstream,2005-03-27,https://storage.googleapis.com/music8-json-prod/data/songs/ana-matronic_jetstream.json
ef35b7b5-4755-4830-8aed-e66900ea08d7,Anderson .Paak - 777,Anderson .Paak,777,anderson-paak,777,anderson-paak,777,2021-11-12,https://storage.googleapis.com/music8-json-prod/data/songs/anderson-paak_777.json
22294132-4109-4f2d-9bfa-8cc49b3ccaae,Anderson .Paak - Blast Off,Anderson .Paak,Blast Off,anderson-paak,blast-off-2,anderson-paak,blast-off-2,2021-11-11,https://storage.googleapis.com/music8-json-prod/data/songs/anderson-paak_blast-off-2.json
a0a68fdb-1f4b-49cf-80a4-0bc751c00d5e,Anderson .Paak - Coast,Anderson .Paak,Coast,anderson-paak,coast,anderson-paak,coast,2022-07-28,https://storage.googleapis.com/music8-json-prod/data/songs/anderson-paak_coast.json
6102ef18-5d42-4523-8320-9a89c103347d,Anderson .Paak - Dance,Anderson .Paak,Dance,anderson-paak,dance-2,anderson-paak,dance-2,2024-06-28,https://storage.googleapis.com/music8-json-prod/data/songs/anderson-paak_dance-2.json
025dd91b-c6cc-41ad-a91e-6eb5c7d82aef,Anderson .Paak - Dang!,Anderson .Paak,Dang!,anderson-paak,dang-2,anderson-paak,dang-2,2016-08-02,https://storage.googleapis.com/music8-json-prod/data/songs/anderson-paak_dang-2.json
c63bf156-89e7-4f3e-91c9-47e7696122f4,Anderson .Paak - Do 2 Me,Anderson .Paak,Do 2 Me,anderson-paak,do-2-me,anderson-paak,do-2-me,2024-06-06,https://storage.googleapis.com/music8-json-prod/data/songs/anderson-paak_do-2-me.json
26aef31c-805e-4951-bb44-6848c6a13d31,Anderson .Paak - Eta,Anderson .Paak,Eta,anderson-paak,eta,anderson-paak,eta,2022-02-03,https://storage.googleapis.com/music8-json-prod/data/songs/anderson-paak_eta.json
6b02a544-9708-4439-93a7-888cd1b5afd8,Anderson .Paak - Fly As Me,Anderson .Paak,Fly As Me,anderson-paak,fly-as-me,anderson-paak,fly-as-me,2021-11-11,https://storage.googleapis.com/music8-json-prod/data/songs/anderson-paak_fly-as-me.json
5ebf4f98-7668-42ed-a310-b04df0acefac,Anderson .Paak - Glowed Up,Anderson .Paak,Glowed Up,anderson-paak,glowed-up,anderson-paak,glowed-up,2016-04-07,https://storage.googleapis.com/music8-json-prod/data/songs/anderson-paak_glowed-up.json
157e9791-4b3e-42f1-8130-ab46ad0fd157,Anderson .Paak - Hello World,Anderson .Paak,Hello World,anderson-paak,hello-world,anderson-paak,hello-world,2024-07-24,https://storage.googleapis.com/music8-json-prod/data/songs/anderson-paak_hello-world.json
4e3b8dbd-c3bd-472b-b32c-bb15da908952,Anderson .Paak - Here With Me,Anderson .Paak,Here With Me,anderson-paak,here-with-me-2,anderson-paak,here-with-me-2,2022-02-09,https://storage.googleapis.com/music8-json-prod/data/songs/anderson-paak_here-with-me-2.json
cb370195-2965-4f28-a985-cbf383012e7a,Anderson .Paak - Leave The Door Open,Anderson .Paak,Leave The Door Open,anderson-paak,leave-the-door-open,anderson-paak,leave-the-door-open,2021-11-10,https://storage.googleapis.com/music8-json-prod/data/songs/anderson-paak_leave-the-door-open.json
688bdc7c-1129-451e-bf28-37d962825f4b,Anderson .Paak - Lock It Up,Anderson .Paak,Lock It Up,anderson-paak,lock-it-up,anderson-paak,lock-it-up,2020-01-27,https://storage.googleapis.com/music8-json-prod/data/songs/anderson-paak_lock-it-up.json
c8d2ca34-9aa1-4c44-85b2-27742fb38d87,Anderson .Paak - Medicine Man,Anderson .Paak,Medicine Man,anderson-paak,medicine-man,anderson-paak,medicine-man,2017-11-08,https://storage.googleapis.com/music8-json-prod/data/songs/anderson-paak_medicine-man.json
b2493771-c6d4-4bf6-88db-e66012109e79,Anderson .Paak - No Cap,Anderson .Paak,No Cap,anderson-paak,no-cap,anderson-paak,no-cap,2025-08-06,https://storage.googleapis.com/music8-json-prod/data/songs/anderson-paak_no-cap.json
90b5cf5f-d238-451f-a388-9385e0e58585,Anderson .Paak - Places To Be,Anderson .Paak,Places To Be,anderson-paak,places-to-be,anderson-paak,places-to-be,2024-05-31,https://storage.googleapis.com/music8-json-prod/data/songs/anderson-paak_places-to-be.json
462d2810-e772-4ca7-be0d-692b037c9c6b,Anderson .Paak - Play This Song,Anderson .Paak,Play This Song,anderson-paak,play-this-song,anderson-paak,play-this-song,2025-09-26,https://storage.googleapis.com/music8-json-prod/data/songs/anderson-paak_play-this-song.json
b375d9cb-511a-4973-a03a-d1274ffc972b,Anderson .Paak - Poetry In Motion,Anderson .Paak,Poetry In Motion,anderson-paak,poetry-in-motion-2,anderson-paak,poetry-in-motion-2,2024-03-22,https://storage.googleapis.com/music8-json-prod/data/songs/anderson-paak_poetry-in-motion-2.json
77412f35-8ea6-4c5d-bbdb-ad0654cb03f5,Anderson .Paak - Put On A Smile,Anderson .Paak,Put On A Smile,anderson-paak,put-on-a-smile,anderson-paak,put-on-a-smile,2021-11-11,https://storage.googleapis.com/music8-json-prod/data/songs/anderson-paak_put-on-a-smile.json
0acaa7c7-f06f-4ac9-91a0-5559a8a1c92b,Anderson .Paak - Rnp,Anderson .Paak,Rnp,anderson-paak,rnp,anderson-paak,rnp,2019-07-25,https://storage.googleapis.com/music8-json-prod/data/songs/anderson-paak_rnp.json
afcb357c-0925-4547-84ab-3b6bb5fe0f03,Anderson .Paak - Silk Sonic Intro,Anderson .Paak,Silk Sonic Intro,anderson-paak,silk-sonic-intro,anderson-paak,silk-sonic-intro,2021-03-04,https://storage.googleapis.com/music8-json-prod/data/songs/anderson-paak_silk-sonic-intro.json
983054ee-0c69-4137-aebe-2c14d60c5c72,Anderson .Paak - Skate,Anderson .Paak,Skate,anderson-paak,skate,anderson-paak,skate,2021-07-29,https://storage.googleapis.com/music8-json-prod/data/songs/anderson-paak_skate.json
63cd6e92-4c3f-4034-ba3a-eee1e4e99773,Anderson .Paak - Smokin Out The Window,Anderson .Paak,Smokin Out The Window,anderson-paak,smokin-out-the-window,anderson-paak,smokin-out-the-window,2021-11-04,https://storage.googleapis.com/music8-json-prod/data/songs/anderson-paak_smokin-out-the-window.json
0628fc58-2d24-4c99-92df-148a17e510ba,Anderson .Paak - Stare At Me,Anderson .Paak,Stare At Me,anderson-paak,stare-at-me,anderson-paak,stare-at-me,2025-06-26,https://storage.googleapis.com/music8-json-prod/data/songs/anderson-paak_stare-at-me.json
f42ac7a5-b94c-45bc-8319-f4541df83899,Anderson .Paak - Summer Drop,Anderson .Paak,Summer Drop,anderson-paak,summer-drop,anderson-paak,summer-drop,2024-08-28,https://storage.googleapis.com/music8-json-prod/data/songs/anderson-paak_summer-drop.json
eee642aa-6482-4542-8c28-b4c2eb997304,Anderson .Paak - The Scenic Route,Anderson .Paak,The Scenic Route,anderson-paak,the-scenic-route,anderson-paak,the-scenic-route,2022-02-03,https://storage.googleapis.com/music8-json-prod/data/songs/anderson-paak_the-scenic-route.json
d5966be5-773f-4d09-b23e-a16d86b8a2c1,Anderson .Paak - Then There Were Two,Anderson .Paak,Then There Were Two,anderson-paak,then-there-were-two,anderson-paak,then-there-were-two,2019-11-20,https://storage.googleapis.com/music8-json-prod/data/songs/anderson-paak_then-there-were-two.json
a5e46368-1d16-44c8-aa6f-7f85f9f60a47,Anderson .Paak - Twin Flame,Anderson .Paak,Twin Flame,anderson-paak,twin-flame-4,anderson-paak,twin-flame-4,2022-08-02,https://storage.googleapis.com/music8-json-prod/data/songs/anderson-paak_twin-flame-4.json
4a26b391-ff9b-4bd0-9386-a03482892465,Anderson .Paak - Two Tens,Anderson .Paak,Two Tens,anderson-paak,two-tens,anderson-paak,two-tens,2023-01-25,https://storage.googleapis.com/music8-json-prod/data/songs/anderson-paak_two-tens.json
37ba4fc4-405f-455e-811b-e7f02114f21a,Anderson .Paak - Yuuuu,Anderson .Paak,Yuuuu,anderson-paak,yuuuu,anderson-paak,yuuuu,2020-09-17,https://storage.googleapis.com/music8-json-prod/data/songs/anderson-paak_yuuuu.json
cdac1fa0-c533-4b31-8184-cb114e6b6209,Anderson Paak - Gangsta,Anderson Paak,Gangsta,asap-rocky,gangsta,asap-rocky,gangsta,2024-02-23,https://storage.googleapis.com/music8-json-prod/data/songs/asap-rocky_gangsta.json
31376fa9-f4cd-4c87-a1bd-095114080639,Anderson Paak - More,Anderson Paak,More,anderson-paak,more-3,anderson-paak,more-3,2019-05-11,https://storage.googleapis.com/music8-json-prod/data/songs/anderson-paak_more-3.json
8a591ee2-4055-40df-9ecb-69962e7b6863,Anderson Paak - On Sum,Anderson Paak,On Sum,anderson-paak,on-sum,anderson-paak,on-sum,2024-08-28,https://storage.googleapis.com/music8-json-prod/data/songs/anderson-paak_on-sum.json
31ebd5f7-e4e2-431e-bbc3-c4d4747d0af3,Anderson Paak - Realla,Anderson Paak,Realla,anderson-paak,realla,anderson-paak,realla,2014-09-23,https://storage.googleapis.com/music8-json-prod/data/songs/anderson-paak_realla.json
0b87b791-2eda-4544-8816-9ede53fbdbc2,Anderson Paak - Stainless,Anderson Paak,Stainless,anderson-paak,stainless,anderson-paak,stainless,2019-11-13,https://storage.googleapis.com/music8-json-prod/data/songs/anderson-paak_stainless.json
3658cea0-c8b7-4d8c-ae11-a00cf9b8e688,Anderson Paak - Too Bad,Anderson Paak,Too Bad,anderson-paak,too-bad,anderson-paak,too-bad,2025-03-02,https://storage.googleapis.com/music8-json-prod/data/songs/anderson-paak_too-bad.json
91604e16-d48b-4d47-ba42-f00b6391748d,Anderson Paak - Too Fast,Anderson Paak,Too Fast,anderson-paak,too-fast,anderson-paak,too-fast,2023-07-20,https://storage.googleapis.com/music8-json-prod/data/songs/anderson-paak_too-fast.json
ea075011-f40c-46f7-a1bf-4a807a349616,Andra Day - Lean On My Love,Andra Day,Lean On My Love,andra-day,lean-on-my-love,andra-day,lean-on-my-love,2025-08-21,https://storage.googleapis.com/music8-json-prod/data/songs/andra-day_lean-on-my-love.json
4fcd3cd0-4616-467f-873f-137136adf3cc,ANDRÉ TROUTMAN - All The Love,ANDRÉ TROUTMAN,All The Love,andre-troutman,all-the-love-2,andre-troutman,all-the-love-2,2026-03-27,https://storage.googleapis.com/music8-json-prod/data/songs/andre-troutman_all-the-love-2.json
5e6f2453-b546-4fa8-8e8e-3e43c347547e,Andrea Botez - Kick It,Andrea Botez,Kick It,andrea-botez,kick-it-andrea-botez-remix,andrea-botez,kick-it-andrea-botez-remix,2025-01-24,https://storage.googleapis.com/music8-json-prod/data/songs/andrea-botez_kick-it-andrea-botez-remix.json
5805525f-e810-4ba5-8abf-81541d13030b,Andrew McMahon in the Wilderness - Happy,Andrew McMahon in the Wilderness,Happy,andrew-mcmahon,happy-3,andrew-mcmahon,happy-3,2024-08-01,https://storage.googleapis.com/music8-json-prod/data/songs/andrew-mcmahon_happy-3.json
13affd70-7c9f-46fc-9df7-21f8bec930ba,Andromedik - Out Of Body,Andromedik,Out Of Body,andromedik,out-of-body,andromedik,out-of-body,2025-03-13,https://storage.googleapis.com/music8-json-prod/data/songs/andromedik_out-of-body.json
b5c470cc-a08d-42c2-b9eb-158a525fe811,Andy Grammer - The Thing I Love,Andy Grammer,The Thing I Love,andy-grammer,the-thing-i-love,andy-grammer,the-thing-i-love,2025-11-13,https://storage.googleapis.com/music8-json-prod/data/songs/andy-grammer_the-thing-i-love.json
9ff993c4-708f-4f03-8aee-f76cedf57276,Anfisa Letyago - You &#038; Me,Anfisa Letyago,You &#038; Me,anfisa-letyago,you-me-2,anfisa-letyago,you-me-2,2024-02-22,https://storage.googleapis.com/music8-json-prod/data/songs/anfisa-letyago_you-me-2.json
c17623a9-60fd-4a59-957d-e405bd6bcf59,Angèle - Fever,Angèle,Fever,angele,fever-3,angele,fever-3,2020-11-05,https://storage.googleapis.com/music8-json-prod/data/songs/angele_fever-3.json
e274993b-48cd-4a1b-938a-0a6029ac908e,Angèle - Nightcall,Angèle,Nightcall,angele,nightcall,angele,nightcall,2024-09-19,https://storage.googleapis.com/music8-json-prod/data/songs/angele_nightcall.json
ae02e249-91e5-45b3-bb69-1ce440678911,Angele - Sunflower,Angele,Sunflower,angele,sunflower-2,angele,sunflower-2,2023-02-22,https://storage.googleapis.com/music8-json-prod/data/songs/angele_sunflower-2.json
f4b7a7f5-fbe6-4ffa-8b75-4d5f57272fc3,Angèle - What You Want,Angèle,What You Want,angele-2,what-you-want-2,angele-2,what-you-want-2,2003-03-25,https://storage.googleapis.com/music8-json-prod/data/songs/angele-2_what-you-want-2.json
f58ac570-e8ca-4e3b-b950-a4a778b9fcf0,Angie Stone - U Make My Sun Shine,Angie Stone,U Make My Sun Shine,angie-stone,u-make-my-sun-shine,angie-stone,u-make-my-sun-shine,2018-08-16,https://storage.googleapis.com/music8-json-prod/data/songs/angie-stone_u-make-my-sun-shine.json
16d4c47d-e73d-41db-90fc-c928117ccdd0,Anh Phan - Pho Real,Anh Phan,Pho Real,anh-phan,pho-real,anh-phan,pho-real,2024-02-27,https://storage.googleapis.com/music8-json-prod/data/songs/anh-phan_pho-real.json
80bc0b7f-de71-4f4a-be80-26dbe3794c82,Anita B Queen - La Noche,Anita B Queen,La Noche,anita-b-queen,la-noche,anita-b-queen,la-noche,2025-10-02,https://storage.googleapis.com/music8-json-prod/data/songs/anita-b-queen_la-noche.json
67c71f41-4271-4f84-a013-7448a33c1d03,Anitta - Get Up Bitch Shake Ya Ass,Anitta,Get Up Bitch Shake Ya Ass,anitta,get-up-bitch-shake-ya-ass,anitta,get-up-bitch-shake-ya-ass,2024-08-29,https://storage.googleapis.com/music8-json-prod/data/songs/anitta_get-up-bitch-shake-ya-ass.json
d3603914-6b93-4377-be3b-d341e973095a,Anitta - Mi Amor,Anitta,Mi Amor,anitta,mi-amor-2,anitta,mi-amor-2,2024-06-14,https://storage.googleapis.com/music8-json-prod/data/songs/anitta_mi-amor-2.json
3f6aa0d9-975a-46bd-9b35-acd272557842,Anitta - Paradise,Anitta,Paradise,anitta,paradise-7,anitta,paradise-7,2024-09-11,https://storage.googleapis.com/music8-json-prod/data/songs/anitta_paradise-7.json
43df0db5-e842-4e76-a486-838e6ef7396d,Anjulie - Fly Away,Anjulie,Fly Away,anjulie,fly-away-3,anjulie,fly-away-3,2017-06-01,https://storage.googleapis.com/music8-json-prod/data/songs/anjulie_fly-away-3.json
f222ddc0-debc-4e72-8796-e3bf366e0786,Ankhoï - Closer To The Floor,Ankhoï,Closer To The Floor,ankhoi,closer-to-the-floor,ankhoi,closer-to-the-floor,2025-04-17,https://storage.googleapis.com/music8-json-prod/data/songs/ankhoi_closer-to-the-floor.json
6d81c315-5932-4cbb-b0d8-36b7c7138796,ANKOR - T - Rex,ANKOR,T - Rex,ankor,t-rex,ankor,t-rex,2026-02-13,https://storage.googleapis.com/music8-json-prod/data/songs/ankor_t-rex.json
ed4595c4-c856-44a2-8fd7-ac5e0e3a7417,Ann Wilson - Don't Tell Me,Ann Wilson,Don't Tell Me,ann-wilson,dont-tell-me-5,ann-wilson,dont-tell-me-5,2023-11-17,https://storage.googleapis.com/music8-json-prod/data/songs/ann-wilson_dont-tell-me-5.json
23aedbe4-52c4-40b7-bae9-62dfd2a554c8,Anna Lotterud - Charlie Brown,Anna Lotterud,Charlie Brown,anna-lotterud,charlie-brown,anna-lotterud,charlie-brown,2018-06-04,https://storage.googleapis.com/music8-json-prod/data/songs/anna-lotterud_charlie-brown.json
501c547d-e3e2-4375-a07e-ada74e534900,Anna Sofia - Helium,Anna Sofia,Helium,anna-sofia,helium,anna-sofia,helium,2025-08-14,https://storage.googleapis.com/music8-json-prod/data/songs/anna-sofia_helium.json
bf27c4ab-d40c-42e9-93fa-a1e12b91b763,Anna Timofei - Sarabande,Anna Timofei,Sarabande,anna-timofei,sarabande,anna-timofei,sarabande,2024-10-04,https://storage.googleapis.com/music8-json-prod/data/songs/anna-timofei_sarabande.json
f513327d-e4e9-4ed7-91d4-068500a8312d,Annabel - House In The Streetlight,Annabel,House In The Streetlight,annabel,house-in-the-streetlight,annabel,house-in-the-streetlight,2023-11-17,https://storage.googleapis.com/music8-json-prod/data/songs/annabel_house-in-the-streetlight.json
dc766c80-b000-4dda-ace5-55007003aa73,Annalisa - Storie Brevi,Annalisa,Storie Brevi,annalisa,storie-brevi,annalisa,storie-brevi,2024-06-04,https://storage.googleapis.com/music8-json-prod/data/songs/annalisa_storie-brevi.json
4645734c-b061-42d4-8af2-36357f3402df,Anne Gudrun - Love Is A Drug,Anne Gudrun,Love Is A Drug,anne-gudrun,love-is-a-drug,anne-gudrun,love-is-a-drug,2023-09-07,https://storage.googleapis.com/music8-json-prod/data/songs/anne-gudrun_love-is-a-drug.json
1d944bfe-5a49-4292-82f5-738bb0ef041d,Anne Marie - Coming Your Way,Anne Marie,Coming Your Way,anne-marie,coming-your-way,anne-marie,coming-your-way,2023-08-17,https://storage.googleapis.com/music8-json-prod/data/songs/anne-marie_coming-your-way.json
947f5d44-2e0c-4331-a510-21a3e8f64466,Anne-marie - Baby Don’t Hurt Me,Anne-marie,Baby Don’t Hurt Me,anne-marie,baby-dont-hurt-me,anne-marie,baby-dont-hurt-me,2023-05-04,https://storage.googleapis.com/music8-json-prod/data/songs/anne-marie_baby-dont-hurt-me.json
dae9e6c9-08bf-4f50-ad7b-266339f5bfe6,Anne-marie - Cry Baby,Anne-marie,Cry Baby,anne-marie,clean-bandit-anne-marie-david-guetta-cry-baby,anne-marie,clean-bandit-anne-marie-david-guetta-cry-baby,2024-08-09,https://storage.googleapis.com/music8-json-prod/data/songs/anne-marie_clean-bandit-anne-marie-david-guetta-cry-baby.json
e5cbb767-f92b-4908-a75c-7fd7a36499bc,Anne-marie - I Just Called,Anne-marie,I Just Called,anne-marie,i-just-called,anne-marie,i-just-called,2022-06-23,https://storage.googleapis.com/music8-json-prod/data/songs/anne-marie_i-just-called.json
e641351d-9c01-4589-9820-875e8c4c992a,Anne-marie - Rockabye,Anne-marie,Rockabye,anne-marie,rockabye,anne-marie,rockabye,2016-10-20,https://storage.googleapis.com/music8-json-prod/data/songs/anne-marie_rockabye.json
463af14a-f0fb-4608-a3fb-13c23f8ce257,Anne-marie - Should've Known Better,Anne-marie,Should've Known Better,anne-marie,shouldve-known-better,anne-marie,shouldve-known-better,2018-11-30,https://storage.googleapis.com/music8-json-prod/data/songs/anne-marie_shouldve-known-better.json
8ba17bbc-3461-4ec5-968a-370a15994b35,Annie The Caldwells - Wrong,Annie The Caldwells,Wrong,annie-the-caldwells,wrong-3,annie-the-caldwells,wrong-3,2025-01-14,https://storage.googleapis.com/music8-json-prod/data/songs/annie-the-caldwells_wrong-3.json
3394853c-9dd2-4560-a379-90d90c6e3719,ANNISOKAY - H.a.t.e.,ANNISOKAY,H.a.t.e.,annisokay,h-a-t-e,annisokay,h-a-t-e,2023-11-30,https://storage.googleapis.com/music8-json-prod/data/songs/annisokay_h-a-t-e.json
8ac4a32f-71f4-4454-92db-bc5497fbdea7,Another Life - Breathe In,Another Life,Breathe In,another-life,breathe-in,another-life,breathe-in,2023-06-15,https://storage.googleapis.com/music8-json-prod/data/songs/another-life_breathe-in.json
b5cade69-31a4-459d-8032-15b3af597ccd,Another Life - In Your Arms,Another Life,In Your Arms,another-life,in-your-arms,another-life,in-your-arms,2024-01-26,https://storage.googleapis.com/music8-json-prod/data/songs/another-life_in-your-arms.json
c4bcff5f-11d5-4c04-84af-dc274a4c1487,Anoushka Shankar - Orange County,Anoushka Shankar,Orange County,anoushka-shankar,orange-county,anoushka-shankar,orange-county,2026-01-23,https://storage.googleapis.com/music8-json-prod/data/songs/anoushka-shankar_orange-county.json
a7930a13-c6f2-4e35-bdb9-cbd7c5059b32,ANY GIVEN DAY - Adrenaline,ANY GIVEN DAY,Adrenaline,any-given-day,adrenaline-2,any-given-day,adrenaline-2,2024-09-11,https://storage.googleapis.com/music8-json-prod/data/songs/any-given-day_adrenaline-2.json
81182d89-cd2f-4465-8cd6-9fff3b9f6755,Apashe - Rome Is Burning,Apashe,Rome Is Burning,apashe,rome-is-burning,apashe,rome-is-burning,2025-10-08,https://storage.googleapis.com/music8-json-prod/data/songs/apashe_rome-is-burning.json
13bdfce4-9953-4c80-babe-efda9172f4fe,Apollonia - Take Me With U,Apollonia,Take Me With U,apollonia,take-me-with-u,apollonia,take-me-with-u,1984-06-24,https://storage.googleapis.com/music8-json-prod/data/songs/apollonia_take-me-with-u.json
5e78a8c2-c982-4868-8a51-84a8c5253fda,"Apple Music - Estelle: “American Boy""",Apple Music,"Estelle: “American Boy""",,,apple-music,estelle-american-boy,,https://storage.googleapis.com/music8-json-prod/data/songs/apple-music_estelle-american-boy.json
c5a3987b-e7ee-4690-8420-33ac0a360a10,"Apple Music - Givēon: ""Heartbreak Anniversary"" Live",Apple Music,"Givēon: ""Heartbreak Anniversary"" Live",,,apple-music,givon-heartbreak-anniversary-live,,https://storage.googleapis.com/music8-json-prod/data/songs/apple-music_givon-heartbreak-anniversary-live.json
58ee6120-5f03-4047-b87b-d6992a2eed95,Aqua - Barbie World,Aqua,Barbie World,aqua,49861,aqua,49861,2023-06-22,https://storage.googleapis.com/music8-json-prod/data/songs/aqua_49861.json
3df5968b-1711-46c7-a71c-b145aa4080fb,AR/CO - Higher Power,AR/CO,Higher Power,ar-co,higher-power,ar-co,higher-power,2025-07-24,https://storage.googleapis.com/music8-json-prod/data/songs/ar-co_higher-power.json
7ca08922-bf72-44e1-acc2-f223133ddf1b,AR/CO - The Feeling,AR/CO,The Feeling,ar-co,the-feeling-4,ar-co,the-feeling-4,2024-10-24,https://storage.googleapis.com/music8-json-prod/data/songs/ar-co_the-feeling-4.json
6c6709fb-7c1a-4d29-8b15-f4ee72a7d5a6,AR/CO - Vibration Ft. Arco,AR/CO,Vibration Ft. Arco,ar-co,vibration-ft-arco,ar-co,vibration-ft-arco,2023-02-25,https://storage.googleapis.com/music8-json-prod/data/songs/ar-co_vibration-ft-arco.json
da699b8a-a710-47ab-8e2d-8e2f218b57d3,Arash - I Adore You,Arash,I Adore You,arash,i-adore-you,arash,i-adore-you,2024-07-18,https://storage.googleapis.com/music8-json-prod/data/songs/arash_i-adore-you.json
11e21e60-a46e-44c3-b0c8-2d2c80d33fa7,Arashi - Five,Arashi,Five,,,arashi,five,,https://storage.googleapis.com/music8-json-prod/data/songs/arashi_five.json
debea619-0a66-471a-ad7b-3582ea2be897,Arden Jones - Can't Change For You,Arden Jones,Can't Change For You,arden-jones,cant-change-for-you,arden-jones,cant-change-for-you,2023-01-20,https://storage.googleapis.com/music8-json-prod/data/songs/arden-jones_cant-change-for-you.json
01455452-e619-43a7-800f-670b772e726a,Are We Dreaming - If I Fall,Are We Dreaming,If I Fall,are-we-dreaming,if-i-fall,are-we-dreaming,if-i-fall,2024-09-16,https://storage.googleapis.com/music8-json-prod/data/songs/are-we-dreaming_if-i-fall.json
44502c5e-2f9b-4787-8f13-9e96a2075f01,Aretha Franklin - I Knew You Were Waiting,Aretha Franklin,I Knew You Were Waiting,aretha-franklin,i-knew-you-were-waiting-for-me,aretha-franklin,i-knew-you-were-waiting-for-me,1998-11-08,https://storage.googleapis.com/music8-json-prod/data/songs/aretha-franklin_i-knew-you-were-waiting-for-me.json
fc7f318a-84b7-4472-869a-3d3e774ba307,Aretha Franklin - Sisters Are Doin' It For Themselves,Aretha Franklin,Sisters Are Doin' It For Themselves,aretha-franklin,sisters-are-doin-it-for-themselves,aretha-franklin,sisters-are-doin-it-for-themselves,1985-04-28,https://storage.googleapis.com/music8-json-prod/data/songs/aretha-franklin_sisters-are-doin-it-for-themselves.json
d3a69faf-6ba6-4844-bf13-4f262fbb6542,Ari Abdul - Red Velvet,Ari Abdul,Red Velvet,ari-abdul,red-velvet,ari-abdul,red-velvet,2025-01-23,https://storage.googleapis.com/music8-json-prod/data/songs/ari-abdul_red-velvet.json
dce58212-b240-4b41-9416-33a35dadc149,Ari Lennox - Just Like That,Ari Lennox,Just Like That,ari-lennox,just-like-that,ari-lennox,just-like-that,2024-11-18,https://storage.googleapis.com/music8-json-prod/data/songs/ari-lennox_just-like-that.json
eba2c9b5-c55a-4dbb-904e-96d317d0dfee,Ari Lennox - Stay Awhile,Ari Lennox,Stay Awhile,ari-lennox,stay-awhile,ari-lennox,stay-awhile,2024-04-26,https://storage.googleapis.com/music8-json-prod/data/songs/ari-lennox_stay-awhile.json
cbc0c753-67b1-4e28-9279-014c5a7aadbd,Ariana Grande - Closer,Ariana Grande,Closer,ariana-grande,closer-6,ariana-grande,closer-6,2022-03-14,https://storage.googleapis.com/music8-json-prod/data/songs/ariana-grande_closer-6.json
eb7f1788-a00a-43c4-91c4-110efa42f560,Ariana Grande - Defying Gravity,Ariana Grande,Defying Gravity,ariana-grande,defying-gravity,ariana-grande,defying-gravity,2024-12-04,https://storage.googleapis.com/music8-json-prod/data/songs/ariana-grande_defying-gravity.json
16147c71-095c-44f6-a30b-401a9d6461d1,Ariana Grande - Die For You,Ariana Grande,Die For You,ariana-grande,die-for-you,ariana-grande,die-for-you,2023-02-23,https://storage.googleapis.com/music8-json-prod/data/songs/ariana-grande_die-for-you.json
a9975dc1-e561-4048-b0b8-ee13014f264b,Ariana Grande - Hotel Rock Bottom,Ariana Grande,Hotel Rock Bottom,ariana-grande,hotel-rock-bottom,ariana-grande,hotel-rock-bottom,2025-07-10,https://storage.googleapis.com/music8-json-prod/data/songs/ariana-grande_hotel-rock-bottom.json
01f97e0f-82a3-4dd2-b20a-694a86ff3a78,Ariana Grande - Met Him Last Night,Ariana Grande,Met Him Last Night,ariana-grande,met-him-last-night,ariana-grande,met-him-last-night,2021-04-01,https://storage.googleapis.com/music8-json-prod/data/songs/ariana-grande_met-him-last-night.json
336bcc82-0754-4cba-9bac-6af89cd2a1dc,"Ariana Grande - One Heart, One Voice",Ariana Grande,"One Heart, One Voice",ariana-grande,one-heart-one-voice,ariana-grande,one-heart-one-voice,2025-06-26,https://storage.googleapis.com/music8-json-prod/data/songs/ariana-grande_one-heart-one-voice.json
bc8d5304-3475-490c-9102-3e209447e28e,Ariana Grande - Rain On Me,Ariana Grande,Rain On Me,ariana-grande,rain-on-me,ariana-grande,rain-on-me,2020-05-28,https://storage.googleapis.com/music8-json-prod/data/songs/ariana-grande_rain-on-me.json
1ddd6c29-25e3-4dfd-91a2-1377ce5dd4c5,Arijit Singh - Angels For Each Other,Arijit Singh,Angels For Each Other,arijit-singh,angels-for-each-other,arijit-singh,angels-for-each-other,2025-03-11,https://storage.googleapis.com/music8-json-prod/data/songs/arijit-singh_angels-for-each-other.json
05290df0-6b3d-49da-a4f0-c9a74ebfc00d,Arijit Singh - Weightless,Arijit Singh,Weightless,arijit-singh,weightless-4,arijit-singh,weightless-4,2025-04-11,https://storage.googleapis.com/music8-json-prod/data/songs/arijit-singh_weightless-4.json
10a2d77b-8c93-4a19-a056-5b62b7ad3bc8,Arion Salazar - Bonfire,Arion Salazar,Bonfire,arion-salazar,bonfire,arion-salazar,bonfire,2009-08-17,https://storage.googleapis.com/music8-json-prod/data/songs/arion-salazar_bonfire.json
46c09bb6-f91e-4123-8229-f802338beb3d,Arlo Parks - Sangria Ft. Arlo Parks,Arlo Parks,Sangria Ft. Arlo Parks,arlo-parks,sangria-ft-arlo-parks,arlo-parks,sangria-ft-arlo-parks,2019-11-06,https://storage.googleapis.com/music8-json-prod/data/songs/arlo-parks_sangria-ft-arlo-parks.json
cc6eff0f-c3ef-4262-b1dc-330c63f4cf71,Armani White - Million Cash,Armani White,Million Cash,armani-white,million-cash,armani-white,million-cash,2023-12-29,https://storage.googleapis.com/music8-json-prod/data/songs/armani-white_million-cash.json
f121eb24-a659-4266-9bb1-ef92689edfc0,Armin van Buuren - Freedom,Armin van Buuren,Freedom,armin-van-buuren,freedom-8,armin-van-buuren,freedom-8,2024-11-11,https://storage.googleapis.com/music8-json-prod/data/songs/armin-van-buuren_freedom-8.json
2b6ba1fe-b53f-49cf-9550-573296c8eeda,Armin van Buuren - Music Means Love Forever,Armin van Buuren,Music Means Love Forever,armin-van-buuren,music-means-love-forever,armin-van-buuren,music-means-love-forever,2021-09-16,https://storage.googleapis.com/music8-json-prod/data/songs/armin-van-buuren_music-means-love-forever.json
ef88a45c-274d-4082-a458-b2293454d34c,Armin van Buuren - Offshore,Armin van Buuren,Offshore,armin-van-buuren,offshore,armin-van-buuren,offshore,2022-07-28,https://storage.googleapis.com/music8-json-prod/data/songs/armin-van-buuren_offshore.json
5d7b42e0-2a14-47da-9e04-f3c47ae59f85,Armin van Buuren - Sound Of You,Armin van Buuren,Sound Of You,armin-van-buuren,sound-of-you,armin-van-buuren,sound-of-you,2025-04-11,https://storage.googleapis.com/music8-json-prod/data/songs/armin-van-buuren_sound-of-you.json
2bcd16c2-3641-4f4a-8525-96428cadcc3e,Armin van Buuren - Take Off,Armin van Buuren,Take Off,armin-van-buuren,take-off,armin-van-buuren,take-off,2024-02-09,https://storage.googleapis.com/music8-json-prod/data/songs/armin-van-buuren_take-off.json
1906c21e-d710-4e4e-b37d-e212add93c85,Arnold Schwarzenegger - I'll Be Back,Arnold Schwarzenegger,I'll Be Back,arnold-schwarzenegger,ill-be-back,arnold-schwarzenegger,ill-be-back,2025-05-30,https://storage.googleapis.com/music8-json-prod/data/songs/arnold-schwarzenegger_ill-be-back.json
e3e40256-1fa9-4500-8166-ad9946a531e5,Arrows in Action - High,Arrows in Action,High,arrows-in-action,high-5,arrows-in-action,high-5,2026-01-29,https://storage.googleapis.com/music8-json-prod/data/songs/arrows-in-action_high-5.json
0a74617d-fa3d-4d15-9646-b8d615d969dc,Art Of Noise - Moments In Love Hd,Art Of Noise,Moments In Love Hd,,,art-of-noise,moments-in-love-hd,,https://storage.googleapis.com/music8-json-prod/data/songs/art-of-noise_moments-in-love-hd.json
0c7aaab6-2af0-47a8-9680-8801f609b420,ARTBAT - We Are The People,ARTBAT,We Are The People,artbat,we-are-the-people-2,artbat,we-are-the-people-2,2024-12-06,https://storage.googleapis.com/music8-json-prod/data/songs/artbat_we-are-the-people-2.json
757d09c7-36b1-411f-af74-062228cd55c2,Artemas - Mustang Baby,Artemas,Mustang Baby,artemas,mustang-baby-%e2%98%86,artemas,mustang-baby-%e2%98%86,2024-11-14,https://storage.googleapis.com/music8-json-prod/data/songs/artemas_mustang-baby-%e2%98%86.json
4da674ba-9bc0-4a15-810e-c5a709a32875,Arthur Baker - Sacrifice,Arthur Baker,Sacrifice,arthur-baker,sacrifice-arthur-baker-12-mix,arthur-baker,sacrifice-arthur-baker-12-mix,2011-11-11,https://storage.googleapis.com/music8-json-prod/data/songs/arthur-baker_sacrifice-arthur-baker-12-mix.json
d2e15ba6-9a75-4843-8369-da297536954a,Arthur Baker - What In The Name Of Love,Arthur Baker,What In The Name Of Love,arthur-baker,what-in-the-name-of-love-arthur-baker-12-mix,arthur-baker,what-in-the-name-of-love-arthur-baker-12-mix,2011-11-11,https://storage.googleapis.com/music8-json-prod/data/songs/arthur-baker_what-in-the-name-of-love-arthur-baker-12-mix.json
74d87aa8-b06b-4d3a-a2a0-2a71ebf0613a,As Everything Unfolds - The Echoes Of Disparity,As Everything Unfolds,The Echoes Of Disparity,as-everything-unfolds,the-echoes-of-disparity,as-everything-unfolds,the-echoes-of-disparity,2024-05-16,https://storage.googleapis.com/music8-json-prod/data/songs/as-everything-unfolds_the-echoes-of-disparity.json
cf1a84ea-72a0-4472-85e3-9211979f40e7,Asake - Get It Right,Asake,Get It Right,asake,get-it-right,asake,get-it-right,2024-06-06,https://storage.googleapis.com/music8-json-prod/data/songs/asake_get-it-right.json
cde6390d-59bf-4940-a434-aa5dee32506b,Asake - Turbulence,Asake,Turbulence,asake,turbulence,asake,turbulence,2026-01-22,https://storage.googleapis.com/music8-json-prod/data/songs/asake_turbulence.json
d71d2f1d-83b4-4567-8967-84b43631078e,Ásdís - Beat Of Your Heart,Ásdís,Beat Of Your Heart,asdis,beat-of-your-heart,asdis,beat-of-your-heart,2024-01-25,https://storage.googleapis.com/music8-json-prod/data/songs/asdis_beat-of-your-heart.json
c14f86e9-b539-4675-ad32-b97a7e2dec11,Ásdís - Gravity,Ásdís,Gravity,asdis,gravity-2,asdis,gravity-2,2023-02-03,https://storage.googleapis.com/music8-json-prod/data/songs/asdis_gravity-2.json
d166b38c-899b-444c-9805-b712d5e1cb8e,Asenssia - To Decide,Asenssia,To Decide,asenssia,to-decide,asenssia,to-decide,2022-02-17,https://storage.googleapis.com/music8-json-prod/data/songs/asenssia_to-decide.json
d6581401-7273-4e01-abcd-cf888a017b4f,Ashanti - Always On Time,Ashanti,Always On Time,ashanti,always-on-time,ashanti,always-on-time,2003-01-01,https://storage.googleapis.com/music8-json-prod/data/songs/ashanti_always-on-time.json
67c8f218-ab0c-4af4-84fc-bba42a8e380c,Ashe - Missing You,Ashe,Missing You,ashe,missing-you-3,ashe,missing-you-3,2022-11-03,https://storage.googleapis.com/music8-json-prod/data/songs/ashe_missing-you-3.json
3f12be70-4efa-45e8-9c80-900cd5ec085d,Ashe - The Little Mess You Made,Ashe,The Little Mess You Made,ashe,the-little-mess-you-made,ashe,the-little-mess-you-made,2025-06-05,https://storage.googleapis.com/music8-json-prod/data/songs/ashe_the-little-mess-you-made.json
c9ae7c5d-dbd1-4825-9c60-c921406348ec,Ashley Sienna - Dollface,Ashley Sienna,Dollface,ashley-sienna,dollface,ashley-sienna,dollface,2024-03-30,https://storage.googleapis.com/music8-json-prod/data/songs/ashley-sienna_dollface.json
06d44fad-bfcc-44b2-a852-1d71b62c8d23,Ashley Sienna - Obsessed,Ashley Sienna,Obsessed,ashley-sienna,obsessed-2,ashley-sienna,obsessed-2,2024-03-01,https://storage.googleapis.com/music8-json-prod/data/songs/ashley-sienna_obsessed-2.json
afecfa09-1916-470e-9560-0df3a819ba2a,Asphodells - Before Your Eyes,Asphodells,Before Your Eyes,asphodells,before-your-eyes,asphodells,before-your-eyes,2014-04-10,https://storage.googleapis.com/music8-json-prod/data/songs/asphodells_before-your-eyes.json
9f6e4566-d9c7-4e56-bf60-5869ee9b1f3a,Astrix - Pistolero,Astrix,Pistolero,astrix,pistolero-astrix-remix,astrix,pistolero-astrix-remix,2024-01-25,https://storage.googleapis.com/music8-json-prod/data/songs/astrix_pistolero-astrix-remix.json
76168140-4477-44c5-9b9f-8fc82daf2a71,Atarashii Gakko! - '나란히 나란히 Narani Narani',Atarashii Gakko!,'나란히 나란히 Narani Narani',atarashii-gakko,%eb%82%98%eb%9e%80%ed%9e%88-%eb%82%98%eb%9e%80%ed%9e%88-narani-narani,atarashii-gakko,%eb%82%98%eb%9e%80%ed%9e%88-%eb%82%98%eb%9e%80%ed%9e%88-narani-narani,2025-06-20,https://storage.googleapis.com/music8-json-prod/data/songs/atarashii-gakko_%eb%82%98%eb%9e%80%ed%9e%88-%eb%82%98%eb%9e%80%ed%9e%88-narani-narani.json
c8f6cb7d-8ff3-4890-b35e-0397bbb47a20,Atarashii Gakko! - Some Type Of Skin,Atarashii Gakko!,Some Type Of Skin,atarashii-gakko,some-type-of-skin-2,atarashii-gakko,some-type-of-skin-2,2025-02-13,https://storage.googleapis.com/music8-json-prod/data/songs/atarashii-gakko_some-type-of-skin-2.json
64821c6a-ad26-4392-9b55-1eaad02574b1,Atlus - Take Me Home,Atlus,Take Me Home,atlus,take-me-home-save-our-kids,atlus,take-me-home-save-our-kids,2024-11-15,https://storage.googleapis.com/music8-json-prod/data/songs/atlus_take-me-home-save-our-kids.json
4e200cb7-c361-4a3d-b677-6fe9c02334b8,ATSMXN - Winter Memories,ATSMXN,Winter Memories,atsmxn,winter-memories,atsmxn,winter-memories,2024-01-16,https://storage.googleapis.com/music8-json-prod/data/songs/atsmxn_winter-memories.json
18a6c25f-68fe-4cdd-a26c-81de45d270f0,AUDREY NUNA - Golden,AUDREY NUNA,Golden,audrey-nuna,golden-4,audrey-nuna,golden-4,2025-07-02,https://storage.googleapis.com/music8-json-prod/data/songs/audrey-nuna_golden-4.json
b118da28-50a8-4d58-ae80-f2d36ccc7ce0,Aukoustics - Losing My Religion,Aukoustics,Losing My Religion,aukoustics,steve-aoki-losing-my-religion,aukoustics,steve-aoki-losing-my-religion,2021-06-17,https://storage.googleapis.com/music8-json-prod/data/songs/aukoustics_steve-aoki-losing-my-religion.json
03203886-f681-472f-9ff7-007bbf2e4c6b,AURORA - Butterflies |,AURORA,Butterflies |,aurora,butterflies-3,aurora,butterflies-3,2023-02-16,https://storage.googleapis.com/music8-json-prod/data/songs/aurora_butterflies-3.json
8bcb9959-5e2e-4378-84bc-c9f8521e5d34,AURORA - Limousine,AURORA,Limousine,aurora,limousine,aurora,limousine,2024-05-23,https://storage.googleapis.com/music8-json-prod/data/songs/aurora_limousine.json
4a6db3f2-dbb1-4de4-a8f8-2986177e77c5,Autoerotique - Ilysm,Autoerotique,Ilysm,autoerotique,ilysm,autoerotique,ilysm,2016-07-07,https://storage.googleapis.com/music8-json-prod/data/songs/autoerotique_ilysm.json
faeb9f52-73eb-40e0-8d65-367fcfb44a8b,Ava Max - Sad Boy,Ava Max,Sad Boy,ava-max,sad-boy,ava-max,sad-boy,2021-09-09,https://storage.googleapis.com/music8-json-prod/data/songs/ava-max_sad-boy.json
990d85a6-1dc6-493f-b75b-2dd019e98061,Ava Max - Tear Me Down,Ava Max,Tear Me Down,ava-max,tear-me-down,ava-max,tear-me-down,2025-07-18,https://storage.googleapis.com/music8-json-prod/data/songs/ava-max_tear-me-down.json
3d9f55fc-616b-4ca1-af1f-ed2b7be617f7,Ava Max - Whatever,Ava Max,Whatever,ava-max,whatever-2,ava-max,whatever-2,2024-01-19,https://storage.googleapis.com/music8-json-prod/data/songs/ava-max_whatever-2.json
e179ab3b-bc4d-456e-a204-c82c15311295,AVAION - Save My Love,AVAION,Save My Love,avaion,save-my-love,avaion,save-my-love,2025-06-05,https://storage.googleapis.com/music8-json-prod/data/songs/avaion_save-my-love.json
68199696-1fac-4620-9e8d-97c781939d6f,Avalon - Log Off,Avalon,Log Off,,,avalon,log-off,,https://storage.googleapis.com/music8-json-prod/data/songs/avalon_log-off.json
201dc6b3-1c45-4dbf-a2b3-eae4b40b9b32,Avelino - Daily Duppy,Avelino,Daily Duppy,avelino,daily-duppy,avelino,daily-duppy,2025-11-23,https://storage.googleapis.com/music8-json-prod/data/songs/avelino_daily-duppy.json
ce7a3ad5-5455-47ac-8c2c-593b19e3fbce,"Avelino - More Fire, More Flamez",Avelino,"More Fire, More Flamez",avelino,more-fire-more-flamez,avelino,more-fire-more-flamez,2025-12-09,https://storage.googleapis.com/music8-json-prod/data/songs/avelino_more-fire-more-flamez.json
fc0f6e57-cf9c-406d-a8b9-a20b9498964d,Avicii - Forever Yours,Avicii,Forever Yours,avicii,forever-yours,avicii,forever-yours,2020-01-23,https://storage.googleapis.com/music8-json-prod/data/songs/avicii_forever-yours.json
40b55769-6cca-4b30-81d1-54d34c690897,Avicii - Wake Me Up,Avicii,Wake Me Up,,,avicii,wake-me-up,,https://storage.googleapis.com/music8-json-prod/data/songs/avicii_wake-me-up.json
d659a53e-b09a-40b5-993d-c75f8ae2e141,Avril Lavigne - 77,Avril Lavigne,77,avril-lavigne,77,avril-lavigne,77,2025-04-21,https://storage.googleapis.com/music8-json-prod/data/songs/avril-lavigne_77.json
6c99dae0-b097-4b45-ad81-5aba5d1e5b13,Avril Lavigne - Best Years Of Our Lives,Avril Lavigne,Best Years Of Our Lives,avril-lavigne,best-years-of-our-lives,avril-lavigne,best-years-of-our-lives,2011-10-25,https://storage.googleapis.com/music8-json-prod/data/songs/avril-lavigne_best-years-of-our-lives.json
10ab281c-ba48-4a0d-b500-1500a96ac519,Avril Lavigne - Bulletproof,Avril Lavigne,Bulletproof,avril-lavigne,bulletproof,avril-lavigne,bulletproof,2024-05-15,https://storage.googleapis.com/music8-json-prod/data/songs/avril-lavigne_bulletproof.json
391abe15-0ab7-4ac7-bd84-730f8548ae10,Avril Lavigne - Can You Die From A Broken Heart,Avril Lavigne,Can You Die From A Broken Heart,avril-lavigne,can-you-die-from-a-broken-heart,avril-lavigne,can-you-die-from-a-broken-heart,2024-09-30,https://storage.googleapis.com/music8-json-prod/data/songs/avril-lavigne_can-you-die-from-a-broken-heart.json
8a7bcb74-2b72-464f-aa43-f3be07ed9639,Avril Lavigne - Eyes Wide Shut,Avril Lavigne,Eyes Wide Shut,avril-lavigne,eyes-wide-shut,avril-lavigne,eyes-wide-shut,2023-04-27,https://storage.googleapis.com/music8-json-prod/data/songs/avril-lavigne_eyes-wide-shut.json
1008e26f-e19f-48d4-a082-204fb3001045,Avril Lavigne - Flames,Avril Lavigne,Flames,avril-lavigne,flames,avril-lavigne,flames,2021-01-07,https://storage.googleapis.com/music8-json-prod/data/songs/avril-lavigne_flames.json
253b0b5a-b469-4e06-b86c-62cde854cf17,Avril Lavigne - Grow,Avril Lavigne,Grow,avril-lavigne,grow,avril-lavigne,grow,2021-07-16,https://storage.googleapis.com/music8-json-prod/data/songs/avril-lavigne_grow.json
8aa246a3-01df-4994-8a7c-13cdbd86699e,Avril Lavigne - Here In Your Bedroom,Avril Lavigne,Here In Your Bedroom,avril-lavigne,here-in-your-bedroom,avril-lavigne,here-in-your-bedroom,1996-01-01,https://storage.googleapis.com/music8-json-prod/data/songs/avril-lavigne_here-in-your-bedroom.json
b384b8ce-87f7-4ebd-a345-6be90f03eed4,Avril Lavigne - Living In Paradise,Avril Lavigne,Living In Paradise,avril-lavigne,living-in-paradise,avril-lavigne,living-in-paradise,2025-10-23,https://storage.googleapis.com/music8-json-prod/data/songs/avril-lavigne_living-in-paradise.json
f3aed78c-1d48-4e4b-9f49-098058bbd439,Avril Lavigne - Shelter,Avril Lavigne,Shelter,avril-lavigne,shelter,avril-lavigne,shelter,2023-02-02,https://storage.googleapis.com/music8-json-prod/data/songs/avril-lavigne_shelter.json
bb5fdf7a-c507-481b-99e4-20d99dd7e7e3,Avril Lavigne - You Broke Me Too,Avril Lavigne,You Broke Me Too,avril-lavigne,you-broke-me-too,avril-lavigne,you-broke-me-too,2025-10-10,https://storage.googleapis.com/music8-json-prod/data/songs/avril-lavigne_you-broke-me-too.json
3b95541f-2e2b-4c9e-bcff-7e24467addaf,AWA - Something Stupid,AWA,Something Stupid,awa,something-stupid,awa,something-stupid,2021-02-04,https://storage.googleapis.com/music8-json-prod/data/songs/awa_something-stupid.json
0222497b-155c-4b0e-a8a8-8a3d2fd2e801,Awolnation - Guiding Lights,Awolnation,Guiding Lights,awolnation,guiding-lights,awolnation,guiding-lights,2025-08-18,https://storage.googleapis.com/music8-json-prod/data/songs/awolnation_guiding-lights.json
a43a6e0a-b456-4587-b740-95df819d5d21,Axl Rose - Love To Love,Axl Rose,Love To Love,axl-rose,love-to-love,axl-rose,love-to-love,2024-11-19,https://storage.googleapis.com/music8-json-prod/data/songs/axl-rose_love-to-love.json
7a64a362-37a5-42b8-a3a2-fc2395e01bf7,Ayase / Yoasobi - Yoasobi「undead」 Official Music Video／『〈物語〉シリーズ オフ&モンスターシーズン』主題歌,Ayase / Yoasobi,Yoasobi「undead」 Official Music Video／『〈物語〉シリーズ オフ&モンスターシーズン』主題歌,,,ayase-yoasobi,yoasobiundead-official-music-video,,https://storage.googleapis.com/music8-json-prod/data/songs/ayase-yoasobi_yoasobiundead-official-music-video.json
ad55d8bf-3e52-49bd-b80b-d81edf8d9115,Ayase / Yoasobi - Yoasobi「アイドル」 Official Music Video,Ayase / Yoasobi,Yoasobi「アイドル」 Official Music Video,,,ayase-yoasobi,yoasobi-official-music-video,,https://storage.googleapis.com/music8-json-prod/data/songs/ayase-yoasobi_yoasobi-official-music-video.json
db4f68a0-c1b7-4dba-b54d-b8e67844687c,Ayetian - What I Like,Ayetian,What I Like,ayetian,what-i-like,ayetian,what-i-like,2026-01-09,https://storage.googleapis.com/music8-json-prod/data/songs/ayetian_what-i-like.json
fc7cdbab-9913-4dfd-8cf9-91bff8fc0f93,ayokay - Us,ayokay,Us,ayokay,us,ayokay,us,2022-08-11,https://storage.googleapis.com/music8-json-prod/data/songs/ayokay_us.json
72fd27e6-5278-46f5-a537-4ddf6aa5d5a6,Ayra Starr - Big Fu,Ayra Starr,Big Fu,ayra-starr,big-fu,ayra-starr,big-fu,2023-10-26,https://storage.googleapis.com/music8-json-prod/data/songs/ayra-starr_big-fu.json
e0da40a8-07cc-4ae2-9121-0834314739ca,Ayra Starr - Girl Next Door,Ayra Starr,Girl Next Door,ayra-starr,girl-next-door-2,ayra-starr,girl-next-door-2,2023-05-11,https://storage.googleapis.com/music8-json-prod/data/songs/ayra-starr_girl-next-door-2.json
8941f383-4397-4541-9851-fbf1dbf160c0,Ayra Starr - Jane,Ayra Starr,Jane,ayra-starr,jane,ayra-starr,jane,2022-08-26,https://storage.googleapis.com/music8-json-prod/data/songs/ayra-starr_jane.json
ebe6757c-0598-431e-a798-e886a5ed6cf8,Ayra Starr - My Love,Ayra Starr,My Love,ayra-starr,my-love-2,ayra-starr,my-love-2,2023-09-07,https://storage.googleapis.com/music8-json-prod/data/songs/ayra-starr_my-love-2.json
2c57dfce-e520-49d4-b796-87d4c8b2ff6c,Ayra Starr - Unbelievable,Ayra Starr,Unbelievable,ayra-starr,unbelievable-2,ayra-starr,unbelievable-2,2024-04-05,https://storage.googleapis.com/music8-json-prod/data/songs/ayra-starr_unbelievable-2.json
d6c7f86f-be4a-42e5-a198-66eee3cfe1e2,Ayra Starr - Youre Hired,Ayra Starr,Youre Hired,ayra-starr,youre-hired,ayra-starr,youre-hired,2023-09-28,https://storage.googleapis.com/music8-json-prod/data/songs/ayra-starr_youre-hired.json
3e5dc09c-879c-43dc-8394-b7742c707793,B-Real - The Upside Down,B-Real,The Upside Down,b-real,the-upside-down,b-real,the-upside-down,2025-10-01,https://storage.googleapis.com/music8-json-prod/data/songs/b-real_the-upside-down.json
cc859978-26ab-4f05-b6ab-2ff70fce69c7,B.B. King - When Love Comes To Town,B.B. King,When Love Comes To Town,b-b-king,when-love-comes-to-town,b-b-king,when-love-comes-to-town,1988-10-09,https://storage.googleapis.com/music8-json-prod/data/songs/b-b-king_when-love-comes-to-town.json
a9e46e7a-e418-41e9-bf3d-28ef83ec6a13,Baby Bash - Take Me For A Ride,Baby Bash,Take Me For A Ride,baby-bash,take-me-for-a-ride,baby-bash,take-me-for-a-ride,2023-12-13,https://storage.googleapis.com/music8-json-prod/data/songs/baby-bash_take-me-for-a-ride.json
ff5c6159-d7c3-4132-9158-9a5947677d48,Baby Keem - Leavemealone,Baby Keem,Leavemealone,baby-keem,leavemealone-2,baby-keem,leavemealone-2,2024-04-09,https://storage.googleapis.com/music8-json-prod/data/songs/baby-keem_leavemealone-2.json
3cb72d7b-5beb-4aed-bf2f-1e4774e58bec,Baby Triggy - Funk Not Fight,Baby Triggy,Funk Not Fight,baby-triggy,funk-not-fight,baby-triggy,funk-not-fight,2023-05-11,https://storage.googleapis.com/music8-json-prod/data/songs/baby-triggy_funk-not-fight.json
5907443f-dce5-4ddd-a3fa-49cdda11bcc1,BabyDrill - Issa Party,BabyDrill,Issa Party,babydrill,issa-party,babydrill,issa-party,2023-09-29,https://storage.googleapis.com/music8-json-prod/data/songs/babydrill_issa-party.json
4aefb1fb-360f-446f-b1c4-cfb0fac81e04,BabyDrill - Whats The Move?,BabyDrill,Whats The Move?,babydrill,whats-the-move,babydrill,whats-the-move,2023-11-08,https://storage.googleapis.com/music8-json-prod/data/songs/babydrill_whats-the-move.json
82ae6f97-e79f-47ea-9950-0d0c7202fc70,Babyface - Comfortable,Babyface,Comfortable,babyface,lil-wayne-comfortable,babyface,lil-wayne-comfortable,2008-06-09,https://storage.googleapis.com/music8-json-prod/data/songs/babyface_lil-wayne-comfortable.json
a6f2527b-b356-48e1-a14e-5d873e25f6ed,Babyface - Dream Away,Babyface,Dream Away,babyface,dream-away,babyface,dream-away,1993-01-01,https://storage.googleapis.com/music8-json-prod/data/songs/babyface_dream-away.json
8e2492fc-73cb-4587-9ac2-52f7b2292a8f,Babyface - Hurt You,Babyface,Hurt You,babyface,hurt-you,babyface,hurt-you,2013-12-31,https://storage.googleapis.com/music8-json-prod/data/songs/babyface_hurt-you.json
e136889a-b198-47f7-9ca0-ddfe256d0af5,Babyface - Love Makes Things Happen,Babyface,Love Makes Things Happen,babyface,love-makes-things-happen,babyface,love-makes-things-happen,1989-12-31,https://storage.googleapis.com/music8-json-prod/data/songs/babyface_love-makes-things-happen.json
2bcafce3-225d-45e2-8e99-92880f54be11,Babyface - No Stoppin' Us,Babyface,No Stoppin' Us,babyface,no-stoppin-us,babyface,no-stoppin-us,2022-02-24,https://storage.googleapis.com/music8-json-prod/data/songs/babyface_no-stoppin-us.json
8cb882e1-0b69-44bc-a4f8-a1499d31d45d,Babyface - Someone To Love,Babyface,Someone To Love,babyface,someone-to-love,babyface,someone-to-love,1995-05-18,https://storage.googleapis.com/music8-json-prod/data/songs/babyface_someone-to-love.json
7dbb2218-b483-4cfb-8801-78bd908cd50c,Babyface Ray - Hood Politics,Babyface Ray,Hood Politics,babyface-ray,hood-politics,babyface-ray,hood-politics,2025-10-01,https://storage.googleapis.com/music8-json-prod/data/songs/babyface-ray_hood-politics.json
6c036620-ad33-4d2f-8b3e-3a0da9947f6b,babyidontlikeyou - Magic,babyidontlikeyou,Magic,babyidontlikeyou,magic-2,babyidontlikeyou,magic-2,2024-04-23,https://storage.googleapis.com/music8-json-prod/data/songs/babyidontlikeyou_magic-2.json
e39c755b-4207-4565-8b2d-89e5464b7e60,"Babyland ""Omaha"" Hd - 16mm","Babyland ""Omaha"" Hd",16mm,,,babyland-omaha-hd,16mm,,https://storage.googleapis.com/music8-json-prod/data/songs/babyland-omaha-hd_16mm.json
9ac36dca-74ba-4ef6-afc4-d6c7d927745a,BABYMETAL - Bekhauf,BABYMETAL,Bekhauf,babymetal,bekhauf,babymetal,bekhauf,2024-12-06,https://storage.googleapis.com/music8-json-prod/data/songs/babymetal_bekhauf.json
3e41c0ab-9e08-4b32-892d-72dbcd427102,BABYMETAL - The End - 2025 Version,BABYMETAL,The End - 2025 Version,babymetal,the-end-2025-version,babymetal,the-end-2025-version,2025-09-04,https://storage.googleapis.com/music8-json-prod/data/songs/babymetal_the-end-2025-version.json
a6b2db0e-16c7-47b8-87af-323035ed20e0,BabyTron - Tobey,BabyTron,Tobey,babytron,tobey,babytron,tobey,2024-07-02,https://storage.googleapis.com/music8-json-prod/data/songs/babytron_tobey.json
0c99d67b-10ad-405b-9022-e0e7ae42d564,Back Together - Sza Ft. Tame Impala,Back Together,Sza Ft. Tame Impala,sza,back-together,sza,back-together,2019-07-15,https://storage.googleapis.com/music8-json-prod/data/songs/sza_back-together.json
f111a45d-9e6f-462b-b378-5d1a910d4f2d,Backstreet Boys - Let It Be Me,Backstreet Boys,Let It Be Me,backstreet-boys,let-it-be-me,backstreet-boys,let-it-be-me,2020-04-02,https://storage.googleapis.com/music8-json-prod/data/songs/backstreet-boys_let-it-be-me.json
3bc8fd85-8899-41ab-a9f0-ce295eae1879,Backstreet Boys - What Hurts The Most,Backstreet Boys,What Hurts The Most,backstreet-boys,what-hurts-the-most-2,backstreet-boys,what-hurts-the-most-2,2025-05-01,https://storage.googleapis.com/music8-json-prod/data/songs/backstreet-boys_what-hurts-the-most-2.json
773b7e30-97a1-4da1-8bb5-0eb5adf67762,Bad Bunny - I Like It,Bad Bunny,I Like It,bad-bunny,i-like-it,bad-bunny,i-like-it,2018-04-05,https://storage.googleapis.com/music8-json-prod/data/songs/bad-bunny_i-like-it.json
25bb747d-c84d-49d6-8021-4a999627e537,Bad Bunny - K-pop,Bad Bunny,K-pop,bad-bunny,k-pop,bad-bunny,k-pop,2023-07-21,https://storage.googleapis.com/music8-json-prod/data/songs/bad-bunny_k-pop.json
24d90ea7-2ee8-4f3b-9fd8-680f5974e407,Bad Bunny - Me Porto Bonito,Bad Bunny,Me Porto Bonito,bad-bunny,me-porto-bonito,bad-bunny,me-porto-bonito,2022-06-20,https://storage.googleapis.com/music8-json-prod/data/songs/bad-bunny_me-porto-bonito.json
1f9be007-9e84-496f-b7cf-cd9011691d31,Bad Bunny - Tormenta,Bad Bunny,Tormenta,bad-bunny,tormenta,bad-bunny,tormenta,2023-02-23,https://storage.googleapis.com/music8-json-prod/data/songs/bad-bunny_tormenta.json
d85f5ad8-410c-4fd3-a64b-c078712b6945,Bad Bunny - Un Dia,Bad Bunny,Un Dia,bad-bunny,un-dia,bad-bunny,un-dia,2020-07-23,https://storage.googleapis.com/music8-json-prod/data/songs/bad-bunny_un-dia.json
d5d53eb9-bfbf-4ddd-8bcc-95e4854819f7,BAD OMENS - Anything ＞ Human,BAD OMENS,Anything ＞ Human,bad-omens,anything-%ef%bc%9e-human,bad-omens,anything-%ef%bc%9e-human,2024-05-30,https://storage.googleapis.com/music8-json-prod/data/songs/bad-omens_anything-%ef%bc%9e-human.json
5cc7ef88-b4c2-49fe-bbff-764357492e9c,Bad Wolves - Guilty,Bad Wolves,Guilty,bad-wolves,guilty-4,bad-wolves,guilty-4,2024-06-27,https://storage.googleapis.com/music8-json-prod/data/songs/bad-wolves_guilty-4.json
7c636fbf-c46d-4524-92cb-a0dc402c41dd,BADBADNOTGOOD - Please Do Not Lean,BADBADNOTGOOD,Please Do Not Lean,badbadnotgood,please-do-not-lean,badbadnotgood,please-do-not-lean,2022-04-21,https://storage.googleapis.com/music8-json-prod/data/songs/badbadnotgood_please-do-not-lean.json
4444c5c1-3b03-454b-8138-0c3a4c456943,BADBADNOTGOOD - Take What's Given,BADBADNOTGOOD,Take What's Given,badbadnotgood,take-whats-given,badbadnotgood,take-whats-given,2024-01-30,https://storage.googleapis.com/music8-json-prod/data/songs/badbadnotgood_take-whats-given.json
958a4035-52a4-4e21-a4d9-f7801ed90e8f,Badlands - Dreams In The Dark,Badlands,Dreams In The Dark,,,badlands,dreams-in-the-dark,,https://storage.googleapis.com/music8-json-prod/data/songs/badlands_dreams-in-the-dark.json
3ae60899-9af0-49c3-8aa3-908af199af4e,BadWolf - Smoke Up In The Air,BadWolf,Smoke Up In The Air,badwolf,smoke-up-in-the-air,badwolf,smoke-up-in-the-air,2025-11-10,https://storage.googleapis.com/music8-json-prod/data/songs/badwolf_smoke-up-in-the-air.json
21d52148-69b4-4363-8c9a-ac714fe6fd6e,Bahari - Addicted To A Memory,Bahari,Addicted To A Memory,bahari,addicted-to-a-memory,bahari,addicted-to-a-memory,2015-05-17,https://storage.googleapis.com/music8-json-prod/data/songs/bahari_addicted-to-a-memory.json
52cd383d-3dd5-4910-97d3-f0fdf83a6e92,Bailey Zimmerman - All The Way,Bailey Zimmerman,All The Way,bailey-zimmerman,all-the-way,bailey-zimmerman,all-the-way,2025-04-04,https://storage.googleapis.com/music8-json-prod/data/songs/bailey-zimmerman_all-the-way.json
74096d41-d089-4e24-b5fe-7dcbc14a8769,Bailey Zimmerman - Ashes,Bailey Zimmerman,Ashes,bailey-zimmerman,ashes,bailey-zimmerman,ashes,2025-06-26,https://storage.googleapis.com/music8-json-prod/data/songs/bailey-zimmerman_ashes.json
e3b4cd8a-e55c-4493-9ed8-f32351771dc4,Bailey Zimmerman - Strong Enough Ft. Bailey Zimmerman,Bailey Zimmerman,Strong Enough Ft. Bailey Zimmerman,bailey-zimmerman,strong-enough-ft-bailey-zimmerman,bailey-zimmerman,strong-enough-ft-bailey-zimmerman,2023-11-09,https://storage.googleapis.com/music8-json-prod/data/songs/bailey-zimmerman_strong-enough-ft-bailey-zimmerman.json
edce3031-0341-495c-bd29-96cebc495c56,Bajka - Human Loss And Gain,Bajka,Human Loss And Gain,bajka,human-loss-and-gain-club-des-belugas-remix,bajka,human-loss-and-gain-club-des-belugas-remix,2009-11-22,https://storage.googleapis.com/music8-json-prod/data/songs/bajka_human-loss-and-gain-club-des-belugas-remix.json
29e9013d-1524-4c95-8148-014532c3cab7,Bakar - Night Garden,Bakar,Night Garden,bakar,night-garden,bakar,night-garden,2023-07-30,https://storage.googleapis.com/music8-json-prod/data/songs/bakar_night-garden.json
b2bd89e6-ef1d-4bab-a0cb-03d521f7c1ab,Baker Boy - Take Me To The Beach,Baker Boy,Take Me To The Beach,baker-boy,take-me-to-the-beach,baker-boy,take-me-to-the-beach,2024-10-11,https://storage.googleapis.com/music8-json-prod/data/songs/baker-boy_take-me-to-the-beach.json
d1ba0203-013d-4d47-84c5-aa28254799ca,Bandit - Flames,Bandit,Flames,bandit,flames-3,bandit,flames-3,2026-02-19,https://storage.googleapis.com/music8-json-prod/data/songs/bandit_flames-3.json
97d98bf9-d49c-4059-8a70-8508646b29e6,Barbra Streisand - Guilty Ft. Barry Gibb,Barbra Streisand,Guilty Ft. Barry Gibb,,,barbra-streisand,guilty-ft-barry-gibb,,https://storage.googleapis.com/music8-json-prod/data/songs/barbra-streisand_guilty-ft-barry-gibb.json
65512698-bf60-4425-971c-66e176ced1db,BARBZ - Butterflies,BARBZ,Butterflies,barbz,butterflies-9,barbz,butterflies-9,2025-09-30,https://storage.googleapis.com/music8-json-prod/data/songs/barbz_butterflies-9.json
9b4b0a3e-caa4-4d90-bd5a-87b7ec82ce7c,BARBZ - ⁠⁠Butterflies,BARBZ,⁠⁠Butterflies,barbz,%e2%81%a0%e2%81%a0butterflies,barbz,%e2%81%a0%e2%81%a0butterflies,2025-09-24,https://storage.googleapis.com/music8-json-prod/data/songs/barbz_%e2%81%a0%e2%81%a0butterflies.json
b4c4e0f8-6298-455c-8084-21778ec846c2,Barrington Levy - Soul Of The World,Barrington Levy,Soul Of The World,barrington-levy,soul-of-the-world,barrington-levy,soul-of-the-world,2022-09-08,https://storage.googleapis.com/music8-json-prod/data/songs/barrington-levy_soul-of-the-world.json
275e11ef-858c-4597-a493-909346ab60fb,Bassjackers - Eternity,Bassjackers,Eternity,bassjackers,eternity,bassjackers,eternity,2023-09-05,https://storage.googleapis.com/music8-json-prod/data/songs/bassjackers_eternity.json
9b754d2a-263a-40e3-8087-37e74290491e,Bassjackers - Flashing Lights,Bassjackers,Flashing Lights,bassjackers,flashing-lights-2,bassjackers,flashing-lights-2,2024-06-03,https://storage.googleapis.com/music8-json-prod/data/songs/bassjackers_flashing-lights-2.json
8c05b399-8175-48fc-bd31-5c1c9c568dc0,Bassnectar - Rez,Bassnectar,Rez,bassnectar,rez-bassnectar-remix,bassnectar,rez-bassnectar-remix,2013-02-11,https://storage.googleapis.com/music8-json-prod/data/songs/bassnectar_rez-bassnectar-remix.json
ea76efb8-e2a8-49d5-8ff0-5787fa039a67,Bastille - Feel Alive,Bastille,Feel Alive,bastille,feel-alive-2,bastille,feel-alive-2,2026-01-15,https://storage.googleapis.com/music8-json-prod/data/songs/bastille_feel-alive-2.json
9c6f5244-8007-46a6-81fe-e9c8df457a98,Bastille - Happier,Bastille,Happier,bastille,happier,bastille,happier,2018-08-16,https://storage.googleapis.com/music8-json-prod/data/songs/bastille_happier.json
495453f4-fdd0-48f1-9edf-8d29843ce4df,Bastille - Head Down,Bastille,Head Down,bastille,head-down,bastille,head-down,2023-12-28,https://storage.googleapis.com/music8-json-prod/data/songs/bastille_head-down.json
92af58f7-0f02-44b6-aa41-f3a1de41ffe2,Bastille - Liar Liar,Bastille,Liar Liar,bastille,liar-liar,bastille,liar-liar,2023-08-04,https://storage.googleapis.com/music8-json-prod/data/songs/bastille_liar-liar.json
9d48832d-c8a6-44ea-b889-5995d69899eb,Bbno - Fight Or Flight,Bbno,Fight Or Flight,bbno,fight-or-flight-2,bbno,fight-or-flight-2,2025-09-16,https://storage.googleapis.com/music8-json-prod/data/songs/bbno_fight-or-flight-2.json
a7ea53fd-0bb1-49b0-aa89-326b8709f71e,Bbno - Girlfriend,Bbno,Girlfriend,bbno,girlfriend-4,bbno,girlfriend-4,2023-10-26,https://storage.googleapis.com/music8-json-prod/data/songs/bbno_girlfriend-4.json
5d0b8f23-5e5b-4b1c-97b0-da30e1b00d36,Bbno - Lalala,Bbno,Lalala,bbno,lalala-remix,bbno,lalala-remix,2019-10-27,https://storage.googleapis.com/music8-json-prod/data/songs/bbno_lalala-remix.json
d43ae3a9-377e-4c0b-ad42-72b338af23d0,Bbno - Washed,Bbno,Washed,bbno,washed,bbno,washed,2023-12-08,https://storage.googleapis.com/music8-json-prod/data/songs/bbno_washed.json
e575ec9e-1aa6-437d-8376-d993596e0eba,Bbno$ - Cest La Vie,Bbno$,Cest La Vie,bbno,cest-la-vie-2,bbno,cest-la-vie-2,2022-10-27,https://storage.googleapis.com/music8-json-prod/data/songs/bbno_cest-la-vie-2.json
91bbf1a9-d95a-4a7c-80d9-749b94761180,Bbno$ - It Happens,Bbno$,It Happens,bbno,it-happens,bbno,it-happens,2023-10-03,https://storage.googleapis.com/music8-json-prod/data/songs/bbno_it-happens.json
986c080e-036d-43a3-a440-dd998ac791a7,Bbno$ - No Way Jose,Bbno$,No Way Jose,bbno,no-way-jose,bbno,no-way-jose,2023-08-25,https://storage.googleapis.com/music8-json-prod/data/songs/bbno_no-way-jose.json
5259121b-614d-4267-8536-2deec52bda2b,bbyclose - On & On,bbyclose,On & On,bbyclose,on-on,bbyclose,on-on,2025-03-13,https://storage.googleapis.com/music8-json-prod/data/songs/bbyclose_on-on.json
9319cbc5-6484-4b13-b60a-dd99bd933f67,BC Kingdom - Mr. Producer,BC Kingdom,Mr. Producer,bc-kingdom,mr-producer,bc-kingdom,mr-producer,2026-02-17,https://storage.googleapis.com/music8-json-prod/data/songs/bc-kingdom_mr-producer.json
14c7bcf1-3142-4c61-9be6-27aacc4ffcab,BC Kingdom - Reason Why,BC Kingdom,Reason Why,bc-kingdom,reason-why,bc-kingdom,reason-why,2024-06-24,https://storage.googleapis.com/music8-json-prod/data/songs/bc-kingdom_reason-why.json
d0c93f08-5b32-41d6-9042-16fd5fc45cc0,Be No Rain - Almost Like The Rain,Be No Rain,Almost Like The Rain,be-no-rain,almost-like-the-rain,be-no-rain,almost-like-the-rain,2025-08-07,https://storage.googleapis.com/music8-json-prod/data/songs/be-no-rain_almost-like-the-rain.json
0efd550c-f631-4ddf-b8c0-7a04e0f60651,Be No Rain - Fallen Leaf Feat. Be No Rain,Be No Rain,Fallen Leaf Feat. Be No Rain,be-no-rain,fallen-leaf-feat-be-no-rain,be-no-rain,fallen-leaf-feat-be-no-rain,2023-07-03,https://storage.googleapis.com/music8-json-prod/data/songs/be-no-rain_fallen-leaf-feat-be-no-rain.json
da27cc19-8dcf-4661-b333-f7583659a5c5,Bea Miller - Out Of Time,Bea Miller,Out Of Time,bea-miller,out-of-time-3,bea-miller,out-of-time-3,2024-06-21,https://storage.googleapis.com/music8-json-prod/data/songs/bea-miller_out-of-time-3.json
9b95913d-9abf-43e7-8b98-994c9ba16678,Bea Miller - Tangerine Rays,Bea Miller,Tangerine Rays,bea-miller,tangerine-rays,bea-miller,tangerine-rays,2024-08-29,https://storage.googleapis.com/music8-json-prod/data/songs/bea-miller_tangerine-rays.json
d8ab55ed-f0f8-4d5d-ba05-5e2c23a83a62,Bea Miller - Yours Ft. Bea Miller,Bea Miller,Yours Ft. Bea Miller,bea-miller,yours-ft-bea-miller,bea-miller,yours-ft-bea-miller,2023-09-22,https://storage.googleapis.com/music8-json-prod/data/songs/bea-miller_yours-ft-bea-miller.json
1e0bee75-4f92-4fe7-89c0-461c7d22bfb1,beabadoobee - Death Bed,beabadoobee,Death Bed,beabadoobee,death-bed-coffee-for-your-head,beabadoobee,death-bed-coffee-for-your-head,2020-02-07,https://storage.googleapis.com/music8-json-prod/data/songs/beabadoobee_death-bed-coffee-for-your-head.json
bbd73fb4-bfcd-4cb2-924a-9add4d675c30,beabadoobee - Fall In Love With A Girl,beabadoobee,Fall In Love With A Girl,beabadoobee,fall-in-love-with-a-girl-2,beabadoobee,fall-in-love-with-a-girl-2,2022-02-24,https://storage.googleapis.com/music8-json-prod/data/songs/beabadoobee_fall-in-love-with-a-girl-2.json
3cb73ff5-4c12-4cdd-bf95-a402162e9607,beabadoobee - Silver Into Rain,beabadoobee,Silver Into Rain,beabadoobee,silver-into-rain,beabadoobee,silver-into-rain,2022-03-03,https://storage.googleapis.com/music8-json-prod/data/songs/beabadoobee_silver-into-rain.json
5f4009a9-2e56-434d-b686-4e698a2e9054,Beach House - Space Song,Beach House,Space Song,,,beach-house,space-song,,https://storage.googleapis.com/music8-json-prod/data/songs/beach-house_space-song.json
b1a7ce6e-483f-452a-81fa-a06a35e1acd6,Beardyman - Boom F**king Boom,Beardyman,Boom F**king Boom,beardyman,boom-fking-boom,beardyman,boom-fking-boom,2017-08-10,https://storage.googleapis.com/music8-json-prod/data/songs/beardyman_boom-fking-boom.json
0937ca17-b82a-4dc5-a0a8-3cc8b155611d,"Beardyman - Eat, Sleep, Rave, Repeat",Beardyman,"Eat, Sleep, Rave, Repeat",beardyman,eat-sleep-rave-repeat,beardyman,eat-sleep-rave-repeat,2014-10-06,https://storage.googleapis.com/music8-json-prod/data/songs/beardyman_eat-sleep-rave-repeat.json
f2166d12-a923-4ab7-9391-fe6d23c4a379,Beartooth - Everything Burns,Beartooth,Everything Burns,beartooth,everything-burns,beartooth,everything-burns,2025-12-17,https://storage.googleapis.com/music8-json-prod/data/songs/beartooth_everything-burns.json
a4f6398c-84f8-4538-9a3c-b38866094239,Beau Nox - White Wine & Adderall,Beau Nox,White Wine & Adderall,beau-nox,white-wine-adderall,beau-nox,white-wine-adderall,2025-07-10,https://storage.googleapis.com/music8-json-prod/data/songs/beau-nox_white-wine-adderall.json
4d793560-f42e-46f6-b88c-29baa8b0a3f5,Beauz - Make You Say,Beauz,Make You Say,beauz,make-you-say,beauz,make-you-say,2022-08-18,https://storage.googleapis.com/music8-json-prod/data/songs/beauz_make-you-say.json
cc1123fb-aef5-43a2-ab0e-acd622ce998a,Bebe Rexha - I'm Good,Bebe Rexha,I'm Good,bebe-rexha,im-good-blue,bebe-rexha,im-good-blue,2023-06-22,https://storage.googleapis.com/music8-json-prod/data/songs/bebe-rexha_im-good-blue.json
660c129d-c43b-4d31-8cb4-0a1de5983d8f,Bebe Rexha - Light That Leads Me,Bebe Rexha,Light That Leads Me,bebe-rexha,light-that-leads-me,bebe-rexha,light-that-leads-me,2025-08-22,https://storage.googleapis.com/music8-json-prod/data/songs/bebe-rexha_light-that-leads-me.json
5f2d8147-580d-4d7c-85e1-c8fe3fd7d725,Bebe Rexha - My Oh My,Bebe Rexha,My Oh My,bebe-rexha,my-oh-my-4,bebe-rexha,my-oh-my-4,2024-07-11,https://storage.googleapis.com/music8-json-prod/data/songs/bebe-rexha_my-oh-my-4.json
a21eae9e-6c3e-4dae-b53b-ce99f7c9fb3b,Bec Lauder - Take Me Home,Bec Lauder,Take Me Home,bec-lauder,take-me-home-2,bec-lauder,take-me-home-2,2023-04-07,https://storage.googleapis.com/music8-json-prod/data/songs/bec-lauder_take-me-home-2.json
85f3e95a-8866-430f-8e58-09368792ca00,Beck - Boom Boom Back,Beck,Boom Boom Back,beck,boom-boom-back,beck,boom-boom-back,2024-05-07,https://storage.googleapis.com/music8-json-prod/data/songs/beck_boom-boom-back.json
e8bff626-040a-43de-b8a7-0a1c213fae69,Beck - Death Valley High,Beck,Death Valley High,beck,death-valley-high,beck,death-valley-high,2024-07-12,https://storage.googleapis.com/music8-json-prod/data/songs/beck_death-valley-high.json
4dc98e9e-c6cf-4d61-87c6-488738897548,Beck - Fables,Beck,Fables,beck,fables,beck,fables,2023-03-29,https://storage.googleapis.com/music8-json-prod/data/songs/beck_fables.json
318ceac4-866c-476a-8dd0-30fe135783ca,Beck - I'm With The Band,Beck,I'm With The Band,beck,im-with-the-band,beck,im-with-the-band,2024-10-31,https://storage.googleapis.com/music8-json-prod/data/songs/beck_im-with-the-band.json
a17b3717-9007-46fb-b892-ded19878fe8c,Beck - Skipping Like A Stone,Beck,Skipping Like A Stone,beck,skipping-like-a-stone,beck,skipping-like-a-stone,2023-08-21,https://storage.googleapis.com/music8-json-prod/data/songs/beck_skipping-like-a-stone.json
7fcc706b-4382-43bf-aae3-48413b70aa0d,Becky G - Amigos,Becky G,Amigos,becky-g,amigos,becky-g,amigos,2023-11-16,https://storage.googleapis.com/music8-json-prod/data/songs/becky-g_amigos.json
0b4e2b6b-f996-45c9-b7ee-b470d08ed13d,Becky G - Candy Gum,Becky G,Candy Gum,becky-g,candy-gum,becky-g,candy-gum,2025-04-15,https://storage.googleapis.com/music8-json-prod/data/songs/becky-g_candy-gum.json
a989a7ce-6cfe-4c5c-a8ff-de3c8760cf7c,Becky G - Dum Dum,Becky G,Dum Dum,becky-g,dum-dum-2,becky-g,dum-dum-2,2017-09-21,https://storage.googleapis.com/music8-json-prod/data/songs/becky-g_dum-dum-2.json
97999d50-d07a-4042-b91b-f138c4517fcb,Becky G - Tonight,Becky G,Tonight,becky-g,tonight-5,becky-g,tonight-5,2024-05-09,https://storage.googleapis.com/music8-json-prod/data/songs/becky-g_tonight-5.json
f8bcfff1-8fbb-4662-9eb1-efd49a0c3285,Becky Hill - Back & Forth,Becky Hill,Back & Forth,becky-hill,back-forth,becky-hill,back-forth,2018-09-06,https://storage.googleapis.com/music8-json-prod/data/songs/becky-hill_back-forth.json
66a347f2-4252-4f41-9a76-4641b8ef289f,Becky Hill - Crazy What Love Can Do,Becky Hill,Crazy What Love Can Do,becky-hill,crazy-what-love-can-do,becky-hill,crazy-what-love-can-do,2022-04-21,https://storage.googleapis.com/music8-json-prod/data/songs/becky-hill_crazy-what-love-can-do.json
ed7462cb-eb1c-4532-89fe-bcd141287bdb,Becky Hill - Here For You,Becky Hill,Here For You,becky-hill,here-for-you-2,becky-hill,here-for-you-2,2022-02-10,https://storage.googleapis.com/music8-json-prod/data/songs/becky-hill_here-for-you-2.json
4358deff-5a69-41c0-ad76-20a439cf0211,Becky Hill - Run,Becky Hill,Run,becky-hill,run,becky-hill,run,2022-02-17,https://storage.googleapis.com/music8-json-prod/data/songs/becky-hill_run.json
7eddc620-c382-4a91-9e88-29edeefac3f2,Bedouine - That You Are,Bedouine,That You Are,bedouine,that-you-are,bedouine,that-you-are,2024-08-22,https://storage.googleapis.com/music8-json-prod/data/songs/bedouine_that-you-are.json
df2b783d-96ae-4cdb-b845-3063414aced7,bees & honey - Show Me Love,bees & honey,Show Me Love,bees-honey,show-me-love,bees-honey,show-me-love,2025-02-06,https://storage.googleapis.com/music8-json-prod/data/songs/bees-honey_show-me-love.json
c567b8db-1829-4a59-a13c-65471c4db4eb,Bell Biv DeVoe - The Best Things In Life Are Free,Bell Biv DeVoe,The Best Things In Life Are Free,bell-biv-devoe,the-best-things-in-life-are-free,bell-biv-devoe,the-best-things-in-life-are-free,1992-06-22,https://storage.googleapis.com/music8-json-prod/data/songs/bell-biv-devoe_the-best-things-in-life-are-free.json
f42f4a16-1240-4a4e-8c15-66f28b3f3ac1,BELPierre de Maere - These Walls,BELPierre de Maere,These Walls,pierre-de-maere,these-walls-2,pierre-de-maere,these-walls-2,2024-11-07,https://storage.googleapis.com/music8-json-prod/data/songs/pierre-de-maere_these-walls-2.json
dcfde72c-453c-4ee2-a121-72adc2a2c39d,Ben Barlow - Everybody But You,Ben Barlow,Everybody But You,ben-barlow,everybody-but-you,ben-barlow,everybody-but-you,2022-05-12,https://storage.googleapis.com/music8-json-prod/data/songs/ben-barlow_everybody-but-you.json
95151302-495c-4a83-9376-7c0f3a68f96a,Ben Shapiro - Facts,Ben Shapiro,Facts,ben-shapiro,facts,ben-shapiro,facts,2024-01-26,https://storage.googleapis.com/music8-json-prod/data/songs/ben-shapiro_facts.json
84b8b1df-5f92-48d4-99c9-f99a87d2e203,BENEE - All Eyes On Me,BENEE,All Eyes On Me,benee,all-eyes-on-me,benee,all-eyes-on-me,2023-10-11,https://storage.googleapis.com/music8-json-prod/data/songs/benee_all-eyes-on-me.json
bd5de25f-006b-4055-9114-afb928e03da9,BENEE - Are You Letting Go?,BENEE,Are You Letting Go?,benee,are-you-letting-go,benee,are-you-letting-go,2021-10-20,https://storage.googleapis.com/music8-json-prod/data/songs/benee_are-you-letting-go.json
29a35851-59fd-421f-b2a9-595e6a8dc010,BENEE - Don't Let Me Down,BENEE,Don't Let Me Down,benee,dont-let-me-down-3,benee,dont-let-me-down-3,2023-04-20,https://storage.googleapis.com/music8-json-prod/data/songs/benee_dont-let-me-down-3.json
c2581a2d-7e7a-4218-92bd-95384028d56b,BENEE - Fun Out Of It,BENEE,Fun Out Of It,benee,fun-out-of-it,benee,fun-out-of-it,2022-08-17,https://storage.googleapis.com/music8-json-prod/data/songs/benee_fun-out-of-it.json
4952a81b-a90b-437c-a035-60dfc606aac7,BENEE - I'm So Happy,BENEE,I'm So Happy,benee,im-so-happy,benee,im-so-happy,2022-09-15,https://storage.googleapis.com/music8-json-prod/data/songs/benee_im-so-happy.json
2e790adc-9799-487b-8db6-3b564632cc7c,Benjamin Ingrosso - Honey Boy,Benjamin Ingrosso,Honey Boy,benjamin-ingrosso,honey-boy,benjamin-ingrosso,honey-boy,2024-05-02,https://storage.googleapis.com/music8-json-prod/data/songs/benjamin-ingrosso_honey-boy.json
2de0272e-4ba0-4c52-a5cd-ae9b36ed66e0,Benjamin William Hastings - I'll Fly Away,Benjamin William Hastings,I'll Fly Away,benjamin-william-hastings,ill-fly-away,benjamin-william-hastings,ill-fly-away,2025-08-07,https://storage.googleapis.com/music8-json-prod/data/songs/benjamin-william-hastings_ill-fly-away.json
c84476ec-6b58-471c-9b48-d935ceff22b7,Benji Webbe - Generation Prime,Benji Webbe,Generation Prime,benji-webbe,generation-prime,benji-webbe,generation-prime,2022-10-28,https://storage.googleapis.com/music8-json-prod/data/songs/benji-webbe_generation-prime.json
f12e5404-a9c6-4468-97e8-5a557dac7127,benny blanco - Bad Decisions,benny blanco,Bad Decisions,benny-blanco,bad-decisions,benny-blanco,bad-decisions,2022-08-04,https://storage.googleapis.com/music8-json-prod/data/songs/benny-blanco_bad-decisions.json
04cceadd-6a47-4713-9e7f-1a8a4e721735,benny blanco - Call Me When You Break Up,benny blanco,Call Me When You Break Up,benny-blanco,call-me-when-you-break-up,benny-blanco,call-me-when-you-break-up,2025-02-20,https://storage.googleapis.com/music8-json-prod/data/songs/benny-blanco_call-me-when-you-break-up.json
edd0d5b3-fefa-42b8-a737-9920361a158a,benny blanco - Cowboy,benny blanco,Cowboy,benny-blanco,cowboy,benny-blanco,cowboy,2025-03-20,https://storage.googleapis.com/music8-json-prod/data/songs/benny-blanco_cowboy.json
82444fd2-91ad-49f0-b9fb-795bf047b599,benny blanco - Don’t Wanna Cry,benny blanco,Don’t Wanna Cry,benny-blanco,dont-wanna-cry,benny-blanco,dont-wanna-cry,2025-03-20,https://storage.googleapis.com/music8-json-prod/data/songs/benny-blanco_dont-wanna-cry.json
ee68a764-8293-4f62-bf28-c31f8f3fa20c,benny blanco - Guess You Could Say I’m In Love,benny blanco,Guess You Could Say I’m In Love,benny-blanco,guess-you-could-say-im-in-love,benny-blanco,guess-you-could-say-im-in-love,2025-05-01,https://storage.googleapis.com/music8-json-prod/data/songs/benny-blanco_guess-you-could-say-im-in-love.json
350c2218-f8bf-4927-81dd-1469db64fca7,benny blanco - Lace It,benny blanco,Lace It,benny-blanco,lace-it,benny-blanco,lace-it,2024-11-28,https://storage.googleapis.com/music8-json-prod/data/songs/benny-blanco_lace-it.json
4d12f2c6-affe-4297-bef3-d76d560b9a6f,benny blanco - Lonely,benny blanco,Lonely,benny-blanco,lonely,benny-blanco,lonely,2023-08-10,https://storage.googleapis.com/music8-json-prod/data/songs/benny-blanco_lonely.json
017067fe-24a9-4a2a-9d51-10d15a21ee0d,benny blanco - Ojos Tristes,benny blanco,Ojos Tristes,benny-blanco,ojos-tristes,benny-blanco,ojos-tristes,2025-03-20,https://storage.googleapis.com/music8-json-prod/data/songs/benny-blanco_ojos-tristes.json
801644d8-14f5-4314-b378-4324f5896b56,benny blanco - Sunset Blvd,benny blanco,Sunset Blvd,benny-blanco,sunset-blvd,benny-blanco,sunset-blvd,2025-03-13,https://storage.googleapis.com/music8-json-prod/data/songs/benny-blanco_sunset-blvd.json
c6334d16-54c5-4460-b4e4-aa9b32027946,benny blanco - Younger And Hotter Than Me,benny blanco,Younger And Hotter Than Me,benny-blanco,younger-and-hotter-than-me,benny-blanco,younger-and-hotter-than-me,2025-03-21,https://storage.googleapis.com/music8-json-prod/data/songs/benny-blanco_younger-and-hotter-than-me.json
c9941b86-78b7-43d8-b041-b2aa5f2ccf0d,benny mayne - Karma,benny mayne,Karma,benny-mayne,karma-6,benny-mayne,karma-6,2024-12-11,https://storage.googleapis.com/music8-json-prod/data/songs/benny-mayne_karma-6.json
8b4822bf-e906-430e-a1ff-761fb8d62226,Bens - Still Spinnin,Bens,Still Spinnin,bens,still-spinnin,bens,still-spinnin,2025-10-25,https://storage.googleapis.com/music8-json-prod/data/songs/bens_still-spinnin.json
2166cb4e-33ff-4f61-84cc-f5eca290d804,Benziboy - 2nluv,Benziboy,2nluv,benziboy,2nluv,benziboy,2nluv,2022-07-07,https://storage.googleapis.com/music8-json-prod/data/songs/benziboy_2nluv.json
1c8148aa-528d-4503-bac3-469b6e7c6e32,Berger - Come Come,Berger,Come Come,berger,come-come,berger,come-come,2023-11-17,https://storage.googleapis.com/music8-json-prod/data/songs/berger_come-come.json
d4c2868b-c49a-4761-9b35-b44d504a94e3,Bert McCracken - Body Bag,Bert McCracken,Body Bag,bert-mccracken,body-bag,bert-mccracken,body-bag,2020-09-28,https://storage.googleapis.com/music8-json-prod/data/songs/bert-mccracken_body-bag.json
d017c9a2-a448-4adc-b197-d6886d1c1dee,Best Instrumental Songs Ghibli - Nausicaä Of The Valley Of The Wind Soundtrack Collection,Best Instrumental Songs Ghibli,Nausicaä Of The Valley Of The Wind Soundtrack Collection,,,best-instrumental-songs-ghibli,nausica-of-the-valley-of-the-wind-soundtrack-collection,,https://storage.googleapis.com/music8-json-prod/data/songs/best-instrumental-songs-ghibli_nausica-of-the-valley-of-the-wind-soundtrack-collection.json
8e224323-1442-48e0-967a-475e2e898f92,Beth Anderson - Neverending Story,Beth Anderson,Neverending Story,beth-anderson,neverending-story,beth-anderson,neverending-story,2009-09-24,https://storage.googleapis.com/music8-json-prod/data/songs/beth-anderson_neverending-story.json
4e89321a-a634-42b5-9e19-b5e150d4e61b,Beth Hart - Stormy Monday,Beth Hart,Stormy Monday,beth-hart,stormy-monday,beth-hart,stormy-monday,2024-05-16,https://storage.googleapis.com/music8-json-prod/data/songs/beth-hart_stormy-monday.json
4abd4f69-7d62-4f28-9a89-0f34933a22da,Bethany Cosentino - Call To Love,Bethany Cosentino,Call To Love,bethany-cosentino,call-to-love,bethany-cosentino,call-to-love,2020-04-17,https://storage.googleapis.com/music8-json-prod/data/songs/bethany-cosentino_call-to-love.json
992275b2-30f5-4592-ae64-0abe1353874f,Betsy - Fair,Betsy,Fair,betsy,fair,betsy,fair,2024-07-04,https://storage.googleapis.com/music8-json-prod/data/songs/betsy_fair.json
34b06f9a-0ca8-439b-ba76-ba29454e159a,Bettye LaVette - The Last Goodbye,Bettye LaVette,The Last Goodbye,bettye-lavette,the-last-goodbye,bettye-lavette,the-last-goodbye,2022-02-07,https://storage.googleapis.com/music8-json-prod/data/songs/bettye-lavette_the-last-goodbye.json
f178b772-ad9f-4263-866c-7178ced8cd54,between you me - Go To Hell,between you me,Go To Hell,between-you-me,go-to-hell-feat-yours-truly,between-you-me,go-to-hell-feat-yours-truly,2021-11-23,https://storage.googleapis.com/music8-json-prod/data/songs/between-you-me_go-to-hell-feat-yours-truly.json
0db2fc8e-6f70-42c8-8b5e-5a2a6b199268,Beyoncé - Baby Boy,Beyoncé,Baby Boy,beyonce,baby-boy,beyonce,baby-boy,2003-06-24,https://storage.googleapis.com/music8-json-prod/data/songs/beyonce_baby-boy.json
3d8cb440-3238-4146-95c9-5e893addfa0d,Bhaskar - Tina,Bhaskar,Tina,bhaskar,tina,bhaskar,tina,2023-03-09,https://storage.googleapis.com/music8-json-prod/data/songs/bhaskar_tina.json
2eeec4d3-aff7-44b0-a5df-2fb0ab1800e0,Bianca Costa - Immortal Queen,Bianca Costa,Immortal Queen,bianca-costa,immortal-queen-2,bianca-costa,immortal-queen-2,2024-05-30,https://storage.googleapis.com/music8-json-prod/data/songs/bianca-costa_immortal-queen-2.json
46001662-9ecc-4594-bdb8-a46f965568b8,Bibi Bourelly - Exhilarate,Bibi Bourelly,Exhilarate,bibi-bourelly,exhilarate,bibi-bourelly,exhilarate,2024-08-28,https://storage.googleapis.com/music8-json-prod/data/songs/bibi-bourelly_exhilarate.json
18b7ca09-d006-49d1-b777-b35bae3a252d,Big Bo - Stay Right There,Big Bo,Stay Right There,big-bo,stay-right-there,big-bo,stay-right-there,2025-07-29,https://storage.googleapis.com/music8-json-prod/data/songs/big-bo_stay-right-there.json
3a43082f-409a-47b1-b150-70373b61ba2a,Big Boi - Palm Reader,Big Boi,Palm Reader,big-boi,palm-reader,big-boi,palm-reader,2021-03-04,https://storage.googleapis.com/music8-json-prod/data/songs/big-boi_palm-reader.json
33263739-3de9-49f4-8528-27fcffd797ab,Big Boss Vette - Hit It,Big Boss Vette,Hit It,big-boss-vette,hit-it-2,big-boss-vette,hit-it-2,2023-09-20,https://storage.googleapis.com/music8-json-prod/data/songs/big-boss-vette_hit-it-2.json
2408c9d6-5387-485a-84bc-03259af90d81,Big Country - The Storm,Big Country,The Storm,,,big-country,the-storm,,https://storage.googleapis.com/music8-json-prod/data/songs/big-country_the-storm.json
8a0e070a-d372-4172-b541-e17b2fd4f2dd,Big Fun - You've Got A Friend,Big Fun,You've Got A Friend,big-fun,youve-got-a-friend,big-fun,youve-got-a-friend,1990-06-11,https://storage.googleapis.com/music8-json-prod/data/songs/big-fun_youve-got-a-friend.json
7bac07d0-90e5-4054-89c5-93706262c7e9,Big Hit - Paisley Dreams,Big Hit,Paisley Dreams,big-hit,paisley-dreams-p-fiction,big-hit,paisley-dreams-p-fiction,2024-01-01,https://storage.googleapis.com/music8-json-prod/data/songs/big-hit_paisley-dreams-p-fiction.json
57986b11-5d3c-4ccb-b285-2476c27b291e,Big K.R.I.T. - Your Wish,Big K.R.I.T.,Your Wish,big-k-r-i-t,your-wish,big-k-r-i-t,your-wish,2023-12-19,https://storage.googleapis.com/music8-json-prod/data/songs/big-k-r-i-t_your-wish.json
f1d8faaa-34e9-45ad-82c5-947ec9b13675,Big Sean - Alone,Big Sean,Alone,big-sean,alone-2,big-sean,alone-2,2017-06-01,https://storage.googleapis.com/music8-json-prod/data/songs/big-sean_alone-2.json
1fe5120e-d7f7-4929-8ff4-83b4c74b4747,Big Sean - Beautiful Scars,Big Sean,Beautiful Scars,big-sean,beautiful-scars,big-sean,beautiful-scars,2025-01-30,https://storage.googleapis.com/music8-json-prod/data/songs/big-sean_beautiful-scars.json
2d5b9572-baa3-4ec9-8440-5d2a631ae35a,Big Sean - Common,Big Sean,Common,big-sean,common,big-sean,common,2023-01-26,https://storage.googleapis.com/music8-json-prod/data/songs/big-sean_common.json
327f02dc-46a4-4526-826a-386b5410c083,Big Sean - Easy Lover,Big Sean,Easy Lover,big-sean,easy-lover-2,big-sean,easy-lover-2,2023-06-22,https://storage.googleapis.com/music8-json-prod/data/songs/big-sean_easy-lover-2.json
83a3725a-a50a-463b-a58c-76cc84c2160d,Big Sean - Hate Our Love,Big Sean,Hate Our Love,big-sean,hate-our-love,big-sean,hate-our-love,2022-02-03,https://storage.googleapis.com/music8-json-prod/data/songs/big-sean_hate-our-love.json
2922070e-c070-4d78-83a8-25e9750b5cbd,Big Sean - I Think Of You,Big Sean,I Think Of You,big-sean,i-think-of-you,big-sean,i-think-of-you,2017-02-03,https://storage.googleapis.com/music8-json-prod/data/songs/big-sean_i-think-of-you.json
d0e6d587-9489-4114-af43-85ab12d289d9,Big Sean - Man In The Mirror,Big Sean,Man In The Mirror,big-sean,man-in-the-mirror-2,big-sean,man-in-the-mirror-2,2025-10-29,https://storage.googleapis.com/music8-json-prod/data/songs/big-sean_man-in-the-mirror-2.json
312de189-c38b-4e56-aac0-f8bfef4390a7,Big Sean - Michigan,Big Sean,Michigan,big-sean,michigan,big-sean,michigan,2025-04-13,https://storage.googleapis.com/music8-json-prod/data/songs/big-sean_michigan.json
9682458e-2c90-4abc-b409-d9ecf8957210,Big Sean - Mula,Big Sean,Mula,big-sean,mula,big-sean,mula,2025-10-11,https://storage.googleapis.com/music8-json-prod/data/songs/big-sean_mula.json
96e092d4-385e-44b4-afba-f847dd983533,Big Sean - Sharks,Big Sean,Sharks,big-sean,sharks-2,big-sean,sharks-2,2025-06-06,https://storage.googleapis.com/music8-json-prod/data/songs/big-sean_sharks-2.json
121898f1-66a4-4ea2-ac9c-fea472c956ac,Big Sean - Shut Up,Big Sean,Shut Up,big-sean,shut-up-2,big-sean,shut-up-2,2024-05-30,https://storage.googleapis.com/music8-json-prod/data/songs/big-sean_shut-up-2.json
471605af-5ab6-4e31-91e5-4ae50a88da4b,Big Sean - Vibes Don't Lie,Big Sean,Vibes Don't Lie,big-sean,vibes-dont-lie,big-sean,vibes-dont-lie,2025-05-29,https://storage.googleapis.com/music8-json-prod/data/songs/big-sean_vibes-dont-lie.json
7ce34638-b13b-4851-b53e-d7933419a56a,Big Sean - Yno,Big Sean,Yno,big-sean,yno,big-sean,yno,2025-11-07,https://storage.googleapis.com/music8-json-prod/data/songs/big-sean_yno.json
09abfdae-608d-48ec-b0e9-0b3fb38b1721,BIG SPECIAL - The Good Life,BIG SPECIAL,The Good Life,big-special,the-good-life-2,big-special,the-good-life-2,2025-10-20,https://storage.googleapis.com/music8-json-prod/data/songs/big-special_the-good-life-2.json
44359394-0d59-4265-af08-07b17589f05c,BigXthaPlug - All Gas No Brakes,BigXthaPlug,All Gas No Brakes,bigxthaplug,all-gas-no-brakes-2,bigxthaplug,all-gas-no-brakes-2,2025-06-19,https://storage.googleapis.com/music8-json-prod/data/songs/bigxthaplug_all-gas-no-brakes-2.json
48ca6ae8-d1e8-4d5b-b6eb-3e484c4e59cd,BigXthaPlug - Drink Don't Need No Mix,BigXthaPlug,Drink Don't Need No Mix,bigxthaplug,drink-dont-need-no-mix,bigxthaplug,drink-dont-need-no-mix,2024-05-31,https://storage.googleapis.com/music8-json-prod/data/songs/bigxthaplug_drink-dont-need-no-mix.json
d1b83e00-a6dc-42d3-8ba6-5e9ff987b7ea,Biig Piig - Hi-fidelity,Biig Piig,Hi-fidelity,biig-piig,hi-fidelity,biig-piig,hi-fidelity,2022-05-30,https://storage.googleapis.com/music8-json-prod/data/songs/biig-piig_hi-fidelity.json
bf3da81d-0d8c-4b16-b370-71597f864844,Biig Piig - Sweet,Biig Piig,Sweet,biig-piig,sweet-2,biig-piig,sweet-2,2025-01-28,https://storage.googleapis.com/music8-json-prod/data/songs/biig-piig_sweet-2.json
b31e8317-7fb9-4a71-9aa1-b5b350acd4ab,Bill Withers - Lovely Day,Bill Withers,Lovely Day,,,bill-withers,lovely-day,,https://storage.googleapis.com/music8-json-prod/data/songs/bill-withers_lovely-day.json
19c4d0c0-7f43-4800-b234-af655c432c36,Billie Eilish - Guess Featuring Billie Eilish,Billie Eilish,Guess Featuring Billie Eilish,billie-eilish,guess-featuring-billie-eilish,billie-eilish,guess-featuring-billie-eilish,2024-08-01,https://storage.googleapis.com/music8-json-prod/data/songs/billie-eilish_guess-featuring-billie-eilish.json
a07379d9-d333-4604-bfc3-924ae600d6a2,"Billie Eilish - Sorry, I Like You",Billie Eilish,"Sorry, I Like You",billie-eilish,sorry-i-like-you,billie-eilish,sorry-i-like-you,2022-09-07,https://storage.googleapis.com/music8-json-prod/data/songs/billie-eilish_sorry-i-like-you.json
63ec22dd-9c48-4c49-b4af-7aa0124d19fd,Billy Idol - Night Crawling,Billy Idol,Night Crawling,billy-idol,night-crawling,billy-idol,night-crawling,2020-11-26,https://storage.googleapis.com/music8-json-prod/data/songs/billy-idol_night-crawling.json
7cba8902-fa9c-4334-8790-302224e7d4df,Billy Ray Cyrus - Old Town Road,Billy Ray Cyrus,Old Town Road,billy-ray-cyrus,old-town-road,billy-ray-cyrus,old-town-road,2019-06-20,https://storage.googleapis.com/music8-json-prod/data/songs/billy-ray-cyrus_old-town-road.json
f4a0be5b-89b1-413c-a3ac-b208acf36912,BIPOLAR SUNSHINE - Paradise,BIPOLAR SUNSHINE,Paradise,bipolar-sunshine,paradise-11,bipolar-sunshine,paradise-11,2025-05-16,https://storage.googleapis.com/music8-json-prod/data/songs/bipolar-sunshine_paradise-11.json
b01801d3-85b9-4fcd-9171-1fce2014874f,BJ The Chicago Kid - Bitter Lovers Ft. Bj The Chicago Kid,BJ The Chicago Kid,Bitter Lovers Ft. Bj The Chicago Kid,bj-the-chicago-kid,bitter-lovers-ft-bj-the-chicago-kid,bj-the-chicago-kid,bitter-lovers-ft-bj-the-chicago-kid,2023-07-04,https://storage.googleapis.com/music8-json-prod/data/songs/bj-the-chicago-kid_bitter-lovers-ft-bj-the-chicago-kid.json
2b3a8b24-e19b-4e46-9e26-b567df14d43e,Bjork - Berghain,Bjork,Berghain,bjork,berghain,bjork,berghain,2025-10-27,https://storage.googleapis.com/music8-json-prod/data/songs/bjork_berghain.json
8a743ac3-dc12-44d6-8631-ffe8f8b75ffa,Black Eyed Peas - Don't You Worry,Black Eyed Peas,Don't You Worry,black-eyed-peas,dont-you-worry-2,black-eyed-peas,dont-you-worry-2,2022-06-16,https://storage.googleapis.com/music8-json-prod/data/songs/black-eyed-peas_dont-you-worry-2.json
8f3ad963-5e07-4c0b-80cc-e0a897cecbe9,Black Eyed Peas - Rock That Body Hq,Black Eyed Peas,Rock That Body Hq,,,black-eyed-peas,rock-that-body-hq,,https://storage.googleapis.com/music8-json-prod/data/songs/black-eyed-peas_rock-that-body-hq.json
c08a1bf5-7e64-46d0-b2f1-ebeca5f961a7,Black Honey - Disco Dream,Black Honey,Disco Dream,black-honey,disco-dream,black-honey,disco-dream,2025-09-10,https://storage.googleapis.com/music8-json-prod/data/songs/black-honey_disco-dream.json
c5224516-2dd2-46f9-ae39-fa94b495a5d3,Black Soil - Alleys Of My Mind,Black Soil,Alleys Of My Mind,black-soil,alleys-of-my-mind,black-soil,alleys-of-my-mind,2025-05-16,https://storage.googleapis.com/music8-json-prod/data/songs/black-soil_alleys-of-my-mind.json
4737e811-1efa-4552-bb93-90403305253d,Black Soil - Let It Burn,Black Soil,Let It Burn,black-soil,let-it-burn-2,black-soil,let-it-burn-2,2025-04-04,https://storage.googleapis.com/music8-json-prod/data/songs/black-soil_let-it-burn-2.json
5a9bff3b-19e7-4546-b94c-9f222a997d72,Black Thought - Thunderdome,Black Thought,Thunderdome,black-thought,thunderdome,black-thought,thunderdome,2023-05-11,https://storage.googleapis.com/music8-json-prod/data/songs/black-thought_thunderdome.json
9ad074bd-a324-49fc-9a39-b44ae4e34f41,Black Veil Brides - The End Of Us,Black Veil Brides,The End Of Us,black-veil-brides,the-end-of-us,black-veil-brides,the-end-of-us,2025-12-04,https://storage.googleapis.com/music8-json-prod/data/songs/black-veil-brides_the-end-of-us.json
fed5bac8-d061-4852-9234-f424bdfa3129,blackbear - Drugs,blackbear,Drugs,blackbear,drugs-2,blackbear,drugs-2,2019-01-17,https://storage.googleapis.com/music8-json-prod/data/songs/blackbear_drugs-2.json
1360a12c-89c5-4e8c-9f56-ca71a5d240a2,blackbear - Enemy,blackbear,Enemy,blackbear,enemy-3,blackbear,enemy-3,2026-04-02,https://storage.googleapis.com/music8-json-prod/data/songs/blackbear_enemy-3.json
23a6aad7-f760-4854-9a62-6b23ec5db7a7,blackbear - Fmk,blackbear,Fmk,blackbear,fmk,blackbear,fmk,2022-09-15,https://storage.googleapis.com/music8-json-prod/data/songs/blackbear_fmk.json
a7134002-acc3-40fc-b7ce-8ba786e62f0e,blackbear - Make Up Sex,blackbear,Make Up Sex,blackbear,make-up-sex,blackbear,make-up-sex,2022-03-24,https://storage.googleapis.com/music8-json-prod/data/songs/blackbear_make-up-sex.json
4aeb07ec-9a32-45ed-96d7-03ab9cf388c9,blackbear - My Ex's Best Friend,blackbear,My Ex's Best Friend,blackbear,my-exs-best-friend,blackbear,my-exs-best-friend,2020-09-24,https://storage.googleapis.com/music8-json-prod/data/songs/blackbear_my-exs-best-friend.json
4af5a68e-b66e-4585-9803-9df2c54b3236,blackbear - Tongue Tied,blackbear,Tongue Tied,blackbear,tongue-tied,blackbear,tongue-tied,2023-08-10,https://storage.googleapis.com/music8-json-prod/data/songs/blackbear_tongue-tied.json
f1d43b31-573d-461b-93ac-28c22b281fb4,blackbear - Wish I Could Forget,blackbear,Wish I Could Forget,blackbear,wish-i-could-forget,blackbear,wish-i-could-forget,2023-05-19,https://storage.googleapis.com/music8-json-prod/data/songs/blackbear_wish-i-could-forget.json
dc4158ee-7b27-485a-ab48-7ecd8cd9ea40,BLACKPINK - Kiss And Make Up,BLACKPINK,Kiss And Make Up,blackpink,kiss-and-make-up,blackpink,kiss-and-make-up,2018-10-18,https://storage.googleapis.com/music8-json-prod/data/songs/blackpink_kiss-and-make-up.json
7ae55364-2fea-4f30-a26a-40b6c980189f,Bladee - Ceremony,Bladee,Ceremony,bladee,ceremony,bladee,ceremony,2023-02-23,https://storage.googleapis.com/music8-json-prod/data/songs/bladee_ceremony.json
6ac41570-1d4a-4115-8d28-395f0bc47959,Bladee - Expression On Your Face,Bladee,Expression On Your Face,bladee,expression-on-your-face,bladee,expression-on-your-face,2025-06-11,https://storage.googleapis.com/music8-json-prod/data/songs/bladee_expression-on-your-face.json
b2eba9fc-5193-4130-86bb-7d7b01df1712,Bladee - Golden God,Bladee,Golden God,bladee,golden-god,bladee,golden-god,2024-03-14,https://storage.googleapis.com/music8-json-prod/data/songs/bladee_golden-god.json
75edaa06-9a2a-4541-80c8-d7267bd6a00c,Bladee - Take Me By The Hand,Bladee,Take Me By The Hand,bladee,take-me-by-the-hand,bladee,take-me-by-the-hand,2025-01-16,https://storage.googleapis.com/music8-json-prod/data/songs/bladee_take-me-by-the-hand.json
b9beab4a-a3d3-4a96-8bc2-827fc1f9b306,Bladee - Things Happen,Bladee,Things Happen,bladee,things-happen,bladee,things-happen,2024-03-30,https://storage.googleapis.com/music8-json-prod/data/songs/bladee_things-happen.json
def51016-10c2-46d4-b7e2-94be083fe335,Blake Shelton - Purple Irises,Blake Shelton,Purple Irises,blake-shelton,purple-irises-2,blake-shelton,purple-irises-2,2024-12-23,https://storage.googleapis.com/music8-json-prod/data/songs/blake-shelton_purple-irises-2.json
78f0add9-f401-4c85-84d0-8b0b01b6e468,Blake Shelton - You Make It Feel Like Christmas,Blake Shelton,You Make It Feel Like Christmas,blake-shelton,you-make-it-feel-like-christmas,blake-shelton,you-make-it-feel-like-christmas,2023-08-06,https://storage.googleapis.com/music8-json-prod/data/songs/blake-shelton_you-make-it-feel-like-christmas.json
e1d7b9dd-5e29-4f1d-868a-25f775c31c5a,Blanco Brown - Just The Way,Blanco Brown,Just The Way,blanco-brown,just-the-way,blanco-brown,just-the-way,2021-07-29,https://storage.googleapis.com/music8-json-prod/data/songs/blanco-brown_just-the-way.json
d964592f-fa51-442e-8b6d-0b927bf6139c,"Blanke - Everywhere, Nowhere",Blanke,"Everywhere, Nowhere",blanke,everywhere-nowhere,blanke,everywhere-nowhere,2024-02-29,https://storage.googleapis.com/music8-json-prod/data/songs/blanke_everywhere-nowhere.json
5ccd423a-2ce3-4890-b399-9665b2b05a70,Blasterjaxx - Fuego,Blasterjaxx,Fuego,blasterjaxx,fuego,blasterjaxx,fuego,2023-09-15,https://storage.googleapis.com/music8-json-prod/data/songs/blasterjaxx_fuego.json
15b0d246-ae3c-4083-89ac-36075c56be14,Blazy - Chimera,Blazy,Chimera,blazy,chimera,blazy,chimera,2025-03-12,https://storage.googleapis.com/music8-json-prod/data/songs/blazy_chimera.json
bbde4717-9027-4ec7-a91f-9ed6bd8d21c0,Bleachers - Entropy,Bleachers,Entropy,bleachers,entropy,bleachers,entropy,2015-03-14,https://storage.googleapis.com/music8-json-prod/data/songs/bleachers_entropy.json
9bce6702-1df7-4e04-9f2b-9ee95344b132,Blind Guardian - Finsterwacht,Blind Guardian,Finsterwacht,blind-guardian,finsterwacht,blind-guardian,finsterwacht,2024-03-01,https://storage.googleapis.com/music8-json-prod/data/songs/blind-guardian_finsterwacht.json
b8639435-2d5f-47fb-99e2-3e2cae4e2836,Blindside - Overdose,Blindside,Overdose,blindside,overdose,blindside,overdose,2025-01-08,https://storage.googleapis.com/music8-json-prod/data/songs/blindside_overdose.json
43805aa1-3829-4f6e-9e08-e489b7d500ad,Blockheads - Hit Me With Your Rhythm Stick,Blockheads,Hit Me With Your Rhythm Stick,blockheads,hit-me-with-your-rhythm-stick,blockheads,hit-me-with-your-rhythm-stick,1986-12-31,https://storage.googleapis.com/music8-json-prod/data/songs/blockheads_hit-me-with-your-rhythm-stick.json
42f57823-018a-48b8-b7e9-3bdbbf389406,Blood Diamonds - Go,Blood Diamonds,Go,blood-diamonds,grimes-go,blood-diamonds,grimes-go,2020-02-20,https://storage.googleapis.com/music8-json-prod/data/songs/blood-diamonds_grimes-go.json
aa4ca0cb-56e4-4c94-8848-58bfd6773f15,Blood Orange - Alien Love Call,Blood Orange,Alien Love Call,blood-orange,alien-love-call,blood-orange,alien-love-call,2021-07-13,https://storage.googleapis.com/music8-json-prod/data/songs/blood-orange_alien-love-call.json
3542db8b-2a1f-4cce-89fd-bb8a7a6f0829,bludnymph - Self Destruction Mode,bludnymph,Self Destruction Mode,bludnymph,self-destruction-mode,bludnymph,self-destruction-mode,2023-06-01,https://storage.googleapis.com/music8-json-prod/data/songs/bludnymph_self-destruction-mode.json
7ac893bb-a3e3-4047-8bd9-cfb0924e4824,Blue Lights - Jorja Smith,Blue Lights,Jorja Smith,,,blue-lights,jorja-smith,,https://storage.googleapis.com/music8-json-prod/data/songs/blue-lights_jorja-smith.json
772d8397-6ba8-4218-b9b3-84f23f4db58c,Blue Lovett - Shining Star,Blue Lovett,Shining Star,blue-lovett,shining-star-2,blue-lovett,shining-star-2,2021-07-30,https://storage.googleapis.com/music8-json-prod/data/songs/blue-lovett_shining-star-2.json
23a61417-488e-4274-8ec9-b8706cfe370e,Blxst - Exit 9,Blxst,Exit 9,blxst,exit-9,blxst,exit-9,2024-04-02,https://storage.googleapis.com/music8-json-prod/data/songs/blxst_exit-9.json
e264f4be-21de-42ab-8a25-84ed8798c366,Blxst - Wait Too Long,Blxst,Wait Too Long,blxst,wait-too-long,blxst,wait-too-long,2022-02-16,https://storage.googleapis.com/music8-json-prod/data/songs/blxst_wait-too-long.json
9825d8f6-985e-4dc7-aabd-79abe5480809,Blxst - West Coast Weekend,Blxst,West Coast Weekend,blxst,west-coast-weekend,blxst,west-coast-weekend,2023-06-29,https://storage.googleapis.com/music8-json-prod/data/songs/blxst_west-coast-weekend.json
bd0686b7-d62c-4dda-908e-c458246b71dc,blythe - Mind Still,blythe,Mind Still,blythe,mind-still,blythe,mind-still,2024-04-04,https://storage.googleapis.com/music8-json-prod/data/songs/blythe_mind-still.json
d6365270-4062-4bdd-9965-5fd80c3ea944,BNXN - Propeller,BNXN,Propeller,bnxn,propeller,bnxn,propeller,2022-07-28,https://storage.googleapis.com/music8-json-prod/data/songs/bnxn_propeller.json
398e9bbf-0af7-4b25-a497-dabd4d879a47,Bob Seger - Old Time Rock And Roll,Bob Seger,Old Time Rock And Roll,,,bob-seger,old-time-rock-and-roll,,https://storage.googleapis.com/music8-json-prod/data/songs/bob-seger_old-time-rock-and-roll.json
1df8a43e-8a9e-4bfc-8d2a-2bb61a9ea736,Bob Vylan - New England,Bob Vylan,New England,bob-vylan,new-england,bob-vylan,new-england,2022-01-06,https://storage.googleapis.com/music8-json-prod/data/songs/bob-vylan_new-england.json
dabb357e-aba4-4ee9-a7b5-63c3f83550fe,Boehm - Back 2 U,Boehm,Back 2 U,boehm,back-2-u,boehm,back-2-u,2016-05-18,https://storage.googleapis.com/music8-json-prod/data/songs/boehm_back-2-u.json
c8be8891-1b78-46c3-a515-dd6630008e16,Bon Iver - Exile,Bon Iver,Exile,bon-iver,exile,bon-iver,exile,2020-07-23,https://storage.googleapis.com/music8-json-prod/data/songs/bon-iver_exile.json
ef852040-da94-4ba4-88d0-78c65f74662a,Bon Iver - Weird Goodbyes,Bon Iver,Weird Goodbyes,bon-iver,weird-goodbyes,bon-iver,weird-goodbyes,2022-08-22,https://storage.googleapis.com/music8-json-prod/data/songs/bon-iver_weird-goodbyes.json
9eaf5caa-fe1b-415b-a96c-89ddcf145139,Bon Jovi - The Peoples House,Bon Jovi,The Peoples House,bon-jovi,the-peoples-house,bon-jovi,the-peoples-house,2024-08-28,https://storage.googleapis.com/music8-json-prod/data/songs/bon-jovi_the-peoples-house.json
c8caf5ef-a279-438b-b431-4e72cb40cb8e,Boosie Badazz - Pour Me A Drank,Boosie Badazz,Pour Me A Drank,boosie-badazz,pour-me-a-drank-2,boosie-badazz,pour-me-a-drank-2,2024-06-13,https://storage.googleapis.com/music8-json-prod/data/songs/boosie-badazz_pour-me-a-drank-2.json
45b2f931-9c28-44e3-ac74-07f63124e0c6,Bootsy Collins - Hip Hop Lollipop,Bootsy Collins,Hip Hop Lollipop,bootsy-collins,hip-hop-lollipop,bootsy-collins,hip-hop-lollipop,2022-02-24,https://storage.googleapis.com/music8-json-prod/data/songs/bootsy-collins_hip-hop-lollipop.json
9ff61565-b795-43d5-9853-00b009d4aabe,Bootsy Collins - The Joker,Bootsy Collins,The Joker,bootsy-collins,fatboy-slim-the-joker-ft-bootsy-collins,bootsy-collins,fatboy-slim-the-joker-ft-bootsy-collins,2003-12-31,https://storage.googleapis.com/music8-json-prod/data/songs/bootsy-collins_fatboy-slim-the-joker-ft-bootsy-collins.json
4d1cb7dc-5b36-4874-9eb1-b25c3730082c,Bootsy Collins - Weapon Of Choice,Bootsy Collins,Weapon Of Choice,bootsy-collins,weapon-of-choice,bootsy-collins,weapon-of-choice,2005-12-31,https://storage.googleapis.com/music8-json-prod/data/songs/bootsy-collins_weapon-of-choice.json
fdc4131a-39af-4fc0-b3fd-59a47c6a160d,BossLife Big Spence - Pimpin Like Kenny Red,BossLife Big Spence,Pimpin Like Kenny Red,bosslife-big-spence,pimpin-like-kenny-red,bosslife-big-spence,pimpin-like-kenny-red,2025-05-08,https://storage.googleapis.com/music8-json-prod/data/songs/bosslife-big-spence_pimpin-like-kenny-red.json
bd7fd9cc-14b9-48fb-82eb-ae7a22fcbad2,"Bou - Baddadan Ft. Irah, Flowdan, Trigga, Takura",Bou,"Baddadan Ft. Irah, Flowdan, Trigga, Takura",bou,baddadan-ft-irah-flowdan-trigga-takura,bou,baddadan-ft-irah-flowdan-trigga-takura,2023-08-17,https://storage.googleapis.com/music8-json-prod/data/songs/bou_baddadan-ft-irah-flowdan-trigga-takura.json
7ab7968c-46ea-4c70-94fd-0df9d1993214,Bou - Deep,Bou,Deep,bou,deep,bou,deep,2022-05-03,https://storage.googleapis.com/music8-json-prod/data/songs/bou_deep.json
0e2ca480-74a7-43c1-9064-fc99e366efcf,Bounty Killer - Hey Baby,Bounty Killer,Hey Baby,bounty-killer,hey-baby,bounty-killer,hey-baby,2001-12-10,https://storage.googleapis.com/music8-json-prod/data/songs/bounty-killer_hey-baby.json
5dcc952a-78b6-4d7a-a9f6-21876e105790,Boy George - Broken Tomorrow,Boy George,Broken Tomorrow,boy-george,broken-tomorrow,boy-george,broken-tomorrow,2026-01-29,https://storage.googleapis.com/music8-json-prod/data/songs/boy-george_broken-tomorrow.json
f882efcb-2a94-44c8-a977-5c3b33ef8080,Boy George - Let The Flowers Grow,Boy George,Let The Flowers Grow,boy-george,let-the-flowers-grow,boy-george,let-the-flowers-grow,2024-11-07,https://storage.googleapis.com/music8-json-prod/data/songs/boy-george_let-the-flowers-grow.json
221b2c2d-e4f6-4fc8-9a92-01c9620ff6e2,Boys Noize - Arintintin,Boys Noize,Arintintin,boys-noize,arintintin,boys-noize,arintintin,2024-02-28,https://storage.googleapis.com/music8-json-prod/data/songs/boys-noize_arintintin.json
e7ad4166-adaa-4d75-bd04-e854349b5420,Boys Of Fall - You Don't Even Think About Me,Boys Of Fall,You Don't Even Think About Me,boys-of-fall,you-dont-even-think-about-me,boys-of-fall,you-dont-even-think-about-me,2023-02-17,https://storage.googleapis.com/music8-json-prod/data/songs/boys-of-fall_you-dont-even-think-about-me.json
df8bcfc1-8445-4bdc-a214-0a5d6cfedb1c,BoyWithUke - Sick Of U,BoyWithUke,Sick Of U,boywithuke,sick-of-u,boywithuke,sick-of-u,2022-09-29,https://storage.googleapis.com/music8-json-prod/data/songs/boywithuke_sick-of-u.json
7133663f-0708-491c-b0aa-b18b1804f439,Boyz Ii Men - End Of The Road,Boyz Ii Men,End Of The Road,,,boyz-ii-men,end-of-the-road,,https://storage.googleapis.com/music8-json-prod/data/songs/boyz-ii-men_end-of-the-road.json
f8fff2eb-c973-4db8-a8a2-6167c6a54105,Boyz Ii Men - I'll Make Love To You,Boyz Ii Men,I'll Make Love To You,,,boyz-ii-men,1ll-make-love-to-you,,https://storage.googleapis.com/music8-json-prod/data/songs/boyz-ii-men_1ll-make-love-to-you.json
94cca5f9-8ec8-4dc7-996e-5a6f8972c4d4,Boyz Ii Men - Motownphilly,Boyz Ii Men,Motownphilly,,,boyz-ii-men,motownphilly,,https://storage.googleapis.com/music8-json-prod/data/songs/boyz-ii-men_motownphilly.json
dd9991d5-f900-4eb1-a98f-3859b0b889af,Bradley Cooper - Shallow,Bradley Cooper,Shallow,bradley-cooper,shallow,bradley-cooper,shallow,2018-10-04,https://storage.googleapis.com/music8-json-prod/data/songs/bradley-cooper_shallow.json
c320a61b-c7b2-4e0b-aeeb-c6a5dbca68bf,Bradley Nowell - Feel Like That,Bradley Nowell,Feel Like That,bradley-nowell,feel-like-that,bradley-nowell,feel-like-that,2024-05-23,https://storage.googleapis.com/music8-json-prod/data/songs/bradley-nowell_feel-like-that.json
2eab3984-1656-47ea-ba1f-0b5ba266b540,BRÁEES - Lose You Again,BRÁEES,Lose You Again,braves,lose-you-again,braves,lose-you-again,2019-08-22,https://storage.googleapis.com/music8-json-prod/data/songs/braves_lose-you-again.json
5efa5aa7-d84f-4c4c-8f35-d8b6a9433251,Braev - Believe,Braev,Believe,braev,believe-5,braev,believe-5,2026-04-02,https://storage.googleapis.com/music8-json-prod/data/songs/braev_believe-5.json
730c6106-85cd-4001-8106-1bc36e5348b1,Brandi Carlile - Little Blue,Brandi Carlile,Little Blue,brandi-carlile,little-blue,brandi-carlile,little-blue,2023-09-21,https://storage.googleapis.com/music8-json-prod/data/songs/brandi-carlile_little-blue.json
0dbccba2-14bd-4667-9aef-38c8d7ec3408,Brandi Carlile - Little Richard's Bible,Brandi Carlile,Little Richard's Bible,brandi-carlile,little-richards-bible,brandi-carlile,little-richards-bible,2025-04-03,https://storage.googleapis.com/music8-json-prod/data/songs/brandi-carlile_little-richards-bible.json
95631032-d8f6-4d99-aa16-42f802a56bc5,Brandi Carlile - Swing For The Fences,Brandi Carlile,Swing For The Fences,brandi-carlile,swing-for-the-fences,brandi-carlile,swing-for-the-fences,2025-03-07,https://storage.googleapis.com/music8-json-prod/data/songs/brandi-carlile_swing-for-the-fences.json
9b158a15-f018-44e2-916d-c01631687ffd,Brandi Carlile - Who Believes In Angels?,Brandi Carlile,Who Believes In Angels?,brandi-carlile,who-believes-in-angels,brandi-carlile,who-believes-in-angels,2025-02-06,https://storage.googleapis.com/music8-json-prod/data/songs/brandi-carlile_who-believes-in-angels.json
a57cf6f5-baa3-480e-ab9c-b2a262f03129,Brandon Boyd - Glitching Prisms,Brandon Boyd,Glitching Prisms,brandon-boyd,glitching-prisms,brandon-boyd,glitching-prisms,2024-03-06,https://storage.googleapis.com/music8-json-prod/data/songs/brandon-boyd_glitching-prisms.json
f53c9603-bf21-48fc-b7de-2e8eb68a532f,Brandon Saller - Neon Cross,Brandon Saller,Neon Cross,brandon-saller,neon-cross,brandon-saller,neon-cross,2024-09-12,https://storage.googleapis.com/music8-json-prod/data/songs/brandon-saller_neon-cross.json
9bbb67e8-a5b4-4902-bd69-e47a0f770a89,Breakbot - Trying To Be Cool,Breakbot,Trying To Be Cool,breakbot,trying-to-be-cool-breakbot-remix,breakbot,trying-to-be-cool-breakbot-remix,2013-01-01,https://storage.googleapis.com/music8-json-prod/data/songs/breakbot_trying-to-be-cool-breakbot-remix.json
27c557a2-2bff-4890-907a-2661d5e146df,Breaking Benjamin - Waiting On The Sky To Change,Breaking Benjamin,Waiting On The Sky To Change,breaking-benjamin,waiting-on-the-sky-to-change,breaking-benjamin,waiting-on-the-sky-to-change,2022-08-18,https://storage.googleapis.com/music8-json-prod/data/songs/breaking-benjamin_waiting-on-the-sky-to-change.json
477cf83f-5d09-4310-bec6-f3ec35d23852,BRELAND - One Door Closes,BRELAND,One Door Closes,breland,one-door-closes,breland,one-door-closes,2025-03-20,https://storage.googleapis.com/music8-json-prod/data/songs/breland_one-door-closes.json
3b71403a-f5d8-4cfd-b7de-25f08d03e332,Brendon Urie - Me!,Brendon Urie,Me!,brendon-urie,me-3,brendon-urie,me-3,2019-04-25,https://storage.googleapis.com/music8-json-prod/data/songs/brendon-urie_me-3.json
80887ea3-7b81-40ff-ab7b-07207bbcbfae,Brent Faiyaz - Bother Me,Brent Faiyaz,Bother Me,brent-faiyaz,bother-me,brent-faiyaz,bother-me,2025-11-20,https://storage.googleapis.com/music8-json-prod/data/songs/brent-faiyaz_bother-me.json
ffd93f68-45d5-49a3-b72a-b9da95da7076,Brent Faiyaz - Bus Stop,Brent Faiyaz,Bus Stop,brent-faiyaz,bus-stop,brent-faiyaz,bus-stop,2023-02-23,https://storage.googleapis.com/music8-json-prod/data/songs/brent-faiyaz_bus-stop.json
1e9f9681-da95-4066-bbff-5842f662094f,Breskii - Take Me Thru Dere,Breskii,Take Me Thru Dere,breskii,take-me-thru-dere,breskii,take-me-thru-dere,2025-10-01,https://storage.googleapis.com/music8-json-prod/data/songs/breskii_take-me-thru-dere.json
64d68e74-585c-4fbc-b136-704fff84c40c,Brett Eldredge - Under The Mistletoe,Brett Eldredge,Under The Mistletoe,brett-eldredge,under-the-mistletoe,brett-eldredge,under-the-mistletoe,2020-10-27,https://storage.googleapis.com/music8-json-prod/data/songs/brett-eldredge_under-the-mistletoe.json
96328557-1bc1-42e9-9e38-f217c1307b95,Bri Steves - Supaflee,Bri Steves,Supaflee,bri-steves,supaflee,bri-steves,supaflee,2025-09-30,https://storage.googleapis.com/music8-json-prod/data/songs/bri-steves_supaflee.json
999d73c6-f643-4fa0-a597-0a9bdd1b0d6e,Bria Lee - Running In Circles,Bria Lee,Running In Circles,bria-lee,running-in-circles,bria-lee,running-in-circles,2022-11-29,https://storage.googleapis.com/music8-json-prod/data/songs/bria-lee_running-in-circles.json
6632f8c8-269b-49c0-9b59-2d7c56bb5a54,Brian Aubert - The Chemicals,Brian Aubert,The Chemicals,brian-aubert,the-chemicals,brian-aubert,the-chemicals,2021-06-10,https://storage.googleapis.com/music8-json-prod/data/songs/brian-aubert_the-chemicals.json
522ddb76-9a02-4416-9fa6-9bd7efce6369,Brian May - You Made Your Bed,Brian May,You Made Your Bed,brian-may,you-made-your-bed,brian-may,you-made-your-bed,2024-11-13,https://storage.googleapis.com/music8-json-prod/data/songs/brian-may_you-made-your-bed.json
09123d68-337e-48be-80cf-2004b7ddd73e,Bridget Cady - Didn't I,Bridget Cady,Didn't I,bridget-cady,didnt-i,bridget-cady,didnt-i,2018-09-27,https://storage.googleapis.com/music8-json-prod/data/songs/bridget-cady_didnt-i.json
fcc6171c-a005-48ab-b04f-a6eee9dda8cd,Brieanna Grace - Beautiful Places,Brieanna Grace,Beautiful Places,brieanna-grace,beautiful-places,brieanna-grace,beautiful-places,2026-02-18,https://storage.googleapis.com/music8-json-prod/data/songs/brieanna-grace_beautiful-places.json
a5e71463-315c-4b40-afce-cf35ad39be72,Brieanna Grace - Ultra Love,Brieanna Grace,Ultra Love,brieanna-grace,ultra-love,brieanna-grace,ultra-love,2026-03-13,https://storage.googleapis.com/music8-json-prod/data/songs/brieanna-grace_ultra-love.json
5755bff1-86b3-493f-b370-4ec003c307a3,Bring Me The Horizon - Maybe,Bring Me The Horizon,Maybe,bring-me-the-horizon,maybe-3,bring-me-the-horizon,maybe-3,2022-03-24,https://storage.googleapis.com/music8-json-prod/data/songs/bring-me-the-horizon_maybe-3.json
0d649ff1-b058-4495-811e-1e5e6b603bc5,Bring Me The Horizon - Slave To The Rithm,Bring Me The Horizon,Slave To The Rithm,bring-me-the-horizon,slave-to-the-rithm,bring-me-the-horizon,slave-to-the-rithm,2026-02-05,https://storage.googleapis.com/music8-json-prod/data/songs/bring-me-the-horizon_slave-to-the-rithm.json
32096c20-1f4b-4bd2-8683-01934e07a052,Bring Me The Horizon - Werewolf,Bring Me The Horizon,Werewolf,bring-me-the-horizon,werewolf-2,bring-me-the-horizon,werewolf-2,2023-10-31,https://storage.googleapis.com/music8-json-prod/data/songs/bring-me-the-horizon_werewolf-2.json
2e295d0d-0f41-4175-aef6-56662bc61fb4,Bring Me The Horizon - Wonderful Life,Bring Me The Horizon,Wonderful Life,bring-me-the-horizon,wonderful-life-3,bring-me-the-horizon,wonderful-life-3,2018-10-21,https://storage.googleapis.com/music8-json-prod/data/songs/bring-me-the-horizon_wonderful-life-3.json
7e39f9df-5240-490b-8d5e-2b019a4f616f,Britney Spears - Hold Me Closer,Britney Spears,Hold Me Closer,britney-spears,hold-me-closer,britney-spears,hold-me-closer,2022-08-25,https://storage.googleapis.com/music8-json-prod/data/songs/britney-spears_hold-me-closer.json
5c1d7798-7087-4588-a29b-e2432e563d7c,Britney Spears - I'm A Slave 4 U,Britney Spears,I'm A Slave 4 U,,,britney-spears,1m-a-slave-4-u,,https://storage.googleapis.com/music8-json-prod/data/songs/britney-spears_1m-a-slave-4-u.json
2c46898c-567d-4afb-95fb-e4556775cc8f,Britney Spears - Mind Your Business,Britney Spears,Mind Your Business,britney-spears,mind-your-business,britney-spears,mind-your-business,2023-07-20,https://storage.googleapis.com/music8-json-prod/data/songs/britney-spears_mind-your-business.json
11cae0dc-02a5-459d-ba2d-372eb7ac740f,Brittany Howard - Walk Of Fame,Brittany Howard,Walk Of Fame,brittany-howard,walk-of-fame,brittany-howard,walk-of-fame,2025-07-17,https://storage.googleapis.com/music8-json-prod/data/songs/brittany-howard_walk-of-fame.json
4569d15e-daa2-4756-b7c8-a946ba9f0337,Brody Dalle - Girls Talk,Brody Dalle,Girls Talk,brody-dalle,girls-talk,brody-dalle,girls-talk,2021-06-10,https://storage.googleapis.com/music8-json-prod/data/songs/brody-dalle_girls-talk.json
13e7fc0d-42fb-487d-a519-01dc9ab9111c,Broken Heart - Justin Bieber & Tyga Ft. Gunna,Broken Heart,Justin Bieber & Tyga Ft. Gunna,,,broken-heart,justin-bieber-tyga-ft-gunna,,https://storage.googleapis.com/music8-json-prod/data/songs/broken-heart_justin-bieber-tyga-ft-gunna.json
cbd626cc-300a-472e-92f7-dc04847563f1,Bru-C - Tmo,Bru-C,Tmo,bru-c,tmo-turn-me-on,bru-c,tmo-turn-me-on,2023-06-15,https://storage.googleapis.com/music8-json-prod/data/songs/bru-c_tmo-turn-me-on.json
93e9ae30-a8af-40a1-9581-d1fcd4a964fc,Bruce Springsteen - History Books,Bruce Springsteen,History Books,bruce-springsteen,history-books,bruce-springsteen,history-books,2023-07-20,https://storage.googleapis.com/music8-json-prod/data/songs/bruce-springsteen_history-books.json
f2b4d124-b9c6-4a79-837c-22577c329263,Bruce Springsteen - She Don't Love Me Now,Bruce Springsteen,She Don't Love Me Now,bruce-springsteen,she-dont-love-me-now,bruce-springsteen,she-dont-love-me-now,2024-11-13,https://storage.googleapis.com/music8-json-prod/data/songs/bruce-springsteen_she-dont-love-me-now.json
9d7f792a-2968-4cb5-9255-f59333943fcc,Bruiser Wolf - Y.b.p.,Bruiser Wolf,Y.b.p.,bruiser-wolf,y-b-p,bruiser-wolf,y-b-p,2024-01-17,https://storage.googleapis.com/music8-json-prod/data/songs/bruiser-wolf_y-b-p.json
562ec73f-5307-4f38-9877-a6c56f7b0c04,Bruno Mars - Fat Juicy & Wet,Bruno Mars,Fat Juicy & Wet,bruno-mars,fat-juicy-wet,bruno-mars,fat-juicy-wet,2025-01-23,https://storage.googleapis.com/music8-json-prod/data/songs/bruno-mars_fat-juicy-wet.json
0c81e173-5085-4e6c-9f6b-d7c7c65e7a8f,Bruno Mars - Please Me,Bruno Mars,Please Me,bruno-mars,please-me,bruno-mars,please-me,2019-02-14,https://storage.googleapis.com/music8-json-prod/data/songs/bruno-mars_please-me.json
bd3d4b46-a370-4f94-b608-b83501806590,Bruno Mars - Wake Up In The Sky,Bruno Mars,Wake Up In The Sky,bruno-mars,wake-up-in-the-sky-2,bruno-mars,wake-up-in-the-sky-2,2018-10-30,https://storage.googleapis.com/music8-json-prod/data/songs/bruno-mars_wake-up-in-the-sky-2.json
744baaf2-c009-4446-ae9e-2c9480885985,Bruses - Girl$,Bruses,Girl$,bruses,girl,bruses,girl,2024-03-27,https://storage.googleapis.com/music8-json-prod/data/songs/bruses_girl.json
6b156d03-d836-46f7-8eaf-807bc0c30204,Bryan Adams - Don't Give Up,Bryan Adams,Don't Give Up,bryan-adams,dont-give-up-2,bryan-adams,dont-give-up-2,2003-11-26,https://storage.googleapis.com/music8-json-prod/data/songs/bryan-adams_dont-give-up-2.json
cb884fd0-6f1d-41e3-b97d-daf2d0328d8a,Brye - My Bodys My Buddy,Brye,My Bodys My Buddy,brye,my-bodys-my-buddy,brye,my-bodys-my-buddy,2024-08-22,https://storage.googleapis.com/music8-json-prod/data/songs/brye_my-bodys-my-buddy.json
7c3bdaea-2f89-454b-80b2-907c9e6565fb,Bryson Tiller - It Depends,Bryson Tiller,It Depends,bryson-tiller,it-depends,bryson-tiller,it-depends,2025-07-29,https://storage.googleapis.com/music8-json-prod/data/songs/bryson-tiller_it-depends.json
44d4ef70-af65-43ae-8b6b-dacf16b83ee9,Bryson Tiller - Never Lose Me,Bryson Tiller,Never Lose Me,bryson-tiller,never-lose-me,bryson-tiller,never-lose-me,2023-12-23,https://storage.googleapis.com/music8-json-prod/data/songs/bryson-tiller_never-lose-me.json
ce206ba2-729c-4bcc-86e5-8dd3b0eb9115,Bryson Tiller - Wait On It,Bryson Tiller,Wait On It,bryson-tiller,wait-on-it,bryson-tiller,wait-on-it,2024-06-28,https://storage.googleapis.com/music8-json-prod/data/songs/bryson-tiller_wait-on-it.json
f627a08b-97a1-48bf-a80c-8f484093ddfa,Bryson Tiller - You Ft. Bryson Tiller,Bryson Tiller,You Ft. Bryson Tiller,bryson-tiller,you-ft-bryson-tiller,bryson-tiller,you-ft-bryson-tiller,2023-09-21,https://storage.googleapis.com/music8-json-prod/data/songs/bryson-tiller_you-ft-bryson-tiller.json
1241bcce-542b-4953-90bf-560b7f9f54d9,Bts - Left And Right,Bts,Left And Right,bts,left-and-right,bts,left-and-right,2022-06-23,https://storage.googleapis.com/music8-json-prod/data/songs/bts_left-and-right.json
e1e43351-204d-4230-ac7b-3c51a82c4f4f,Bts - Waste It On Me,Bts,Waste It On Me,bts,waste-it-on-me,bts,waste-it-on-me,2018-11-08,https://storage.googleapis.com/music8-json-prod/data/songs/bts_waste-it-on-me.json
b4e78dac-9db3-429f-af19-c235f39afb36,Buckshot - Don’t Front,Buckshot,Don’t Front,buckshot,dont-front,buckshot,dont-front,2023-11-07,https://storage.googleapis.com/music8-json-prod/data/songs/buckshot_dont-front.json
125d4040-fd3d-4ae8-8258-5074fb2bcad9,Buddy - Concentr888,Buddy,Concentr888,buddy,concentr888,buddy,concentr888,2024-08-01,https://storage.googleapis.com/music8-json-prod/data/songs/buddy_concentr888.json
950f9489-d063-4414-b868-b129f049facb,Bugoy Drilon - That's The Way It Is,Bugoy Drilon,That's The Way It Is,bugoy-drilon,thats-the-way-it-is,bugoy-drilon,thats-the-way-it-is,2024-09-11,https://storage.googleapis.com/music8-json-prod/data/songs/bugoy-drilon_thats-the-way-it-is.json
d22d719e-d6aa-48fa-a6ed-3df3ebb5f598,Buju Banton - Hallelujah Heaven,Buju Banton,Hallelujah Heaven,buju-banton,hallelujah-heaven,buju-banton,hallelujah-heaven,2023-12-20,https://storage.googleapis.com/music8-json-prod/data/songs/buju-banton_hallelujah-heaven.json
8929506e-d9dd-4baf-8e09-11367d815096,Buju Banton - Party Girls,Buju Banton,Party Girls,buju-banton,party-girls-ft-buju-banton,buju-banton,party-girls-ft-buju-banton,2023-05-10,https://storage.googleapis.com/music8-json-prod/data/songs/buju-banton_party-girls-ft-buju-banton.json
c455bd16-8d8f-4c9a-a02a-b7a1b4856a6e,Bullet For My Valentine - Halo,Bullet For My Valentine,Halo,bullet-for-my-valentine,halo-2,bullet-for-my-valentine,halo-2,2023-06-01,https://storage.googleapis.com/music8-json-prod/data/songs/bullet-for-my-valentine_halo-2.json
491e5e47-3706-4438-9de4-16a4eb2af724,BullySongs - Good Intentions,BullySongs,Good Intentions,bullysongs,good-intentions,bullysongs,good-intentions,2015-05-14,https://storage.googleapis.com/music8-json-prod/data/songs/bullysongs_good-intentions.json
9416e278-d8ef-4da2-99fd-bebbf5748e81,BullySongs - What We Started,BullySongs,What We Started,bullysongs,what-we-started,bullysongs,what-we-started,2016-07-17,https://storage.googleapis.com/music8-json-prod/data/songs/bullysongs_what-we-started.json
24e5b9a4-bfb5-48cd-9852-1f91801d40f4,Bump J - Vultures,Bump J,Vultures,bump-j,vultures,bump-j,vultures,2023-11-18,https://storage.googleapis.com/music8-json-prod/data/songs/bump-j_vultures.json
1606330c-1f99-4bc6-9f04-2c170c0a872b,Bun B - Trail Ride,Bun B,Trail Ride,bun-b,trail-ride,bun-b,trail-ride,2025-07-10,https://storage.googleapis.com/music8-json-prod/data/songs/bun-b_trail-ride.json
2114c3a8-fc61-4485-86cc-42c3120e19c8,Bunt - Boom,Bunt,Boom,bunt,boom-2,bunt,boom-2,2024-11-12,https://storage.googleapis.com/music8-json-prod/data/songs/bunt_boom-2.json
3046b82f-e829-4f53-b39c-aaf239c5b8a4,Bunt - Herz,Bunt,Herz,bunt,herz,bunt,herz,2024-12-05,https://storage.googleapis.com/music8-json-prod/data/songs/bunt_herz.json
1504807f-bb36-4026-b727-54c2e6117fb6,Burna Boy - Birthday,Burna Boy,Birthday,burna-boy,birthday-2,burna-boy,birthday-2,2026-01-30,https://storage.googleapis.com/music8-json-prod/data/songs/burna-boy_birthday-2.json
df677c1f-dca0-4795-8d03-24f90544619d,Burna Boy - Own It,Burna Boy,Own It,burna-boy,own-it,burna-boy,own-it,2019-12-12,https://storage.googleapis.com/music8-json-prod/data/songs/burna-boy_own-it.json
bc30aabe-6530-45d5-b351-44ce46bad7d5,Busta Rhymes - Azucar,Busta Rhymes,Azucar,busta-rhymes,azucar,busta-rhymes,azucar,2025-11-06,https://storage.googleapis.com/music8-json-prod/data/songs/busta-rhymes_azucar.json
928f231b-caab-4ca4-8fe0-a0a1ad1a664d,Busta Rhymes - Ego Maniacs,Busta Rhymes,Ego Maniacs,busta-rhymes,ego-maniacs,busta-rhymes,ego-maniacs,2024-11-27,https://storage.googleapis.com/music8-json-prod/data/songs/busta-rhymes_ego-maniacs.json
abf3716f-f4b7-4c69-b96b-93e8618db13b,Busta Rhymes - Harder,Busta Rhymes,Harder,busta-rhymes,harder,busta-rhymes,harder,2022-02-09,https://storage.googleapis.com/music8-json-prod/data/songs/busta-rhymes_harder.json
3cd882b4-2490-49d9-bbbb-2145941aeaae,Busta Rhymes - Oh Boy,Busta Rhymes,Oh Boy,busta-rhymes,oh-boy,busta-rhymes,oh-boy,2023-10-10,https://storage.googleapis.com/music8-json-prod/data/songs/busta-rhymes_oh-boy.json
4e9847ba-951f-4d0d-8c41-be29bc496aae,Busta Rhymes - Wassup,Busta Rhymes,Wassup,busta-rhymes,wassup-2,busta-rhymes,wassup-2,2025-08-16,https://storage.googleapis.com/music8-json-prod/data/songs/busta-rhymes_wassup-2.json
81c7c472-e8f8-493f-af24-399a1704a142,Busy Signal - Feel The Energy,Busy Signal,Feel The Energy,busy-signal,feel-the-energy,busy-signal,feel-the-energy,2025-11-28,https://storage.googleapis.com/music8-json-prod/data/songs/busy-signal_feel-the-energy.json
6a941c78-bcff-4661-a9ee-f0a834f6f8ab,Busy Signal - Push And Shove,Busy Signal,Push And Shove,busy-signal,push-and-shove,busy-signal,push-and-shove,2011-12-31,https://storage.googleapis.com/music8-json-prod/data/songs/busy-signal_push-and-shove.json
d3a69f34-d154-44ef-adeb-af03375b106c,Byron Messia - Nightmares,Byron Messia,Nightmares,byron-messia,nightmares-3,byron-messia,nightmares-3,2023-11-07,https://storage.googleapis.com/music8-json-prod/data/songs/byron-messia_nightmares-3.json
cb85f105-a268-460f-b306-72e974adecd2,"CA7RIEL & Paco Amoroso - Beto’s Horns, Ezra Remix",CA7RIEL & Paco Amoroso,"Beto’s Horns, Ezra Remix",ca7riel-paco-amoroso,betos-horns-ezra-remix,ca7riel-paco-amoroso,betos-horns-ezra-remix,2025-11-10,https://storage.googleapis.com/music8-json-prod/data/songs/ca7riel-paco-amoroso_betos-horns-ezra-remix.json
d4ecbf71-1fe1-436a-8e55-df724a2af77d,CA7RIEL & Paco Amoroso - Hasta Jesús Tuvo Un Mal Día,CA7RIEL & Paco Amoroso,Hasta Jesús Tuvo Un Mal Día,ca7riel-paco-amoroso,hasta-jesus-tuvo-un-mal-dia,ca7riel-paco-amoroso,hasta-jesus-tuvo-un-mal-dia,2026-02-12,https://storage.googleapis.com/music8-json-prod/data/songs/ca7riel-paco-amoroso_hasta-jesus-tuvo-un-mal-dia.json
d60e08af-459a-4bfe-99ed-e2d95c58bd74,CABLE - Glass Veins,CABLE,Glass Veins,cable,glass-veins,cable,glass-veins,2025-07-23,https://storage.googleapis.com/music8-json-prod/data/songs/cable_glass-veins.json
5e2ad4e2-0d65-4d28-8e91-3f45a4f5020b,Caddillac Tah - Ain't It Funny,Caddillac Tah,Ain't It Funny,caddillac-tah,aint-it-funny-murder-remix,caddillac-tah,aint-it-funny-murder-remix,2002-02-05,https://storage.googleapis.com/music8-json-prod/data/songs/caddillac-tah_aint-it-funny-murder-remix.json
565ab7e6-d8ff-4a8e-ba9d-eb28814a79a5,Caity Baser - Feels This Good,Caity Baser,Feels This Good,caity-baser,feels-this-good-ft-stefflon-don,caity-baser,feels-this-good-ft-stefflon-don,2023-03-09,https://storage.googleapis.com/music8-json-prod/data/songs/caity-baser_feels-this-good-ft-stefflon-don.json
05b59e53-1b8e-4fcb-9c6f-25a195f391f6,Caleb Gordon - God Is Good,Caleb Gordon,God Is Good,caleb-gordon,god-is-good,caleb-gordon,god-is-good,2024-04-12,https://storage.googleapis.com/music8-json-prod/data/songs/caleb-gordon_god-is-good.json
74926bd8-9ba0-4284-b581-286cf5a2eaeb,"Caleb Shomo - Red, White &#038; Boom",Caleb Shomo,"Red, White &#038; Boom",caleb-shomo,red-white-boom,caleb-shomo,red-white-boom,2022-06-10,https://storage.googleapis.com/music8-json-prod/data/songs/caleb-shomo_red-white-boom.json
a5a75396-4885-4a7b-9916-ac43ca73b295,Calum Scott - Kid At Christmas,Calum Scott,Kid At Christmas,calum-scott,kid-at-christmas,calum-scott,kid-at-christmas,2024-10-24,https://storage.googleapis.com/music8-json-prod/data/songs/calum-scott_kid-at-christmas.json
dd255667-8fc2-4ff7-a0b1-8f875b157fca,Calum Scott - Where Are You Now,Calum Scott,Where Are You Now,calum-scott,where-are-you-now,calum-scott,where-are-you-now,2021-08-18,https://storage.googleapis.com/music8-json-prod/data/songs/calum-scott_where-are-you-now.json
6c6024e1-2e6a-48c8-be34-bf7faaf4310e,Calum Scott - Whistle,Calum Scott,Whistle,calum-scott,whistle,calum-scott,whistle,2023-02-09,https://storage.googleapis.com/music8-json-prod/data/songs/calum-scott_whistle.json
38a10725-1142-4b24-8396-18397c590cb9,Calvin Harris - Body Moving,Calvin Harris,Body Moving,calvin-harris,body-moving,calvin-harris,body-moving,2023-11-16,https://storage.googleapis.com/music8-json-prod/data/songs/calvin-harris_body-moving.json
fc5e1f11-aca8-4d5c-98de-ef97d5bd1697,"Calvin Harris - Heatstroke Ft. Young Thug, Ariana Grande, Pharrell Williams",Calvin Harris,"Heatstroke Ft. Young Thug, Ariana Grande, Pharrell Williams",ariana-grande,heatstroke-2,ariana-grande,heatstroke-2,2017-06-29,https://storage.googleapis.com/music8-json-prod/data/songs/ariana-grande_heatstroke-2.json
226c9080-3e01-46a2-9a98-8091a73c6b1d,Calvin Harris - Stay With Me,Calvin Harris,Stay With Me,calvin-harris,stay-with-me-2,calvin-harris,stay-with-me-2,2022-07-14,https://storage.googleapis.com/music8-json-prod/data/songs/calvin-harris_stay-with-me-2.json
3b69a87e-cfb7-4144-bb4f-d5ddedde4837,Cam O'Bi - Cookie Chips,Cam O'Bi,Cookie Chips,cam-obi,cookie-chips,cam-obi,cookie-chips,2020-07-13,https://storage.googleapis.com/music8-json-prod/data/songs/cam-obi_cookie-chips.json
b094bd63-0e99-4574-bec2-3d90005dadc4,Cam O'Bi - Mirrors,Cam O'Bi,Mirrors,cam-obi,mirrors-2,cam-obi,mirrors-2,2020-10-21,https://storage.googleapis.com/music8-json-prod/data/songs/cam-obi_mirrors-2.json
9ee395b7-4de8-42b2-9bca-fbd534e2c1bf,Camden Cox - Weightless,Camden Cox,Weightless,camden-cox,weightless-3,camden-cox,weightless-3,2025-03-28,https://storage.googleapis.com/music8-json-prod/data/songs/camden-cox_weightless-3.json
f03984bc-a267-49ed-b81c-527aa08806c0,Cameron Warren - Bad Decisions,Cameron Warren,Bad Decisions,cameron-warren,bad-decisions-2,cameron-warren,bad-decisions-2,2024-04-26,https://storage.googleapis.com/music8-json-prod/data/songs/cameron-warren_bad-decisions-2.json
1de2dd4c-fbae-4b57-8bb3-a0eab225db52,Camila Cabello - Havana,Camila Cabello,Havana,camila-cabello,havana,camila-cabello,havana,2017-08-03,https://storage.googleapis.com/music8-json-prod/data/songs/camila-cabello_havana.json
537bc825-e4b5-4037-aaf2-175cfc2f561f,Camila Cabello - Hot Uptown,Camila Cabello,Hot Uptown,camila-cabello,hot-uptown,camila-cabello,hot-uptown,2024-06-28,https://storage.googleapis.com/music8-json-prod/data/songs/camila-cabello_hot-uptown.json
1d4af545-9bed-440a-a269-c5d0c2b23c8c,Camila Cabello - Psychofreak,Camila Cabello,Psychofreak,camila-cabello,psychofreak,camila-cabello,psychofreak,2022-04-07,https://storage.googleapis.com/music8-json-prod/data/songs/camila-cabello_psychofreak.json
cc0ee585-73b9-48ef-9539-ad6ad8ddea06,Camila Cabello - Senorita,Camila Cabello,Senorita,camila-cabello,senorita,camila-cabello,senorita,2019-06-21,https://storage.googleapis.com/music8-json-prod/data/songs/camila-cabello_senorita.json
503fc576-0dee-4f88-992d-2f9765cbbb4c,Candice Night - We're Gonna Be Drinking,Candice Night,We're Gonna Be Drinking,candice-night,were-gonna-be-drinking,candice-night,were-gonna-be-drinking,2022-10-27,https://storage.googleapis.com/music8-json-prod/data/songs/candice-night_were-gonna-be-drinking.json
1be76a00-1887-4ee7-998a-d287f1afef26,Candy Dulfer - Lily Was Here,Candy Dulfer,Lily Was Here,candy-dulfer,lily-was-here,candy-dulfer,lily-was-here,1990-06-07,https://storage.googleapis.com/music8-json-prod/data/songs/candy-dulfer_lily-was-here.json
b511c1ec-847d-4a5a-b47b-e47f99060268,Capital Cities - Safe And Sound,Capital Cities,Safe And Sound,,,capital-cities,safe-and-sound,,https://storage.googleapis.com/music8-json-prod/data/songs/capital-cities_safe-and-sound.json
28e7dcb4-4ba5-44a7-b30b-b1c2cfecff08,Cardi B - Clout,Cardi B,Clout,cardi-b,clout,cardi-b,clout,2019-02-21,https://storage.googleapis.com/music8-json-prod/data/songs/cardi-b_clout.json
691e9843-284c-4ec4-b9cc-9385849451f3,Cardi B - Jealousy,Cardi B,Jealousy,cardi-b,jealousy-4,cardi-b,jealousy-4,2023-07-27,https://storage.googleapis.com/music8-json-prod/data/songs/cardi-b_jealousy-4.json
7745fd3c-3a63-445e-a8e6-79072dbecbce,Cardi B - No Love,Cardi B,No Love,cardi-b,no-love-2,cardi-b,no-love-2,2022-03-24,https://storage.googleapis.com/music8-json-prod/data/songs/cardi-b_no-love-2.json
da3f4106-7462-4737-8202-7f560696987b,Cardi B - Puntería,Cardi B,Puntería,cardi-b,punteria,cardi-b,punteria,2024-03-21,https://storage.googleapis.com/music8-json-prod/data/songs/cardi-b_punteria.json
bd9de970-a495-43e3-890a-84a4665d1786,Cardi B - Toot It Up,Cardi B,Toot It Up,cardi-b,toot-it-up,cardi-b,toot-it-up,2025-02-07,https://storage.googleapis.com/music8-json-prod/data/songs/cardi-b_toot-it-up.json
944d876e-03fd-43f7-8bdb-ea49a2ba4dba,Cardo Got Wings - Black Man,Cardo Got Wings,Black Man,cardo-got-wings,black-man,cardo-got-wings,black-man,2025-05-22,https://storage.googleapis.com/music8-json-prod/data/songs/cardo-got-wings_black-man.json
5cdf80e1-5225-4ad8-ad55-9be4d9f81abe,Cardo Got Wings - Gotta Be Love,Cardo Got Wings,Gotta Be Love,cardo-got-wings,gotta-be-love,cardo-got-wings,gotta-be-love,2025-08-20,https://storage.googleapis.com/music8-json-prod/data/songs/cardo-got-wings_gotta-be-love.json
9ba6b7e3-b124-4613-a5fe-6144133c5845,Cardo Got Wings - On The Unda,Cardo Got Wings,On The Unda,cardo-got-wings,on-the-unda,cardo-got-wings,on-the-unda,2025-06-09,https://storage.googleapis.com/music8-json-prod/data/songs/cardo-got-wings_on-the-unda.json
76bdcfe6-ac03-44cf-90bb-f2c392263f24,Carín León - Lighter,Carín León,Lighter,carin-leon,lighter-5,carin-leon,lighter-5,2026-04-15,https://storage.googleapis.com/music8-json-prod/data/songs/carin-leon_lighter-5.json
d653088e-7c32-486e-a187-bc34c4257754,Carín León - Love To Be Loved,Carín León,Love To Be Loved,carin-leon,love-to-be-loved,carin-leon,love-to-be-loved,2026-02-05,https://storage.googleapis.com/music8-json-prod/data/songs/carin-leon_love-to-be-loved.json
c22bc432-78ab-4dc1-879a-7ec225e5f676,Carin Leon - Velas,Carin Leon,Velas,carin-leon,velas,carin-leon,velas,2025-11-06,https://storage.googleapis.com/music8-json-prod/data/songs/carin-leon_velas.json
d711865c-6669-4a7e-bee3-cc5961d6d960,Carl Brave - Cristo Di Rio,Carl Brave,Cristo Di Rio,carl-brave,cristo-di-rio,carl-brave,cristo-di-rio,2022-04-21,https://storage.googleapis.com/music8-json-prod/data/songs/carl-brave_cristo-di-rio.json
e4bad669-2024-420d-9770-6666a73f5def,Carly Pearce - Maybe This Christmas,Carly Pearce,Maybe This Christmas,carly-pearce,maybe-this-christmas,carly-pearce,maybe-this-christmas,2024-11-23,https://storage.googleapis.com/music8-json-prod/data/songs/carly-pearce_maybe-this-christmas.json
c7c43408-fdac-416f-9b6c-63b052c92e8a,Carly Rae Jepsen - Good Time,Carly Rae Jepsen,Good Time,carly-rae-jepsen,good-time,carly-rae-jepsen,good-time,2011-12-31,https://storage.googleapis.com/music8-json-prod/data/songs/carly-rae-jepsen_good-time.json
efca8aa9-9806-4557-a25f-545da327ea13,Carly Rae Jepsen - Omg,Carly Rae Jepsen,Omg,carly-rae-jepsen,omg,carly-rae-jepsen,omg,2019-07-30,https://storage.googleapis.com/music8-json-prod/data/songs/carly-rae-jepsen_omg.json
c3a69f9f-0573-40b0-a664-669dc43c9c05,Carly Simon - Son Of A Gun,Carly Simon,Son Of A Gun,carly-simon,son-of-a-gun-i-betcha-think-this-song-is-about-you,carly-simon,son-of-a-gun-i-betcha-think-this-song-is-about-you,2000-12-31,https://storage.googleapis.com/music8-json-prod/data/songs/carly-simon_son-of-a-gun-i-betcha-think-this-song-is-about-you.json
fb5da0ca-7daa-4b5e-a1a8-7467d795868a,Carmel Buckingham - Gone,Carmel Buckingham,Gone,carmel-buckingham,gone-2,carmel-buckingham,gone-2,2013-07-31,https://storage.googleapis.com/music8-json-prod/data/songs/carmel-buckingham_gone-2.json
f3c3b6a7-c61d-4b24-a9e7-47b4f43edfef,carolesdaughter - Bozo Bozo Bozo,carolesdaughter,Bozo Bozo Bozo,carolesdaughter,bozo-bozo-bozo,carolesdaughter,bozo-bozo-bozo,2022-03-24,https://storage.googleapis.com/music8-json-prod/data/songs/carolesdaughter_bozo-bozo-bozo.json
025a278c-04e8-44d1-9f99-28c9e373cb58,Carolina Liar - Smile,Carolina Liar,Smile,carolina-liar,smile-2,carolina-liar,smile-2,2024-07-20,https://storage.googleapis.com/music8-json-prod/data/songs/carolina-liar_smile-2.json
5b8eb2fe-2f2c-4c87-8113-ac03ea5603ea,Caroline Byrne - Run It Back,Caroline Byrne,Run It Back,caroline-byrne,run-it-back,caroline-byrne,run-it-back,2025-04-17,https://storage.googleapis.com/music8-json-prod/data/songs/caroline-byrne_run-it-back.json
5a72c010-c3cf-4d90-8fd4-880a4eb84444,Caroline Polachek - Spalarkle,Caroline Polachek,Spalarkle,caroline-polachek,spalarkle,caroline-polachek,spalarkle,2023-03-29,https://storage.googleapis.com/music8-json-prod/data/songs/caroline-polachek_spalarkle.json
e4fc4de0-b3c4-49fb-a134-bd428f706afa,Carolyn Malachi - Lone Star,Carolyn Malachi,Lone Star,carolyn-malachi,lone-star,carolyn-malachi,lone-star,2025-11-05,https://storage.googleapis.com/music8-json-prod/data/songs/carolyn-malachi_lone-star.json
792040b1-6e8f-419b-8e4c-ce211bb4bb8c,Carpenter Brut - Doom Dance,Carpenter Brut,Doom Dance,carpenter-brut,doom-dance-2,carpenter-brut,doom-dance-2,2023-09-29,https://storage.googleapis.com/music8-json-prod/data/songs/carpenter-brut_doom-dance-2.json
aaf1cc06-430e-4b78-987b-a0428892d0ee,Carpenters - Rainy Days And Mondays.,Carpenters,Rainy Days And Mondays.,,,carpenters,rainy-days-and-mondays,,https://storage.googleapis.com/music8-json-prod/data/songs/carpenters_rainy-days-and-mondays.json
c3dd0f47-1a0c-4a2a-bce0-8326d22b9ff9,Carrie Underwood - If I Didn't Love You,Carrie Underwood,If I Didn't Love You,carrie-underwood,if-i-didnt-love-you,carrie-underwood,if-i-didnt-love-you,2021-11-11,https://storage.googleapis.com/music8-json-prod/data/songs/carrie-underwood_if-i-didnt-love-you.json
91bc3240-501d-4514-921e-77f61324e3a3,Carter Faith - That's When You Know,Carter Faith,That's When You Know,carter-faith,thats-when-you-know,carter-faith,thats-when-you-know,2026-04-10,https://storage.googleapis.com/music8-json-prod/data/songs/carter-faith_thats-when-you-know.json
adeb72ec-ea9c-4df8-b82a-e0347320f388,Cash Cobain - Attitude,Cash Cobain,Attitude,cash-cobain,attitude-2,cash-cobain,attitude-2,2024-05-22,https://storage.googleapis.com/music8-json-prod/data/songs/cash-cobain_attitude-2.json
4261f8b5-02e1-4a6b-af77-a2d9f4c0b499,Cash Cobain - Pack U Up,Cash Cobain,Pack U Up,cash-cobain,pack-u-up,cash-cobain,pack-u-up,2025-08-22,https://storage.googleapis.com/music8-json-prod/data/songs/cash-cobain_pack-u-up.json
a97abd64-5ac1-43b5-8258-20c5d37e1649,Cash Cobain - Somebody Loves Me Pt. 2,Cash Cobain,Somebody Loves Me Pt. 2,cash-cobain,somebody-loves-me-pt-2,cash-cobain,somebody-loves-me-pt-2,2025-09-04,https://storage.googleapis.com/music8-json-prod/data/songs/cash-cobain_somebody-loves-me-pt-2.json
f95ef2de-1630-41fe-b751-ef8e1e147545,Cassadee Pope - Coma,Cassadee Pope,Coma,cassadee-pope,coma,cassadee-pope,coma,2023-08-25,https://storage.googleapis.com/music8-json-prod/data/songs/cassadee-pope_coma.json
108a3c86-9ac0-4648-8aa2-dfca420dffa8,Cassandra Jenkins - Richardson,Cassandra Jenkins,Richardson,cassandra-jenkins,richardson,cassandra-jenkins,richardson,2025-02-26,https://storage.googleapis.com/music8-json-prod/data/songs/cassandra-jenkins_richardson.json
89dcce5d-1f88-43fb-8b30-38257b398c28,Cat Burns - Perfect,Cat Burns,Perfect,cat-burns,perfect-3,cat-burns,perfect-3,2023-07-13,https://storage.googleapis.com/music8-json-prod/data/songs/cat-burns_perfect-3.json
3d116e4a-5ab8-446a-b05a-cbb01a008631,Cavetown - Dirty Devil Town,Cavetown,Dirty Devil Town,cavetown,dirty-devil-town,cavetown,dirty-devil-town,2024-08-15,https://storage.googleapis.com/music8-json-prod/data/songs/cavetown_dirty-devil-town.json
1ed69cec-f39b-400d-8e74-7e8796c30fe7,Cecile Believe - My Forever,Cecile Believe,My Forever,cecile-believe,my-forever,cecile-believe,my-forever,2024-10-01,https://storage.googleapis.com/music8-json-prod/data/songs/cecile-believe_my-forever.json
98150f97-658e-4dbe-b4d0-8b0d1aa2be89,Cedric Gervais - A Better World,Cedric Gervais,A Better World,cedric-gervais,a-better-world-2,cedric-gervais,a-better-world-2,2025-08-01,https://storage.googleapis.com/music8-json-prod/data/songs/cedric-gervais_a-better-world-2.json
6ff7cea6-2eb3-44df-ac02-323737b1b8e5,CeeLo Green - Atlanna,CeeLo Green,Atlanna,ceelo-green,atlanna,ceelo-green,atlanna,2025-09-12,https://storage.googleapis.com/music8-json-prod/data/songs/ceelo-green_atlanna.json
b64f3eee-9de8-46fc-aa5b-b2820384290f,CeeLo Green - Down By Law,CeeLo Green,Down By Law,ceelo-green,down-by-law,ceelo-green,down-by-law,2023-11-10,https://storage.googleapis.com/music8-json-prod/data/songs/ceelo-green_down-by-law.json
c3c0b02b-a545-47ed-9391-4d9ac9007d89,CeeLo Green - Go To Hell,CeeLo Green,Go To Hell,ceelo-green,go-to-hell-3,ceelo-green,go-to-hell-3,2025-07-24,https://storage.googleapis.com/music8-json-prod/data/songs/ceelo-green_go-to-hell-3.json
31e2e02e-5a04-45ca-a6c1-a0624da6bcd7,Central Cee - Nice To Meet You,Central Cee,Nice To Meet You,central-cee,nice-to-meet-you,central-cee,nice-to-meet-you,2023-11-10,https://storage.googleapis.com/music8-json-prod/data/songs/central-cee_nice-to-meet-you.json
8aadaef9-aa5f-4958-97bc-255370358f25,Central Cee - Overseas,Central Cee,Overseas,central-cee,overseas,central-cee,overseas,2021-11-18,https://storage.googleapis.com/music8-json-prod/data/songs/central-cee_overseas.json
703b4998-4cec-4bdf-b8be-fbb639b4d8d2,Central Cee - Too Much,Central Cee,Too Much,central-cee,too-much-3,central-cee,too-much-3,2023-10-19,https://storage.googleapis.com/music8-json-prod/data/songs/central-cee_too-much-3.json
e6206297-b132-418e-87f2-0b23a696e2ac,Central Cee - Which One,Central Cee,Which One,central-cee,which-one,central-cee,which-one,2025-07-24,https://storage.googleapis.com/music8-json-prod/data/songs/central-cee_which-one.json
13ba3270-50d6-4827-b34a-e5181c377dab,CERES - On The Floor,CERES,On The Floor,ceres,on-the-floor,ceres,on-the-floor,2025-10-02,https://storage.googleapis.com/music8-json-prod/data/songs/ceres_on-the-floor.json
8d1ede10-f6e4-40fc-8af7-116736ba04c6,Cerrone - Supernature Mmxxv,Cerrone,Supernature Mmxxv,cerrone,supernature-mmxxv,cerrone,supernature-mmxxv,2025-07-03,https://storage.googleapis.com/music8-json-prod/data/songs/cerrone_supernature-mmxxv.json
5f3a8e53-c049-43f6-836c-6004f13648c5,Chad Kroeger - Ragdoll,Chad Kroeger,Ragdoll,chad-kroeger,ragdoll,chad-kroeger,ragdoll,2025-03-19,https://storage.googleapis.com/music8-json-prod/data/songs/chad-kroeger_ragdoll.json
3777bb6a-3815-4a77-b5cb-d2776fa0e2cf,Chaka Khan - Any Love,Chaka Khan,Any Love,chaka-khan,any-love,chaka-khan,any-love,1979-01-01,https://storage.googleapis.com/music8-json-prod/data/songs/chaka-khan_any-love.json
36881c0b-1210-485d-830d-c490136a416e,Chaka Khan - At Midnight,Chaka Khan,At Midnight,chaka-khan,at-midnight-2,chaka-khan,at-midnight-2,1977-01-01,https://storage.googleapis.com/music8-json-prod/data/songs/chaka-khan_at-midnight-2.json
381daea6-aff9-4a6f-b3b0-950fa302c06c,Chaka Khan - Dance Wit Me,Chaka Khan,Dance Wit Me,chaka-khan,dance-wit-me,chaka-khan,dance-wit-me,1975-01-01,https://storage.googleapis.com/music8-json-prod/data/songs/chaka-khan_dance-wit-me.json
041ce228-4559-4102-9f92-618922b993d0,Chaka Khan - Hollywood,Chaka Khan,Hollywood,chaka-khan,hollywood-3,chaka-khan,hollywood-3,1977-01-01,https://storage.googleapis.com/music8-json-prod/data/songs/chaka-khan_hollywood-3.json
b022296f-903d-4af0-a79d-719873784340,Chaka Khan - I Feel For You,Chaka Khan,I Feel For You,,,chaka-khan,1-feel-for-you,,https://storage.googleapis.com/music8-json-prod/data/songs/chaka-khan_1-feel-for-you.json
60a70a28-7bd9-4807-b4ca-7c1b2216938c,Chaka Khan - One Million Kisses,Chaka Khan,One Million Kisses,chaka-khan,one-million-kisses,chaka-khan,one-million-kisses,1983-01-01,https://storage.googleapis.com/music8-json-prod/data/songs/chaka-khan_one-million-kisses.json
66739178-662e-4db7-87a4-57159ef28bb9,Chaka Khan - Please Pardon Me,Chaka Khan,Please Pardon Me,chaka-khan,please-pardon-me-you-remind-me-of-a-friend,chaka-khan,please-pardon-me-you-remind-me-of-a-friend,1974-01-01,https://storage.googleapis.com/music8-json-prod/data/songs/chaka-khan_please-pardon-me-you-remind-me-of-a-friend.json
c0ff32b1-7974-487d-8688-9d0b5a61cca9,Chaka Khan - Stop On By,Chaka Khan,Stop On By,chaka-khan,stop-on-by,chaka-khan,stop-on-by,1974-01-01,https://storage.googleapis.com/music8-json-prod/data/songs/chaka-khan_stop-on-by.json
6e2eb53b-6803-49fb-a302-b69e187e35e5,Chaka Khan - Sweet Thing,Chaka Khan,Sweet Thing,chaka-khan,sweet-thing,chaka-khan,sweet-thing,1975-01-01,https://storage.googleapis.com/music8-json-prod/data/songs/chaka-khan_sweet-thing.json
b47a5aac-987e-4152-96b1-d31b2843c6b6,Chaka Khan - Tell Me Something Good,Chaka Khan,Tell Me Something Good,chaka-khan,tell-me-something-good,chaka-khan,tell-me-something-good,2013-03-05,https://storage.googleapis.com/music8-json-prod/data/songs/chaka-khan_tell-me-something-good.json
edb68cbf-cee6-45d8-90b7-1ff9634c5826,Chance The Rapper - Childs Play,Chance The Rapper,Childs Play,chance-the-rapper,childs-play,chance-the-rapper,childs-play,2014-11-08,https://storage.googleapis.com/music8-json-prod/data/songs/chance-the-rapper_childs-play.json
572b7c53-4c6c-4e62-b6ac-67826cbfa285,Chance The Rapper - Holy,Chance The Rapper,Holy,chance-the-rapper,holy,chance-the-rapper,holy,2023-08-08,https://storage.googleapis.com/music8-json-prod/data/songs/chance-the-rapper_holy.json
d3cfd8fe-e5fe-4d8e-af93-5407d9119eb0,Channel Tres - Drip Sweat,Channel Tres,Drip Sweat,channel-tres,drip-sweat,channel-tres,drip-sweat,2024-06-04,https://storage.googleapis.com/music8-json-prod/data/songs/channel-tres_drip-sweat.json
43a9c6ee-0cb2-4cfd-9a27-d1f270bcc1b6,Channel Tres - Fever Dreamer,Channel Tres,Fever Dreamer,channel-tres,fever-dreamer,channel-tres,fever-dreamer,2023-01-10,https://storage.googleapis.com/music8-json-prod/data/songs/channel-tres_fever-dreamer.json
a2a83739-19eb-43fa-8638-60b8ee7fc2e0,Channel Tres - Nasty,Channel Tres,Nasty,channel-tres,nasty,channel-tres,nasty,2025-11-14,https://storage.googleapis.com/music8-json-prod/data/songs/channel-tres_nasty.json
0d346f3a-f920-4359-9592-40f9f297066d,Channy Leaneagh - I'll Wait,Channy Leaneagh,I'll Wait,channy-leaneagh,ill-wait-le-youth-remix,channy-leaneagh,ill-wait-le-youth-remix,2022-11-30,https://storage.googleapis.com/music8-json-prod/data/songs/channy-leaneagh_ill-wait-le-youth-remix.json
46475069-6800-4c80-98cf-9a6caab5b4b6,Charli Xcx - Hot In It,Charli Xcx,Hot In It,charli-xcx,hot-in-it,charli-xcx,hot-in-it,2022-06-29,https://storage.googleapis.com/music8-json-prod/data/songs/charli-xcx_hot-in-it.json
e1827f4f-c498-45fd-9b2f-213a92c825bc,Charlie Simpson - Tech Noir 2,Charlie Simpson,Tech Noir 2,charlie-simpson,tech-noir-2,charlie-simpson,tech-noir-2,2025-07-24,https://storage.googleapis.com/music8-json-prod/data/songs/charlie-simpson_tech-noir-2.json
518472ed-2d04-4326-b8a4-bf3dfbd30cec,Charlie Wilson - Sweet Yamz,Charlie Wilson,Sweet Yamz,charlie-wilson,sweet-yamz,charlie-wilson,sweet-yamz,2022-12-15,https://storage.googleapis.com/music8-json-prod/data/songs/charlie-wilson_sweet-yamz.json
e9b3822e-99f4-4d05-8ecc-5a002c956220,Charlotte Plank - Dancing Is Healing,Charlotte Plank,Dancing Is Healing,charlotte-plank,dancing-is-healing,charlotte-plank,dancing-is-healing,2023-06-29,https://storage.googleapis.com/music8-json-prod/data/songs/charlotte-plank_dancing-is-healing.json
ccfbc910-ffe3-423b-a8da-2d55ec33917e,Charlotte Plank - Green &#038; Gold,Charlotte Plank,Green &#038; Gold,charlotte-plank,green-gold,charlotte-plank,green-gold,2024-02-22,https://storage.googleapis.com/music8-json-prod/data/songs/charlotte-plank_green-gold.json
5a22a549-d766-4dfc-bf0c-4010ffa2d00f,Charlotte Sands - Final Nail,Charlotte Sands,Final Nail,charlotte-sands,final-nail,charlotte-sands,final-nail,2024-10-10,https://storage.googleapis.com/music8-json-prod/data/songs/charlotte-sands_final-nail.json
a1adaf57-afa4-41cc-9c01-0b0fb2b12e7b,Charlotte Sands - Let You Down,Charlotte Sands,Let You Down,charlotte-sands,let-you-down,charlotte-sands,let-you-down,2022-10-13,https://storage.googleapis.com/music8-json-prod/data/songs/charlotte-sands_let-you-down.json
7a817778-8ea0-466d-b67f-986d9b6264a2,Charlotte Sands - Loved You A Little,Charlotte Sands,Loved You A Little,charlotte-sands,loved-you-a-little,charlotte-sands,loved-you-a-little,2022-01-19,https://storage.googleapis.com/music8-json-prod/data/songs/charlotte-sands_loved-you-a-little.json
a9fcfbdd-034d-449a-bd4f-2d3f4da902fe,Cheap Trick - Mighty Wings,Cheap Trick,Mighty Wings,,,cheap-trick,mighty-wings,,https://storage.googleapis.com/music8-json-prod/data/songs/cheap-trick_mighty-wings.json
11c1a3c3-7285-4c07-a1ea-ed97947b351a,Cheat Codes - Chasing Ghosts,Cheat Codes,Chasing Ghosts,cheat-codes,chasing-ghosts,cheat-codes,chasing-ghosts,2024-10-11,https://storage.googleapis.com/music8-json-prod/data/songs/cheat-codes_chasing-ghosts.json
aa94a322-b8de-4760-9a70-af1c83a77a17,Chelcee Grimes - Wild,Chelcee Grimes,Wild,chelcee-grimes,jonas-blue-wild,chelcee-grimes,jonas-blue-wild,2018-11-08,https://storage.googleapis.com/music8-json-prod/data/songs/chelcee-grimes_jonas-blue-wild.json
2e50004e-e842-4f87-ac03-2607320e505a,Chelsea Cutler - A-frame,Chelsea Cutler,A-frame,chelsea-cutler,a-frame,chelsea-cutler,a-frame,2024-10-10,https://storage.googleapis.com/music8-json-prod/data/songs/chelsea-cutler_a-frame.json
071c3e06-c22c-4f51-9e25-1279368a6d82,Chelsea Cutler - Ashes &#038; Rust,Chelsea Cutler,Ashes &#038; Rust,chelsea-cutler,ashes-rust,chelsea-cutler,ashes-rust,2024-10-31,https://storage.googleapis.com/music8-json-prod/data/songs/chelsea-cutler_ashes-rust.json
4c5a89e6-0faa-4a4b-8a23-284a258ecbe9,Chelsea Cutler - Black &#038; White,Chelsea Cutler,Black &#038; White,chelsea-cutler,black-white,chelsea-cutler,black-white,2024-09-12,https://storage.googleapis.com/music8-json-prod/data/songs/chelsea-cutler_black-white.json
1867be4b-75a1-44b6-9f01-a4484807f5ad,Chelsea Cutler - Not Ok,Chelsea Cutler,Not Ok,chelsea-cutler,not-ok,chelsea-cutler,not-ok,2019-05-22,https://storage.googleapis.com/music8-json-prod/data/songs/chelsea-cutler_not-ok.json
e525075e-4a40-4fb2-a2c7-fbf32102be5c,Chelsea Wolfe - Nimue,Chelsea Wolfe,Nimue,chelsea-wolfe,nimue,chelsea-wolfe,nimue,2025-08-08,https://storage.googleapis.com/music8-json-prod/data/songs/chelsea-wolfe_nimue.json
d01f3f9b-1777-4ac1-91f4-edadc35ae179,Chemical Surf - Siliwa Hay,Chemical Surf,Siliwa Hay,chemical-surf,siliwa-hay,chemical-surf,siliwa-hay,2021-07-08,https://storage.googleapis.com/music8-json-prod/data/songs/chemical-surf_siliwa-hay.json
619de620-74c2-44a5-8c41-78e4446db4a0,Cheo Pardo - Maybe Baby,Cheo Pardo,Maybe Baby,cheo-pardo,maybe-baby,cheo-pardo,maybe-baby,2023-03-19,https://storage.googleapis.com/music8-json-prod/data/songs/cheo-pardo_maybe-baby.json
1d895158-5487-4db1-a8b8-6133b31695b8,Cher - Believe,Cher,Believe,,,cher,believe,,https://storage.googleapis.com/music8-json-prod/data/songs/cher_believe.json
62f67494-57b4-4859-8ace-4f7c5ab5a525,Cher Lloyd - Really Don't Care,Cher Lloyd,Really Don't Care,cher-lloyd,really-dont-care,cher-lloyd,really-dont-care,2012-12-31,https://storage.googleapis.com/music8-json-prod/data/songs/cher-lloyd_really-dont-care.json
2d9b5c07-e8ca-4622-b2b6-9c59ac61c68b,Cherish - Fly,Cherish,Fly,cherish,fly-5,cherish,fly-5,2024-08-11,https://storage.googleapis.com/music8-json-prod/data/songs/cherish_fly-5.json
dfc1cbc0-ce73-48b3-975a-752cd42591c3,Cheryl Lynn - Georgy Porgy,Cheryl Lynn,Georgy Porgy,cheryl-lynn,georgy-porgy,cheryl-lynn,georgy-porgy,2013-04-15,https://storage.googleapis.com/music8-json-prod/data/songs/cheryl-lynn_georgy-porgy.json
54142485-fc84-49c1-8e48-3fa0deaf9d2a,Chez Kane - Dreams Of The Wild,Chez Kane,Dreams Of The Wild,chez-kane,dreams-of-the-wild,chez-kane,dreams-of-the-wild,2022-08-12,https://storage.googleapis.com/music8-json-prod/data/songs/chez-kane_dreams-of-the-wild.json
e26fda42-4da2-469b-ba32-8922dd563085,Chic - Good Times,Chic,Good Times,,,chic,good-times,,https://storage.googleapis.com/music8-json-prod/data/songs/chic_good-times.json
b2d6ab79-1840-4d16-9012-18bfa7842f7c,Chicago - Look Away,Chicago,Look Away,,,chicago,look-away,,https://storage.googleapis.com/music8-json-prod/data/songs/chicago_look-away.json
a46dd2cd-a817-45ff-86bc-e6523a62b9e1,Chicane - Saltwater,Chicane,Saltwater,chicane,saltwater-2,chicane,saltwater-2,2025-04-09,https://storage.googleapis.com/music8-json-prod/data/songs/chicane_saltwater-2.json
075b8cb6-f8a9-4f95-a5a8-1cc49238122e,Chike - Funds,Chike,Funds,chike,funds,chike,funds,2024-12-09,https://storage.googleapis.com/music8-json-prod/data/songs/chike_funds.json
3f3d3751-1ab4-48e9-9892-d89253d8fd23,Childish Gambino - Feels Like Summer,Childish Gambino,Feels Like Summer,,,childish-gambino,feels-like-summer,,https://storage.googleapis.com/music8-json-prod/data/songs/childish-gambino_feels-like-summer.json
9b755759-1ddc-4585-ae8d-54dce4e1049d,Childish Gambino - One Wish,Childish Gambino,One Wish,childish-gambino,one-wish,childish-gambino,one-wish,2024-07-26,https://storage.googleapis.com/music8-json-prod/data/songs/childish-gambino_one-wish.json
cbb6d798-1b47-471f-abd7-ba14a0cf90c7,Childish Gambino - Witchy,Childish Gambino,Witchy,childish-gambino,witchy-2,childish-gambino,witchy-2,2024-10-02,https://storage.googleapis.com/music8-json-prod/data/songs/childish-gambino_witchy-2.json
de7db6bb-a851-4b87-be76-73dbb70d8d07,China Moses - The Other Way Round,China Moses,The Other Way Round,china-moses,the-other-way-round,china-moses,the-other-way-round,2018-05-20,https://storage.googleapis.com/music8-json-prod/data/songs/china-moses_the-other-way-round.json
e9d5737e-9563-4997-b9ad-151e5c10c813,Chlöe - Mia,Chlöe,Mia,chloe,mia-2,chloe,mia-2,2024-12-06,https://storage.googleapis.com/music8-json-prod/data/songs/chloe_mia-2.json
ac3d8f47-46e1-4e0c-8aa9-23546177e2d8,Chlöe - Tell Me,Chlöe,Tell Me,chloe,tell-me,chloe,tell-me,2024-09-17,https://storage.googleapis.com/music8-json-prod/data/songs/chloe_tell-me.json
bdbb123f-5dae-4758-aa70-6a84acd2a840,Chlöe - The Nightlife,Chlöe,The Nightlife,chloe,the-nightlife,chloe,the-nightlife,2025-10-09,https://storage.googleapis.com/music8-json-prod/data/songs/chloe_the-nightlife.json
c1085203-d4ec-4187-8d50-88c3df14fd8d,Chlöe - Vision,Chlöe,Vision,chloe,vision,chloe,vision,2024-05-02,https://storage.googleapis.com/music8-json-prod/data/songs/chloe_vision.json
f611c831-a2e6-4dcb-9a2b-b1c95ca2ff01,Chlöe - Wit It,Chlöe,Wit It,chloe,wit-it,chloe,wit-it,2025-10-22,https://storage.googleapis.com/music8-json-prod/data/songs/chloe_wit-it.json
141cbca6-714a-4b0f-962f-e120810b69f3,chloe moriondo - 12 Fractures,chloe moriondo,12 Fractures,chloe-moriondo,12-fractures,chloe-moriondo,12-fractures,2023-09-14,https://storage.googleapis.com/music8-json-prod/data/songs/chloe-moriondo_12-fractures.json
656aa223-81dd-4813-a416-7301dfb9708b,chloe moriondo - Words Ain't Enough,chloe moriondo,Words Ain't Enough,chloe-moriondo,words-aint-enough,chloe-moriondo,words-aint-enough,2019-10-24,https://storage.googleapis.com/music8-json-prod/data/songs/chloe-moriondo_words-aint-enough.json
6ded7ce9-ac03-4243-b1e5-a6d16da34e2c,Chri$tian Gate$ - Go Home With A Stranger,Chri$tian Gate$,Go Home With A Stranger,chritian-gate,go-home-with-a-stranger,chritian-gate,go-home-with-a-stranger,2026-03-23,https://storage.googleapis.com/music8-json-prod/data/songs/chritian-gate_go-home-with-a-stranger.json
e1944454-4712-4fca-8aeb-aa1e1c15fdd8,Chris Brown - Another One,Chris Brown,Another One,chris-brown,another-one,chris-brown,another-one,2024-02-08,https://storage.googleapis.com/music8-json-prod/data/songs/chris-brown_another-one.json
00f42a48-510e-46c6-8fbb-ce514908bab6,Chris Brown - How We Roll,Chris Brown,How We Roll,chris-brown,how-we-roll,chris-brown,how-we-roll,2023-08-03,https://storage.googleapis.com/music8-json-prod/data/songs/chris-brown_how-we-roll.json
45563ade-b550-45dd-842f-95f866777bf5,Chris Brown - Superhero,Chris Brown,Superhero,chris-brown,superhero-2,chris-brown,superhero-2,2022-12-01,https://storage.googleapis.com/music8-json-prod/data/songs/chris-brown_superhero-2.json
425460f3-3f1f-4c25-afc1-d7e72b9dc2a4,Chris Brown - Wake Up,Chris Brown,Wake Up,chris-brown,wake-up-3,chris-brown,wake-up-3,2024-04-25,https://storage.googleapis.com/music8-json-prod/data/songs/chris-brown_wake-up-3.json
958a895b-a361-4857-b449-859bf0879e51,Chris Daughtry - Freefall,Chris Daughtry,Freefall,chris-daughtry,freefall-2,chris-daughtry,freefall-2,2025-02-05,https://storage.googleapis.com/music8-json-prod/data/songs/chris-daughtry_freefall-2.json
b1d93ff8-77f8-46cf-a46c-96975d372a0f,Chris de Sarandy - Cynical,Chris de Sarandy,Cynical,chris-de-sarandy,cynical,chris-de-sarandy,cynical,2023-07-26,https://storage.googleapis.com/music8-json-prod/data/songs/chris-de-sarandy_cynical.json
8a1a1c7c-ef95-4412-807d-29d11f353ee9,Chris Lake - Boneless,Chris Lake,Boneless,chris-lake,boneless,chris-lake,boneless,2014-09-28,https://storage.googleapis.com/music8-json-prod/data/songs/chris-lake_boneless.json
536656aa-b302-43ef-b979-08b1d3b6dcbc,Chris Lake - Delirious,Chris Lake,Delirious,chris-lake,delirious-boneless,chris-lake,delirious-boneless,2014-09-28,https://storage.googleapis.com/music8-json-prod/data/songs/chris-lake_delirious-boneless.json
c1999158-a026-4fe8-9eea-ada1da3507d1,Chris Motionless - Warriors,Chris Motionless,Warriors,chris-motionless,warriors,chris-motionless,warriors,2024-07-11,https://storage.googleapis.com/music8-json-prod/data/songs/chris-motionless_warriors.json
2914e346-3247-4b17-97b4-9557b6ef48ce,Chris Stapleton - A Song To Sing,Chris Stapleton,A Song To Sing,chris-stapleton,a-song-to-sing-2,chris-stapleton,a-song-to-sing-2,2025-07-11,https://storage.googleapis.com/music8-json-prod/data/songs/chris-stapleton_a-song-to-sing-2.json
9b3c6f09-bfe9-43ce-b9b7-f8f204d85ebf,Chris Stapleton - I Bet You Think About Me,Chris Stapleton,I Bet You Think About Me,chris-stapleton,i-bet-you-think-about-me,chris-stapleton,i-bet-you-think-about-me,2021-11-15,https://storage.googleapis.com/music8-json-prod/data/songs/chris-stapleton_i-bet-you-think-about-me.json
e646b08b-d029-4f71-bd80-22e7e4dbb3f9,Chrissy Costanza - A Whole New World,Chrissy Costanza,A Whole New World,chrissy-costanza,a-whole-new-world-2,chrissy-costanza,a-whole-new-world-2,2024-09-05,https://storage.googleapis.com/music8-json-prod/data/songs/chrissy-costanza_a-whole-new-world-2.json
c981d9e2-a8ec-4a7c-8f92-a4a91ec600b7,Chrissy Costanza - Caught It,Chrissy Costanza,Caught It,chrissy-costanza,caught-it,chrissy-costanza,caught-it,2024-05-30,https://storage.googleapis.com/music8-json-prod/data/songs/chrissy-costanza_caught-it.json
7c94d093-f1cb-4564-82ad-d039f0cc7ca6,Chrissy Costanza - Eye Of The Untold Her,Chrissy Costanza,Eye Of The Untold Her,chrissy-costanza,eye-of-the-untold-her,chrissy-costanza,eye-of-the-untold-her,2026-01-21,https://storage.googleapis.com/music8-json-prod/data/songs/chrissy-costanza_eye-of-the-untold-her.json
564bc294-b69c-4305-801b-75981574ea30,Christian Burns - Almost Home,Christian Burns,Almost Home,christian-burns,almost-home,christian-burns,almost-home,2022-01-06,https://storage.googleapis.com/music8-json-prod/data/songs/christian-burns_almost-home.json
5ed6c6e4-181c-489f-986b-2a61925a0254,Christian Burns - But Not Tonight,Christian Burns,But Not Tonight,christian-burns,but-not-tonight,christian-burns,but-not-tonight,2022-07-14,https://storage.googleapis.com/music8-json-prod/data/songs/christian-burns_but-not-tonight.json
57c02577-f4d5-49df-99d2-8647f2d38045,Christina Aguilera - Moves Like Jagger,Christina Aguilera,Moves Like Jagger,christina-aguilera,moves-like-jagger,christina-aguilera,moves-like-jagger,2010-01-01,https://storage.googleapis.com/music8-json-prod/data/songs/christina-aguilera_moves-like-jagger.json
9d582f40-61fd-4b65-bfdb-ab0532f50c7e,Christina Perri - A Thousand Years,Christina Perri,A Thousand Years,,,christina-perri,a-thousand-years,,https://storage.googleapis.com/music8-json-prod/data/songs/christina-perri_a-thousand-years.json
9cf05f65-3517-4a3b-8c4f-5bb349c08ef6,Christine and the Queens - Dancing In Babylon,Christine and the Queens,Dancing In Babylon,christine-and-the-queens,dancing-in-babylon,christine-and-the-queens,dancing-in-babylon,2024-02-19,https://storage.googleapis.com/music8-json-prod/data/songs/christine-and-the-queens_dancing-in-babylon.json
80360ed2-2dd4-4848-b598-06cade50fc97,Chromeo - Discoproof,Chromeo,Discoproof,chromeo,discoproof,chromeo,discoproof,2023-08-24,https://storage.googleapis.com/music8-json-prod/data/songs/chromeo_discoproof.json
9a4b0368-5cfc-437c-8cdd-ffb6f845ee34,Chromeo - Heartbreaker,Chromeo,Heartbreaker,chromeo,heartbreaker-3,chromeo,heartbreaker-3,2024-06-21,https://storage.googleapis.com/music8-json-prod/data/songs/chromeo_heartbreaker-3.json
6e193679-dab4-4aac-85cd-848b43785107,CHRYSTAL - Dior,CHRYSTAL,Dior,chrystal,dior-2,chrystal,dior-2,2025-06-05,https://storage.googleapis.com/music8-json-prod/data/songs/chrystal_dior-2.json
c9e8ac99-1f2f-48f2-82d4-d0febe4dcc24,CHRYSTAL - My Loving,CHRYSTAL,My Loving,chrystal,my-loving,chrystal,my-loving,2026-02-26,https://storage.googleapis.com/music8-json-prod/data/songs/chrystal_my-loving.json
6e5b5b02-90f7-4dd4-b456-2bd07624656e,CHUNG HA - Hair Down,CHUNG HA,Hair Down,chung-ha,hair-down-2,chung-ha,hair-down-2,2024-08-11,https://storage.googleapis.com/music8-json-prod/data/songs/chung-ha_hair-down-2.json
9e5705cd-d645-4cf0-b802-abb719cad5ec,CHVRCHES - Here With Me,CHVRCHES,Here With Me,chvrches,here-with-me,chvrches,here-with-me,2019-03-07,https://storage.googleapis.com/music8-json-prod/data/songs/chvrches_here-with-me.json
64bca6cb-2f8c-47bb-b6a6-d0bec5d7b13a,CHVRCHES - Tether,CHVRCHES,Tether,chvrches,tether,chvrches,tether,2015-02-16,https://storage.googleapis.com/music8-json-prod/data/songs/chvrches_tether.json
fc14bc25-a26b-4d82-b363-07b06eeb0fec,Ciara - Sk8,Ciara,Sk8,,,ciara,sk8,2025-10-07,https://storage.googleapis.com/music8-json-prod/data/songs/ciara_sk8.json
a1968608-1f1f-49cf-9518-494c0126ce14,Ciara - Slow,Ciara,Slow,ciara,slow,ciara,slow,2023-04-25,https://storage.googleapis.com/music8-json-prod/data/songs/ciara_slow.json
227adb07-f009-4278-a512-8a5abe65c596,CIEL. - Listen To Me,CIEL.,Listen To Me,ciel-2,listen-to-me,ciel-2,listen-to-me,2025-12-30,https://storage.googleapis.com/music8-json-prod/data/songs/ciel-2_listen-to-me.json
bef35933-7c78-45d4-9507-b162729a53b9,Cindy Lee - Defense,Cindy Lee,Defense,cindy-lee,defense,cindy-lee,defense,2024-10-15,https://storage.googleapis.com/music8-json-prod/data/songs/cindy-lee_defense.json
62163af2-ff65-40e8-a5a9-79babdb8e0ca,Cindy Pooch - Viens,Cindy Pooch,Viens,cindy-pooch,viens,cindy-pooch,viens,2022-04-26,https://storage.googleapis.com/music8-json-prod/data/songs/cindy-pooch_viens.json
4ce71359-5006-4387-a92a-da557fc4555f,Circa Waves - Nothing To Lose,Circa Waves,Nothing To Lose,circa-waves,nothing-to-lose,circa-waves,nothing-to-lose,2024-01-18,https://storage.googleapis.com/music8-json-prod/data/songs/circa-waves_nothing-to-lose.json
f2720e86-03a5-4e04-a293-435bf336d667,Cissy Houston - I Know Him So Well,Cissy Houston,I Know Him So Well,cissy-houston,i-know-him-so-well,cissy-houston,i-know-him-so-well,2022-05-26,https://storage.googleapis.com/music8-json-prod/data/songs/cissy-houston_i-know-him-so-well.json
b077815f-205f-4d78-8bc0-717874cbe401,Citadelle - Peace Of Mind,Citadelle,Peace Of Mind,citadelle,peace-of-mind,citadelle,peace-of-mind,2025-06-27,https://storage.googleapis.com/music8-json-prod/data/songs/citadelle_peace-of-mind.json
ab6acdb5-58e3-40f7-b350-41b030021091,Claire Rosinkranz - Walls,Claire Rosinkranz,Walls,claire-rosinkranz,walls,claire-rosinkranz,walls,2023-06-22,https://storage.googleapis.com/music8-json-prod/data/songs/claire-rosinkranz_walls.json
28657b1a-ef02-4ca0-a277-7f90dd610b49,Clairo - In Love With A Memory,Clairo,In Love With A Memory,clairo,in-love,clairo,in-love,2025-01-27,https://storage.googleapis.com/music8-json-prod/data/songs/clairo_in-love.json
a20e9abd-028f-4ea5-9f74-64582c8e504a,Claud - To Be Yours,Claud,To Be Yours,claud,to-be-yours,claud,to-be-yours,2023-03-14,https://storage.googleapis.com/music8-json-prod/data/songs/claud_to-be-yours.json
0ac681be-d2fc-42d6-9600-3a473a4839bd,Clavish - Benz,Clavish,Benz,clavish,benz,clavish,benz,2025-05-01,https://storage.googleapis.com/music8-json-prod/data/songs/clavish_benz.json
7181c083-e5d9-4b19-8734-72795655b78a,Clémentine Delauney - Strangers To Love,Clémentine Delauney,Strangers To Love,clementine-delauney,strangers-to-love,clementine-delauney,strangers-to-love,2026-02-05,https://storage.googleapis.com/music8-json-prod/data/songs/clementine-delauney_strangers-to-love.json
5c04b58f-e65d-4fe8-b187-6422f7ece2e1,Clementine Douglas - Aint Giving Up,Clementine Douglas,Aint Giving Up,clementine-douglas,aint-giving-up,clementine-douglas,aint-giving-up,2024-08-15,https://storage.googleapis.com/music8-json-prod/data/songs/clementine-douglas_aint-giving-up.json
8f7ce479-cb70-44cf-b69f-3bd1aa523d9b,Clementine Douglas - Come Find Me,Clementine Douglas,Come Find Me,clementine-douglas,come-find-me-2,clementine-douglas,come-find-me-2,2025-09-25,https://storage.googleapis.com/music8-json-prod/data/songs/clementine-douglas_come-find-me-2.json
e5d9ab05-a9f3-451b-a9d9-ee2a93e9dcde,Clementine Douglas - Tell Me,Clementine Douglas,Tell Me,clementine-douglas,tell-me-3,clementine-douglas,tell-me-3,2025-02-06,https://storage.googleapis.com/music8-json-prod/data/songs/clementine-douglas_tell-me-3.json
c52cc76b-5e42-4bae-9d9d-b25066a22326,Clever - Life's A Mess Ii,Clever,Life's A Mess Ii,clever,lifes-a-mess-ii,clever,lifes-a-mess-ii,2021-03-04,https://storage.googleapis.com/music8-json-prod/data/songs/clever_lifes-a-mess-ii.json
88d5e1b0-b08e-4018-b1bf-8325a10648cb,Cliff Richard - Slow Rivers,Cliff Richard,Slow Rivers,cliff-richards,slow-rivers,cliff-richards,slow-rivers,1986-10-14,https://storage.googleapis.com/music8-json-prod/data/songs/cliff-richards_slow-rivers.json
c3f2d805-6459-43b2-b10e-c5878891ad9e,Cliff Richards - Two To The Power Of Love,Cliff Richards,Two To The Power Of Love,cliff-richards,two-to-the-power-of-love,cliff-richards,two-to-the-power-of-love,1984-10-22,https://storage.googleapis.com/music8-json-prod/data/songs/cliff-richards_two-to-the-power-of-love.json
4101ddb7-b247-4725-a7b3-f375e302ecea,Clipse - Community,Clipse,Community,clipse,community,clipse,community,2025-08-07,https://storage.googleapis.com/music8-json-prod/data/songs/clipse_community.json
7594ed63-3a31-4404-b430-dcb02958eb24,CLOVES - Focus,CLOVES,Focus,cloves,focus-2,cloves,focus-2,2025-01-16,https://storage.googleapis.com/music8-json-prod/data/songs/cloves_focus-2.json
788623ee-9038-4cd7-9a22-dffc374b756c,CLOVES - Old Friend,CLOVES,Old Friend,cloves,old-friend,cloves,old-friend,2025-06-27,https://storage.googleapis.com/music8-json-prod/data/songs/cloves_old-friend.json
fe9ac5aa-1816-497c-a713-d4d257fb59c3,Clyde Carson - Gps,Clyde Carson,Gps,clyde-carson,gps,clyde-carson,gps,2024-01-04,https://storage.googleapis.com/music8-json-prod/data/songs/clyde-carson_gps.json
2891ad22-8232-4ebd-a997-03a6bb7b1dab,CNCO - Diferente,CNCO,Diferente,cnco,diferente,cnco,diferente,2023-02-02,https://storage.googleapis.com/music8-json-prod/data/songs/cnco_diferente.json
ec4bf185-4d09-402a-b1bf-f229eb303844,Cocoa Sarai - Fire,Cocoa Sarai,Fire,cocoa-sarai,fire-8,cocoa-sarai,fire-8,2024-12-19,https://storage.googleapis.com/music8-json-prod/data/songs/cocoa-sarai_fire-8.json
5c6bcb47-f0f9-4e74-beb4-52d65182fbe0,Coi Leray - Flava,Coi Leray,Flava,coi-leray,flava,coi-leray,flava,2024-05-23,https://storage.googleapis.com/music8-json-prod/data/songs/coi-leray_flava.json
7c18c0bf-8e74-40cf-a56e-0fe01b5f46bb,Coi Leray - Make My Day,Coi Leray,Make My Day,coi-leray,make-my-day,coi-leray,make-my-day,2023-06-22,https://storage.googleapis.com/music8-json-prod/data/songs/coi-leray_make-my-day.json
34af88dd-34a7-4c7b-9792-12cbd992aa7f,Coka Cobra - Suicidal Love,Coka Cobra,Suicidal Love,coka-cobra,suicidal-love,coka-cobra,suicidal-love,2024-05-10,https://storage.googleapis.com/music8-json-prod/data/songs/coka-cobra_suicidal-love.json
144325bd-426a-4102-b37c-3b4b078eed51,Colbie Caillat - Breathe,Colbie Caillat,Breathe,colbie-caillat,breathe,colbie-caillat,breathe,2021-04-08,https://storage.googleapis.com/music8-json-prod/data/songs/colbie-caillat_breathe.json
ddf4ac56-90f3-4a25-87d2-55beb68aaf09,COLLETT - No Bad Days,COLLETT,No Bad Days,collett,no-bad-days,collett,no-bad-days,2023-03-02,https://storage.googleapis.com/music8-json-prod/data/songs/collett_no-bad-days.json
9e3ffe5c-cb1e-498c-a87d-9583582136d3,Confidence Man - Now U Do,Confidence Man,Now U Do,confidence-man,now-u-do,confidence-man,now-u-do,2023-08-03,https://storage.googleapis.com/music8-json-prod/data/songs/confidence-man_now-u-do.json
976dc0d9-fb1a-481b-962f-d5b0c628e064,Confidence Man - Re-lush,Confidence Man,Re-lush,confidence-man,re-lush,confidence-man,re-lush,2025-05-08,https://storage.googleapis.com/music8-json-prod/data/songs/confidence-man_re-lush.json
7495c411-c468-408a-8af6-c94bb1e5e7a7,Connor Price - Automatic,Connor Price,Automatic,connor-price,automatic-3,connor-price,automatic-3,2026-02-27,https://storage.googleapis.com/music8-json-prod/data/songs/connor-price_automatic-3.json
34515684-3eb2-4341-8ebf-2290baeab580,Connor Price - Up!,Connor Price,Up!,connor-price,up-2,connor-price,up-2,2024-02-29,https://storage.googleapis.com/music8-json-prod/data/songs/connor-price_up-2.json
de4d2031-f5a9-4e73-9a3a-28ffe30f491e,Conquer Divide - Fckboi,Conquer Divide,Fckboi,conquer-divide,fckboi,conquer-divide,fckboi,2022-09-15,https://storage.googleapis.com/music8-json-prod/data/songs/conquer-divide_fckboi.json
6fd9b32e-44f3-400b-8b52-ff6d6463e084,Conrad Sewell - Firestone Ft. Conrad Sewell,Conrad Sewell,Firestone Ft. Conrad Sewell,conrad-sewell,firestone,conrad-sewell,firestone,2016-05-12,https://storage.googleapis.com/music8-json-prod/data/songs/conrad-sewell_firestone.json
cabd516a-009f-437d-b41c-39fc1b3584fe,Cookin’ on 3 Burners - This Girl,Cookin’ on 3 Burners,This Girl,cookin-on-3-burners,this-girl,cookin-on-3-burners,this-girl,2016-03-24,https://storage.googleapis.com/music8-json-prod/data/songs/cookin-on-3-burners_this-girl.json
8b6b3504-4449-40a1-be2f-6831842cb42c,Coolio - Gangsta's Paradise,Coolio,Gangsta's Paradise,,,coolio,gangstas-paradise,,https://storage.googleapis.com/music8-json-prod/data/songs/coolio_gangstas-paradise.json
82ecff39-94f7-4b87-8f48-924d9655f055,Coolio - Lowdown,Coolio,Lowdown,coolio,lowdown-2,coolio,lowdown-2,2010-08-14,https://storage.googleapis.com/music8-json-prod/data/songs/coolio_lowdown-2.json
38c91c16-ea8c-4d43-9b13-3f2cfae13f68,Corbyn Besson - Panic,Corbyn Besson,Panic,corbyn-besson,panic-4,corbyn-besson,panic-4,2024-08-01,https://storage.googleapis.com/music8-json-prod/data/songs/corbyn-besson_panic-4.json
a22cd99a-ced5-4380-8cf4-6cc7d59144aa,Corinne Bailey Rae - Put Your Records On,Corinne Bailey Rae,Put Your Records On,,,corinne-bailey-rae,put-your-records-on,,https://storage.googleapis.com/music8-json-prod/data/songs/corinne-bailey-rae_put-your-records-on.json
d0f45add-f634-4768-a7cc-fe5d8d87aef2,Corlyx - Ravenous,Corlyx,Ravenous,corlyx,ravenous,corlyx,ravenous,2025-11-14,https://storage.googleapis.com/music8-json-prod/data/songs/corlyx_ravenous.json
7f990971-99ca-4944-87e9-83edee19f1af,Corrina Greyson - You Don't Know,Corrina Greyson,You Don't Know,corrina-greyson,you-dont-know,corrina-greyson,you-dont-know,2017-05-17,https://storage.googleapis.com/music8-json-prod/data/songs/corrina-greyson_you-dont-know.json
92316617-21a1-4751-91e6-1e3d8eb221cc,Cosha - Thicc,Cosha,Thicc,cosha,thicc,cosha,thicc,2023-12-13,https://storage.googleapis.com/music8-json-prod/data/songs/cosha_thicc.json
ff4a06e1-2c0b-42df-b6dc-f1a06b5e8752,Courtney LaPlante - My House,Courtney LaPlante,My House,courtney-laplante,my-house-4,courtney-laplante,my-house-4,2025-02-17,https://storage.googleapis.com/music8-json-prod/data/songs/courtney-laplante_my-house-4.json
fffa964a-8f11-46ce-8b4b-cf5b7bda65a6,Crazy Donkey - Are You Happy Now,Crazy Donkey,Are You Happy Now,crazy-donkey,are-you-happy-now,crazy-donkey,are-you-happy-now,2024-09-04,https://storage.googleapis.com/music8-json-prod/data/songs/crazy-donkey_are-you-happy-now.json
aaf66ac2-fd7d-4e88-b4a4-adb1e42c7dbc,Cristale - G.o.a.t,Cristale,G.o.a.t,cristale,g-o-a-t-sky-25-mix,cristale,g-o-a-t-sky-25-mix,2025-08-14,https://storage.googleapis.com/music8-json-prod/data/songs/cristale_g-o-a-t-sky-25-mix.json
a261faba-cdc4-4f2c-9691-1a4c25c56383,Crowder - The Rock,Crowder,The Rock,crowder,the-rock,crowder,the-rock,2025-08-22,https://storage.googleapis.com/music8-json-prod/data/songs/crowder_the-rock.json
7da0ab7c-5dc0-4ca6-8099-c37ede8ec32a,Cyndi Lauper - A Christmas Duel,Cyndi Lauper,A Christmas Duel,cyndi-lauper,a-christmas-duel,cyndi-lauper,a-christmas-duel,2008-12-01,https://storage.googleapis.com/music8-json-prod/data/songs/cyndi-lauper_a-christmas-duel.json
9d603891-ef57-4c7c-953e-3dfa7f2eb14e,CYRIL - The Sound Of Silence,CYRIL,The Sound Of Silence,cyril,the-sound-of-silence-cyril-remix,cyril,the-sound-of-silence-cyril-remix,2024-02-13,https://storage.googleapis.com/music8-json-prod/data/songs/cyril_the-sound-of-silence-cyril-remix.json
f6629942-85f2-4031-b629-5d2693040bd1,CYRIL - World Gone Wild,CYRIL,World Gone Wild,cyril,world-gone-wild,cyril,world-gone-wild,2024-10-11,https://storage.googleapis.com/music8-json-prod/data/songs/cyril_world-gone-wild.json
b25431c5-0d61-489a-a157-47f8afb993c5,D O D - Somedays,D O D,Somedays,d-o-d,somedays,d-o-d,somedays,2024-07-25,https://storage.googleapis.com/music8-json-prod/data/songs/d-o-d_somedays.json
20e99c8a-692d-4771-b627-5c8caabeb04a,D O D - Think About Us,D O D,Think About Us,d-o-d,think-about-us,d-o-d,think-about-us,2025-10-16,https://storage.googleapis.com/music8-json-prod/data/songs/d-o-d_think-about-us.json
040db0b8-49db-44a0-8164-abfe7947cda2,D Smoke - Get Lit,D Smoke,Get Lit,d-smoke,get-lit,d-smoke,get-lit,2024-05-03,https://storage.googleapis.com/music8-json-prod/data/songs/d-smoke_get-lit.json
125f34a2-d2ce-4212-b4a7-0f923d6edba6,D Smoke - Up From Here,D Smoke,Up From Here,d-smoke,up-from-here,d-smoke,up-from-here,2026-01-12,https://storage.googleapis.com/music8-json-prod/data/songs/d-smoke_up-from-here.json
7fde3dc5-0f37-429c-a489-6fe6dbcd21a8,D.o.d - Wont Forget You,D.o.d,Wont Forget You,d-o-d,wont-forget-you-2,d-o-d,wont-forget-you-2,2023-09-28,https://storage.googleapis.com/music8-json-prod/data/songs/d-o-d_wont-forget-you-2.json
6aa9b5b6-161e-449d-a14b-2147dffbf7df,D'Angelo - Your Precious Love,D'Angelo,Your Precious Love,dangelo,your-precious-love,dangelo,your-precious-love,2008-01-01,https://storage.googleapis.com/music8-json-prod/data/songs/dangelo_your-precious-love.json
039e70a7-1b5f-437a-92e2-e48942ad7b80,Dababy - Baby,Dababy,Baby,dababy,baby,dababy,baby,2018-10-04,https://storage.googleapis.com/music8-json-prod/data/songs/dababy_baby.json
63cce56c-8d1d-4030-b374-d534680a1183,Dababy - Cash Shit,Dababy,Cash Shit,dababy,cash-shit,dababy,cash-shit,2019-05-16,https://storage.googleapis.com/music8-json-prod/data/songs/dababy_cash-shit.json
ff0c94d1-a67b-42b5-b5a1-4dc950b4b199,Dababy - Cry Baby,Dababy,Cry Baby,dababy,cry-baby,dababy,cry-baby,2020-11-19,https://storage.googleapis.com/music8-json-prod/data/songs/dababy_cry-baby.json
e2e3abc4-a140-476d-867a-633fd39edc14,Dababy - Enemies,Dababy,Enemies,dababy,enemies,dababy,enemies,2019-09-05,https://storage.googleapis.com/music8-json-prod/data/songs/dababy_enemies.json
2fe451c9-f18e-4fe0-b83b-0e5dcf87bf5c,Dababy - For The Night,Dababy,For The Night,dababy,for-the-night,dababy,for-the-night,2020-07-02,https://storage.googleapis.com/music8-json-prod/data/songs/dababy_for-the-night.json
f69b32a2-dc82-481c-82ae-6a122d968e95,Dababy - Hannah Montana,Dababy,Hannah Montana,dababy,hannah-montana,dababy,hannah-montana,2024-12-24,https://storage.googleapis.com/music8-json-prod/data/songs/dababy_hannah-montana.json
e8ef047f-52bd-4ec2-a91b-fe3b38179acd,DADA - Summer,DADA,Summer,dada,summer-3,dada,summer-3,2024-08-21,https://storage.googleapis.com/music8-json-prod/data/songs/dada_summer-3.json
9075ed33-3fab-4ee1-8e61-9c493c1a0728,Daddy Yankee - Made For Now,Daddy Yankee,Made For Now,daddy-yankee,made-for-now,daddy-yankee,made-for-now,2018-08-16,https://storage.googleapis.com/music8-json-prod/data/songs/daddy-yankee_made-for-now.json
7a668c6e-304e-429e-9b05-8cca81f067c5,Daecolm - Think Of Me,Daecolm,Think Of Me,daecolm,think-of-me-2,daecolm,think-of-me-2,2025-04-30,https://storage.googleapis.com/music8-json-prod/data/songs/daecolm_think-of-me-2.json
8040a05a-003f-43ea-9a28-8f35e4502926,Daft Punk - Get Lucky,Daft Punk,Get Lucky,,,daft-punk,get-lucky,,https://storage.googleapis.com/music8-json-prod/data/songs/daft-punk_get-lucky.json
87b74f6f-ec21-4525-b3d6-3744da445e57,Dagny - Lonely Together,Dagny,Lonely Together,dagny,lonely-together,dagny,lonely-together,2022-11-10,https://storage.googleapis.com/music8-json-prod/data/songs/dagny_lonely-together.json
107cc5dd-66f4-4cbb-9431-9b0eac97a98c,Dakota - Fast Car Ft. Dakota,Dakota,Fast Car Ft. Dakota,dakota,jonas-blue-fast-car,dakota,jonas-blue-fast-car,2018-11-08,https://storage.googleapis.com/music8-json-prod/data/songs/dakota_jonas-blue-fast-car.json
ab952be4-a9f8-4e63-ab72-d3c4b5b8b6a7,Dame D.O.L.L.A. - Hook Mitchell,Dame D.O.L.L.A.,Hook Mitchell,dame-d-o-l-l-a,hook-mitchell,dame-d-o-l-l-a,hook-mitchell,2023-09-14,https://storage.googleapis.com/music8-json-prod/data/songs/dame-d-o-l-l-a_hook-mitchell.json
842658b0-44d9-4129-87e3-d2f032ed51ae,"Dame Tu Cosita - El Chombo, Dancing Green Alien Ft. Cutty Ranks",Dame Tu Cosita,"El Chombo, Dancing Green Alien Ft. Cutty Ranks",,,dame-tu-cosita,el-chombo-dancing-green-alien-ft-cutty-ranks,,https://storage.googleapis.com/music8-json-prod/data/songs/dame-tu-cosita_el-chombo-dancing-green-alien-ft-cutty-ranks.json
a45d19cc-8607-4de3-8e92-20d976f638f2,Damian Marley - At We Feet,Damian Marley,At We Feet,damian-marley,at-we-feet,damian-marley,at-we-feet,2026-01-16,https://storage.googleapis.com/music8-json-prod/data/songs/damian-marley_at-we-feet.json
3809a341-eace-478a-ba6d-d5251a511765,Damian Marley - In My Time,Damian Marley,In My Time,damian-marley,in-my-time,damian-marley,in-my-time,2024-09-19,https://storage.googleapis.com/music8-json-prod/data/songs/damian-marley_in-my-time.json
6246e824-f217-47ad-97e9-dc201d92ef98,Damian Marley - No Fear,Damian Marley,No Fear,damian-marley,no-fear-3,damian-marley,no-fear-3,2023-01-19,https://storage.googleapis.com/music8-json-prod/data/songs/damian-marley_no-fear-3.json
396f6081-5220-4f35-9169-37cdec73bf25,Damian Marley - Now That You Got It,Damian Marley,Now That You Got It,damian-marley,now-that-you-got-it,damian-marley,now-that-you-got-it,2005-12-31,https://storage.googleapis.com/music8-json-prod/data/songs/damian-marley_now-that-you-got-it.json
a14f65f1-9fad-42c3-aae7-df1992f0866e,Damian Marley - Run,Damian Marley,Run,damian-marley,run-4,damian-marley,run-4,2023-12-13,https://storage.googleapis.com/music8-json-prod/data/songs/damian-marley_run-4.json
069f94bd-ae2a-47b7-8ca9-e7230bdf4562,DAMNED - Neat Neat Neat,DAMNED,Neat Neat Neat,damned,neat-neat-neat,damned,neat-neat-neat,2025-09-09,https://storage.googleapis.com/music8-json-prod/data/songs/damned_neat-neat-neat.json
e9b6e1ab-1478-456b-aaac-12d555d2df92,Damon Albarn - Nsera,Damon Albarn,Nsera,damon-albarn,nsera,damon-albarn,nsera,2023-05-11,https://storage.googleapis.com/music8-json-prod/data/songs/damon-albarn_nsera.json
fee8f222-8a12-4e92-9a7e-3b0f42e10276,Dan Caplen - These Days,Dan Caplen,These Days,dan-caplen,these-days,dan-caplen,these-days,2018-01-24,https://storage.googleapis.com/music8-json-prod/data/songs/dan-caplen_these-days.json
149ae1c7-9e45-400b-8822-d1c68738f8c0,Dan Reynolds - Original Me,Dan Reynolds,Original Me,dan-reynolds,original-me,dan-reynolds,original-me,2019-10-08,https://storage.googleapis.com/music8-json-prod/data/songs/dan-reynolds_original-me.json
ccf4acb9-2087-4d8d-a68b-9fc006d52b85,Dana Williams - Oh No!,Dana Williams,Oh No!,dana-williams,oh-no-5,dana-williams,oh-no-5,2018-05-09,https://storage.googleapis.com/music8-json-prod/data/songs/dana-williams_oh-no-5.json
3b5d3ca9-fcd9-4af9-995f-7099f3d2c634,Danger Mouse - Super Breath,Danger Mouse,Super Breath,danger-mouse,super-breath,danger-mouse,super-breath,2024-07-24,https://storage.googleapis.com/music8-json-prod/data/songs/danger-mouse_super-breath.json
c6bbf5b9-4db7-42cd-b36b-0eba13cd6bfe,Dangerous Curves - Good And The Bad Official Music Video,Dangerous Curves,Good And The Bad Official Music Video,,,dangerous-curves,good-and-the-bad-official-music-video,,https://storage.googleapis.com/music8-json-prod/data/songs/dangerous-curves_good-and-the-bad-official-music-video.json
2f0ceca9-163e-43ac-a213-e9c5837b5407,Daniel Caesar - Peaches,Daniel Caesar,Peaches,daniel-caesar,peaches,daniel-caesar,peaches,2021-03-18,https://storage.googleapis.com/music8-json-prod/data/songs/daniel-caesar_peaches.json
c4121be6-acb0-4924-8720-d9a1409a24ef,Daniel Steinberg - Bus Stop Please,Daniel Steinberg,Bus Stop Please,daniel-steinberg,bus-stop-please,daniel-steinberg,bus-stop-please,2024-11-20,https://storage.googleapis.com/music8-json-prod/data/songs/daniel-steinberg_bus-stop-please.json
cde61108-24e7-450f-b2ee-0dc01807b2f1,Daniela Lalita - Drugs,Daniela Lalita,Drugs,daniela-lalita,drugs-3,daniela-lalita,drugs-3,2023-07-05,https://storage.googleapis.com/music8-json-prod/data/songs/daniela-lalita_drugs-3.json
63d481c6-ab17-48dd-9268-f1c9bd161730,Danielle Ponder - Is This Love,Danielle Ponder,Is This Love,danielle-ponder,is-this-love-2,danielle-ponder,is-this-love-2,2024-10-18,https://storage.googleapis.com/music8-json-prod/data/songs/danielle-ponder_is-this-love-2.json
7404f5d9-6bb4-48e5-8799-6dae474550f5,Danna Paola - Mexico,Danna Paola,Mexico,danna-paola,mexico,danna-paola,mexico,2023-03-03,https://storage.googleapis.com/music8-json-prod/data/songs/danna-paola_mexico.json
4c1c432c-1823-44ca-aaca-36698202deac,Danna Paola - Paranoia,Danna Paola,Paranoia,danna-paola,paranoia,danna-paola,paranoia,2023-10-05,https://storage.googleapis.com/music8-json-prod/data/songs/danna-paola_paranoia.json
00aaf776-5589-47aa-8e94-bcf49faa321c,Danny Brown - Peace Of Mind,Danny Brown,Peace Of Mind,danny-brown,peace-of-mind-2,danny-brown,peace-of-mind-2,2026-01-07,https://storage.googleapis.com/music8-json-prod/data/songs/danny-brown_peace-of-mind-2.json
3352f231-4ac4-4888-8f86-9830d8bae0c3,Danny Worsnop - Death Wish,Danny Worsnop,Death Wish,danny-worsnop,death-wish,danny-worsnop,death-wish,2024-05-21,https://storage.googleapis.com/music8-json-prod/data/songs/danny-worsnop_death-wish.json
19ec575e-b7f6-4351-a91d-5709910d4c2a,Darren Fitzpatrick - Love Is A Bitch Slap,Darren Fitzpatrick,Love Is A Bitch Slap,axl-rose,a-bitchslap,axl-rose,a-bitchslap,2007-01-01,https://storage.googleapis.com/music8-json-prod/data/songs/axl-rose_a-bitchslap.json
bba7ca68-8770-4057-a6b2-6db9ded6d61b,Daryl Hall & John Oates - Private Eyes,Daryl Hall & John Oates,Private Eyes,,,daryl-hall-john-oates,private-eyes,,https://storage.googleapis.com/music8-json-prod/data/songs/daryl-hall-john-oates_private-eyes.json
2230e389-1435-450a-9130-4816853dd418,Dash Berlin - Time After Time,Dash Berlin,Time After Time,dash-berlin,time-after-time-2,dash-berlin,time-after-time-2,2022-12-15,https://storage.googleapis.com/music8-json-prod/data/songs/dash-berlin_time-after-time-2.json
c46598d1-7c01-49ee-8854-bec1664a1899,Dave East - Let's Wrap About It: Christmas Special,Dave East,Let's Wrap About It: Christmas Special,dave-east,lets-wrap-about-it-christmas-special,dave-east,lets-wrap-about-it-christmas-special,2025-12-25,https://storage.googleapis.com/music8-json-prod/data/songs/dave-east_lets-wrap-about-it-christmas-special.json
6caad3bc-8c0f-4862-a9de-9355ac5628bc,Dave Gahan - Ocean,Dave Gahan,Ocean,dave-gahan,ocean,dave-gahan,ocean,2018-07-05,https://storage.googleapis.com/music8-json-prod/data/songs/dave-gahan_ocean.json
da851998-4cd1-4db3-9c0e-f3539c1ac5fc,Dave Summer - Smoke,Dave Summer,Smoke,dave-summer,smoke-5,dave-summer,smoke-5,2024-11-29,https://storage.googleapis.com/music8-json-prod/data/songs/dave-summer_smoke-5.json
47d3b130-8786-4efb-9a3d-f61c65aa96c4,David Bowie - This Is Not America,David Bowie,This Is Not America,,,david-bowie,this-is-not-america,,https://storage.googleapis.com/music8-json-prod/data/songs/david-bowie_this-is-not-america.json
a95f2f72-2096-42a0-a0d7-464163f9ac66,David Guetta - All Night Long,David Guetta,All Night Long,david-guetta,all-night-long,david-guetta,all-night-long,2024-01-19,https://storage.googleapis.com/music8-json-prod/data/songs/david-guetta_all-night-long.json
58eb1db8-69f2-4973-9482-ae4693d71f2e,David Guetta - Ameno Amapiano,David Guetta,Ameno Amapiano,david-guetta,ameno-amapiano-you-wanna-bamba,david-guetta,ameno-amapiano-you-wanna-bamba,2022-04-28,https://storage.googleapis.com/music8-json-prod/data/songs/david-guetta_ameno-amapiano-you-wanna-bamba.json
bae9a254-9b4a-465b-91d4-e61f562935d1,David Guetta - Bed,David Guetta,Bed,david-guetta,bed,david-guetta,bed,2021-04-23,https://storage.googleapis.com/music8-json-prod/data/songs/david-guetta_bed.json
1232f12f-3178-41ad-9dc5-66f7fac59098,David Guetta - Feeling Good,David Guetta,Feeling Good,david-guetta,feeling-good,david-guetta,feeling-good,2024-04-28,https://storage.googleapis.com/music8-json-prod/data/songs/david-guetta_feeling-good.json
f0403afc-254f-451a-b378-92bd31f8399d,David Guetta - Heartbreak Anthem,David Guetta,Heartbreak Anthem,david-guetta,heartbreak-anthem,david-guetta,heartbreak-anthem,2021-05-19,https://storage.googleapis.com/music8-json-prod/data/songs/david-guetta_heartbreak-anthem.json
2bfd921b-a4c8-411b-b7ee-274a820078eb,David Guetta - Here We Go Again,David Guetta,Here We Go Again,david-guetta,here-we-go-again-2,david-guetta,here-we-go-again-2,2023-03-03,https://storage.googleapis.com/music8-json-prod/data/songs/david-guetta_here-we-go-again-2.json
54b469a1-278d-461f-9eb0-d5069171cd60,David Guetta - If It’s Okay,David Guetta,If It’s Okay,david-guetta,if-its-okay,david-guetta,if-its-okay,2024-11-21,https://storage.googleapis.com/music8-json-prod/data/songs/david-guetta_if-its-okay.json
826c07f4-fd06-439f-85cf-82fa0883498e,David Guetta - Jennifer Lopez & David Guetta - Save Me Tonight,David Guetta,Jennifer Lopez & David Guetta - Save Me Tonight,,,david-guetta,jennifer-lopez-david-guetta-save-me-tonight,,https://storage.googleapis.com/music8-json-prod/data/songs/david-guetta_jennifer-lopez-david-guetta-save-me-tonight.json
f20c0fe4-3600-4ccb-8ac4-69f5ff02edbd,David Guetta - My Life,David Guetta,My Life,david-guetta,my-life-2,david-guetta,my-life-2,2025-01-30,https://storage.googleapis.com/music8-json-prod/data/songs/david-guetta_my-life-2.json
9fa52dcc-dca4-4c5e-bc49-dbcd1dcd0540,David Guetta - On My Love,David Guetta,On My Love,david-guetta,on-my-love,david-guetta,on-my-love,2023-09-14,https://storage.googleapis.com/music8-json-prod/data/songs/david-guetta_on-my-love.json
b27d1030-55bc-430e-ad96-70fdf02aba3c,David Guetta - On Repeat,David Guetta,On Repeat,david-guetta,on-repeat,david-guetta,on-repeat,2023-04-13,https://storage.googleapis.com/music8-json-prod/data/songs/david-guetta_on-repeat.json
4a05f86e-6328-4fe5-8fa5-fd8ec3e1afb6,David Guetta - Pum Pum,David Guetta,Pum Pum,david-guetta,pum-pum-2,david-guetta,pum-pum-2,2025-11-18,https://storage.googleapis.com/music8-json-prod/data/songs/david-guetta_pum-pum-2.json
72fe72ba-150e-48c4-b318-bf374c9589ce,David Guetta - Ranjha,David Guetta,Ranjha,david-guetta,ranjha,david-guetta,ranjha,2026-03-16,https://storage.googleapis.com/music8-json-prod/data/songs/david-guetta_ranjha.json
d7cf7024-b2ed-47b7-a2e1-8492b37aa6dc,David Guetta - Redrum,David Guetta,Redrum,david-guetta,redrum,david-guetta,redrum,2022-01-19,https://storage.googleapis.com/music8-json-prod/data/songs/david-guetta_redrum.json
94f84252-32f4-464f-b8e3-b492d9b25e33,David Guetta - Save Me Tonight,David Guetta,Save Me Tonight,david-guetta,save-me-tonight,david-guetta,save-me-tonight,2026-03-05,https://storage.googleapis.com/music8-json-prod/data/songs/david-guetta_save-me-tonight.json
e44edc81-d106-412b-b467-e492499a1def,David Guetta - Shout,David Guetta,Shout,david-guetta,shout-2,david-guetta,shout-2,2025-02-13,https://storage.googleapis.com/music8-json-prod/data/songs/david-guetta_shout-2.json
c3ea34da-7067-4824-b48c-d109250bcb70,David Guetta - Supernova Love,David Guetta,Supernova Love,david-guetta,supernova-love,david-guetta,supernova-love,2024-11-14,https://storage.googleapis.com/music8-json-prod/data/songs/david-guetta_supernova-love.json
f15c8cd5-3f21-41d8-8a70-bb6babb3f9f7,David Holmes - Tonight In Belfast,David Holmes,Tonight In Belfast,david-holmes,tonight-in-belfast,david-holmes,tonight-in-belfast,2024-02-01,https://storage.googleapis.com/music8-json-prod/data/songs/david-holmes_tonight-in-belfast.json
8804ad75-9d7c-4fa1-80a5-d6a8d051ab11,David Kushner - In My Bones,David Kushner,In My Bones,david-kushner,in-my-bones,david-kushner,in-my-bones,2024-04-18,https://storage.googleapis.com/music8-json-prod/data/songs/david-kushner_in-my-bones.json
f7af317c-87cc-4268-8a49-7786c96c934b,David Sylvian - Forbidden Colors,David Sylvian,Forbidden Colors,david-sylvian,forbidden-colors,david-sylvian,forbidden-colors,2015-01-01,https://storage.googleapis.com/music8-json-prod/data/songs/david-sylvian_forbidden-colors.json
57056dfc-10b9-4dee-9c5d-716014e59503,Davido - Wap,Davido,Wap,davido,wap-2,davido,wap-2,2024-05-17,https://storage.googleapis.com/music8-json-prod/data/songs/davido_wap-2.json
969077e8-a615-4f07-ac81-74b1a7f87c4d,Dawn Richard - Hold On,Dawn Richard,Hold On,dawn-richard,hold-on-5,dawn-richard,hold-on-5,2024-08-20,https://storage.googleapis.com/music8-json-prod/data/songs/dawn-richard_hold-on-5.json
1ed9a0eb-42f7-4d8b-b173-9eee994f0a26,Dawty - Loosen Up,Dawty,Loosen Up,dawty,loosen-up,dawty,loosen-up,2025-06-27,https://storage.googleapis.com/music8-json-prod/data/songs/dawty_loosen-up.json
346543fc-0feb-4957-b1a2-3570c19ed696,Daya - Dreamin,Daya,Dreamin,daya,dreamin-2,daya,dreamin-2,2025-02-06,https://storage.googleapis.com/music8-json-prod/data/songs/daya_dreamin-2.json
d30e80e0-a952-45ef-9c30-bc55def90664,Daya - Ritual,Daya,Ritual,daya,ritual-4,daya,ritual-4,2026-03-26,https://storage.googleapis.com/music8-json-prod/data/songs/daya_ritual-4.json
28ddf0d1-045b-427c-bddc-8244b06ebb17,dazy - Sunroof,dazy,Sunroof,dazy,sunroof,dazy,sunroof,2021-12-03,https://storage.googleapis.com/music8-json-prod/data/songs/dazy_sunroof.json
f7adb676-865a-41be-94e9-be70f3bc9514,Dead Pony - Generation Gap,Dead Pony,Generation Gap,dead-pony,generation-gap,dead-pony,generation-gap,2024-06-03,https://storage.googleapis.com/music8-json-prod/data/songs/dead-pony_generation-gap.json
35727861-450d-42c1-845b-024befa7c578,Dean - Aftertaste,Dean,Aftertaste,anderson-paak,aftertaste,anderson-paak,aftertaste,2026-05-07,https://storage.googleapis.com/music8-json-prod/data/songs/anderson-paak_aftertaste.json
1523b45f-1e80-4552-9eff-4444a8a68b18,Dean Lewis - 28,Dean Lewis,28,dean-lewis,28,dean-lewis,28,2023-11-09,https://storage.googleapis.com/music8-json-prod/data/songs/dean-lewis_28.json
84fd448e-a201-46c5-b12d-d4c6b58b19fa,Dean Lewis - Learn To Love,Dean Lewis,Learn To Love,dean-lewis,learn-to-love,dean-lewis,learn-to-love,2025-07-24,https://storage.googleapis.com/music8-json-prod/data/songs/dean-lewis_learn-to-love.json
c3014ac0-ae91-4e42-ba7c-e42236bfc9e1,Dean Lewis - Loved You Better,Dean Lewis,Loved You Better,dean-lewis,loved-you-better,dean-lewis,loved-you-better,2025-08-07,https://storage.googleapis.com/music8-json-prod/data/songs/dean-lewis_loved-you-better.json
e8f8b856-b007-4cf5-b67b-9d63af3b5cdc,Dean Lewis - Middle Of Love,Dean Lewis,Middle Of Love,dean-lewis,middle-of-love,dean-lewis,middle-of-love,2024-08-23,https://storage.googleapis.com/music8-json-prod/data/songs/dean-lewis_middle-of-love.json
fe1bed98-4a6b-46cf-8585-d0f7e2ea5d96,DeathByRomy - All Night,DeathByRomy,All Night,deathbyromy,all-night-2,deathbyromy,all-night-2,2023-11-16,https://storage.googleapis.com/music8-json-prod/data/songs/deathbyromy_all-night-2.json
869eac1d-3054-4c6d-8bba-8d3f3ed950fd,DeathByRomy - Waves,DeathByRomy,Waves,deathbyromy,waves-3,deathbyromy,waves-3,2024-04-05,https://storage.googleapis.com/music8-json-prod/data/songs/deathbyromy_waves-3.json
ee2c045c-752c-4644-88ed-d7357731de85,Declan McKenna - Late To The Party,Declan McKenna,Late To The Party,declan-mckenna,late-to-the-party,declan-mckenna,late-to-the-party,2024-08-27,https://storage.googleapis.com/music8-json-prod/data/songs/declan-mckenna_late-to-the-party.json
07de6bcf-068b-4416-941e-12079ba20539,Dee Dee Bridgewater - Flying Saucer,Dee Dee Bridgewater,Flying Saucer,dee-dee-bridgewater,flying-saucer,dee-dee-bridgewater,flying-saucer,2011-11-07,https://storage.googleapis.com/music8-json-prod/data/songs/dee-dee-bridgewater_flying-saucer.json
1a1e5087-2a19-4a42-858a-451a8e94df27,Dee Dee Bridgewater - Into My Soul,Dee Dee Bridgewater,Into My Soul,dee-dee-bridgewater,into-my-soul,dee-dee-bridgewater,into-my-soul,2013-10-25,https://storage.googleapis.com/music8-json-prod/data/songs/dee-dee-bridgewater_into-my-soul.json
23c9fea1-16ba-45e8-b3df-37ac00bd1c25,Deirdre McLaughlin - Saving Grace,Deirdre McLaughlin,Saving Grace,deirdre-mclaughlin,saving-grace,deirdre-mclaughlin,saving-grace,2022-02-24,https://storage.googleapis.com/music8-json-prod/data/songs/deirdre-mclaughlin_saving-grace.json
f77f9b2c-942b-44c6-98b0-f78ec12f17c4,Demi Lovato - Breakdown,Demi Lovato,Breakdown,demi-lovato,breakdown,demi-lovato,breakdown,2021-09-16,https://storage.googleapis.com/music8-json-prod/data/songs/demi-lovato_breakdown.json
f18bdd4f-1b69-454b-9930-cddb9641b141,Demi Lovato - ÉChame La Culpa,Demi Lovato,ÉChame La Culpa,demi-lovato,echame-la-culpa,demi-lovato,echame-la-culpa,2019-01-31,https://storage.googleapis.com/music8-json-prod/data/songs/demi-lovato_echame-la-culpa.json
f1ec0c46-4850-4421-84e6-11f79d581781,Demi Lovato - Fantasy,Demi Lovato,Fantasy,cobra,fantasy-10,cobra,fantasy-10,2026-04-23,https://storage.googleapis.com/music8-json-prod/data/songs/cobra_fantasy-10.json
f03effa3-59f8-4054-a2a6-ed48f63969cf,Demi Lovato - Fiimy,Demi Lovato,Fiimy,demi-lovato,fiimy-fuck-it-i-miss-you,demi-lovato,fiimy-fuck-it-i-miss-you,2022-02-17,https://storage.googleapis.com/music8-json-prod/data/songs/demi-lovato_fiimy-fuck-it-i-miss-you.json
a128c07d-0339-4a26-82c9-5b827c437e6a,Demi Lovato - I'm Ready,Demi Lovato,I'm Ready,demi-lovato,im-ready-2,demi-lovato,im-ready-2,2020-04-15,https://storage.googleapis.com/music8-json-prod/data/songs/demi-lovato_im-ready-2.json
56ac1526-24b8-451e-b832-4c193797501f,Demi Lovato - Instruction,Demi Lovato,Instruction,demi-lovato,instruction,demi-lovato,instruction,2019-07-11,https://storage.googleapis.com/music8-json-prod/data/songs/demi-lovato_instruction.json
adc31b0f-3dfd-4d47-ac1b-37db547597d5,Demi Lovato - Ok Not To Be Ok,Demi Lovato,Ok Not To Be Ok,demi-lovato,ok-not-to-be-ok,demi-lovato,ok-not-to-be-ok,2020-09-09,https://storage.googleapis.com/music8-json-prod/data/songs/demi-lovato_ok-not-to-be-ok.json
7f02ba64-3ac6-468f-a451-cfe7c06ee514,Demi Lovato - Papa Was A Rolling Stone,Demi Lovato,Papa Was A Rolling Stone,demi-lovato,papa-was-a-rolling-stone,demi-lovato,papa-was-a-rolling-stone,2024-05-16,https://storage.googleapis.com/music8-json-prod/data/songs/demi-lovato_papa-was-a-rolling-stone.json
950d82a0-ee87-4d86-ba9e-1c7759b7bb97,Demi Lovato - What Other People Say,Demi Lovato,What Other People Say,demi-lovato,what-other-people-say,demi-lovato,what-other-people-say,2021-02-03,https://storage.googleapis.com/music8-json-prod/data/songs/demi-lovato_what-other-people-say.json
8626ef43-24e1-4c2e-936b-46d7eede8f9f,Denzel Curry - Lemonade,Denzel Curry,Lemonade,denzel-curry,lemonade,denzel-curry,lemonade,2020-08-13,https://storage.googleapis.com/music8-json-prod/data/songs/denzel-curry_lemonade.json
e22af02c-dd44-4cd3-adb7-ce50055b0378,Dermot Kennedy - Paradise,Dermot Kennedy,Paradise,dermot-kennedy,paradise-2,dermot-kennedy,paradise-2,2020-10-29,https://storage.googleapis.com/music8-json-prod/data/songs/dermot-kennedy_paradise-2.json
6f1d8085-6ae9-41f6-9aeb-9c5b35610463,Deryck Whibley - Ruin My Life,Deryck Whibley,Ruin My Life,deryck-whibley,ruin-my-life,deryck-whibley,ruin-my-life,2022-05-05,https://storage.googleapis.com/music8-json-prod/data/songs/deryck-whibley_ruin-my-life.json
d0d1e637-356a-4ddf-8bc1-01f1db5f7948,DESTIN CONRAD - Auction,DESTIN CONRAD,Auction,destin-conrad,auction,destin-conrad,auction,2024-06-27,https://storage.googleapis.com/music8-json-prod/data/songs/destin-conrad_auction.json
c8944563-7fdc-4268-ad1d-6d466047bc39,Destroy Lonely - Potato Loaded,Destroy Lonely,Potato Loaded,destroy-lonely,potato-loaded,destroy-lonely,potato-loaded,2024-04-04,https://storage.googleapis.com/music8-json-prod/data/songs/destroy-lonely_potato-loaded.json
8a3cc9ea-c35e-492c-9d6e-8d12b99d9fb5,Devault - Shades Of Blue,Devault,Shades Of Blue,devault,shades-of-blue,devault,shades-of-blue,2026-04-14,https://storage.googleapis.com/music8-json-prod/data/songs/devault_shades-of-blue.json
088cd47e-f0cf-466f-b974-22eaa432cecb,Devilish Trio - Matrix Clubbed To Death,Devilish Trio,Matrix Clubbed To Death,devilish-trio,clubbed-to-death,devilish-trio,clubbed-to-death,2024-11-15,https://storage.googleapis.com/music8-json-prod/data/songs/devilish-trio_clubbed-to-death.json
0d7d14c6-4650-4272-8c02-58e50b6d0447,Devin Malik - Back N Love,Devin Malik,Back N Love,devin-malik,back-n-love,devin-malik,back-n-love,2024-02-06,https://storage.googleapis.com/music8-json-prod/data/songs/devin-malik_back-n-love.json
c5f898c8-7151-43d3-9ec8-2e2ed5498c03,Dewa19 - Angin,Dewa19,Angin,dewa19,angin,dewa19,angin,2023-02-16,https://storage.googleapis.com/music8-json-prod/data/songs/dewa19_angin.json
6b317e9d-3b46-4048-a481-8f0a3c4ee0e3,Dewa19 - Arjuna,Dewa19,Arjuna,,,dewa19,arjuna,,https://storage.googleapis.com/music8-json-prod/data/songs/dewa19_arjuna.json
a9140ce8-d8b5-4f59-b5c1-6b38b3ae8d99,dexter in the newsagent - Trespass Coat,dexter in the newsagent,Trespass Coat,dexter-in-the-newsagent,trespass-coat,dexter-in-the-newsagent,trespass-coat,2024-03-07,https://storage.googleapis.com/music8-json-prod/data/songs/dexter-in-the-newsagent_trespass-coat.json
1a64b77e-8354-45de-af88-9fe2a37a861f,Dharia - Incredible,Dharia,Incredible,dharia,incredible,dharia,incredible,2022-01-20,https://storage.googleapis.com/music8-json-prod/data/songs/dharia_incredible.json
61d0f690-4a7b-4cc7-b357-41b3a949cb5b,Dhee - Don't Look Down,Dhee,Don't Look Down,dhee,dont-look-down-2,dhee,dont-look-down-2,2025-10-16,https://storage.googleapis.com/music8-json-prod/data/songs/dhee_dont-look-down-2.json
4c511180-aac9-4a48-baee-4f48f4c67484,Di Genius - Hit &#038; Run,Di Genius,Hit &#038; Run,di-genius,hit-run,di-genius,hit-run,2024-05-24,https://storage.googleapis.com/music8-json-prod/data/songs/di-genius_hit-run.json
8655b921-4bc3-4b3a-a7a4-600a940946e3,Dia Capron - Party Tonight,Dia Capron,Party Tonight,dia-capron,party-tonight,dia-capron,party-tonight,2024-02-22,https://storage.googleapis.com/music8-json-prod/data/songs/dia-capron_party-tonight.json
b363b719-b0a3-4224-8c15-44387674bf89,Dia Frampton - Awake,Dia Frampton,Awake,dia-frampton,awake-2,dia-frampton,awake-2,2026-01-29,https://storage.googleapis.com/music8-json-prod/data/songs/dia-frampton_awake-2.json
5e0ed25f-aadf-4cbb-81dd-4072012a3894,Dido - Stan,Dido,Stan,dido,stan,dido,stan,2000-05-23,https://storage.googleapis.com/music8-json-prod/data/songs/dido_stan.json
3e12097c-57a7-4b19-87db-f37d1dec4b76,Dido - Thank You,Dido,Thank You,dido,thank-you-not-so-bad,dido,thank-you-not-so-bad,2024-03-14,https://storage.googleapis.com/music8-json-prod/data/songs/dido_thank-you-not-so-bad.json
c1d68aa6-6535-4835-baf8-eaf369a6b17a,Diggy Graves - Teeth,Diggy Graves,Teeth,diggy-graves,teeth-2,diggy-graves,teeth-2,2024-03-14,https://storage.googleapis.com/music8-json-prod/data/songs/diggy-graves_teeth-2.json
2a52956f-8245-4c24-8358-e7469fe96065,Dillom - Ayayay,Dillom,Ayayay,dillom,ayayay,dillom,ayayay,2024-07-16,https://storage.googleapis.com/music8-json-prod/data/songs/dillom_ayayay.json
6aebf637-b66d-43c5-8a65-4c02d73ca73d,Dillon Francis - Hot Tub,Dillon Francis,Hot Tub,dillon-francis,hot-tub,dillon-francis,hot-tub,2022-10-27,https://storage.googleapis.com/music8-json-prod/data/songs/dillon-francis_hot-tub.json
cb52fbe1-ec3f-425f-b6b8-dfa82a6be6d3,Dillon Francis - Whole Lotta Drugs,Dillon Francis,Whole Lotta Drugs,dillon-francis,whole-lotta-drugs,dillon-francis,whole-lotta-drugs,2024-04-04,https://storage.googleapis.com/music8-json-prod/data/songs/dillon-francis_whole-lotta-drugs.json
ece73e55-eef4-40dd-b47d-d8aea6d92a17,Dimitri Vegas & Like Mike - Melody,Dimitri Vegas & Like Mike,Melody,dimitri-vegas-like-mike,dimitri-vegas-like-mike-melody,dimitri-vegas-like-mike,dimitri-vegas-like-mike-melody,2016-04-28,https://storage.googleapis.com/music8-json-prod/data/songs/dimitri-vegas-like-mike_dimitri-vegas-like-mike-melody.json
acb71a18-8f18-42be-999e-db94593ad742,Dino Jelusick - Just Before The Dawn,Dino Jelusick,Just Before The Dawn,,,dino-jelusick,just-before-the-dawn,,https://storage.googleapis.com/music8-json-prod/data/songs/dino-jelusick_just-before-the-dawn.json
e2113872-705c-4382-83d5-1631d5babff5,"Dino Jelusick - Vocals, Keyboards, Acoustic Guitars",Dino Jelusick,"Vocals, Keyboards, Acoustic Guitars",,,dino-jelusick,vocals-keyboards-acoustic-guitars,,https://storage.googleapis.com/music8-json-prod/data/songs/dino-jelusick_vocals-keyboards-acoustic-guitars.json
0104e5d9-5d64-43a4-82b3-513d0f4ae3fe,"Dino Jelusick, Mike Portnoy - Jane","Dino Jelusick, Mike Portnoy",Jane,,,dino-jelusick,jane,,https://storage.googleapis.com/music8-json-prod/data/songs/dino-jelusick_jane.json
146493fd-01c0-46ed-97ee-2265d23e4382,Dionnewarwick - That's What Friends Are For,Dionnewarwick,That's What Friends Are For,,,dionnewarwick,thats-what-friends-are-for,,https://storage.googleapis.com/music8-json-prod/data/songs/dionnewarwick_thats-what-friends-are-for.json
b35d6c29-7ed8-472c-82bd-f23a7f832f3f,Diplo - Close To Me,Diplo,Close To Me,diplo,close-to-me-2,diplo,close-to-me-2,2023-08-06,https://storage.googleapis.com/music8-json-prod/data/songs/diplo_close-to-me-2.json
076892a1-c99f-4633-8b13-ef3e0b2839bb,Diplo - Electricity,Diplo,Electricity,diplo,electricity-3,diplo,electricity-3,2018-09-05,https://storage.googleapis.com/music8-json-prod/data/songs/diplo_electricity-3.json
ca4eb133-8c1e-4a60-a3ed-2d092ac11d95,Diplo - Forever,Diplo,Forever,diplo,forever-8,diplo,forever-8,2024-09-20,https://storage.googleapis.com/music8-json-prod/data/songs/diplo_forever-8.json
5267b9d1-a488-45aa-ae60-cc80c3a2a0cb,Diplo - Midnight Ride,Diplo,Midnight Ride,diplo,midnight-ride,diplo,midnight-ride,2024-06-07,https://storage.googleapis.com/music8-json-prod/data/songs/diplo_midnight-ride.json
8a2c747a-12e1-4ae9-ad67-5151e57a4b8d,Diplo - Your Love,Diplo,Your Love,diplo,your-love-2,diplo,your-love-2,2024-04-19,https://storage.googleapis.com/music8-json-prod/data/songs/diplo_your-love-2.json
efd7a0be-8a3a-4296-b8b6-b910ee6232e8,Dirty Heads - Slow & Easy,Dirty Heads,Slow & Easy,dirty-heads,slow-easy,dirty-heads,slow-easy,2025-06-26,https://storage.googleapis.com/music8-json-prod/data/songs/dirty-heads_slow-easy.json
d513fe22-f39f-4063-8c0f-4aedf56f9b2b,Dirty Honey - When I'm Gone,Dirty Honey,When I'm Gone,,,dirty-honey,when-1m-gone,,https://storage.googleapis.com/music8-json-prod/data/songs/dirty-honey_when-1m-gone.json
925b2500-74ab-4419-9c18-5152e65868ec,Disclosure - Latch Ft. Sam Smith,Disclosure,Latch Ft. Sam Smith,,,disclosure,latch-ft-sam-smith,,https://storage.googleapis.com/music8-json-prod/data/songs/disclosure_latch-ft-sam-smith.json
fec86e8c-f243-4e96-9f98-6505b0ddb9cd,Disclosure - Lift Off!,Disclosure,Lift Off!,disclosure,lift-off,disclosure,lift-off,2024-07-11,https://storage.googleapis.com/music8-json-prod/data/songs/disclosure_lift-off.json
5941e0fc-1999-4e57-bf23-088fe27c83fe,Disco Lines - Magnet,Disco Lines,Magnet,dsco-lines,magnet,dsco-lines,magnet,2024-05-30,https://storage.googleapis.com/music8-json-prod/data/songs/dsco-lines_magnet.json
6c60dd74-6d37-4df8-98f7-b0fbbf5a4099,DISPATCH - Live & Let Go,DISPATCH,Live & Let Go,dispatch,live-let-go,dispatch,live-let-go,2025-07-24,https://storage.googleapis.com/music8-json-prod/data/songs/dispatch_live-let-go.json
e9b50b92-5e6a-46da-8fb3-9e17598bd55a,Diva Gurl - Rock With You,Diva Gurl,Rock With You,diva-gurl,rock-with-you-2,diva-gurl,rock-with-you-2,2024-08-23,https://storage.googleapis.com/music8-json-prod/data/songs/diva-gurl_rock-with-you-2.json
092115d7-f2e6-441f-b1b8-f01d6122ee93,Diva Gurl - S.o.b.,Diva Gurl,S.o.b.,diva-gurl,s-o-b,diva-gurl,s-o-b,2024-06-21,https://storage.googleapis.com/music8-json-prod/data/songs/diva-gurl_s-o-b.json
bb5e6418-1992-4e51-81ae-e3f0c7f2d0a5,Dixie D'Amelio - Older,Dixie D'Amelio,Older,dixie-damelio,older-3,dixie-damelio,older-3,2023-04-07,https://storage.googleapis.com/music8-json-prod/data/songs/dixie-damelio_older-3.json
5763562e-29f2-441a-b0c9-630cf6d7de36,Dj Dark - (It Goes Like) Nanana,Dj Dark,(It Goes Like) Nanana,dj-dark,it-goes-like-nanana-dj-dark-remix,dj-dark,it-goes-like-nanana-dj-dark-remix,2023-07-13,https://storage.googleapis.com/music8-json-prod/data/songs/dj-dark_it-goes-like-nanana-dj-dark-remix.json
11412331-6770-4245-90a9-2121d0c6310c,DJ Diesel - Welcome To The Playhouse,DJ Diesel,Welcome To The Playhouse,dj-diesel,welcome-to-the-playhouse,dj-diesel,welcome-to-the-playhouse,2022-01-06,https://storage.googleapis.com/music8-json-prod/data/songs/dj-diesel_welcome-to-the-playhouse.json
062f9934-7b2d-4004-9c81-2694b74fc251,DJ Drama - Deja Vu,DJ Drama,Deja Vu,dj-drama,deja-vu-4,dj-drama,deja-vu-4,2024-05-30,https://storage.googleapis.com/music8-json-prod/data/songs/dj-drama_deja-vu-4.json
f511bccd-7218-4991-8ef8-6e2c5b734867,DJ Khaled - Gone Forever,DJ Khaled,Gone Forever,dj-khaled,gone-forever,dj-khaled,gone-forever,2024-01-10,https://storage.googleapis.com/music8-json-prod/data/songs/dj-khaled_gone-forever.json
2f9aaddf-93e6-4264-8973-e847e53ffe71,DJ Premier - Define My Name,DJ Premier,Define My Name,dj-premier,define-my-name,dj-premier,define-my-name,2024-04-18,https://storage.googleapis.com/music8-json-prod/data/songs/dj-premier_define-my-name.json
540e41ac-bdfd-4356-963c-f67140a1ecbf,DJ Quik - Take Your Time Get Paid,DJ Quik,Take Your Time Get Paid,dj-quik,take-your-time-get-paid,dj-quik,take-your-time-get-paid,2025-08-15,https://storage.googleapis.com/music8-json-prod/data/songs/dj-quik_take-your-time-get-paid.json
128bee3b-7c5f-4fe2-85ae-60fe9e2aeaf3,DJ Spanish Fly - Family Affair,DJ Spanish Fly,Family Affair,dj-spanish-fly,family-affair-spanish-fly-remix,dj-spanish-fly,family-affair-spanish-fly-remix,2002-01-01,https://storage.googleapis.com/music8-json-prod/data/songs/dj-spanish-fly_family-affair-spanish-fly-remix.json
27e3a7b3-63c4-44c8-94aa-9b23403f0f79,DJ SS - Rampage,DJ SS,Rampage,dj-ss,rampage-ft-dj-ss,dj-ss,rampage-ft-dj-ss,2023-10-19,https://storage.googleapis.com/music8-json-prod/data/songs/dj-ss_rampage-ft-dj-ss.json
834fe874-de99-47b6-a025-284de2698e6a,DJ.Fresh - Blantons Tonite,DJ.Fresh,Blantons Tonite,dj-fresh-2,blantons-tonite,dj-fresh-2,blantons-tonite,2025-06-26,https://storage.googleapis.com/music8-json-prod/data/songs/dj-fresh-2_blantons-tonite.json
359fcb83-0f35-42dd-911d-9688ff0827c2,DJ.Fresh - Get The Paper,DJ.Fresh,Get The Paper,dj-fresh-2,get-the-paper,dj-fresh-2,get-the-paper,2025-07-24,https://storage.googleapis.com/music8-json-prod/data/songs/dj-fresh-2_get-the-paper.json
c6d27909-e22b-4c01-a114-80b9016da159,DJ.Fresh - It's Necessary,DJ.Fresh,It's Necessary,dj-fresh-2,its-necessary,dj-fresh-2,its-necessary,2025-06-12,https://storage.googleapis.com/music8-json-prod/data/songs/dj-fresh-2_its-necessary.json
0486d4be-1a41-4d73-b1df-9b7431366a46,DJ.Fresh - Red Eye,DJ.Fresh,Red Eye,dj-fresh-2,red-eye-2,dj-fresh-2,red-eye-2,2025-04-10,https://storage.googleapis.com/music8-json-prod/data/songs/dj-fresh-2_red-eye-2.json
f64005ac-54e3-451b-a530-38a4711b7374,DJ.Fresh - Riding,DJ.Fresh,Riding,dj-fresh-2,riding,dj-fresh-2,riding,2025-07-10,https://storage.googleapis.com/music8-json-prod/data/songs/dj-fresh-2_riding.json
244fdd4b-2d00-46cf-a710-c26812ec9787,DMC - Unity,DMC,Unity,dmc,unity,dmc,unity,2018-11-01,https://storage.googleapis.com/music8-json-prod/data/songs/dmc_unity.json
ddf30b00-0a8d-4e5d-91f2-cc12dda7dab0,DMX - This Is The Way,DMX,This Is The Way,dmx,this-is-the-way,dmx,this-is-the-way,2024-04-04,https://storage.googleapis.com/music8-json-prod/data/songs/dmx_this-is-the-way.json
ea1019e4-2f80-474a-b4e5-bb3f366055cc,DNCE - Da Ya Think I'm Sexy,DNCE,Da Ya Think I'm Sexy,dnce,rod-stewart-dnce-da-ya-think-im-sexy,dnce,rod-stewart-dnce-da-ya-think-im-sexy,1978-11-23,https://storage.googleapis.com/music8-json-prod/data/songs/dnce_rod-stewart-dnce-da-ya-think-im-sexy.json
6b914c9f-81a9-4401-b83e-d38a74f2f0a9,DNCE - Dancing Feet,DNCE,Dancing Feet,dnce,dancing-feet,dnce,dancing-feet,2022-02-24,https://storage.googleapis.com/music8-json-prod/data/songs/dnce_dancing-feet.json
f36283d7-c197-4a0a-9bf9-1bae43303d1a,"Doechii - I'm His, He's Mine",Doechii,"I'm His, He's Mine",doechii,im-his-hes-mine,doechii,im-his-hes-mine,2024-09-12,https://storage.googleapis.com/music8-json-prod/data/songs/doechii_im-his-hes-mine.json
926a425c-d848-4177-a6b7-5995aef862cd,Doechii - Runway,Doechii,Runway,doechii,runway-2,doechii,runway-2,2026-04-27,https://storage.googleapis.com/music8-json-prod/data/songs/doechii_runway-2.json
ac7b9e15-1783-4fe2-9bee-346073ea4b4e,Doja Cat - Best Friend,Doja Cat,Best Friend,doja-cat,best-friend,doja-cat,best-friend,2021-01-06,https://storage.googleapis.com/music8-json-prod/data/songs/doja-cat_best-friend.json
918b2772-a56e-402a-8bb6-0d2588754730,Doja Cat - Born Again,Doja Cat,Born Again,doja-cat,born-again-3,doja-cat,born-again-3,2025-02-06,https://storage.googleapis.com/music8-json-prod/data/songs/doja-cat_born-again-3.json
dc28587a-9463-41f7-b3cf-35b98ec17c06,Doja Cat - Freaky Deaky Bts,Doja Cat,Freaky Deaky Bts,doja-cat,freaky-deaky-bts,doja-cat,freaky-deaky-bts,2022-02-24,https://storage.googleapis.com/music8-json-prod/data/songs/doja-cat_freaky-deaky-bts.json
081e05ee-ea75-4ccc-be36-22ac871a274f,Doja Cat - Go Girl,Doja Cat,Go Girl,doja-cat,go-girl,doja-cat,go-girl,2025-11-13,https://storage.googleapis.com/music8-json-prod/data/songs/doja-cat_go-girl.json
0d042eb1-380b-42d1-8406-aede356e27fd,Doja Cat - Just Us,Doja Cat,Just Us,doja-cat,just-us-3,doja-cat,just-us-3,2025-03-21,https://storage.googleapis.com/music8-json-prod/data/songs/doja-cat_just-us-3.json
280a28d7-90ca-4202-9e5d-70a52932f369,Doja Cat - Lose My Mind,Doja Cat,Lose My Mind,doja-cat,lose-my-mind,doja-cat,lose-my-mind,2025-04-30,https://storage.googleapis.com/music8-json-prod/data/songs/doja-cat_lose-my-mind.json
f032f2ed-5bfc-4789-9d2c-043f202f540e,Dolly Parton - Jolene,Dolly Parton,Jolene,dolly-parton,jolene,dolly-parton,jolene,2023-02-17,https://storage.googleapis.com/music8-json-prod/data/songs/dolly-parton_jolene.json
43b40246-0b1b-4a88-a17a-f08010ffafa5,Dom Dolla - Rhyme Dust,Dom Dolla,Rhyme Dust,dom-dolla,rhyme-dust,dom-dolla,rhyme-dust,2023-02-23,https://storage.googleapis.com/music8-json-prod/data/songs/dom-dolla_rhyme-dust.json
9b0f7f40-00c1-400b-b330-ecc70293feef,Dominic Fike - Love Hangover,Dominic Fike,Love Hangover,dominic-fike,love-hangover,dominic-fike,love-hangover,2025-01-30,https://storage.googleapis.com/music8-json-prod/data/songs/dominic-fike_love-hangover.json
a2fe8e4a-f613-4214-a36f-e3be5ef31dbe,Dominic Fike - Think Fast,Dominic Fike,Think Fast,dominic-fike,think-fast,dominic-fike,think-fast,2023-08-23,https://storage.googleapis.com/music8-json-prod/data/songs/dominic-fike_think-fast.json
dfd96876-df0a-4061-8bd6-8c8618ce53b9,DOMINUM - We Wish You A Metal Christmas,DOMINUM,We Wish You A Metal Christmas,dominum,we-wish-you-a-metal-christmas,dominum,we-wish-you-a-metal-christmas,2025-12-05,https://storage.googleapis.com/music8-json-prod/data/songs/dominum_we-wish-you-a-metal-christmas.json
5ca681ed-d5cc-4326-a5a4-cda8a19eabe1,DOMIZIANA - Unsterblich Sein,DOMIZIANA,Unsterblich Sein,domiziana,unsterblich-sein,domiziana,unsterblich-sein,2025-09-25,https://storage.googleapis.com/music8-json-prod/data/songs/domiziana_unsterblich-sein.json
8ae26eec-33c7-49a6-9541-a713e2cc97b7,Don Diablo - Deeper Underground,Don Diablo,Deeper Underground,don-diablo,deeper-underground-2,don-diablo,deeper-underground-2,2024-08-16,https://storage.googleapis.com/music8-json-prod/data/songs/don-diablo_deeper-underground-2.json
69707f9c-8664-4e5f-8b8c-613727b4ff28,Don Henley - Sometimes Love Just Ain't Enough,Don Henley,Sometimes Love Just Ain't Enough,don-henley,sometimes-love-just-aint-enough,don-henley,sometimes-love-just-aint-enough,2015-06-29,https://storage.googleapis.com/music8-json-prod/data/songs/don-henley_sometimes-love-just-aint-enough.json
3c453509-4a5e-452d-af4e-d17a913d143f,Don Toliver - Hide It,Don Toliver,Hide It,don-toliver,hide-it,don-toliver,hide-it,2024-10-24,https://storage.googleapis.com/music8-json-prod/data/songs/don-toliver_hide-it.json
a1e6ce77-1435-4c51-901a-b63e54c71061,Don Toliver - Honest,Don Toliver,Honest,don-toliver,honest,don-toliver,honest,2022-04-28,https://storage.googleapis.com/music8-json-prod/data/songs/don-toliver_honest.json
6277a1de-2bce-46c9-ba6d-544cf608e3b5,Don Toliver - Joni,Don Toliver,Joni,don-toliver,joni,don-toliver,joni,2025-02-09,https://storage.googleapis.com/music8-json-prod/data/songs/don-toliver_joni.json
2a507869-2382-4d7b-a02b-555a8bd11c10,Don Toliver - Lemonade,Don Toliver,Lemonade,don-toliver,lemonade-2,don-toliver,lemonade-2,2020-08-27,https://storage.googleapis.com/music8-json-prod/data/songs/don-toliver_lemonade-2.json
efabb74e-1a66-40b8-b8d1-354bd4d52022,Donna Summer - Hot Stuff,Donna Summer,Hot Stuff,donna-summer,kygo-hot-stuff,donna-summer,kygo-hot-stuff,2020-09-17,https://storage.googleapis.com/music8-json-prod/data/songs/donna-summer_kygo-hot-stuff.json
0e21ae91-af5f-4a04-9ed1-2019fe115f15,Dora Jar - Descensus,Dora Jar,Descensus,dora-jar,descensus,dora-jar,descensus,2024-10-17,https://storage.googleapis.com/music8-json-prod/data/songs/dora-jar_descensus.json
0ebc9415-2571-42b8-9eca-16e3009fbc97,Dove Cameron - Other Boys,Dove Cameron,Other Boys,dove-cameron,other-boys,dove-cameron,other-boys,2023-09-07,https://storage.googleapis.com/music8-json-prod/data/songs/dove-cameron_other-boys.json
42c4c2d6-dacf-4a0b-bcd5-efef11111485,Downer Inc. - Last Christmas,Downer Inc.,Last Christmas,downer-inc,last-christmas-20,downer-inc,last-christmas-20,2020-11-20,https://storage.googleapis.com/music8-json-prod/data/songs/downer-inc_last-christmas-20.json
b14209f5-ab13-4416-9f53-f9ec8d298dbb,Dr. Dre - Gorgeous,Dr. Dre,Gorgeous,dr-dre,gorgeous-4,dr-dre,gorgeous-4,2024-10-31,https://storage.googleapis.com/music8-json-prod/data/songs/dr-dre_gorgeous-4.json
7b48332b-959c-4be1-b404-234f7986c023,Dragonette - Dreams,Dragonette,Dreams,dragonette,dreams-5,dragonette,dreams-5,2025-04-17,https://storage.googleapis.com/music8-json-prod/data/songs/dragonette_dreams-5.json
f5f82f8b-8af3-44b2-8c32-37951b957200,Dragonette - Foolish Pleasure,Dragonette,Foolish Pleasure,dragonette,foolish-pleasure,dragonette,foolish-pleasure,2025-03-20,https://storage.googleapis.com/music8-json-prod/data/songs/dragonette_foolish-pleasure.json
80d8253f-28d7-48f3-9744-f44e0546d86c,Dragonette - Love Me Alive,Dragonette,Love Me Alive,dragonette,love-me-alive,dragonette,love-me-alive,2025-06-05,https://storage.googleapis.com/music8-json-prod/data/songs/dragonette_love-me-alive.json
0fc26676-60d8-4052-8844-2ce570cc3fa3,Dragonette - Revelation,Dragonette,Revelation,dragonette,revelation,dragonette,revelation,2025-01-30,https://storage.googleapis.com/music8-json-prod/data/songs/dragonette_revelation.json
73fa8418-da0e-4fec-80cf-9c16403f647b,Dragonette - The Hero,Dragonette,The Hero,dragonette,the-hero,dragonette,the-hero,2025-02-25,https://storage.googleapis.com/music8-json-prod/data/songs/dragonette_the-hero.json
2b132a89-0486-40a0-b342-f996e50baa7c,DragonForce - Dragon Smash Goblin,DragonForce,Dragon Smash Goblin,dragonforce,dragon-smash-goblin,dragonforce,dragon-smash-goblin,2025-11-26,https://storage.googleapis.com/music8-json-prod/data/songs/dragonforce_dragon-smash-goblin.json
14ab2562-b059-4847-b4e7-3887e2a35715,Dragonforce - Gluz - Burning Heart,Dragonforce,Gluz - Burning Heart,,,dragonforce,gluz-burning-heart,,https://storage.googleapis.com/music8-json-prod/data/songs/dragonforce_gluz-burning-heart.json
58f7f7f8-4e52-4774-b9a1-27d3da1b17e9,Drake - 2 Mazza,Drake,2 Mazza,drake,2-mazza,drake,2-mazza,2025-06-12,https://storage.googleapis.com/music8-json-prod/data/songs/drake_2-mazza.json
78c41b2b-13c4-4cb0-8d6a-5a4bb633f4d1,Drake - Cn Tower,Drake,Cn Tower,drake,cn-tower,drake,cn-tower,2025-02-13,https://storage.googleapis.com/music8-json-prod/data/songs/drake_cn-tower.json
65762bfb-0aec-4074-9879-5235c538c40e,Drake - Die Trying,Drake,Die Trying,drake,die-trying,drake,die-trying,2025-02-13,https://storage.googleapis.com/music8-json-prod/data/songs/drake_die-trying.json
dc1158f0-e284-4361-94e4-ce6d8a7040d0,Drake - God’s Plan,Drake,God’s Plan,,,drake,gods-plan,,https://storage.googleapis.com/music8-json-prod/data/songs/drake_gods-plan.json
7ca6f9ad-191b-43c3-9cee-f8e45ad18b0b,Drake - Going Bad,Drake,Going Bad,drake,going-bad,drake,going-bad,2018-11-29,https://storage.googleapis.com/music8-json-prod/data/songs/drake_going-bad.json
1910c1e9-5cbd-40ee-b768-e116adf01a08,Drake - Life Is Good,Drake,Life Is Good,drake,life-is-good,drake,life-is-good,2020-01-09,https://storage.googleapis.com/music8-json-prod/data/songs/drake_life-is-good.json
a6951291-7323-461e-8794-36d218e2910c,Drake - Oh U Went,Drake,Oh U Went,drake,oh-u-went,drake,oh-u-went,2023-07-17,https://storage.googleapis.com/music8-json-prod/data/songs/drake_oh-u-went.json
87dc092c-2098-4a9b-bf61-6d46d81f4cac,Drake - Sicko Mode,Drake,Sicko Mode,drake,sicko-mode,drake,sicko-mode,2018-08-03,https://storage.googleapis.com/music8-json-prod/data/songs/drake_sicko-mode.json
9c5e65fb-9fe4-4529-b175-06e478c183d4,Drake - Somebody Loves Me,Drake,Somebody Loves Me,drake,somebody-loves-me,drake,somebody-loves-me,2025-02-13,https://storage.googleapis.com/music8-json-prod/data/songs/drake_somebody-loves-me.json
9e8c9bdd-6123-4c25-b3f4-64baba446299,Drake - U My Everything,Drake,U My Everything,drake,u-my-everything,drake,u-my-everything,2024-05-23,https://storage.googleapis.com/music8-json-prod/data/songs/drake_u-my-everything.json
302b0d0b-e664-43b6-b44e-b07a561c51fb,Drake - Wait For U,Drake,Wait For U,drake,wait-for-u,drake,wait-for-u,2022-05-05,https://storage.googleapis.com/music8-json-prod/data/songs/drake_wait-for-u.json
ddf63c09-efdb-4177-a385-5ed4b5a12bfb,Drake - You're Mines Still,Drake,You're Mines Still,drake,youre-mines-still,drake,youre-mines-still,2020-10-14,https://storage.googleapis.com/music8-json-prod/data/songs/drake_youre-mines-still.json
436bdc03-6703-4f5c-b03c-f57c2853bbb9,Drama - Nobody,Drama,Nobody,drama,nobody-5,drama,nobody-5,2021-06-25,https://storage.googleapis.com/music8-json-prod/data/songs/drama_nobody-5.json
5a218888-9621-4634-9623-56f873cd65e4,Dreezy - Yea Yea,Dreezy,Yea Yea,dreezy,yea-yea,dreezy,yea-yea,2023-09-29,https://storage.googleapis.com/music8-json-prod/data/songs/dreezy_yea-yea.json
9b93eecf-f969-4e9c-b3e0-d33318bb72f2,Dropkick Murphys - Cold Like This,Dropkick Murphys,Cold Like This,dropkick-murphys,cold-like-this,dropkick-murphys,cold-like-this,2025-01-16,https://storage.googleapis.com/music8-json-prod/data/songs/dropkick-murphys_cold-like-this.json
7d9aa543-966c-4e85-8e34-4d704d9f31c6,Drowning Pool - Bodies Hit The Floor,Drowning Pool,Bodies Hit The Floor,drowning-pool,bodies-hit-the-floor,drowning-pool,bodies-hit-the-floor,2025-07-30,https://storage.googleapis.com/music8-json-prod/data/songs/drowning-pool_bodies-hit-the-floor.json
b1761936-59e5-4493-ae57-6389f5907cd5,DTG - Rover,DTG,Rover,dtg,rover-mu-la-la,dtg,rover-mu-la-la,2020-03-03,https://storage.googleapis.com/music8-json-prod/data/songs/dtg_rover-mu-la-la.json
5a49c4b6-ec2a-48ab-a49b-9666f50c8eda,Dua Lipa - Cold Heart,Dua Lipa,Cold Heart,dua-lipa,cold-heart-pnau-remix,dua-lipa,cold-heart-pnau-remix,2021-08-12,https://storage.googleapis.com/music8-json-prod/data/songs/dua-lipa_cold-heart-pnau-remix.json
28d25a7e-2c1b-4b0f-ae0a-e09a799f1d02,Dua Lipa - Handlebars,Dua Lipa,Handlebars,dua-lipa,handlebars,dua-lipa,handlebars,2025-03-06,https://storage.googleapis.com/music8-json-prod/data/songs/dua-lipa_handlebars.json
97f9951b-87da-459d-a772-516892fbe3b8,Dua Lipa - Illusion,Dua Lipa,Illusion,dua-lipa,illusion-honey-dijon-remix,dua-lipa,illusion-honey-dijon-remix,2024-08-02,https://storage.googleapis.com/music8-json-prod/data/songs/dua-lipa_illusion-honey-dijon-remix.json
c0dd113e-4b39-401d-b485-60468be1f705,Dua Lipa - Levitating,Dua Lipa,Levitating,dababy,levitating,dababy,levitating,2020-03-26,https://storage.googleapis.com/music8-json-prod/data/songs/dababy_levitating.json
224d3c13-3b2a-4a88-ae16-a4a1da14182b,Dua Lipa - Real Groove,Dua Lipa,Real Groove,dua-lipa,real-groove,dua-lipa,real-groove,2020-12-30,https://storage.googleapis.com/music8-json-prod/data/songs/dua-lipa_real-groove.json
4f6f74f2-bfe1-4225-a0de-4b206c96663e,Dua Lipa - Scared To Be Lonely,Dua Lipa,Scared To Be Lonely,dua-lipa,scared-to-be-lonely,dua-lipa,scared-to-be-lonely,2017-01-26,https://storage.googleapis.com/music8-json-prod/data/songs/dua-lipa_scared-to-be-lonely.json
34d8b46b-b973-4361-accb-bed60289480d,Dua Lipa - Sweetest Pie,Dua Lipa,Sweetest Pie,dua-lipa,sweetest-pie,dua-lipa,sweetest-pie,2022-03-10,https://storage.googleapis.com/music8-json-prod/data/songs/dua-lipa_sweetest-pie.json
7f91f970-94ef-4c02-9046-c72c835fe24e,Dubvision - Empty,Dubvision,Empty,dubvision,empty-2,dubvision,empty-2,2024-03-08,https://storage.googleapis.com/music8-json-prod/data/songs/dubvision_empty-2.json
4ef61dc0-1f4b-4f4b-b869-505b62a58651,Dubvision - Wherever You Are,Dubvision,Wherever You Are,dubvision,wherever-you-are,dubvision,wherever-you-are,2024-06-06,https://storage.googleapis.com/music8-json-prod/data/songs/dubvision_wherever-you-are.json
d1acfe05-7d63-4ec4-8d5b-495a5048cdbd,Duckwrth - Say Less,Duckwrth,Say Less,duckwrth,say-less,duckwrth,say-less,2024-01-18,https://storage.googleapis.com/music8-json-prod/data/songs/duckwrth_say-less.json
a1b7c454-5b90-47c1-997d-d921c70bde0e,DUDA BEAT - Wet & Wild,DUDA BEAT,Wet & Wild,duda-beat,wet-wild,duda-beat,wet-wild,2025-11-20,https://storage.googleapis.com/music8-json-prod/data/songs/duda-beat_wet-wild.json
3969eb13-1333-416f-b287-b1bf1ed1a324,Duke Dumont - Ocean Drive,Duke Dumont,Ocean Drive,,,duke-dumont,ocean-drive,,https://storage.googleapis.com/music8-json-prod/data/songs/duke-dumont_ocean-drive.json
5a3b74f8-4503-4c34-9a83-9ae6d502f34c,Duke Dumont - Something On My Mind,Duke Dumont,Something On My Mind,duke-dumont,something-on-my-mind,duke-dumont,something-on-my-mind,2023-09-07,https://storage.googleapis.com/music8-json-prod/data/songs/duke-dumont_something-on-my-mind.json
8fff3370-e08e-4e69-9d7c-10b0616af897,Dusty Springfield - What Have I Done To Deserve This,Dusty Springfield,What Have I Done To Deserve This,dusty-springfield,what-have-i-done-to-deserve-this,dusty-springfield,what-have-i-done-to-deserve-this,1987-09-06,https://storage.googleapis.com/music8-json-prod/data/songs/dusty-springfield_what-have-i-done-to-deserve-this.json
6f230cd1-93ec-417d-b3ba-447329489f4c,Dzeko - Popcorn,Dzeko,Popcorn,dzeko,popcorn,dzeko,popcorn,2019-12-19,https://storage.googleapis.com/music8-json-prod/data/songs/dzeko_popcorn.json
372a4b35-4d19-4a96-bd2d-aaf8190b7e95,E 40 - Underrated,E 40,Underrated,e-40,underrated,e-40,underrated,2023-09-07,https://storage.googleapis.com/music8-json-prod/data/songs/e-40_underrated.json
e5782b50-a32e-4315-b140-9bd8fbf63f56,E Wata - Pondeggi,E Wata,Pondeggi,e-wata,pondeggi,e-wata,pondeggi,2025-03-05,https://storage.googleapis.com/music8-json-prod/data/songs/e-wata_pondeggi.json
af7c6433-82fe-46ff-879e-86f199776ca3,Eagles - One Of These Nights,Eagles,One Of These Nights,,,eagles,one-of-these-nights,,https://storage.googleapis.com/music8-json-prod/data/songs/eagles_one-of-these-nights.json
c995e770-cf7d-4210-af64-b4df5172b923,Eagles - Tequila Sunrise,Eagles,Tequila Sunrise,,,eagles,tequila-sunrise,,https://storage.googleapis.com/music8-json-prod/data/songs/eagles_tequila-sunrise.json
28308ff3-2664-4900-8a3d-f0acd54ef664,Eamon - Show Business,Eamon,Show Business,eamon,show-business,eamon,show-business,2022-03-15,https://storage.googleapis.com/music8-json-prod/data/songs/eamon_show-business.json
ebe11f05-ffd5-412a-a18d-377a0a91c660,Earth Wind Fire - Boogie Wonderland,Earth Wind Fire,Boogie Wonderland,earth-wind-fire,boogie-wonderland,earth-wind-fire,boogie-wonderland,1979-05-31,https://storage.googleapis.com/music8-json-prod/data/songs/earth-wind-fire_boogie-wonderland.json
3bd1a00b-e9f7-4fab-a373-1703d5cf3fcf,"Earth, Wind & Fire - September","Earth, Wind & Fire",September,,,earth,september,,https://storage.googleapis.com/music8-json-prod/data/songs/earth_september.json
d1b47124-9d9d-4c4e-a068-340c268ce5bd,"Earth, Wind &Amp; Fire - Holidays","Earth, Wind &Amp; Fire",Holidays,earth-wind-fire,holidays,earth-wind-fire,holidays,2020-11-23,https://storage.googleapis.com/music8-json-prod/data/songs/earth-wind-fire_holidays.json
ce354b84-40ad-4e81-92f0-523136a4bb7d,"Earth, Wind &Amp; Fire - I Was Made For Boogie Wonderland","Earth, Wind &Amp; Fire",I Was Made For Boogie Wonderland,earth-wind-fire,i-was-made-for-boogie-wonderland,earth-wind-fire,i-was-made-for-boogie-wonderland,2023-06-18,https://storage.googleapis.com/music8-json-prod/data/songs/earth-wind-fire_i-was-made-for-boogie-wonderland.json
9e949610-8687-4f15-bf4d-05504ae0c0cf,"Earth, Wind &Amp; Fire - You Want My Love","Earth, Wind &Amp; Fire",You Want My Love,earth-wind-fire,you-want-my-love,earth-wind-fire,you-want-my-love,2021-08-19,https://storage.googleapis.com/music8-json-prod/data/songs/earth-wind-fire_you-want-my-love.json
00278449-9d06-4dcc-b3ee-3671b6329c35,EarthGang - Been A Minute...,EarthGang,Been A Minute...,earthgang,been-a-minute,earthgang,been-a-minute,2024-06-22,https://storage.googleapis.com/music8-json-prod/data/songs/earthgang_been-a-minute.json
9f390406-df26-48c2-9bdd-dc5b821d4914,EarthGang - Collide,EarthGang,Collide,earthgang,collide-2,earthgang,collide-2,2019-10-10,https://storage.googleapis.com/music8-json-prod/data/songs/earthgang_collide-2.json
7fc72584-4fc5-468f-9048-1dae064d43a8,EarthGang - Glimmer.,EarthGang,Glimmer.,earthgang,glimmer,earthgang,glimmer,2024-07-19,https://storage.googleapis.com/music8-json-prod/data/songs/earthgang_glimmer.json
f3e32687-3ad2-4e69-95fa-1ea54d51d642,EarthGang - L.o.v.e.,EarthGang,L.o.v.e.,earthgang,l-o-v-e-2,earthgang,l-o-v-e-2,2022-03-03,https://storage.googleapis.com/music8-json-prod/data/songs/earthgang_l-o-v-e-2.json
8c3a2bb0-e7c6-4473-82e2-162e05891f6a,Eastsidaz - We All We Got,Eastsidaz,We All We Got,eastsidaz,we-all-we-got,eastsidaz,we-all-we-got,2024-05-16,https://storage.googleapis.com/music8-json-prod/data/songs/eastsidaz_we-all-we-got.json
2657eaa4-cbda-4898-9fe4-8dd0cb25e8b6,Eats Everything - All The Ladies,Eats Everything,All The Ladies,eats-everything,all-the-ladies,eats-everything,all-the-ladies,2020-03-12,https://storage.googleapis.com/music8-json-prod/data/songs/eats-everything_all-the-ladies.json
f36a08ae-8a21-4791-9bea-47b9d02ca9bf,"Eclipse - ""Roses On Your Grave""",Eclipse,"""Roses On Your Grave""",,,eclipse,roses-on-your-grave,,https://storage.googleapis.com/music8-json-prod/data/songs/eclipse_roses-on-your-grave.json
1d9a73e5-51b3-49dd-9bc9-976c232de572,Ed Sheeran - Are You Entertained,Ed Sheeran,Are You Entertained,ed-sheeran,are-you-entertained,ed-sheeran,are-you-entertained,2022-07-21,https://storage.googleapis.com/music8-json-prod/data/songs/ed-sheeran_are-you-entertained.json
0d7e1ca7-dbf9-4d95-8bf2-9fe0ed64894e,Ed Sheeran - Blow,Ed Sheeran,Blow,bruno-mars,blow,bruno-mars,blow,2019-07-07,https://storage.googleapis.com/music8-json-prod/data/songs/bruno-mars_blow.json
bdee6029-eff1-46e5-b9b1-88b5b28bed6d,Ed Sheeran - End Game,Ed Sheeran,End Game,ed-sheeran,end-game-2,ed-sheeran,end-game-2,2018-01-11,https://storage.googleapis.com/music8-json-prod/data/songs/ed-sheeran_end-game-2.json
b3f92e3b-f7fe-439d-a76c-eb208e945952,Ed Sheeran - Everything Has Changed,Ed Sheeran,Everything Has Changed,ed-sheeran,everything-has-changed,ed-sheeran,everything-has-changed,2013-06-05,https://storage.googleapis.com/music8-json-prod/data/songs/ed-sheeran_everything-has-changed.json
b57f5b2c-b225-476e-9ad2-b20d8e7096f0,Ed Sheeran - I Only Miss You,Ed Sheeran,I Only Miss You,ed-sheeran,i-only-miss-you,ed-sheeran,i-only-miss-you,2026-02-19,https://storage.googleapis.com/music8-json-prod/data/songs/ed-sheeran_i-only-miss-you.json
c02ede97-160e-4751-980c-23b79dda0292,Ed Sheeran - Let Her Go,Ed Sheeran,Let Her Go,ed-sheeran,let-her-go-2,ed-sheeran,let-her-go-2,2023-11-10,https://storage.googleapis.com/music8-json-prod/data/songs/ed-sheeran_let-her-go-2.json
53660a6b-81d9-4ff2-9cbc-d9b4b8664a02,Ed Sheeran - Peru,Ed Sheeran,Peru,ed-sheeran,peru,ed-sheeran,peru,2021-12-23,https://storage.googleapis.com/music8-json-prod/data/songs/ed-sheeran_peru.json
4a54d7db-4f52-40ba-a5c7-07e5ee988588,Ed Sheeran - Shape Of You,Ed Sheeran,Shape Of You,,,ed-sheeran,shape-of-you,,https://storage.googleapis.com/music8-json-prod/data/songs/ed-sheeran_shape-of-you.json
0daa9d8d-ce46-48e7-9986-08d92cbd22e6,Ed Sheeran - The Joker And The Queen,Ed Sheeran,The Joker And The Queen,ed-sheeran,the-joker-and-the-queen,ed-sheeran,the-joker-and-the-queen,2022-02-10,https://storage.googleapis.com/music8-json-prod/data/songs/ed-sheeran_the-joker-and-the-queen.json
9a116907-7be7-4bac-9cfc-97a90de61be6,Ed Sheeran - Thinking Out Loud,Ed Sheeran,Thinking Out Loud,,,ed-sheeran,thinking-out-loud,,https://storage.googleapis.com/music8-json-prod/data/songs/ed-sheeran_thinking-out-loud.json
ed52ec0d-ee90-4b95-805f-6f557e4cf13f,Ed Sheeran - Who We Love,Ed Sheeran,Who We Love,ed-sheeran,who-we-love,ed-sheeran,who-we-love,2023-01-26,https://storage.googleapis.com/music8-json-prod/data/songs/ed-sheeran_who-we-love.json
6d779010-c30b-4eca-bb97-13af3f63112a,Ed Sheeran - Yours Eternally,Ed Sheeran,Yours Eternally,ed-sheeran,yours-eternally,ed-sheeran,yours-eternally,2026-02-23,https://storage.googleapis.com/music8-json-prod/data/songs/ed-sheeran_yours-eternally.json
8779b012-1124-4e51-9e7b-6e4fd0562c3e,Eddie Chacon - Call It,Eddie Chacon,Call It,eddie-chacon,call-it,eddie-chacon,call-it,2024-05-23,https://storage.googleapis.com/music8-json-prod/data/songs/eddie-chacon_call-it.json
96a0f257-0d5e-4316-911b-e859f4fcb71b,Eddie Zuko - Drop Top,Eddie Zuko,Drop Top,eddie-zuko,drop-top,eddie-zuko,drop-top,2023-07-20,https://storage.googleapis.com/music8-json-prod/data/songs/eddie-zuko_drop-top.json
de7b3c46-6d8a-4a78-99ee-969e1867a89a,Eem Triplin - Coconut,Eem Triplin,Coconut,eem-triplin,coconut,eem-triplin,coconut,2025-12-05,https://storage.googleapis.com/music8-json-prod/data/songs/eem-triplin_coconut.json
6840c5b5-b1f9-430b-9a9f-870c1be4b1df,Ekko - Shed Your Light,Ekko,Shed Your Light,ekko,shed-your-light,ekko,shed-your-light,2025-03-13,https://storage.googleapis.com/music8-json-prod/data/songs/ekko_shed-your-light.json
9f89d61b-f2b7-43b2-ae01-60d17b28e11c,Ekko - Shining,Ekko,Shining,ekko,shining,ekko,shining,2024-05-09,https://storage.googleapis.com/music8-json-prod/data/songs/ekko_shining.json
b8001ab1-1a29-432f-b6e0-decfcb8262b5,Ekko City - Move On,Ekko City,Move On,ekko-city,move-on,ekko-city,move-on,2022-10-13,https://storage.googleapis.com/music8-json-prod/data/songs/ekko-city_move-on.json
f96a668a-57f5-44cd-a33e-90df2eda7ab0,El Alfa - Mambo,El Alfa,Mambo,el-alfa,stve-aoki-mambo,el-alfa,stve-aoki-mambo,2021-01-31,https://storage.googleapis.com/music8-json-prod/data/songs/el-alfa_stve-aoki-mambo.json
f224324e-f2cf-4857-8803-73039cb7fb9a,Elderbook - Teardrop,Elderbook,Teardrop,elderbook,teardrop-2,elderbook,teardrop-2,2025-10-16,https://storage.googleapis.com/music8-json-prod/data/songs/elderbook_teardrop-2.json
0c77a900-3a6e-47ff-9296-1815bba3ec18,Elderbrook - When I Talk,Elderbrook,When I Talk,elderbrook,when-i-talk,elderbrook,when-i-talk,2022-12-08,https://storage.googleapis.com/music8-json-prod/data/songs/elderbrook_when-i-talk.json
7ec823c3-a49b-461d-a9c9-05b3777b0226,Electric Callboy - Spaceman,Electric Callboy,Spaceman,electric-callboy,spaceman,electric-callboy,spaceman,2022-09-15,https://storage.googleapis.com/music8-json-prod/data/songs/electric-callboy_spaceman.json
3e2aa697-d500-4e5d-87f2-2a6b6bae86b2,Electric Fields - Red Future,Electric Fields,Red Future,electric-fields,red-future,electric-fields,red-future,2024-02-29,https://storage.googleapis.com/music8-json-prod/data/songs/electric-fields_red-future.json
1711b8a5-188b-4133-a9ec-dbd8a6923441,Electric Guest - Lil Tune,Electric Guest,Lil Tune,electric-guest,lil-tune,electric-guest,lil-tune,2024-02-22,https://storage.googleapis.com/music8-json-prod/data/songs/electric-guest_lil-tune.json
db97ef4c-16c9-4640-8073-3739df13a617,Electric Light Orchestra - Xanadu,Electric Light Orchestra,Xanadu,electric-light-orchestra,xanadu,electric-light-orchestra,xanadu,1979-12-31,https://storage.googleapis.com/music8-json-prod/data/songs/electric-light-orchestra_xanadu.json
d6171665-13e4-4910-876b-d5c248b8ff31,Elize Ryd - Paradise,Elize Ryd,Paradise,elize-ryd,paradise-10,elize-ryd,paradise-10,2025-04-25,https://storage.googleapis.com/music8-json-prod/data/songs/elize-ryd_paradise-10.json
6b92af3e-c97b-46e0-a848-73c924bd60d8,Elize Ryd - Until The End,Elize Ryd,Until The End,elize-ryd,until-the-end,elize-ryd,until-the-end,2025-11-03,https://storage.googleapis.com/music8-json-prod/data/songs/elize-ryd_until-the-end.json
a11a5fa5-1bd1-41a2-ac08-83625e253d74,Ella Henderson - Alibi,Ella Henderson,Alibi,ella-henderson,alibi,ella-henderson,alibi,2024-01-11,https://storage.googleapis.com/music8-json-prod/data/songs/ella-henderson_alibi.json
c561fe29-87a1-44e8-9e4d-086d56664814,Ella Henderson - Glitterball,Ella Henderson,Glitterball,ella-henderson,glitterball,ella-henderson,glitterball,2015-06-25,https://storage.googleapis.com/music8-json-prod/data/songs/ella-henderson_glitterball.json
fb583951-9a7a-44c8-8e75-e39316c6f5c9,Ella Henderson - Here For You,Ella Henderson,Here For You,ella-henderson,here-for-you,ella-henderson,here-for-you,2015-09-03,https://storage.googleapis.com/music8-json-prod/data/songs/ella-henderson_here-for-you.json
1c5b3347-2c7c-466d-a0e2-94f7083b1b67,Ella Henderson - I Go Dancing Ft. Ella Henderson,Ella Henderson,I Go Dancing Ft. Ella Henderson,ella-henderson,i-go-dancing-ft-ella-henderson,ella-henderson,i-go-dancing-ft-ella-henderson,2023-01-19,https://storage.googleapis.com/music8-json-prod/data/songs/ella-henderson_i-go-dancing-ft-ella-henderson.json
8ecafe28-c038-427f-a4b6-a5bedfda51e8,Ella Henderson - No Sleep,Ella Henderson,No Sleep,ella-henderson,no-sleep,ella-henderson,no-sleep,2023-03-16,https://storage.googleapis.com/music8-json-prod/data/songs/ella-henderson_no-sleep.json
399628ed-7b37-46bd-9a12-8b16c5c6020e,Ella Henderson - React,Ella Henderson,React,ella-henderson,react,ella-henderson,react,2023-03-23,https://storage.googleapis.com/music8-json-prod/data/songs/ella-henderson_react.json
c344c70d-63d5-4ac8-b868-a227b545e6aa,Ella Langley - Way Of The World,Ella Langley,Way Of The World,ella-langley,way-of-the-world,ella-langley,way-of-the-world,2025-07-10,https://storage.googleapis.com/music8-json-prod/data/songs/ella-langley_way-of-the-world.json
72b77fc6-96f5-4d6d-9045-4e5d4231ecac,Elley Duhe - Back To You,Elley Duhe,Back To You,elley-duhe,back-to-you-2,elley-duhe,back-to-you-2,2023-01-19,https://storage.googleapis.com/music8-json-prod/data/songs/elley-duhe_back-to-you-2.json
634f7caf-49a8-4d2f-b7fc-31ab933adffb,Elley Duhe - Happy Now,Elley Duhe,Happy Now,elley-duhe,happy-now,elley-duhe,happy-now,2018-07-17,https://storage.googleapis.com/music8-json-prod/data/songs/elley-duhe_happy-now.json
70d5d564-c71f-4b4b-a272-91f620085044,Elley Duhe - Midnight Oil,Elley Duhe,Midnight Oil,elley-duhe,midnight-oil,elley-duhe,midnight-oil,2023-10-12,https://storage.googleapis.com/music8-json-prod/data/songs/elley-duhe_midnight-oil.json
b7b7214c-cb6c-49b4-9d70-3573712a6559,Ellie Goulding - Don't Want Your Love,Ellie Goulding,Don't Want Your Love,ellie-goulding,dont-want-your-love,ellie-goulding,dont-want-your-love,2026-02-05,https://storage.googleapis.com/music8-json-prod/data/songs/ellie-goulding_dont-want-your-love.json
0b9fea05-bf75-402b-adf5-0dea73092259,Ellie Goulding - First Time,Ellie Goulding,First Time,ellie-goulding,first-time,ellie-goulding,first-time,2017-04-27,https://storage.googleapis.com/music8-json-prod/data/songs/ellie-goulding_first-time.json
1b3a7839-d0ac-4a32-abc2-132da5350dfb,Ellie Goulding - Lights,Ellie Goulding,Lights,,,ellie-goulding,lights,,https://storage.googleapis.com/music8-json-prod/data/songs/ellie-goulding_lights.json
e50e6949-7abb-4cf6-815e-0330d71739be,Ellie Goulding - Wonderman,Ellie Goulding,Wonderman,ellie-goulding,wonderman,ellie-goulding,wonderman,2011-01-18,https://storage.googleapis.com/music8-json-prod/data/songs/ellie-goulding_wonderman.json
ee38048a-61c1-473e-bc0f-34e1a1f60c60,Elly Jackson - Tutti Frutti,Elly Jackson,Tutti Frutti,elly-jackson,tutti-frutti,elly-jackson,tutti-frutti,2016-05-11,https://storage.googleapis.com/music8-json-prod/data/songs/elly-jackson_tutti-frutti.json
6311350c-d062-45b6-9ccf-f3f0e1de6baa,Elton John - Chosen Family,Elton John,Chosen Family,elton-john,chosen-family,elton-john,chosen-family,2021-10-22,https://storage.googleapis.com/music8-json-prod/data/songs/elton-john_chosen-family.json
c7150059-288a-422c-bfdf-2d46b4dc42be,Elton John - Don't Let The Sun Go Down On Me,Elton John,Don't Let The Sun Go Down On Me,elton-john,dont-let-the-sun-go-down-on-me,elton-john,dont-let-the-sun-go-down-on-me,1998-11-08,https://storage.googleapis.com/music8-json-prod/data/songs/elton-john_dont-let-the-sun-go-down-on-me.json
8f4fc3cd-97e3-4f5b-b3d2-ba2804b99552,Elton John - Flames Of Paradise,Elton John,Flames Of Paradise,elton-john,flames-of-paradise,elton-john,flames-of-paradise,1987-05-15,https://storage.googleapis.com/music8-json-prod/data/songs/elton-john_flames-of-paradise.json
cd2e5cbe-3ea1-4071-bfa4-57f203e5f29a,Elton John - Talk To You,Elton John,Talk To You,elton-john,talk-to-you,elton-john,talk-to-you,2025-10-16,https://storage.googleapis.com/music8-json-prod/data/songs/elton-john_talk-to-you.json
c2cbd635-0a7b-4d48-ae22-671e9ca66c31,Elton John - Wrap Her Up,Elton John,Wrap Her Up,elton-john,wrap-her-up,elton-john,wrap-her-up,1998-11-08,https://storage.googleapis.com/music8-json-prod/data/songs/elton-john_wrap-her-up.json
ca6a55f5-9249-4d0b-9983-ee25c593deec,Eluveitie - Gwydion,Eluveitie,Gwydion,eluveitie,gwydion,eluveitie,gwydion,2022-04-21,https://storage.googleapis.com/music8-json-prod/data/songs/eluveitie_gwydion.json
00f773a8-7052-4b6a-a5b0-630d066b8f7d,Ely Oaks - With You,Ely Oaks,With You,ely-oaks,with-you-4,ely-oaks,with-you-4,2024-12-05,https://storage.googleapis.com/music8-json-prod/data/songs/ely-oaks_with-you-4.json
248bfc47-07ce-464d-a9a1-37d8fb45cec2,Em Beihold - Fantasy,Em Beihold,Fantasy,em-beihold,fantasy-3,em-beihold,fantasy-3,2023-04-14,https://storage.googleapis.com/music8-json-prod/data/songs/em-beihold_fantasy-3.json
da521c82-2551-4a5f-96d9-51d057b8a465,Emei - Hold On Me,Emei,Hold On Me,emei,hold-on-me,emei,hold-on-me,2023-11-09,https://storage.googleapis.com/music8-json-prod/data/songs/emei_hold-on-me.json
77126c8a-8974-47fa-b058-bccefdcbe334,Emei - Stereo,Emei,Stereo,emei,stereo-5,emei,stereo-5,2025-07-11,https://storage.googleapis.com/music8-json-prod/data/songs/emei_stereo-5.json
e4ef44a7-4f77-4b85-bbe1-f718e6e036c1,"Emerson, Lake - Nut Rocker - Live In Switzerland, 1970","Emerson, Lake","Nut Rocker - Live In Switzerland, 1970",,,emerson,nut-rocker-live-in-switzerland1970,,https://storage.googleapis.com/music8-json-prod/data/songs/emerson_nut-rocker-live-in-switzerland1970.json
c77c9a42-da3a-4389-9a83-68f95689c017,Emery Taylor - Hero,Emery Taylor,Hero,emery-taylor,hero-4,emery-taylor,hero-4,2024-06-28,https://storage.googleapis.com/music8-json-prod/data/songs/emery-taylor_hero-4.json
87cc8416-625e-49e0-9a8d-3520cce871cc,Emi Secrest - To You -,Emi Secrest,To You -,emi-secrest,to-you,emi-secrest,to-you,2024-08-26,https://storage.googleapis.com/music8-json-prod/data/songs/emi-secrest_to-you.json
4d583faf-a2b8-4b1a-83f0-6b370c4a86ed,Emilee - Ily,Emilee,Ily,emilee,ily-i-love-you-baby,emilee,ily-i-love-you-baby,2019-11-25,https://storage.googleapis.com/music8-json-prod/data/songs/emilee_ily-i-love-you-baby.json
cb9f4110-bfa1-4662-9b22-c522b0095d97,Emily Makis - Break It Down,Emily Makis,Break It Down,emily-makis,break-it-down,emily-makis,break-it-down,2024-07-31,https://storage.googleapis.com/music8-json-prod/data/songs/emily-makis_break-it-down.json
5faea53b-836c-4abf-881e-fd14f517bae0,Emily Makis - Danger Zone,Emily Makis,Danger Zone,emily-makis,danger-zone,emily-makis,danger-zone,2025-02-18,https://storage.googleapis.com/music8-json-prod/data/songs/emily-makis_danger-zone.json
18d003be-2082-4c6d-8995-ad5b8bacc35c,Eminem - Animals,Eminem,Animals,eminem,animals-3,eminem,animals-3,2025-07-03,https://storage.googleapis.com/music8-json-prod/data/songs/eminem_animals-3.json
165bc52f-0514-4bb3-a4d5-e14973efb27e,Eminem - Doomsday 2,Eminem,Doomsday 2,eminem,doomsday-2,eminem,doomsday-2,2024-03-13,https://storage.googleapis.com/music8-json-prod/data/songs/eminem_doomsday-2.json
98235005-8f21-498d-8ee9-311077bb135f,Eminem - Murdergram Deux,Eminem,Murdergram Deux,eminem,murdergram-deux,eminem,murdergram-deux,2024-08-30,https://storage.googleapis.com/music8-json-prod/data/songs/eminem_murdergram-deux.json
8092d825-c3ee-44cf-a3b0-ad8e1c9e0fdc,Eminem - No Shady,Eminem,No Shady,eminem,no-shady,eminem,no-shady,2024-11-10,https://storage.googleapis.com/music8-json-prod/data/songs/eminem_no-shady.json
d88cba33-dfa2-4ab6-83e7-1751e0369da4,Emma Hewitt - Till We Fade,Emma Hewitt,Till We Fade,emma-hewitt,till-we-fade,emma-hewitt,till-we-fade,2023-10-20,https://storage.googleapis.com/music8-json-prod/data/songs/emma-hewitt_till-we-fade.json
c81fa808-d697-4874-afd9-650bee2238ef,Emma Louise - Hollow,Emma Louise,Hollow,emma-louise,hollow-2,emma-louise,hollow-2,2022-07-05,https://storage.googleapis.com/music8-json-prod/data/songs/emma-louise_hollow-2.json
069f0a1a-b229-4850-8e76-8399f5978e29,Emmanuelle Zoldan - Riders On The Storm,Emmanuelle Zoldan,Riders On The Storm,emma-zoldan,riders-on-the-storm-2,emma-zoldan,riders-on-the-storm-2,2024-11-29,https://storage.googleapis.com/music8-json-prod/data/songs/emma-zoldan_riders-on-the-storm-2.json
6ba673eb-e69c-4e52-8f67-974c2f5cc5a1,Empire Of The Sun - Aeiou,Empire Of The Sun,Aeiou,empire-of-the-sun,aeiou,empire-of-the-sun,aeiou,2023-10-11,https://storage.googleapis.com/music8-json-prod/data/songs/empire-of-the-sun_aeiou.json
5210893e-468a-41ef-8258-502a238463c8,Endless Summer - Crying On The Dancefloor,Endless Summer,Crying On The Dancefloor,endless-summer,crying-on-the-dancefloor,endless-summer,crying-on-the-dancefloor,2023-04-06,https://storage.googleapis.com/music8-json-prod/data/songs/endless-summer_crying-on-the-dancefloor.json
a542f067-077e-415a-b532-d8e590ff5642,Endless Summer - Rest Of My Life,Endless Summer,Rest Of My Life,endless-summer,rest-of-my-life,endless-summer,rest-of-my-life,2024-01-18,https://storage.googleapis.com/music8-json-prod/data/songs/endless-summer_rest-of-my-life.json
cef368ff-4c00-4898-9000-15662d7e9f7f,Enisa - Blazin,Enisa,Blazin,enisa,blazin,enisa,blazin,2023-10-27,https://storage.googleapis.com/music8-json-prod/data/songs/enisa_blazin.json
c7b1be1f-4688-4c63-b4ea-f8584e97b2af,Enisa - Disco Cone,Enisa,Disco Cone,enisa,disco-cone,enisa,disco-cone,2024-01-12,https://storage.googleapis.com/music8-json-prod/data/songs/enisa_disco-cone.json
0e232a16-d872-4af0-b60c-299492f1ee9a,Enisa - Tears Don't Fall,Enisa,Tears Don't Fall,enisa,tears-dont-fall,enisa,tears-dont-fall,2024-08-22,https://storage.googleapis.com/music8-json-prod/data/songs/enisa_tears-dont-fall.json
77d78ad4-6a5f-4b1e-98c6-24e696ee8256,ENNY - You Never Visit Me,ENNY,You Never Visit Me,enny,you-never-visit-me-2,enny,you-never-visit-me-2,2023-10-26,https://storage.googleapis.com/music8-json-prod/data/songs/enny_you-never-visit-me-2.json
2f6632e1-a61a-4afc-9ccf-e52c730e76d2,Enya - Only Time,Enya,Only Time,,,enya,only-time,,https://storage.googleapis.com/music8-json-prod/data/songs/enya_only-time.json
e61f5099-fb35-4024-a88f-a00166844cdd,Eric Carmen - Hungry Eyes,Eric Carmen,Hungry Eyes,,,eric-carmen,hungry-eyes,,https://storage.googleapis.com/music8-json-prod/data/songs/eric-carmen_hungry-eyes.json
3bc33718-5308-407c-98dd-15ff9312f1de,Eric Church - Does To Me,Eric Church,Does To Me,eric-church,does-to-me,eric-church,does-to-me,2019-11-07,https://storage.googleapis.com/music8-json-prod/data/songs/eric-church_does-to-me.json
1ca15b3a-77f3-49d9-adcd-486341aef38b,Eric Church - Mcarthur,Eric Church,Mcarthur,eric-church,mcarthur,eric-church,mcarthur,2026-01-29,https://storage.googleapis.com/music8-json-prod/data/songs/eric-church_mcarthur.json
45f54f1b-4722-4df0-a09c-965a31e1dde3,Eric Clapton - It's Probably Me,Eric Clapton,It's Probably Me,eric-clapton,its-probably-me,eric-clapton,its-probably-me,2023-02-24,https://storage.googleapis.com/music8-json-prod/data/songs/eric-clapton_its-probably-me.json
6ac3cfb5-e306-4225-991d-059018b78bb9,Eric Turner - Bop Bop,Eric Turner,Bop Bop,eric-turner,bop-bop,eric-turner,bop-bop,2015-07-12,https://storage.googleapis.com/music8-json-prod/data/songs/eric-turner_bop-bop.json
3639b352-dab1-42f0-8d1d-9ecf1ffe9bc6,Eric Turner - Written In The Stars,Eric Turner,Written In The Stars,eric-turner,written-in-the-stars,eric-turner,written-in-the-stars,2010-08-12,https://storage.googleapis.com/music8-json-prod/data/songs/eric-turner_written-in-the-stars.json
aedc320f-3aca-430f-8d43-71806a43bdca,Eric Vanlerberghe - House On Sand,Eric Vanlerberghe,House On Sand,eric-vanlerberghe,house-on-sand,eric-vanlerberghe,house-on-sand,2024-04-14,https://storage.googleapis.com/music8-json-prod/data/songs/eric-vanlerberghe_house-on-sand.json
73aa261a-754e-452d-9931-cc309862c297,Erick The Architect - Candle Flame,Erick The Architect,Candle Flame,erick-the-architect,candle-flame,erick-the-architect,candle-flame,2023-03-27,https://storage.googleapis.com/music8-json-prod/data/songs/erick-the-architect_candle-flame.json
f0c69311-9110-441c-bc00-5c0519331acd,Erick The Architect - Sweet &#038; Sublime,Erick The Architect,Sweet &#038; Sublime,erick-the-architect,sweet-sublime,erick-the-architect,sweet-sublime,2024-06-06,https://storage.googleapis.com/music8-json-prod/data/songs/erick-the-architect_sweet-sublime.json
46fc2724-41cb-47d8-9f09-61c6a1d66301,Erik Grönwall - Bad Bones,Erik Grönwall,Bad Bones,,,erik-gronwall,bad-bones,,https://storage.googleapis.com/music8-json-prod/data/songs/erik-gronwall_bad-bones.json
dd3344e4-0d72-461d-890d-8f01de30bb68,Erik Grönwall - Who's The Winner,Erik Grönwall,Who's The Winner,,,erik-gronwall,whos-the-winner,,https://storage.googleapis.com/music8-json-prod/data/songs/erik-gronwall_whos-the-winner.json
74cadd09-4d03-4c40-8588-2e6e7ea5c16a,Erika de Casier - E-motions,Erika de Casier,E-motions,erika-de-casier,e-motions,erika-de-casier,e-motions,2022-09-16,https://storage.googleapis.com/music8-json-prod/data/songs/erika-de-casier_e-motions.json
812893af-5746-4266-bb89-4ef1f2ffa53b,Erika Vikman - Appetite,Erika Vikman,Appetite,erika-vikman,jo-erika-vikman-appetite,erika-vikman,jo-erika-vikman-appetite,2025-10-28,https://storage.googleapis.com/music8-json-prod/data/songs/erika-vikman_jo-erika-vikman-appetite.json
6acff693-3850-4482-b76e-069ef48f4d04,ERNEST - Us,ERNEST,Us,ernest,us-2,ernest,us-2,2023-11-16,https://storage.googleapis.com/music8-json-prod/data/songs/ernest_us-2.json
f6ec08bf-b4bb-4ea9-ad6a-7a4e3119e57a,Eryn Allen Kane - Motherless,Eryn Allen Kane,Motherless,eryn-allen-kane,motherless,eryn-allen-kane,motherless,2023-05-10,https://storage.googleapis.com/music8-json-prod/data/songs/eryn-allen-kane_motherless.json
2e7f7133-eb8c-4103-8db3-a3e5de4d3d6a,Escape the Fate - Masochistic Lovers,Escape the Fate,Masochistic Lovers,escape-the-fate,masochistic-lovers,escape-the-fate,masochistic-lovers,2024-09-19,https://storage.googleapis.com/music8-json-prod/data/songs/escape-the-fate_masochistic-lovers.json
a76f9944-e72f-4178-a614-c14a9fce4519,Ethereal Daydreamer - Oneness,Ethereal Daydreamer,Oneness,ethereal-daydreamer,oneness,ethereal-daydreamer,oneness,2024-05-16,https://storage.googleapis.com/music8-json-prod/data/songs/ethereal-daydreamer_oneness.json
2cb4fce1-57d8-41eb-96cf-7831f085449e,Evanescence - Bring Me To Life.,Evanescence,Bring Me To Life.,,,evanescence,bring-me-to-life,,https://storage.googleapis.com/music8-json-prod/data/songs/evanescence_bring-me-to-life.json
8dea7f63-94e6-4e01-bdfb-c8dbd1e2cf51,Evangeline - Got To Be Mine,Evangeline,Got To Be Mine,evangeline,got-to-be-mine,evangeline,got-to-be-mine,2024-06-13,https://storage.googleapis.com/music8-json-prod/data/songs/evangeline_got-to-be-mine.json
62a33f61-5b3d-4a0a-ba67-f49e0dab6ca2,Evangeline - Letting Things Go,Evangeline,Letting Things Go,evangeline,lettingthingsgo,evangeline,lettingthingsgo,2024-01-05,https://storage.googleapis.com/music8-json-prod/data/songs/evangeline_lettingthingsgo.json
6862a283-1351-423e-9ec8-76f9df30b1dc,Evangeline - Tokyo Night,Evangeline,Tokyo Night,evangeline,tokyo-night,evangeline,tokyo-night,2024-03-28,https://storage.googleapis.com/music8-json-prod/data/songs/evangeline_tokyo-night.json
ff7ffd17-2249-4080-af25-e0812f3694f9,Eve - Rich Girl,Eve,Rich Girl,eve,rich-girl,eve,rich-girl,2004-11-22,https://storage.googleapis.com/music8-json-prod/data/songs/eve_rich-girl.json
a0b5d3a1-8e1d-4d7d-855e-e4a631dc1517,Example - Thursday,Example,Thursday,example,thursday,example,thursday,2013-07-14,https://storage.googleapis.com/music8-json-prod/data/songs/example_thursday.json
efbdd0a0-544a-49f2-84e6-23918402b108,Example - Unorthodox,Example,Unorthodox,example,unorthodox,example,unorthodox,2011-03-01,https://storage.googleapis.com/music8-json-prod/data/songs/example_unorthodox.json
10ff41ca-2687-4c86-b6b5-b3a60b8e6ccc,Exene Cervenka - Destroying Angels,Exene Cervenka,Destroying Angels,exene-cervenka,destroying-angels,exene-cervenka,destroying-angels,2021-06-10,https://storage.googleapis.com/music8-json-prod/data/songs/exene-cervenka_destroying-angels.json
10cf012c-3725-4ef0-95ef-68755f04df43,Eyedress - Tesla,Eyedress,Tesla,eyedress,tesla,eyedress,tesla,2022-02-24,https://storage.googleapis.com/music8-json-prod/data/songs/eyedress_tesla.json
5125bfda-ec18-4477-b1f7-e7b871eee07b,Eyelar - 100 Lives,Eyelar,100 Lives,eyelar,100-lives,eyelar,100-lives,2024-07-18,https://storage.googleapis.com/music8-json-prod/data/songs/eyelar_100-lives.json
03c9ed87-e7b9-4617-8bb6-547ecd03a1a0,Ezra Koenig - Tonight,Ezra Koenig,Tonight,ezra-koenig,tonight-2,ezra-koenig,tonight-2,2022-09-06,https://storage.googleapis.com/music8-json-prod/data/songs/ezra-koenig_tonight-2.json
08c2b66c-83a6-4675-9249-de55ddfeafb9,Fabiana Martone - Danza Marilù,Fabiana Martone,Danza Marilù,fabiana-martone,danza-marilu,fabiana-martone,danza-marilu,2024-04-09,https://storage.googleapis.com/music8-json-prod/data/songs/fabiana-martone_danza-marilu.json
aa0f2a5d-71fa-4f26-abad-f12a4012ff61,Fabolous - Breathing,Fabolous,Breathing,fabolous,breathing-2,fabolous,breathing-2,2024-08-16,https://storage.googleapis.com/music8-json-prod/data/songs/fabolous_breathing-2.json
dce3ac55-8458-4fdc-b466-5474364cc007,Fabolous - Link Up,Fabolous,Link Up,fabolous,link-up-remix,fabolous,link-up-remix,2023-11-02,https://storage.googleapis.com/music8-json-prod/data/songs/fabolous_link-up-remix.json
f21a0ca3-ed25-46a1-a5de-7b2a1019668b,Fairlane - Heaven Feels Like,Fairlane,Heaven Feels Like,fairlane,heaven-feels-like,fairlane,heaven-feels-like,2024-11-07,https://storage.googleapis.com/music8-json-prod/data/songs/fairlane_heaven-feels-like.json
c789ef6a-f67f-4af3-8959-57f9f84b5baf,"Faith Hill - ""Breathe""",Faith Hill,"""Breathe""",,,faith-hill,breathe,,https://storage.googleapis.com/music8-json-prod/data/songs/faith-hill_breathe.json
d62d2c69-05f3-4f5e-8ad4-07b484b27ac0,"Fall Out Boy - Sugar, We're Goin Down",Fall Out Boy,"Sugar, We're Goin Down",,,fall-out-boy,sugar-were-goin-down,,https://storage.googleapis.com/music8-json-prod/data/songs/fall-out-boy_sugar-were-goin-down.json
d3080d4b-e7fb-450f-b75e-514a72e47b35,Fame on Fire - Nublood,Fame on Fire,Nublood,fame-on-fire,nublood,fame-on-fire,nublood,2022-12-14,https://storage.googleapis.com/music8-json-prod/data/songs/fame-on-fire_nublood.json
d9e2c0f5-00ca-4a6f-8093-84420805dade,FANDOM - Two Car Garage,FANDOM,Two Car Garage,fandom,two-car-garage,fandom,two-car-garage,2026-01-30,https://storage.googleapis.com/music8-json-prod/data/songs/fandom_two-car-garage.json
4a62641e-a9c3-48fb-a20c-e024590695ad,Fantasia - Let's Dance,Fantasia,Let's Dance,fantasia,lets-dance,fantasia,lets-dance,2023-06-30,https://storage.googleapis.com/music8-json-prod/data/songs/fantasia_lets-dance.json
0601b359-27cb-4ea7-9c71-d7ff5ba62948,Fantasy Bgm - Eyes On Meアイズオンミー◆フェイウォンff8日本語歌詞 Faye Wong ファイナルファンタジー8lyrics和訳付き,Fantasy Bgm,Eyes On Meアイズオンミー◆フェイウォンff8日本語歌詞 Faye Wong ファイナルファンタジー8lyrics和訳付き,,,fantasy-bgm,eyes-on-meff8-faye-wong-8lyrics,,https://storage.googleapis.com/music8-json-prod/data/songs/fantasy-bgm_eyes-on-meff8-faye-wong-8lyrics.json
767ef559-4db9-47e1-9751-a8ecfaac01a5,Farina - Whoppa,Farina,Whoppa,farina,whoppa,farina,whoppa,2020-07-02,https://storage.googleapis.com/music8-json-prod/data/songs/farina_whoppa.json
5fba89b3-0e14-4d7b-921f-366b36bfdf6b,Farruko - Aire,Farruko,Aire,farruko,aire,farruko,aire,2021-04-15,https://storage.googleapis.com/music8-json-prod/data/songs/farruko_aire.json
b8d7dc25-455a-4276-a77c-081bca828458,FAST BOY - All My Life,FAST BOY,All My Life,fast-boy,all-my-life-2,fast-boy,all-my-life-2,2024-01-05,https://storage.googleapis.com/music8-json-prod/data/songs/fast-boy_all-my-life-2.json
ed216d46-96d6-4ca1-9200-3bb6b9506efc,Fat Joe - Lean Back,Fat Joe,Lean Back,fat-joe,lean-back,fat-joe,lean-back,2004-07-15,https://storage.googleapis.com/music8-json-prod/data/songs/fat-joe_lean-back.json
ddab1b00-6b7e-4fc7-ae3f-a2c04b773f93,Fat Joe - Saturday Night Special,Fat Joe,Saturday Night Special,fat-joe,saturday-night-special,fat-joe,saturday-night-special,2024-06-14,https://storage.googleapis.com/music8-json-prod/data/songs/fat-joe_saturday-night-special.json
9faf4cc9-1f35-47ac-8ead-4741b61f75dc,Fatboy Slim - Badder Badder Schwing,Fatboy Slim,Badder Badder Schwing,fatboy-slim,badder-badder-schwing,fatboy-slim,badder-badder-schwing,2005-11-30,https://storage.googleapis.com/music8-json-prod/data/songs/fatboy-slim_badder-badder-schwing.json
d2c2c786-584e-4d06-974e-74c9b54c9bd4,Fatboy Slim - Praising You,Fatboy Slim,Praising You,fatboy-slim,praising-you,fatboy-slim,praising-you,2023-05-19,https://storage.googleapis.com/music8-json-prod/data/songs/fatboy-slim_praising-you.json
e4688741-dfd0-4921-8cbd-456960d9e2b2,Faun - Schwarzer Strand,Faun,Schwarzer Strand,faun,schwarzer-strand,faun,schwarzer-strand,2024-04-05,https://storage.googleapis.com/music8-json-prod/data/songs/faun_schwarzer-strand.json
2a3139ab-687c-45f9-b1a7-04959fac8fe0,Faye Wong - Mung Zung Yan,Faye Wong,Mung Zung Yan,,,faye-wong,mung-zung-yan,,https://storage.googleapis.com/music8-json-prod/data/songs/faye-wong_mung-zung-yan.json
d532be35-912a-430a-aa59-0a62ca2842f8,FBP Blxckid - Januaari,FBP Blxckid,Januaari,fbp-blxckid,januaari,fbp-blxckid,januaari,2022-11-03,https://storage.googleapis.com/music8-json-prod/data/songs/fbp-blxckid_januaari.json
784864b9-5ce5-4f9d-b77f-8e00623ecb03,Féa - Love &#038; Harmony,Féa,Love &#038; Harmony,fea,love-harmony,fea,love-harmony,2024-09-12,https://storage.googleapis.com/music8-json-prod/data/songs/fea_love-harmony.json
9c0bc927-f253-4a0e-8ee3-7590e4f898d3,Fear Factory - Disobey - Disruptor Remix,Fear Factory,Disobey - Disruptor Remix,fear-factory,disobey-disruptor-remix,fear-factory,disobey-disruptor-remix,2022-10-27,https://storage.googleapis.com/music8-json-prod/data/songs/fear-factory_disobey-disruptor-remix.json
2ed7ec84-01bd-4e13-8bb5-002d2e581d1f,Feid - Monstruo,Feid,Monstruo,feid,monstruo,feid,monstruo,2025-10-23,https://storage.googleapis.com/music8-json-prod/data/songs/feid_monstruo.json
8aa9dcb5-0b96-4527-aeef-53c883b0a82f,Fergie - Glamorous,Fergie,Glamorous,fergie,glamorous,fergie,glamorous,2006-09-13,https://storage.googleapis.com/music8-json-prod/data/songs/fergie_glamorous.json
f6640a3b-e3da-40e2-881b-458e551f7ead,Feryquitous - Metaphor,Feryquitous,Metaphor,feryquitous,metaphor,feryquitous,metaphor,2024-12-09,https://storage.googleapis.com/music8-json-prod/data/songs/feryquitous_metaphor.json
de78f0ca-1d87-4dd0-a9c3-75912f5d0e7c,Figs - Lemonade,Figs,Lemonade,figs,lemonade-3,figs,lemonade-3,2025-07-31,https://storage.googleapis.com/music8-json-prod/data/songs/figs_lemonade-3.json
3548ac8d-b97e-4dcc-ad8a-ff0b1b48d0a6,FIJI - Shoot Down,FIJI,Shoot Down,fiji,shoot-down,fiji,shoot-down,2023-04-20,https://storage.googleapis.com/music8-json-prod/data/songs/fiji_shoot-down.json
d5b72482-7d93-44a2-a1d7-bcfa7721c607,Fil Bo Riva - Killer Queen,Fil Bo Riva,Killer Queen,fil-bo-riva,killer-queen-3,fil-bo-riva,killer-queen-3,2023-05-19,https://storage.googleapis.com/music8-json-prod/data/songs/fil-bo-riva_killer-queen-3.json
b3b2d27d-a290-4bfb-adf9-1c4c9377759f,Fireboy DML - Me And My Guitar,Fireboy DML,Me And My Guitar,fireboy-dml,me-and-my-guitar,fireboy-dml,me-and-my-guitar,2023-07-06,https://storage.googleapis.com/music8-json-prod/data/songs/fireboy-dml_me-and-my-guitar.json
47354273-871c-4172-b7c2-b19082439bf1,Fireboy DML - Original Don,Fireboy DML,Original Don,fireboy-dml,original-don,fireboy-dml,original-don,2025-09-25,https://storage.googleapis.com/music8-json-prod/data/songs/fireboy-dml_original-don.json
bef783c8-ebec-43e1-8148-2d33a3720d7c,FKA twigs - Talk To Me,FKA twigs,Talk To Me,fka-twigs,talk-to-me-4,fka-twigs,talk-to-me-4,2024-03-17,https://storage.googleapis.com/music8-json-prod/data/songs/fka-twigs_talk-to-me-4.json
c4819e65-3174-40dc-92df-84f95a5419a1,FKA twigs - Viscus,FKA twigs,Viscus,fka-twigs,viscus,fka-twigs,viscus,2025-10-09,https://storage.googleapis.com/music8-json-prod/data/songs/fka-twigs_viscus.json
e0a0013f-eed6-46d6-953d-d30aa2310d44,Fleet Foxes - Don't Put It All On Me,Fleet Foxes,Don't Put It All On Me,fleet-foxes,dont-put-it-all-on-me,fleet-foxes,dont-put-it-all-on-me,2025-03-19,https://storage.googleapis.com/music8-json-prod/data/songs/fleet-foxes_dont-put-it-all-on-me.json
a8ab2a28-2b36-4558-a48d-83f5d2629dce,Fleetwood Mac - Dreams,Fleetwood Mac,Dreams,,,fleetwood-mac,dreams,,https://storage.googleapis.com/music8-json-prod/data/songs/fleetwood-mac_dreams.json
6fe9c2b4-2432-4501-acec-16fe75338408,Fleetwood Mac - Go Your Own Way,Fleetwood Mac,Go Your Own Way,,,fleetwood-mac,go-your-own-way,,https://storage.googleapis.com/music8-json-prod/data/songs/fleetwood-mac_go-your-own-way.json
e6a5a34e-5874-4223-99b3-e80290d18682,Flo Milli - Roc Steady,Flo Milli,Roc Steady,flo-milli,roc-steady,flo-milli,roc-steady,2024-11-27,https://storage.googleapis.com/music8-json-prod/data/songs/flo-milli_roc-steady.json
b5e04027-ad6e-4c0e-868e-0b686de231a6,Flo Milli - Sunday Service,Flo Milli,Sunday Service,flo-milli,sunday-service,flo-milli,sunday-service,2024-06-07,https://storage.googleapis.com/music8-json-prod/data/songs/flo-milli_sunday-service.json
8ec3accc-7867-43ab-a677-0cb46f222167,Florence + The Machine - Sympathy Magic,Florence + The Machine,Sympathy Magic,florence-the-machine,sympathy-magic-4,florence-the-machine,sympathy-magic-4,2025-10-26,https://storage.googleapis.com/music8-json-prod/data/songs/florence-the-machine_sympathy-magic-4.json
d66e8705-c0c6-4ea3-901a-8ff1bda07089,Florence Shaw - Force 10 From Navarone,Florence Shaw,Force 10 From Navarone,florence-shaw,force-10-from-navarone,florence-shaw,force-10-from-navarone,2023-02-08,https://storage.googleapis.com/music8-json-prod/data/songs/florence-shaw_force-10-from-navarone.json
7ff40823-bd7c-4f62-92f9-de993196784a,Florida Georgia Line - Lil Bit,Florida Georgia Line,Lil Bit,florida-georgia-line,lil-bit,florida-georgia-line,lil-bit,2020-10-22,https://storage.googleapis.com/music8-json-prod/data/songs/florida-georgia-line_lil-bit.json
f511f4b8-0d82-4757-ac33-93b46f21d829,Flyana Boss - Nice To Meet Ya,Flyana Boss,Nice To Meet Ya,flyana-boss,nice-to-meet-ya,flyana-boss,nice-to-meet-ya,2024-07-11,https://storage.googleapis.com/music8-json-prod/data/songs/flyana-boss_nice-to-meet-ya.json
9e00a1ff-117b-463f-b6e1-29547e9550f9,Foo Fighters - The Glass,Foo Fighters,The Glass,foo-fighters,the-glass,foo-fighters,the-glass,2023-11-16,https://storage.googleapis.com/music8-json-prod/data/songs/foo-fighters_the-glass.json
91ae20bc-d70a-431a-97e7-adf9638e470c,for KING + COUNTRY - World On Fire,for KING + COUNTRY,World On Fire,for-king-country-2,world-on-fire-2,for-king-country-2,world-on-fire-2,2025-10-03,https://storage.googleapis.com/music8-json-prod/data/songs/for-king-country-2_world-on-fire-2.json
59b92a5b-1676-494a-a430-90a4f7a833f5,Forrest Frank - This Is What Christmas Feels Like,Forrest Frank,This Is What Christmas Feels Like,forrest-frank,this-is-what-christmas-feels-like,forrest-frank,this-is-what-christmas-feels-like,2025-12-08,https://storage.googleapis.com/music8-json-prod/data/songs/forrest-frank_this-is-what-christmas-feels-like.json
91f7e8b7-7b51-4754-b0e2-4cd406bee450,FORS - Bring Me To Life,FORS,Bring Me To Life,fors,bring-me-to-life,fors,bring-me-to-life,2025-11-21,https://storage.googleapis.com/music8-json-prod/data/songs/fors_bring-me-to-life.json
08b51c9a-7258-4333-baf6-6f812641ba52,Foster The People - Pumped Up Kicks,Foster The People,Pumped Up Kicks,,,foster-the-people,pumped-up-kicks,,https://storage.googleapis.com/music8-json-prod/data/songs/foster-the-people_pumped-up-kicks.json
db30f82c-dcaf-4cf2-ae42-6a74a56db486,Fountains Of Wayne - Stacy's Mom,Fountains Of Wayne,Stacy's Mom,,,fountains-of-wayne,stacys-mom,,https://storage.googleapis.com/music8-json-prod/data/songs/fountains-of-wayne_stacys-mom.json
474ba497-7a73-4d7a-bc16-cd6a1408f99a,Fousheé - Sunshine,Fousheé,Sunshine,foushee,sunshine-2,foushee,sunshine-2,2022-07-13,https://storage.googleapis.com/music8-json-prod/data/songs/foushee_sunshine-2.json
2ae02141-8606-46c7-8b92-16b703931230,Foy Vance - Life’s For The Living,Foy Vance,Life’s For The Living,foy-vance,lifes-for-the-living,foy-vance,lifes-for-the-living,2023-09-15,https://storage.googleapis.com/music8-json-prod/data/songs/foy-vance_lifes-for-the-living.json
f73e8f06-7d3e-4d54-9a9f-edc435eebb96,Francesco Yates - Sugar,Francesco Yates,Sugar,francesco-yates,sugar-7,francesco-yates,sugar-7,2015-07-23,https://storage.googleapis.com/music8-json-prod/data/songs/francesco-yates_sugar-7.json
f162114a-0f73-4ca5-b255-270271edc83e,Francis Greg - Can't Fight This Feeling,Francis Greg,Can't Fight This Feeling,francis-greg,cant-fight-this-feeling,francis-greg,cant-fight-this-feeling,2025-10-07,https://storage.googleapis.com/music8-json-prod/data/songs/francis-greg_cant-fight-this-feeling.json
962de501-72dd-474d-9a09-42b6cfc54b05,Fred Durst - Soul4sale,Fred Durst,Soul4sale,fred-durst,soul4sale,fred-durst,soul4sale,2024-07-17,https://storage.googleapis.com/music8-json-prod/data/songs/fred-durst_soul4sale.json
b6eb0956-b07c-4a5d-b30a-316e2fea96f6,Freddie Gibbs - Carpinteria,Freddie Gibbs,Carpinteria,freddie-gibbs,carpinteria,freddie-gibbs,carpinteria,2025-01-08,https://storage.googleapis.com/music8-json-prod/data/songs/freddie-gibbs_carpinteria.json
6b812666-cd84-43b4-9485-dfb85502aa4c,Freddie Gibbs - Off Road,Freddie Gibbs,Off Road,freddie-gibbs,off-road,freddie-gibbs,off-road,2025-09-09,https://storage.googleapis.com/music8-json-prod/data/songs/freddie-gibbs_off-road.json
c0cb777c-cb99-43a8-bf2c-0a96943bbecd,Frédéric Lo - You Can't Keep It From Me Forever,Frédéric Lo,You Can't Keep It From Me Forever,frederic-lo,you-cant-keep-it-from-me-forever,frederic-lo,you-cant-keep-it-from-me-forever,2022-03-17,https://storage.googleapis.com/music8-json-prod/data/songs/frederic-lo_you-cant-keep-it-from-me-forever.json
d4d9c958-853a-4646-a158-780316094b36,French Montana - Fly Away,French Montana,Fly Away,french-montana,fly-away,french-montana,fly-away,2022-07-13,https://storage.googleapis.com/music8-json-prod/data/songs/french-montana_fly-away.json
88dd87f6-01d3-42b3-9ab8-ca84af2f8301,Fresno - Broken By You,Fresno,Broken By You,fresno,broken-by-you,fresno,broken-by-you,2023-07-28,https://storage.googleapis.com/music8-json-prod/data/songs/fresno_broken-by-you.json
152b9c3b-29a8-4dcd-97fe-ae24d9e09f60,Freya Ridings - Bet My Dollar,Freya Ridings,Bet My Dollar,freya-ridings,57974,freya-ridings,57974,2023-04-20,https://storage.googleapis.com/music8-json-prod/data/songs/freya-ridings_57974.json
bcfff836-25b9-4b0f-b1e7-40586a7f1c28,Friedrich Liechtenstein - Die Maschine,Friedrich Liechtenstein,Die Maschine,friedrich-liechtenstein,die-maschine,friedrich-liechtenstein,die-maschine,2024-09-05,https://storage.googleapis.com/music8-json-prod/data/songs/friedrich-liechtenstein_die-maschine.json
c996d1ab-f003-408d-ba63-b1d929268160,"Frontiers Music Srl - Kee Of Hearts ""Bridge To Heaven""",Frontiers Music Srl,"Kee Of Hearts ""Bridge To Heaven""",,,frontiers-music-srl,kee-of-hearts-bridge-to-heaven,,https://storage.googleapis.com/music8-json-prod/data/songs/frontiers-music-srl_kee-of-hearts-bridge-to-heaven.json
645c3293-19d0-4fc8-b2f2-96a66a9b38c1,frutiger dillon - Big Chemistry ♡,frutiger dillon,Big Chemistry ♡,frutiger-dillon,big-chemistry,frutiger-dillon,big-chemistry,2026-03-02,https://storage.googleapis.com/music8-json-prod/data/songs/frutiger-dillon_big-chemistry.json
5e776953-1b41-439f-bcba-bc5e549ec773,frutiger dillon - Windows98,frutiger dillon,Windows98,frutiger-dillon,windows98,frutiger-dillon,windows98,2026-01-13,https://storage.googleapis.com/music8-json-prod/data/songs/frutiger-dillon_windows98.json
7345cd04-166e-4354-ac9e-ef28b4aa1341,FUENKA - Seven Seas / The Poem,FUENKA,Seven Seas / The Poem,fuenka,seven-seas-the-poem,fuenka,seven-seas-the-poem,2025-03-03,https://storage.googleapis.com/music8-json-prod/data/songs/fuenka_seven-seas-the-poem.json
c8ab1003-ff73-43c2-8c87-b25882df2949,Fujii Kaze - Kirari,Fujii Kaze,Kirari,,,fujii-kaze,kirari,,https://storage.googleapis.com/music8-json-prod/data/songs/fujii-kaze_kirari.json
03c4a6aa-19cd-41e0-a7c2-a5a03b6e6bd8,Fujii Kaze - Matsuri（）,Fujii Kaze,Matsuri（）,,,fujii-kaze,matsuri,,https://storage.googleapis.com/music8-json-prod/data/songs/fujii-kaze_matsuri.json
45856355-a680-40e5-bf9a-228a0f6500e1,Fujii Kaze - Prema,Fujii Kaze,Prema,,,fujii-kaze,prema,,https://storage.googleapis.com/music8-json-prod/data/songs/fujii-kaze_prema.json
ae8170d3-7893-4aca-ac6c-71eda6bf585d,Fujii Kaze Cover⏐sting / Englishman In New York - 2017/11/03,Fujii Kaze Cover⏐sting / Englishman In New York,2017/11/03,,,fujii-kaze-cover-sting-englishman-in-new-york,20171103,,https://storage.googleapis.com/music8-json-prod/data/songs/fujii-kaze-cover-sting-englishman-in-new-york_20171103.json
bc674844-e747-4a1d-9b8a-bb0deaa3a46a,Future - Cold,Future,Cold,future,cold,future,cold,2018-06-14,https://storage.googleapis.com/music8-json-prod/data/songs/future_cold.json
5c9c1840-6c03-4d9e-aac6-6f92cd0c2f96,Future - Double Fantasy,Future,Double Fantasy,future,double-fantasy,future,double-fantasy,2023-04-20,https://storage.googleapis.com/music8-json-prod/data/songs/future_double-fantasy.json
83cebc9a-b444-4d0f-843e-ee5c9dabff5f,"Future - Dum, Dumb, And Dumber",Future,"Dum, Dumb, And Dumber",future,dum-dumb-and-dumber,future,dum-dumb-and-dumber,2025-01-10,https://storage.googleapis.com/music8-json-prod/data/songs/future_dum-dumb-and-dumber.json
4856087f-0131-404b-a692-580b42bf2cb9,Future - Money On Money,Future,Money On Money,future,money-on-money,future,money-on-money,2025-04-24,https://storage.googleapis.com/music8-json-prod/data/songs/future_money-on-money.json
07155cc7-42f9-41bb-8ca6-07a59ace9748,Future - South Of France,Future,South Of France,future,south-of-france,future,south-of-france,2024-10-31,https://storage.googleapis.com/music8-json-prod/data/songs/future_south-of-france.json
d1c258e8-5656-4ac1-9d11-08b03b78f74a,Future - Turn Your Clic Up,Future,Turn Your Clic Up,future,turn-your-clic-up,future,turn-your-clic-up,2023-07-14,https://storage.googleapis.com/music8-json-prod/data/songs/future_turn-your-clic-up.json
bbc14458-6deb-46c7-b6b0-4ea94fb8c224,Future - When You Bad Like That,Future,When You Bad Like That,future,when-you-bad-like-that,future,when-you-bad-like-that,2023-01-12,https://storage.googleapis.com/music8-json-prod/data/songs/future_when-you-bad-like-that.json
12105ce7-83ea-4a06-954e-18b34bad2f7d,G Eazy - Hidden Hills,G Eazy,Hidden Hills,g-eazy,hidden-hills,g-eazy,hidden-hills,2025-08-28,https://storage.googleapis.com/music8-json-prod/data/songs/g-eazy_hidden-hills.json
f3d6f0c1-070b-4360-a138-a013744c2995,G Eazy - Rings,G Eazy,Rings,g-eazy,rings,g-eazy,rings,2025-05-29,https://storage.googleapis.com/music8-json-prod/data/songs/g-eazy_rings.json
5d290c55-1a92-41c3-a2aa-94091a03e7b2,G Herbo - Gangsta Graduation,G Herbo,Gangsta Graduation,g-herbo,gangsta-graduation,g-herbo,gangsta-graduation,2025-12-04,https://storage.googleapis.com/music8-json-prod/data/songs/g-herbo_gangsta-graduation.json
4f0e5df4-984d-476c-938e-241c712b3add,G-eazy - Players Holiday '25,G-eazy,Players Holiday '25,g-eazy,players-holiday-25,g-eazy,players-holiday-25,2024-11-12,https://storage.googleapis.com/music8-json-prod/data/songs/g-eazy_players-holiday-25.json
dab6aa65-c795-4598-b86f-ec47ad7448cd,G. Love - Slightly Stoopid,G. Love,Slightly Stoopid,g-love,slightly-stoopid,g-love,slightly-stoopid,2025-11-20,https://storage.googleapis.com/music8-json-prod/data/songs/g-love_slightly-stoopid.json
16381335-795a-407f-9c5a-fec2ee5818f1,Gabin - Downtown,Gabin,Downtown,gabin,downtown-gabin-remix,gabin,downtown-gabin-remix,2013-07-16,https://storage.googleapis.com/music8-json-prod/data/songs/gabin_downtown-gabin-remix.json
96b72a0e-a241-4490-b828-80ad4fe77769,Gabriella Rose - Madeline,Gabriella Rose,Madeline,gabriella-rose,madeline,gabriella-rose,madeline,2025-07-17,https://storage.googleapis.com/music8-json-prod/data/songs/gabriella-rose_madeline.json
85334d14-1d3a-438d-be07-94f5b9510895,Gabry Ponte - Born To Love Ya,Gabry Ponte,Born To Love Ya,gabry-ponte,born-to-love-ya,gabry-ponte,born-to-love-ya,2024-10-25,https://storage.googleapis.com/music8-json-prod/data/songs/gabry-ponte_born-to-love-ya.json
cb67c452-350a-4089-b501-bf3d9ce46c52,Gabss - Lost,Gabss,Lost,gabss,lost-6,gabss,lost-6,2025-12-18,https://storage.googleapis.com/music8-json-prod/data/songs/gabss_lost-6.json
f7dd4e47-4d4f-4a45-b77e-51d990a9cb10,Gaho - Hey Mama,Gaho,Hey Mama,gaho,hey-mama-2,gaho,hey-mama-2,2025-07-24,https://storage.googleapis.com/music8-json-prod/data/songs/gaho_hey-mama-2.json
258d72e7-8777-47d1-8193-afdcd0e653f4,Galantis - Hooked,Galantis,Hooked,galantis,hooked,galantis,hooked,2023-01-19,https://storage.googleapis.com/music8-json-prod/data/songs/galantis_hooked.json
9646b95d-7085-47ff-8df8-80ba08a313eb,Galantis - Hungry Heart,Galantis,Hungry Heart,galantis,hungry-heart,galantis,hungry-heart,2023-03-02,https://storage.googleapis.com/music8-json-prod/data/songs/galantis_hungry-heart.json
d2c16498-8c81-44d7-8aff-15ae0b055a4c,Galantis - Mountains,Galantis,Mountains,galantis,mountains-2,galantis,mountains-2,2024-05-09,https://storage.googleapis.com/music8-json-prod/data/songs/galantis_mountains-2.json
8856b822-88e8-4b8b-b033-4bfec1202c53,Gammer - Incoming,Gammer,Incoming,gammer,incoming,gammer,incoming,2021-01-21,https://storage.googleapis.com/music8-json-prod/data/songs/gammer_incoming.json
d1569566-7068-4273-add0-6f09671edb4c,Gardener - Wonders,Gardener,Wonders,gardener,wonders-3,gardener,wonders-3,2022-09-01,https://storage.googleapis.com/music8-json-prod/data/songs/gardener_wonders-3.json
6d159474-8cd8-4121-ac86-9927792e481f,Gary Lightbody - The Last Time,Gary Lightbody,The Last Time,gary-lightbody,the-last-time,gary-lightbody,the-last-time,2013-11-15,https://storage.googleapis.com/music8-json-prod/data/songs/gary-lightbody_the-last-time.json
ce479b56-92a2-4fb6-a0b8-85d99edd9d25,Gene Farris - It's Time,Gene Farris,It's Time,gene-farris,its-time-ft-gene-farris,gene-farris,its-time-ft-gene-farris,2023-05-11,https://storage.googleapis.com/music8-json-prod/data/songs/gene-farris_its-time-ft-gene-farris.json
aac912ad-c96f-4cf0-928c-86066ff60118,"Genius - Xg ""Hypnotize""",Genius,"Xg ""Hypnotize""",,,genius,xg-hypnotize,,https://storage.googleapis.com/music8-json-prod/data/songs/genius_xg-hypnotize.json
22099a0e-7c4c-4367-94b0-907278bd3a2d,George Clanton - Us Ephemeral,George Clanton,Us Ephemeral,george-clanton,us-ephemeral-2,george-clanton,us-ephemeral-2,2022-02-16,https://storage.googleapis.com/music8-json-prod/data/songs/george-clanton_us-ephemeral-2.json
bb4dbb5a-1d4b-4512-ad50-d96ecd8aa89f,George Ezra - Come On Home For Christmas,George Ezra,Come On Home For Christmas,,,george-ezra,come-on-home-for-christmas,,https://storage.googleapis.com/music8-json-prod/data/songs/george-ezra_come-on-home-for-christmas.json
31870a9e-1bad-47b5-a96c-bf4a88b63a12,George Michael - If I Told You That,George Michael,If I Told You That,george-michael,if-i-told-you-that,george-michael,if-i-told-you-that,1998-11-16,https://storage.googleapis.com/music8-json-prod/data/songs/george-michael_if-i-told-you-that.json
7ff315ce-8519-4fa7-a00d-b2d26cbbdcbf,Georgia Ku - Nostalgia,Georgia Ku,Nostalgia,georgia-ku,nostalgia-3,georgia-ku,nostalgia-3,2024-02-15,https://storage.googleapis.com/music8-json-prod/data/songs/georgia-ku_nostalgia-3.json
470a07e7-4e98-462d-adc8-3e1396ad68be,Gerald Levert - A Rose By Any Other Name,Gerald Levert,A Rose By Any Other Name,gerald-levert,a-rose-by-any-other-name,gerald-levert,a-rose-by-any-other-name,2009-12-24,https://storage.googleapis.com/music8-json-prod/data/songs/gerald-levert_a-rose-by-any-other-name.json
9620a38a-10e4-44bb-be48-fc9de62c165e,Gesaffelstein - Conquistador,Gesaffelstein,Conquistador,gesaffelstein,conquistador,gesaffelstein,conquistador,2015-07-09,https://storage.googleapis.com/music8-json-prod/data/songs/gesaffelstein_conquistador.json
17551086-161e-46cf-8990-d779a1d4fcec,Gesaffelstein - Control Movement,Gesaffelstein,Control Movement,gesaffelstein,gesaffelstein-control-movement,gesaffelstein,gesaffelstein-control-movement,2012-05-28,https://storage.googleapis.com/music8-json-prod/data/songs/gesaffelstein_gesaffelstein-control-movement.json
c02c9738-db54-445c-bcfa-62831803d9ab,Ghost In The Shell: Stand Alone Complex - Opening Theme - Get 9,Ghost In The Shell: Stand Alone Complex,Opening Theme - Get 9,,,ghost-in-the-shell-stand-alone-complex,opening-theme-get9,,https://storage.googleapis.com/music8-json-prod/data/songs/ghost-in-the-shell-stand-alone-complex_opening-theme-get9.json
502313da-2d96-4850-9251-5d16a27a81c1,Ghostface Killah - Claudine,Ghostface Killah,Claudine,ghostface-killah,claudine,ghostface-killah,claudine,2023-10-23,https://storage.googleapis.com/music8-json-prod/data/songs/ghostface-killah_claudine.json
446dcca5-1b19-4300-9a5d-05f740b67f6e,Gigi Grombacher - Body Say,Gigi Grombacher,Body Say,gigi-grombacher,body-say-2,gigi-grombacher,body-say-2,2024-07-19,https://storage.googleapis.com/music8-json-prod/data/songs/gigi-grombacher_body-say-2.json
4b548ec2-021e-43b0-a6f5-ed93a3fd3306,Gigi Perez - In The Middle,Gigi Perez,In The Middle,gigi-perez,in-the-middle-3,gigi-perez,in-the-middle-3,2025-05-29,https://storage.googleapis.com/music8-json-prod/data/songs/gigi-perez_in-the-middle-3.json
ec971060-9d87-4ea0-aa1a-027d507e2bcd,Gilly G - Gimme Some Kinda Sign,Gilly G,Gimme Some Kinda Sign,gilly-g,gimme-some-kinda-sign,gilly-g,gimme-some-kinda-sign,2024-02-22,https://storage.googleapis.com/music8-json-prod/data/songs/gilly-g_gimme-some-kinda-sign.json
a6f2af3e-b476-427e-85eb-0f410f0b8c15,Gims - Gotta Get Back My Baby,Gims,Gotta Get Back My Baby,gims,gotta-get-back-my-baby,gims,gotta-get-back-my-baby,2018-04-19,https://storage.googleapis.com/music8-json-prod/data/songs/gims_gotta-get-back-my-baby.json
3103b7f4-e346-4d57-861b-e876991f8b87,Gina De Bosschère - I.m.perfect,Gina De Bosschère,I.m.perfect,gina-de-bosschere,i-m-perfect,gina-de-bosschere,i-m-perfect,2023-11-16,https://storage.googleapis.com/music8-json-prod/data/songs/gina-de-bosschere_i-m-perfect.json
ae741120-d3a8-4936-89f4-88a42b1dfc31,"girlfriends - 5,6,7,8",girlfriends,"5,6,7,8",girlfriends,5678,girlfriends,5678,2023-03-21,https://storage.googleapis.com/music8-json-prod/data/songs/girlfriends_5678.json
6676ceac-e92f-4357-a87b-67201ed7aa86,Girls Aloud - Walk This Way,Girls Aloud,Walk This Way,girls-aloud,walk-this-way-2,girls-aloud,walk-this-way-2,2007-03-19,https://storage.googleapis.com/music8-json-prod/data/songs/girls-aloud_walk-this-way-2.json
b4681d5d-9e4c-42b6-afc0-6cf48ddf8fcf,GIVĒON - Are You Even Real,GIVĒON,Are You Even Real,giveon,are-you-even-real,giveon,are-you-even-real,2025-01-10,https://storage.googleapis.com/music8-json-prod/data/songs/giveon_are-you-even-real.json
0aa32961-cadf-44bd-8636-ad72a2d38885,Glenn Hughes - I Wanna Play My Guitar,Glenn Hughes,I Wanna Play My Guitar,glenn-hughes,i-wanna-play-my-guitar,glenn-hughes,i-wanna-play-my-guitar,2025-05-07,https://storage.googleapis.com/music8-json-prod/data/songs/glenn-hughes_i-wanna-play-my-guitar.json
c79c5363-8531-4f89-b8e1-f02fa6f200a3,Global Dan - Movie Star,Global Dan,Movie Star,global-dan,movie-star,global-dan,movie-star,2022-09-15,https://storage.googleapis.com/music8-json-prod/data/songs/global-dan_movie-star.json
adf90c4d-7964-4550-9850-7688ce914873,Gloria Estefan - Bemba Colorá,Gloria Estefan,Bemba Colorá,gloria-estefan,bemba-colora,gloria-estefan,bemba-colora,2024-03-07,https://storage.googleapis.com/music8-json-prod/data/songs/gloria-estefan_bemba-colora.json
98c6caef-c11e-44eb-aa45-aaaeb6149981,GloRilla - Baller,GloRilla,Baller,glorilla,baller,glorilla,baller,2025-11-13,https://storage.googleapis.com/music8-json-prod/data/songs/glorilla_baller.json
b6fdd218-54ea-4c50-bf0b-42e26ad019c1,GloRilla - Gomf,GloRilla,Gomf,glorilla,gomf,glorilla,gomf,2026-04-24,https://storage.googleapis.com/music8-json-prod/data/songs/glorilla_gomf.json
084814b7-72ce-4285-a3f7-d7c6c9c26d1c,goddard. - Messy In Heaven,goddard.,Messy In Heaven,goddard,messy-in-heaven,goddard,messy-in-heaven,2022-11-03,https://storage.googleapis.com/music8-json-prod/data/songs/goddard_messy-in-heaven.json
60027983-abd9-4b85-a3e0-690045e65c0b,goddard. - Stereo,goddard.,Stereo,goddard,stereo-4,goddard,stereo-4,2025-07-03,https://storage.googleapis.com/music8-json-prod/data/songs/goddard_stereo-4.json
ceed5bd9-291f-4de4-a1ac-09afb703d0b9,GoldLink - Nobody,GoldLink,Nobody,goldlink,nobody-3,goldlink,nobody-3,2016-05-04,https://storage.googleapis.com/music8-json-prod/data/songs/goldlink_nobody-3.json
511b7195-927e-4a0f-8ea8-98b62f50ad44,Good Charlotte - Bedroom Posters,Good Charlotte,Bedroom Posters,good-charlotte,bedroom-posters-2,good-charlotte,bedroom-posters-2,2026-01-15,https://storage.googleapis.com/music8-json-prod/data/songs/good-charlotte_bedroom-posters-2.json
11bdbcc8-f84a-4578-a534-74b6515983cf,Goodboys - Made Of Gold,Goodboys,Made Of Gold,goodboys,made-of-gold,goodboys,made-of-gold,2023-03-30,https://storage.googleapis.com/music8-json-prod/data/songs/goodboys_made-of-gold.json
83d95dad-8339-4d2d-a905-5b1376f01269,Goodboys - Won't Be Possible,Goodboys,Won't Be Possible,goodboys,wont-be-possible,goodboys,wont-be-possible,2025-05-08,https://storage.googleapis.com/music8-json-prod/data/songs/goodboys_wont-be-possible.json
db18b8e5-aa28-480d-9587-3014aa857bdd,Goody Grace - Rest In Pieces,Goody Grace,Rest In Pieces,goody-grace,rest-in-pieces,goody-grace,rest-in-pieces,2022-02-10,https://storage.googleapis.com/music8-json-prod/data/songs/goody-grace_rest-in-pieces.json
f0ffe7a9-5599-442a-94b0-6382b663299d,Gorgon City - Is Everybody Having Fun?,Gorgon City,Is Everybody Having Fun?,gorgon-city,is-everybody-having-fun,gorgon-city,is-everybody-having-fun,2025-06-19,https://storage.googleapis.com/music8-json-prod/data/songs/gorgon-city_is-everybody-having-fun.json
1c2d237f-505f-4daa-a108-2b12a24ada8a,Gotye - Somebody That I Used To Know,Gotye,Somebody That I Used To Know,,,gotye,somebody-that-1-used-to-know,,https://storage.googleapis.com/music8-json-prod/data/songs/gotye_somebody-that-1-used-to-know.json
901733db-2aff-4eac-a614-090f0edf85db,Gracie Van Brunt - I Want You,Gracie Van Brunt,I Want You,gracie-van-brunt,i-want-you-9,gracie-van-brunt,i-want-you-9,2025-07-24,https://storage.googleapis.com/music8-json-prod/data/songs/gracie-van-brunt_i-want-you-9.json
5ed679d7-07d9-437e-8810-bbcfc9409a99,grandson - Kult,grandson,Kult,grandson,kult,grandson,kult,2022-09-15,https://storage.googleapis.com/music8-json-prod/data/songs/grandson_kult.json
94320d4d-c4ed-404f-893c-5441661401b0,grandson - One Last Dance,grandson,One Last Dance,grandson,one-last-dance,grandson,one-last-dance,2024-10-25,https://storage.googleapis.com/music8-json-prod/data/songs/grandson_one-last-dance.json
c644a332-c7ae-4160-b795-0872c7dd0803,grandson - Zen,grandson,Zen,grandson,zen,grandson,zen,2020-05-14,https://storage.googleapis.com/music8-json-prod/data/songs/grandson_zen.json
22bb0002-000e-4932-a499-b595e7d14ddc,GRATIFY - Getting Lost,GRATIFY,Getting Lost,gratify,getting-lost,gratify,getting-lost,2024-12-14,https://storage.googleapis.com/music8-json-prod/data/songs/gratify_getting-lost.json
04ea380a-a6c2-4c9a-8d0e-23a69995f122,Green Day - The Saints Are Coming,Green Day,The Saints Are Coming,green-day,the-saints-are-coming,green-day,the-saints-are-coming,2005-12-31,https://storage.googleapis.com/music8-json-prod/data/songs/green-day_the-saints-are-coming.json
c27aa4a0-838f-43d4-a612-8d04c6ef8cff,Gregory Porter - Christmas Prayer,Gregory Porter,Christmas Prayer,gregory-porter,christmas-prayer,gregory-porter,christmas-prayer,2022-12-13,https://storage.googleapis.com/music8-json-prod/data/songs/gregory-porter_christmas-prayer.json
afa47488-16a1-4a30-8163-2e065d4254dc,Gregory Porter - In My Heart,Gregory Porter,In My Heart,gregory-porter,in-my-heart-resound-nyc-version,gregory-porter,in-my-heart-resound-nyc-version,2023-05-11,https://storage.googleapis.com/music8-json-prod/data/songs/gregory-porter_in-my-heart-resound-nyc-version.json
53d99549-7231-4b0c-96de-dba1a75f7f72,Greta Link - Lady Moon,Greta Link,Lady Moon,greta-link,lady-moon,greta-link,lady-moon,2025-10-09,https://storage.googleapis.com/music8-json-prod/data/songs/greta-link_lady-moon.json
0d82c09f-04ef-40bd-a8b7-6158b8f4f4ee,Grey - Adrenaline,Grey,Adrenaline,grey,adrenaline,grey,adrenaline,2016-09-01,https://storage.googleapis.com/music8-json-prod/data/songs/grey_adrenaline.json
fabe7673-8b99-4c73-b285-624e166c20a9,Grey - Starving,Grey,Starving,grey,starving,grey,starving,2016-07-21,https://storage.googleapis.com/music8-json-prod/data/songs/grey_starving.json
e584ef10-2843-4cd9-b0c2-378d2e51f3d4,Grey - The Middle,Grey,The Middle,grey,the-middle,grey,the-middle,2018-01-22,https://storage.googleapis.com/music8-json-prod/data/songs/grey_the-middle.json
d9154a1d-2efa-4650-9c03-969e97f0e0e3,Grian Chatten - Better Way To Live,Grian Chatten,Better Way To Live,grian-chatten,better-way-to-live,grian-chatten,better-way-to-live,2023-11-15,https://storage.googleapis.com/music8-json-prod/data/songs/grian-chatten_better-way-to-live.json
ef56cf1d-aec4-4689-aac6-e4d25f1dd764,Griff - Inside Out,Griff,Inside Out,griff,inside-out,griff,inside-out,2020-10-22,https://storage.googleapis.com/music8-json-prod/data/songs/griff_inside-out.json
44fceacb-d1fe-4920-827e-94341e6e35c7,Grimes - Entwined,Grimes,Entwined,grimes,entwined-2,grimes,entwined-2,2025-11-26,https://storage.googleapis.com/music8-json-prod/data/songs/grimes_entwined-2.json
f0c6b295-4c69-4454-9489-a351b0f2e38e,Grimes - Image,Grimes,Image,grimes,image-grimes-special,grimes,image-grimes-special,2024-10-29,https://storage.googleapis.com/music8-json-prod/data/songs/grimes_image-grimes-special.json
2eaac822-b42e-4c07-aabf-a5175ae518fc,Grimes - Nothing Lasts Forever,Grimes,Nothing Lasts Forever,grimes,nothing-lasts-forever-ft-grimes,grimes,nothing-lasts-forever-ft-grimes,2023-11-09,https://storage.googleapis.com/music8-json-prod/data/songs/grimes_nothing-lasts-forever-ft-grimes.json
91303145-0bd6-4f04-97ba-45cb397b4a2f,GRiZ - Ecstasy Of Soul,GRiZ,Ecstasy Of Soul,griz,ecstasy-of-soul,griz,ecstasy-of-soul,2022-12-13,https://storage.googleapis.com/music8-json-prod/data/songs/griz_ecstasy-of-soul.json
7a9abf28-7097-4d65-9301-2c700cbe4bb9,Grupo Frontera - Me Retiro,Grupo Frontera,Me Retiro,grupo-frontera,me-retiro,grupo-frontera,me-retiro,2025-05-29,https://storage.googleapis.com/music8-json-prod/data/songs/grupo-frontera_me-retiro.json
50caaabc-e7c7-44e1-aa41-32e0953cfe48,Gryffin - Save My Love,Gryffin,Save My Love,gryffin,save-my-love-2,gryffin,save-my-love-2,2026-02-20,https://storage.googleapis.com/music8-json-prod/data/songs/gryffin_save-my-love-2.json
6aac4c4a-547d-41ec-8f9b-b6522f57ef9f,Gunna - 5 Star,Gunna,5 Star,gunna,5-star,gunna,5-star,2025-04-18,https://storage.googleapis.com/music8-json-prod/data/songs/gunna_5-star.json
8f5b6cd7-c0a1-454a-997f-2d352bb426ee,Gunna - Bachelor,Gunna,Bachelor,gunna,bachelor,gunna,bachelor,2024-01-18,https://storage.googleapis.com/music8-json-prod/data/songs/gunna_bachelor.json
87a21bd3-59b9-46f0-a2fa-084516198df5,Gunna - Close Friends,Gunna,Close Friends,gunna,close-friends,gunna,close-friends,2018-10-04,https://storage.googleapis.com/music8-json-prod/data/songs/gunna_close-friends.json
4b4ca6ab-2cca-4821-b42c-c4a75a6c4a86,Gunna - Different Species,Gunna,Different Species,gunna,different-species-2,gunna,different-species-2,2025-08-27,https://storage.googleapis.com/music8-json-prod/data/songs/gunna_different-species-2.json
14d4b90c-3e61-4f5c-a2da-11cb08cdd826,Gunna - Drip Too Hard,Gunna,Drip Too Hard,gunna,drip-too-hard,gunna,drip-too-hard,2018-10-04,https://storage.googleapis.com/music8-json-prod/data/songs/gunna_drip-too-hard.json
48c041ac-2607-4ad9-9c06-b76cdd2169bb,Gunna - Hot,Gunna,Hot,gunna,hot-2,gunna,hot-2,2019-08-15,https://storage.googleapis.com/music8-json-prod/data/songs/gunna_hot-2.json
988c3897-9492-42ae-84b5-126fd0db1045,Gunna - Jump,Gunna,Jump,gunna,jump-3,gunna,jump-3,2024-05-19,https://storage.googleapis.com/music8-json-prod/data/songs/gunna_jump-3.json
f51e28fe-0fbe-4e88-8e27-0ab74a030937,Gunna - Style Rare,Gunna,Style Rare,gunna,style-rare,gunna,style-rare,2024-06-28,https://storage.googleapis.com/music8-json-prod/data/songs/gunna_style-rare.json
007f6983-192f-4507-93d2-4cc42194fd32,Gunna - Tiffany,Gunna,Tiffany,gunna,tiffany,gunna,tiffany,2024-06-21,https://storage.googleapis.com/music8-json-prod/data/songs/gunna_tiffany.json
1293531a-dc05-47d7-a0f0-5354d31ad98e,Gunna - Way It Is,Gunna,Way It Is,gunna,way-it-is,gunna,way-it-is,2025-07-10,https://storage.googleapis.com/music8-json-prod/data/songs/gunna_way-it-is.json
77151cbb-e6cc-4ad7-b89c-e81c633e3c1d,Guns N' Roses - Absuяd,Guns N' Roses,Absuяd,guns-n-roses,absu%d1%8fd,guns-n-roses,absu%d1%8fd,2021-08-05,https://storage.googleapis.com/music8-json-prod/data/songs/guns-n-roses_absu%d1%8fd.json
a164483a-1623-4766-b523-456731395938,GUNSHIP - Stronger,GUNSHIP,Stronger,gunship,stronger-gunship-remix,gunship,stronger-gunship-remix,2024-09-05,https://storage.googleapis.com/music8-json-prod/data/songs/gunship_stronger-gunship-remix.json
fb61c08d-3971-488e-83e2-ab7bf61e743b,Gyakie - No Bad Vibes,Gyakie,No Bad Vibes,gyakie,no-bad-vibes-2,gyakie,no-bad-vibes-2,2025-02-07,https://storage.googleapis.com/music8-json-prod/data/songs/gyakie_no-bad-vibes-2.json
9af02985-a560-4099-a2d8-0d8a5fdfc539,H.E.R. - Closer,H.E.R.,Closer,her,closer-4,her,closer-4,2022-02-09,https://storage.googleapis.com/music8-json-prod/data/songs/her_closer-4.json
6cf30298-0fae-4bbf-8356-aaaf98b22c65,H.E.R. - He Loves Us Both,H.E.R.,He Loves Us Both,her,he-loves-us-both,her,he-loves-us-both,2024-05-16,https://storage.googleapis.com/music8-json-prod/data/songs/her_he-loves-us-both.json
f603f6a2-931f-4c9f-b44f-5071a7790062,H2o - Heaven Knows I'm Miserable Now,H2o,Heaven Knows I'm Miserable Now,,,h2o,heaven-knows-1m-miserable-now,,https://storage.googleapis.com/music8-json-prod/data/songs/h2o_heaven-knows-1m-miserable-now.json
e692f08c-5029-4e58-a5a2-46e041969b24,"HAIM - No Body, No Crime",HAIM,"No Body, No Crime",haim,no-body-no-crime,haim,no-body-no-crime,2020-12-10,https://storage.googleapis.com/music8-json-prod/data/songs/haim_no-body-no-crime.json
60648845-e967-49dc-91ee-6486d3c2ae18,Halflives - Everyday Rockstars,Halflives,Everyday Rockstars,halflives,everyday-rockstars,halflives,everyday-rockstars,2021-03-25,https://storage.googleapis.com/music8-json-prod/data/songs/halflives_everyday-rockstars.json
3a158c3a-0e69-4ed6-a816-da927ec09aea,Halsey - 11 Minutes,Halsey,11 Minutes,halsey,11-minutes,halsey,11-minutes,2019-02-13,https://storage.googleapis.com/music8-json-prod/data/songs/halsey_11-minutes.json
2874c452-55a8-459f-86f0-fe45962fcc1f,Halsey - Be Kind,Halsey,Be Kind,halsey,be-kind,halsey,be-kind,2020-04-30,https://storage.googleapis.com/music8-json-prod/data/songs/halsey_be-kind.json
f859b3f7-dd36-4fd6-9fe6-b1f3df69bd19,Halsey - Damage,Halsey,Damage,halsey,damage,halsey,damage,2017-09-28,https://storage.googleapis.com/music8-json-prod/data/songs/halsey_damage.json
40da8ef8-269f-4e4b-ac27-db9916b3a9b7,Halsey - Life's A Mess,Halsey,Life's A Mess,halsey,lifes-a-mess,halsey,lifes-a-mess,2020-07-09,https://storage.googleapis.com/music8-json-prod/data/songs/halsey_lifes-a-mess.json
ae20b290-a2f7-460b-8594-a18f6f816008,Halsey - The Feeling,Halsey,The Feeling,halsey,the-feeling,halsey,the-feeling,2015-11-12,https://storage.googleapis.com/music8-json-prod/data/songs/halsey_the-feeling.json
dc7fdca0-ef29-4557-a7cb-1b0e97cd0a07,Halsey - The Other Girl,Halsey,The Other Girl,halsey,the-other-girl,halsey,the-other-girl,2020-03-19,https://storage.googleapis.com/music8-json-prod/data/songs/halsey_the-other-girl.json
cb1e1f1a-8c28-4774-9135-c8d72ee9d728,Hana / My Body - Music Video,Hana / My Body,Music Video,,,hana-my-body,music-video,,https://storage.googleapis.com/music8-json-prod/data/songs/hana-my-body_music-video.json
509601b6-5c4b-4f43-b9c3-3cb3f8c28c72,Hannah Boleyn - Tears On The Dancefloor,Hannah Boleyn,Tears On The Dancefloor,hannah-boleyn,tears-on-the-dancefloor-official,hannah-boleyn,tears-on-the-dancefloor-official,2023-11-30,https://storage.googleapis.com/music8-json-prod/data/songs/hannah-boleyn_tears-on-the-dancefloor-official.json
5a25ecc1-34a1-42cc-92a5-835b147b87fc,Hanoi Rocks - Tragedy,Hanoi Rocks,Tragedy,,,hanoi-rocks,tragedy,,https://storage.googleapis.com/music8-json-prod/data/songs/hanoi-rocks_tragedy.json
650b1081-ba89-4a1b-9504-81d90d4d9857,Hans Zimmer - Click Clack Symphony.,Hans Zimmer,Click Clack Symphony.,hans-zimmer,click-clack-symphony,hans-zimmer,click-clack-symphony,2026-03-20,https://storage.googleapis.com/music8-json-prod/data/songs/hans-zimmer_click-clack-symphony.json
a764ee69-ba87-480c-bf3a-658d5a0ac128,Hanson - Unbelievable,Hanson,Unbelievable,hanson,unbelievable,hanson,unbelievable,2015-07-09,https://storage.googleapis.com/music8-json-prod/data/songs/hanson_unbelievable.json
1a2bbe95-fbf6-4a5b-960a-6891bdcb82ac,Hardwell - Anthem,Hardwell,Anthem,hardwell,anthem,hardwell,anthem,2017-07-20,https://storage.googleapis.com/music8-json-prod/data/songs/hardwell_anthem.json
7301d831-9c6b-481c-8fbb-eb4eedb2b878,Hardy - Zombieland,Hardy,Zombieland,hardy,zombieland-2,hardy,zombieland-2,2024-05-02,https://storage.googleapis.com/music8-json-prod/data/songs/hardy_zombieland-2.json
c71e59dc-9d4b-476a-bb2b-f960d9447e5a,Harris & Ford - Another Day In Paradise,Harris & Ford,Another Day In Paradise,harris-ford,another-day-in-paradise-2,harris-ford,another-day-in-paradise-2,2024-09-26,https://storage.googleapis.com/music8-json-prod/data/songs/harris-ford_another-day-in-paradise-2.json
12682fbd-5c8a-4429-b632-218a085e9779,Harris & Ford - Fantasy,Harris & Ford,Fantasy,harris-ford,fantasy-4,harris-ford,fantasy-4,2023-03-16,https://storage.googleapis.com/music8-json-prod/data/songs/harris-ford_fantasy-4.json
ec5a51a7-863e-44e9-a881-bf22aaa54910,Harrison Whitford - Little Thunder,Harrison Whitford,Little Thunder,harrison-whitford,little-thunder,harrison-whitford,little-thunder,2024-03-01,https://storage.googleapis.com/music8-json-prod/data/songs/harrison-whitford_little-thunder.json
622ca066-a413-4f33-9a0d-72709a4851e7,Harry Styles - American Girls,Harry Styles,American Girls,harry-styles,american-girls,harry-styles,american-girls,2026-03-07,https://storage.googleapis.com/music8-json-prod/data/songs/harry-styles_american-girls.json
4c68a284-52ae-46e1-b8de-d89ffa9aa29b,Hayato Sumino - I Wish,Hayato Sumino,I Wish,hayato-sumino,i-wish-3,hayato-sumino,i-wish-3,2025-03-13,https://storage.googleapis.com/music8-json-prod/data/songs/hayato-sumino_i-wish-3.json
b2b61990-7da8-4500-aab7-a0a11fec94d4,Hayla - Another World,Hayla,Another World,hayla,another-world-2,hayla,another-world-2,2024-11-14,https://storage.googleapis.com/music8-json-prod/data/songs/hayla_another-world-2.json
df7852b5-9efa-4643-be10-ec8bb047006a,Hayla - Escape,Hayla,Escape,hayla,escape,hayla,escape,2022-03-10,https://storage.googleapis.com/music8-json-prod/data/songs/hayla_escape.json
b09e88e6-cd45-4ea2-8733-2a809d8ec8da,Hayla - I Found You,Hayla,I Found You,hayla,i-found-you-2,hayla,i-found-you-2,2023-05-09,https://storage.googleapis.com/music8-json-prod/data/songs/hayla_i-found-you-2.json
990ce50b-7c12-4b2a-abd2-3b6f63442335,Hayla - In My Arms,Hayla,In My Arms,hayla,in-my-arms,hayla,in-my-arms,2025-05-15,https://storage.googleapis.com/music8-json-prod/data/songs/hayla_in-my-arms.json
98d484a1-65df-4815-a6bb-e82550ee5fd9,Hayla - Shiver,Hayla,Shiver,hayla,shiver-3,hayla,shiver-3,2024-02-13,https://storage.googleapis.com/music8-json-prod/data/songs/hayla_shiver-3.json
4ec5bdab-269c-4b7b-8ffe-7eafd4395765,Hayla - Without You,Hayla,Without You,hayla,without-you-9,hayla,without-you-9,2024-05-30,https://storage.googleapis.com/music8-json-prod/data/songs/hayla_without-you-9.json
1674a16c-1df7-4f43-85f3-d7a394278af1,Hayley Williams - I Like It I Like It,Hayley Williams,I Like It I Like It,hayley-williams,i-like-it-i-like-it,hayley-williams,i-like-it-i-like-it,2025-05-07,https://storage.googleapis.com/music8-json-prod/data/songs/hayley-williams_i-like-it-i-like-it.json
97e6de6c-fe6f-4c42-a179-cbef62d2093d,Heal The World - Music Travel Love & Friends,Heal The World,Music Travel Love & Friends,,,heal-the-world,music-travel-love-friends,,https://storage.googleapis.com/music8-json-prod/data/songs/heal-the-world_music-travel-love-friends.json
b8a9ed98-6155-4dd0-9b17-0eed17921aa8,"Hell In The Club - ""Sidonie""",Hell In The Club,"""Sidonie""",,,hell-in-the-club,sidonie,,https://storage.googleapis.com/music8-json-prod/data/songs/hell-in-the-club_sidonie.json
ea597196-8488-466c-9051-0569ac2959b9,"Hell In The Club - ""We'll Never Leave The Castle""",Hell In The Club,"""We'll Never Leave The Castle""",,,hell-in-the-club,well-never-leave-the-castle,,https://storage.googleapis.com/music8-json-prod/data/songs/hell-in-the-club_well-never-leave-the-castle.json
89626ca6-b6ca-45b4-b0c0-c01b24d2e5c4,Helloween - I Want Out,Helloween,I Want Out,,,helloween,1-want-out,,https://storage.googleapis.com/music8-json-prod/data/songs/helloween_1-want-out.json
aba98318-de5c-490d-b825-520041bc0f04,Henrik Schwarz - The Coup,Henrik Schwarz,The Coup,henrik-schwarz,the-coup,henrik-schwarz,the-coup,2023-08-16,https://storage.googleapis.com/music8-json-prod/data/songs/henrik-schwarz_the-coup.json
052b69d3-68e9-4444-af61-fdbd464fbec4,Herb Alpert - Diamonds Hd,Herb Alpert,Diamonds Hd,,,herb-alpert,diamonds-hd,,https://storage.googleapis.com/music8-json-prod/data/songs/herb-alpert_diamonds-hd.json
de42c2a7-6110-4a84-acf9-955c830cbc19,Hiraes - Tränenpalast,Hiraes,Tränenpalast,hiraes,tranenpalast,hiraes,tranenpalast,2025-10-31,https://storage.googleapis.com/music8-json-prod/data/songs/hiraes_tranenpalast.json
5725f161-458f-45f8-ba64-1a280815c94b,HOAPROX - Afterglow,HOAPROX,Afterglow,hoaprox,afterglow-3,hoaprox,afterglow-3,2025-03-13,https://storage.googleapis.com/music8-json-prod/data/songs/hoaprox_afterglow-3.json
868f6590-cf6b-4bdd-8363-77c92d0e41a4,Høld - Stay,Høld,Stay,hold,stay-10,hold,stay-10,2026-04-02,https://storage.googleapis.com/music8-json-prod/data/songs/hold_stay-10.json
3e48c206-dc4c-432f-afd3-044207aed795,Holly - Dysphoria,Holly,Dysphoria,holly,dysphoria,holly,dysphoria,2024-01-18,https://storage.googleapis.com/music8-json-prod/data/songs/holly_dysphoria.json
0a20a1a1-6727-494b-8353-567a69717278,homesick - Rescue Lights,homesick,Rescue Lights,homesick,rescue-lights,homesick,rescue-lights,2025-07-11,https://storage.googleapis.com/music8-json-prod/data/songs/homesick_rescue-lights.json
9c71a620-4ca7-4ce4-b3dc-4915f75ec5f8,Honey Dijon - Baddy On The Floor,Honey Dijon,Baddy On The Floor,honey-dijon,baddy-on-the-floor,honey-dijon,baddy-on-the-floor,2024-04-15,https://storage.googleapis.com/music8-json-prod/data/songs/honey-dijon_baddy-on-the-floor.json
ac8c22fa-2f47-47ad-a152-0629bd3c3237,Hoobastank - The Reason,Hoobastank,The Reason,,,hoobastank,the-reason,,https://storage.googleapis.com/music8-json-prod/data/songs/hoobastank_the-reason.json
e7e3d669-7db2-4686-9bdc-e95478c0a51d,Hotel Lobby - Quavo & Takeoff,Hotel Lobby,Quavo & Takeoff,,,hotel-lobby,quavo-takeoff,,https://storage.googleapis.com/music8-json-prod/data/songs/hotel-lobby_quavo-takeoff.json
9b5e7834-9e67-47c9-8dd9-f9c0b335fecd,Howard Jones - What Is Love • Toppop,Howard Jones,What Is Love • Toppop,,,howard-jones,what-is-love-toppop,,https://storage.googleapis.com/music8-json-prod/data/songs/howard-jones_what-is-love-toppop.json
9443102c-395d-4f3a-b50e-5e86fbf43733,HRVY - All Or Nothing,HRVY,All Or Nothing,hrvy,all-or-nothing,hrvy,all-or-nothing,2023-02-15,https://storage.googleapis.com/music8-json-prod/data/songs/hrvy_all-or-nothing.json
d3d4dc83-52df-4fad-b219-661fe02d8693,HRVY - Save Me,HRVY,Save Me,hrvy,save-me-3,hrvy,save-me-3,2022-04-28,https://storage.googleapis.com/music8-json-prod/data/songs/hrvy_save-me-3.json
63e01614-fa8a-4a44-a540-02d449e84040,HRVY - Younger,HRVY,Younger,hrvy,younger,hrvy,younger,2023-08-06,https://storage.googleapis.com/music8-json-prod/data/songs/hrvy_younger.json
40cfe40f-2a32-4580-ac88-5dc33d5e0305,Hudson Westbrook - Better Man Than Me,Hudson Westbrook,Better Man Than Me,hudson-westbrook,better-man-than-me,hudson-westbrook,better-man-than-me,2025-09-25,https://storage.googleapis.com/music8-json-prod/data/songs/hudson-westbrook_better-man-than-me.json
f0b241da-4c73-4392-8ddc-917232c6e559,Huey Lewis & The News - The Power Of Love,Huey Lewis & The News,The Power Of Love,,,huey-lewis-the-news,the-power-of-love,,https://storage.googleapis.com/music8-json-prod/data/songs/huey-lewis-the-news_the-power-of-love.json
49411beb-8d4b-4e15-b2f5-4aa03f9646f3,HUH YUNJIN - Stupid In Love,HUH YUNJIN,Stupid In Love,huh-yunjin,stupid-in-love,huh-yunjin,stupid-in-love,2024-02-09,https://storage.googleapis.com/music8-json-prod/data/songs/huh-yunjin_stupid-in-love.json
b04139ae-3d16-4d10-b74b-9069750327c0,HVME - Goosebumps,HVME,Goosebumps,hvme,goosebumps-remix,hvme,goosebumps-remix,2021-01-14,https://storage.googleapis.com/music8-json-prod/data/songs/hvme_goosebumps-remix.json
d21d15a3-a3a2-4263-bca6-c2829367cd39,I Kept On Loving You · Roger Nichols - Williams,I Kept On Loving You · Roger Nichols,Williams,,,i-kept-on-loving-you-roger-nichols,williams,,https://storage.googleapis.com/music8-json-prod/data/songs/i-kept-on-loving-you-roger-nichols_williams.json
c4546272-a8cc-47eb-b220-118268e6196f,iamjakehill - Dreams,iamjakehill,Dreams,iamjakehill,dreams-2,iamjakehill,dreams-2,2023-10-27,https://storage.googleapis.com/music8-json-prod/data/songs/iamjakehill_dreams-2.json
f91438fb-9f41-4f73-adef-0b10f75e0d29,Ian Asher - Makeba,Ian Asher,Makeba,ian-asher,makeba-ian-asher-remix,ian-asher,makeba-ian-asher-remix,2023-07-20,https://storage.googleapis.com/music8-json-prod/data/songs/ian-asher_makeba-ian-asher-remix.json
3469d012-8a23-46d4-890e-dbdcd83162c2,iann dior - Goodbye,iann dior,Goodbye,iann-dior,goodbye-5,iann-dior,goodbye-5,2024-02-22,https://storage.googleapis.com/music8-json-prod/data/songs/iann-dior_goodbye-5.json
416aa884-b955-41d7-b947-5d7263000742,iann dior - Happy Endings,iann dior,Happy Endings,iann-dior,happy-endings,iann-dior,happy-endings,2021-02-18,https://storage.googleapis.com/music8-json-prod/data/songs/iann-dior_happy-endings.json
19778b2d-9d9e-4171-b889-62ebb705bc6d,Ice Nine Kills - Mad,Ice Nine Kills,Mad,ice-nine-kills,mad-2,ice-nine-kills,mad-2,2024-08-28,https://storage.googleapis.com/music8-json-prod/data/songs/ice-nine-kills_mad-2.json
2677b95a-2007-4384-aac5-7676be49e3d6,Ice Spice - Boy’s A Liar  Pt. 2,Ice Spice,Boy’s A Liar  Pt. 2,ice-spice,boys-a-liar-pt-2,ice-spice,boys-a-liar-pt-2,2023-02-03,https://storage.googleapis.com/music8-json-prod/data/songs/ice-spice_boys-a-liar-pt-2.json
3d0cb945-608c-4091-a0cd-663d2dbd2979,Ice Spice - Karma,Ice Spice,Karma,ice-spice,karma-3,ice-spice,karma-3,2023-05-26,https://storage.googleapis.com/music8-json-prod/data/songs/ice-spice_karma-3.json
14bed23b-1738-4168-af5b-a04bec51d7ca,"Iconic - ""Nowhere To Run""",Iconic,"""Nowhere To Run""",,,iconic,nowhere-to-run,,https://storage.googleapis.com/music8-json-prod/data/songs/iconic_nowhere-to-run.json
bcb0735e-b4b7-469f-9bb3-ab299fa35049,Iggy Pop - Bells &#038; Circles,Iggy Pop,Bells &#038; Circles,iggy-pop,bells-circles,iggy-pop,bells-circles,2018-05-26,https://storage.googleapis.com/music8-json-prod/data/songs/iggy-pop_bells-circles.json
65c8250d-99c9-41af-82d6-b572168abde3,ILIRA - Infinity,ILIRA,Infinity,ilira,infinity,ilira,infinity,2023-03-30,https://storage.googleapis.com/music8-json-prod/data/songs/ilira_infinity.json
c5dc9285-7bc6-4221-8c5e-f0ec2e726a8a,Ilkay Sencan - Talk,Ilkay Sencan,Talk,ilkay-sencan,talk-4,ilkay-sencan,talk-4,2022-06-02,https://storage.googleapis.com/music8-json-prod/data/songs/ilkay-sencan_talk-4.json
cc11bc42-efa6-4951-a391-24b73d33c7bd,Ilsey - Headlights,Ilsey,Headlights,ilsey,headlights-2,ilsey,headlights-2,2015-04-02,https://storage.googleapis.com/music8-json-prod/data/songs/ilsey_headlights-2.json
2d46d15f-542b-4910-a76a-3d9a44d51d9d,Imagine Dragons - Born To Be Yours,Imagine Dragons,Born To Be Yours,imagine-dragons,born-to-be-yours,imagine-dragons,born-to-be-yours,2018-06-14,https://storage.googleapis.com/music8-json-prod/data/songs/imagine-dragons_born-to-be-yours.json
99d59b17-0965-483f-92c4-573b24c078bb,Imagine Dragons - Dare U,Imagine Dragons,Dare U,imagine-dragons,dare-u,imagine-dragons,dare-u,2025-01-16,https://storage.googleapis.com/music8-json-prod/data/songs/imagine-dragons_dare-u.json
d0d0a5a8-3d73-4b54-9d13-e9f3f277ad3a,In The End [Official Hd Music Video] - Linkin Park,In The End [Official Hd Music Video],Linkin Park,,,in-the-end-official-hd-music-video,linkin-park,,https://storage.googleapis.com/music8-json-prod/data/songs/in-the-end-official-hd-music-video_linkin-park.json
336ba4a8-afe9-4e38-9625-28d87c2279dc,Indeep - Last Night A Dj Saved My Life,Indeep,Last Night A Dj Saved My Life,,,indeep,last-night-a-dj-saved-my-life,,https://storage.googleapis.com/music8-json-prod/data/songs/indeep_last-night-a-dj-saved-my-life.json
585d0099-3ebf-4145-897d-9b48f6329731,INDI - Release Me,INDI,Release Me,indi,release-me-2,indi,release-me-2,2023-10-19,https://storage.googleapis.com/music8-json-prod/data/songs/indi_release-me-2.json
302bd806-99c9-465c-a509-3629d2a91c8e,Induction - Set You Free,Induction,Set You Free,,,induction,set-you-free,,https://storage.googleapis.com/music8-json-prod/data/songs/induction_set-you-free.json
0bc7cfa0-992f-4d60-b04b-ff633f923a92,Inéz - Crystallized,Inéz,Crystallized,inez,crystallized-2,inez,crystallized-2,2025-09-11,https://storage.googleapis.com/music8-json-prod/data/songs/inez_crystallized-2.json
4dc7998a-f127-490f-9dc1-84fc44f1d1de,Inéz - Light Years,Inéz,Light Years,inez,light-years-2,inez,light-years-2,2025-03-25,https://storage.googleapis.com/music8-json-prod/data/songs/inez_light-years-2.json
bb28e5a0-2165-449a-a43b-3977b8a10616,INJI - Bruce Wayne,INJI,Bruce Wayne,inji,bruce-wayne,inji,bruce-wayne,2024-10-17,https://storage.googleapis.com/music8-json-prod/data/songs/inji_bruce-wayne.json
304cc083-bf2c-4f3e-b532-3414b4a74bd1,INJI - Kissin My Friends,INJI,Kissin My Friends,inji,kissin-my-friends,inji,kissin-my-friends,2025-12-04,https://storage.googleapis.com/music8-json-prod/data/songs/inji_kissin-my-friends.json
91a75519-8aed-4bf5-aa02-2a9fe01a13a8,INNA - In Love,INNA,In Love,inna,in-love-2,inna,in-love-2,2025-08-21,https://storage.googleapis.com/music8-json-prod/data/songs/inna_in-love-2.json
0ed2942b-2346-456a-a456-804d96385135,INNA - Let It Talk To Me,INNA,Let It Talk To Me,inna,let-it-talk-to-me,inna,let-it-talk-to-me,2025-02-28,https://storage.googleapis.com/music8-json-prod/data/songs/inna_let-it-talk-to-me.json
811d7b63-18b3-408f-acd5-e50c7e3f43a1,INNA - Queen Of My Castle,INNA,Queen Of My Castle,inna,queen-of-my-castle,inna,queen-of-my-castle,2024-04-25,https://storage.googleapis.com/music8-json-prod/data/songs/inna_queen-of-my-castle.json
12c6423a-7751-4cae-8340-d5828abd2cd7,INNA - Rock My Body,INNA,Rock My Body,inna,rock-my-body,inna,rock-my-body,2023-04-28,https://storage.googleapis.com/music8-json-prod/data/songs/inna_rock-my-body.json
c7c380c8-9722-4753-9e95-431d0079f9a2,Interactive Noise - Next By Me,Interactive Noise,Next By Me,interactive-noise,next-by-me,interactive-noise,next-by-me,2023-12-29,https://storage.googleapis.com/music8-json-prod/data/songs/interactive-noise_next-by-me.json
d9591d3b-7e13-42cd-b659-ba2700d4adbd,Irene Cara - Flashdance What A Feeling,Irene Cara,Flashdance What A Feeling,,,irene-cara,flashdance-what-a-feeling,,https://storage.googleapis.com/music8-json-prod/data/songs/irene-cara_flashdance-what-a-feeling.json
74439586-6c0b-4ebe-bbc1-5403109a7fe3,Irina Rimes - Dudadu,Irina Rimes,Dudadu,irina-rimes,dudadu,irina-rimes,dudadu,2024-07-26,https://storage.googleapis.com/music8-json-prod/data/songs/irina-rimes_dudadu.json
c36c6d3a-7b6d-4e89-9a53-66b513b54730,Isabella Lovestory - True Religion,Isabella Lovestory,True Religion,isabella-lovestory,true-religion,isabella-lovestory,true-religion,2025-01-22,https://storage.googleapis.com/music8-json-prod/data/songs/isabella-lovestory_true-religion.json
36b1aa4f-cb17-4118-902f-b211b26cf980,Isaiah Rashad - Karma,Isaiah Rashad,Karma,isaiah-rashad,karma-4,isaiah-rashad,karma-4,2024-02-22,https://storage.googleapis.com/music8-json-prod/data/songs/isaiah-rashad_karma-4.json
57879010-d712-460f-abc0-d1e2209b526f,Isak Danielson - Broken,Isak Danielson,Broken,isak-danielson,broken-2,isak-danielson,broken-2,2023-04-20,https://storage.googleapis.com/music8-json-prod/data/songs/isak-danielson_broken-2.json
a0661f90-c1c4-44de-9e6a-8c32d8125f94,Issey Cross - Oh My,Issey Cross,Oh My,issey-cross,oh-my,issey-cross,oh-my,2023-01-11,https://storage.googleapis.com/music8-json-prod/data/songs/issey-cross_oh-my.json
d52610a4-514e-4d80-a91b-cd895e6a1e09,Izzy Bizu - I Had A Dream...,Izzy Bizu,I Had A Dream...,izzy-bizu,i-had-a-dream,izzy-bizu,i-had-a-dream,2026-02-06,https://storage.googleapis.com/music8-json-prod/data/songs/izzy-bizu_i-had-a-dream.json
61e29fdd-dd40-44d7-96fc-235183b3cfc8,Izzy Bizu - Lifeline,Izzy Bizu,Lifeline,izzy-bizu,lifeline-4,izzy-bizu,lifeline-4,2025-02-27,https://storage.googleapis.com/music8-json-prod/data/songs/izzy-bizu_lifeline-4.json
efd1a136-5dbe-4e39-9a92-d51f34f3362c,Izzy Bizu - Oh My Lord,Izzy Bizu,Oh My Lord,izzy-bizu,oh-my-lord-2,izzy-bizu,oh-my-lord-2,2025-06-05,https://storage.googleapis.com/music8-json-prod/data/songs/izzy-bizu_oh-my-lord-2.json
df738149-e9c4-4a4a-b731-478801b44628,J Balvin - Lets Go,J Balvin,Lets Go,j-balvin,lets-go-3,j-balvin,lets-go-3,2023-10-19,https://storage.googleapis.com/music8-json-prod/data/songs/j-balvin_lets-go-3.json
518f0baf-c403-43f6-a048-3cd314704b2a,J Cole - The London,J Cole,The London,j-cole,the-london,j-cole,the-london,2019-05-22,https://storage.googleapis.com/music8-json-prod/data/songs/j-cole_the-london.json
16aa8c37-fc2d-40cf-8731-a9467f8fd917,J Hus - Feelings,J Hus,Feelings,j-hus,feelings,j-hus,feelings,2023-10-17,https://storage.googleapis.com/music8-json-prod/data/songs/j-hus_feelings.json
27bb0188-da5b-4e06-a9cf-2dcfb30b6a02,J. Cole - All My Life,J. Cole,All My Life,j-cole,all-my-life-3,j-cole,all-my-life-3,2023-05-11,https://storage.googleapis.com/music8-json-prod/data/songs/j-cole_all-my-life-3.json
c4326d85-988f-48d0-8253-1b9004122d61,J. Cole - Free Fall,J. Cole,Free Fall,j-cole,free-fall,j-cole,free-fall,2024-06-06,https://storage.googleapis.com/music8-json-prod/data/songs/j-cole_free-fall.json
10e6215d-4cdc-4cdf-a75e-a3599ba8784b,J. Cole - No Sleeep,J. Cole,No Sleeep,j-cole,no-sleeep,j-cole,no-sleeep,2015-10-01,https://storage.googleapis.com/music8-json-prod/data/songs/j-cole_no-sleeep.json
8df3ec8a-99b6-4db0-86b3-e27645014dd3,J. Cole - Planez,J. Cole,Planez,j-cole,planez,j-cole,planez,2015-12-04,https://storage.googleapis.com/music8-json-prod/data/songs/j-cole_planez.json
e61e7d25-bc8b-4a0a-98f8-71bb3f094023,J. Michael Phillips - Amnesia,J. Michael Phillips,Amnesia,j-michael-phillips,amnesia-4,j-michael-phillips,amnesia-4,2025-07-11,https://storage.googleapis.com/music8-json-prod/data/songs/j-michael-phillips_amnesia-4.json
65913d40-33c5-4ab3-8a61-3c4db4d221ad,J. Michael Phillips - I Swear,J. Michael Phillips,I Swear,j-michael-phillips,i-swear,j-michael-phillips,i-swear,2025-05-09,https://storage.googleapis.com/music8-json-prod/data/songs/j-michael-phillips_i-swear.json
63e337b9-5dda-4849-82cf-d7bd43f0b8ab,J&R Project - Keep It Up,J&R Project,Keep It Up,jr-project,keep-it-up-4,jr-project,keep-it-up-4,2025-09-26,https://storage.googleapis.com/music8-json-prod/data/songs/jr-project_keep-it-up-4.json
d48beb7b-0f05-485d-8d6f-4a5b17ce54a5,JAAS - Lonely Roads,JAAS,Lonely Roads,jaas,lonely-roads,jaas,lonely-roads,2025-09-18,https://storage.googleapis.com/music8-json-prod/data/songs/jaas_lonely-roads.json
3149e55c-a6a7-498d-a35d-85fd4a35f1d8,Jack & Jack - Rise,Jack & Jack,Rise,jack-jack,jonas-blue-rise,jack-jack,jonas-blue-rise,2018-11-08,https://storage.googleapis.com/music8-json-prod/data/songs/jack-jack_jonas-blue-rise.json
30899e0c-0eab-4bef-8525-db9fe8071a56,Jack Harlow - Industry Baby,Jack Harlow,Industry Baby,jack-harlow,industry-baby,jack-harlow,industry-baby,2021-07-22,https://storage.googleapis.com/music8-json-prod/data/songs/jack-harlow_industry-baby.json
0071812f-9a4d-4cc2-8b5e-e0f8a19354c5,Jack Wolfe - Song For The Countryside,Jack Wolfe,Song For The Countryside,jack-wolfe,song-for-the-countryside,jack-wolfe,song-for-the-countryside,2025-07-17,https://storage.googleapis.com/music8-json-prod/data/songs/jack-wolfe_song-for-the-countryside.json
2c8a72d5-f0ed-48cb-bb51-f5a80d5d75a1,Jackson Browne - Running On Empty,Jackson Browne,Running On Empty,,,jackson-browne,running-on-empty,,https://storage.googleapis.com/music8-json-prod/data/songs/jackson-browne_running-on-empty.json
3efa4554-68a9-413a-9387-84d6d9bf8e6d,Jacquees - Maynard Vignette,Jacquees,Maynard Vignette,jacquees,maynard-vignette,jacquees,maynard-vignette,2023-09-07,https://storage.googleapis.com/music8-json-prod/data/songs/jacquees_maynard-vignette.json
50a3b49f-bf9f-4068-9e90-63ace8ac32dd,Jaden - Iconic,Jaden,Iconic,jaden,iconic-2,jaden,iconic-2,2018-09-28,https://storage.googleapis.com/music8-json-prod/data/songs/jaden_iconic-2.json
d15412dc-1490-4efb-8992-3fc10467c650,Jaden - Never Say Never,Jaden,Never Say Never,jaden,never-say-never,jaden,never-say-never,2011-01-01,https://storage.googleapis.com/music8-json-prod/data/songs/jaden_never-say-never.json
fa619d45-9aae-41ba-b114-fb857a80e093,Jaden - Sin,Jaden,Sin,jaden,sin-2,jaden,sin-2,2018-09-24,https://storage.googleapis.com/music8-json-prod/data/songs/jaden_sin-2.json
407167d7-8ef6-4934-9330-0ea828d4b2fb,Jaimes - Gravity,Jaimes,Gravity,jaimes,gravity-6,jaimes,gravity-6,2024-10-18,https://storage.googleapis.com/music8-json-prod/data/songs/jaimes_gravity-6.json
03da57cb-8325-439b-8628-a0b1db55f36e,Jake Shears - Fire + Ice,Jake Shears,Fire + Ice,jake-shears,fire-ice,jake-shears,fire-ice,2025-09-04,https://storage.googleapis.com/music8-json-prod/data/songs/jake-shears_fire-ice.json
a87efdf5-fe57-4e7a-9e32-cdc5281e4c9a,Jaki Graham - Don't Look Any Further,Jaki Graham,Don't Look Any Further,jaki-graham,dont-look-any-further,jaki-graham,dont-look-any-further,2025-02-28,https://storage.googleapis.com/music8-json-prod/data/songs/jaki-graham_dont-look-any-further.json
d1767014-d027-49d0-9566-2c71cb95b9a5,James Arthur - Questions,James Arthur,Questions,james-arthur,questions,james-arthur,questions,2022-06-16,https://storage.googleapis.com/music8-json-prod/data/songs/james-arthur_questions.json
fbdc0dcc-5a17-445c-90ec-5a2193bd9d30,James Bay - Waste,James Bay,Waste,james-bay,waste-2,james-bay,waste-2,2024-11-07,https://storage.googleapis.com/music8-json-prod/data/songs/james-bay_waste-2.json
e5aa3ccd-ce65-4e2e-940f-63f918bcf52d,James Brown - Supa Good,James Brown,Supa Good,james-brown,supa-good,james-brown,supa-good,2025-01-31,https://storage.googleapis.com/music8-json-prod/data/songs/james-brown_supa-good.json
2097444e-4de6-43e5-9592-5c3d3beb41a0,James Gillespie - Gone Are The Days,James Gillespie,Gone Are The Days,james-gillespie,gone-are-the-days,james-gillespie,gone-are-the-days,2022-11-10,https://storage.googleapis.com/music8-json-prod/data/songs/james-gillespie_gone-are-the-days.json
a37dfea8-0790-4d6f-a1c6-46327d7a629b,James K - Licking An Orchid,James K,Licking An Orchid,james-k,licking-an-orchid,james-k,licking-an-orchid,2018-08-28,https://storage.googleapis.com/music8-json-prod/data/songs/james-k_licking-an-orchid.json
34c009aa-41ab-460b-b53d-7aa04a88916b,james reid - Hello 2.0 Legends Only,james reid,Hello 2.0 Legends Only,james-reid,hello-2-0-legends-only,james-reid,hello-2-0-legends-only,2022-03-10,https://storage.googleapis.com/music8-json-prod/data/songs/james-reid_hello-2-0-legends-only.json
67c462b1-f5ea-4ca8-ad68-5f4feee8758f,James Taylor - You've Got A Friend,James Taylor,You've Got A Friend,,,james-taylor,youve-got-a-friend,,https://storage.googleapis.com/music8-json-prod/data/songs/james-taylor_youve-got-a-friend.json
b1f4c457-5013-4657-9231-a9af742abfa1,Jamie Foxx - Gold Digger,Jamie Foxx,Gold Digger,jamie-foxx,gold-digger,jamie-foxx,gold-digger,2005-08-30,https://storage.googleapis.com/music8-json-prod/data/songs/jamie-foxx_gold-digger.json
22441bc2-8aba-4a06-839a-d563a22c2257,Jamie Foxx - Slow Jamz,Jamie Foxx,Slow Jamz,jamie-foxx,slow-jamz,jamie-foxx,slow-jamz,2004-02-10,https://storage.googleapis.com/music8-json-prod/data/songs/jamie-foxx_slow-jamz.json
ac05b495-df3b-4e3c-a98c-813bb27ee59f,Jamie Miller - Long Shot,Jamie Miller,Long Shot,jamie-miller,long-shot,jamie-miller,long-shot,2024-01-19,https://storage.googleapis.com/music8-json-prod/data/songs/jamie-miller_long-shot.json
ea525b44-5ea1-4524-abf2-ffa28241075e,Jamie xx - Dopamine,Jamie xx,Dopamine,jamie-xx,dopamine-jamie-xx-remix,jamie-xx,dopamine-jamie-xx-remix,2025-12-02,https://storage.googleapis.com/music8-json-prod/data/songs/jamie-xx_dopamine-jamie-xx-remix.json
cb3df22a-90a4-4a1a-8842-11b2e04a7e8e,Jamiroquai - Do You Know Where You're Coming From,Jamiroquai,Do You Know Where You're Coming From,jamiroquai,do-you-know-where-youre-coming-from,jamiroquai,do-you-know-where-youre-coming-from,1996-09-08,https://storage.googleapis.com/music8-json-prod/data/songs/jamiroquai_do-you-know-where-youre-coming-from.json
2e3bece6-7eaa-4407-ac56-9bcf8cba8b3d,Janelle Monáe - You Thought,Janelle Monáe,You Thought,janelle-monae,you-thought,janelle-monae,you-thought,2023-08-31,https://storage.googleapis.com/music8-json-prod/data/songs/janelle-monae_you-thought.json
0fdab00c-a62d-4fad-962c-cbf4d7f9efa0,Janet Jackson - Scream,Janet Jackson,Scream,janet-jackson,scream,janet-jackson,scream,1995-06-15,https://storage.googleapis.com/music8-json-prod/data/songs/janet-jackson_scream.json
d025b8ba-815d-4be3-90f0-39a90561737a,Jasiah - Taking Over Me,Jasiah,Taking Over Me,jasiah,taking-over-me,jasiah,taking-over-me,2024-03-08,https://storage.googleapis.com/music8-json-prod/data/songs/jasiah_taking-over-me.json
6f1e3d25-e76f-42d7-9bbf-e0d47b9ca23a,Jasmine Thompson - Funny,Jasmine Thompson,Funny,jasmine-thompson,funny,jasmine-thompson,funny,2020-07-15,https://storage.googleapis.com/music8-json-prod/data/songs/jasmine-thompson_funny.json
827eebd1-fe35-4c26-839f-9a27eb8dcf93,Jason Derulo - Animal,Jason Derulo,Animal,jason-derulo,animal-4,jason-derulo,animal-4,2024-04-18,https://storage.googleapis.com/music8-json-prod/data/songs/jason-derulo_animal-4.json
d5466709-d98d-4c3f-ae6d-0465fef350bd,Jason Derulo - Savage Love,Jason Derulo,Savage Love,jason-derulo,savage-love-laxed-siren-beat,jason-derulo,savage-love-laxed-siren-beat,2020-06-10,https://storage.googleapis.com/music8-json-prod/data/songs/jason-derulo_savage-love-laxed-siren-beat.json
23c313ed-d312-46c7-a9cf-369175261c77,Jason Donovan - Especially For You,Jason Donovan,Especially For You,jason-donovan,especially-for-you,jason-donovan,especially-for-you,1993-06-30,https://storage.googleapis.com/music8-json-prod/data/songs/jason-donovan_especially-for-you.json
30260738-a118-4336-b0d1-e0a120a23432,Jax - Iconic,Jax,Iconic,jax,iconic,jax,iconic,2023-10-12,https://storage.googleapis.com/music8-json-prod/data/songs/jax_iconic.json
b2f36557-932d-4d17-9303-ee0d36d90a46,Jax Jones - 2 Die 4 Midnight Snacks Remix,Jax Jones,2 Die 4 Midnight Snacks Remix,jax-jones,2-die-4-midnight-snacks-remix,jax-jones,2-die-4-midnight-snacks-remix,2022-09-06,https://storage.googleapis.com/music8-json-prod/data/songs/jax-jones_2-die-4-midnight-snacks-remix.json
518b4cb0-2de4-46a0-bcb6-565389e456a3,Jax Jones - Never Be Lonely,Jax Jones,Never Be Lonely,jax-jones,never-be-lonely,jax-jones,never-be-lonely,2024-02-08,https://storage.googleapis.com/music8-json-prod/data/songs/jax-jones_never-be-lonely.json
afd97217-22b1-493f-b88f-575cd2927d57,Jax Jones - One Touch,Jax Jones,One Touch,jax-jones,one-touch,jax-jones,one-touch,2019-06-17,https://storage.googleapis.com/music8-json-prod/data/songs/jax-jones_one-touch.json
6f6f37a1-b457-496c-9f93-8610ca3bc0e1,JAY-Z - Umbrella,JAY-Z,Umbrella,jay-z,umbrella,jay-z,umbrella,2007-01-01,https://storage.googleapis.com/music8-json-prod/data/songs/jay-z_umbrella.json
e21c6fa3-fbb6-4478-b8e2-b594ec8b1134,Jaykae - Flowers,Jaykae,Flowers,jaykae,flowers,jaykae,flowers,2023-08-03,https://storage.googleapis.com/music8-json-prod/data/songs/jaykae_flowers.json
577bf4af-e77a-4503-9da1-ed679788a698,Jazzy - All This Time,Jazzy,All This Time,jazzy,all-this-time-4,jazzy,all-this-time-4,2025-07-31,https://storage.googleapis.com/music8-json-prod/data/songs/jazzy_all-this-time-4.json
9d3d2809-c9b1-41a9-8857-cceaf40bdf8b,Jazzy - High On Me,Jazzy,High On Me,jazzy,high-on-me,jazzy,high-on-me,2025-06-19,https://storage.googleapis.com/music8-json-prod/data/songs/jazzy_high-on-me.json
d8028c1f-568f-498b-94e6-e065eb796adc,JD. REID - Holier,JD. REID,Holier,jd-reid,holier-jd-reid-remix,jd-reid,holier-jd-reid-remix,2024-01-24,https://storage.googleapis.com/music8-json-prod/data/songs/jd-reid_holier-jd-reid-remix.json
1d76a7b7-d690-4787-aa9d-04a36a9f46f2,Jeff Beck - Patient Number,Jeff Beck,Patient Number,jeff-beck,patient-number,jeff-beck,patient-number,2022-09-09,https://storage.googleapis.com/music8-json-prod/data/songs/jeff-beck_patient-number.json
30185714-827a-418e-8bb5-3af07577f2c5,Jelly Roll - Amen,Jelly Roll,Amen,jelly-roll,amen-2,jelly-roll,amen-2,2025-04-24,https://storage.googleapis.com/music8-json-prod/data/songs/jelly-roll_amen-2.json
31f293b5-77d8-4065-b7ad-b5227f3fa76d,Jelly Roll - Best For Me,Jelly Roll,Best For Me,jelly-roll,best-for-me,jelly-roll,best-for-me,2024-03-18,https://storage.googleapis.com/music8-json-prod/data/songs/jelly-roll_best-for-me.json
b4457d87-695b-4e40-8955-2a711e7973c7,Jelly Roll - Haunted,Jelly Roll,Haunted,jelly-roll,haunted-3,jelly-roll,haunted-3,2025-01-23,https://storage.googleapis.com/music8-json-prod/data/songs/jelly-roll_haunted-3.json
06cca884-ad49-48da-bc3f-e2c69b74074d,Jelly Roll - Holy Water,Jelly Roll,Holy Water,jelly-roll,holy-water,jelly-roll,holy-water,2025-08-07,https://storage.googleapis.com/music8-json-prod/data/songs/jelly-roll_holy-water.json
e4e5960d-efb0-41e1-b221-6aececa82adc,Jelly Roll - Last Dance With Mary Jane,Jelly Roll,Last Dance With Mary Jane,jelly-roll,last-dance-with-mary-jane,jelly-roll,last-dance-with-mary-jane,2025-04-20,https://storage.googleapis.com/music8-json-prod/data/songs/jelly-roll_last-dance-with-mary-jane.json
fe1a8b40-3ca3-4f83-849a-74d978970c20,Jelly Roll - Lonely Road,Jelly Roll,Lonely Road,jelly-roll,lonely-road,jelly-roll,lonely-road,2024-07-26,https://storage.googleapis.com/music8-json-prod/data/songs/jelly-roll_lonely-road.json
ce0fd687-96b6-4c9c-b162-a4556e8a792f,Jelly Roll - Losers,Jelly Roll,Losers,jelly-roll,losers,jelly-roll,losers,2024-08-15,https://storage.googleapis.com/music8-json-prod/data/songs/jelly-roll_losers.json
180eed3c-1f2e-4fc2-b57b-034b003353a9,Jelly Roll - Trailer In The Sky,Jelly Roll,Trailer In The Sky,jelly-roll,trailer-in-the-sky,jelly-roll,trailer-in-the-sky,2024-05-17,https://storage.googleapis.com/music8-json-prod/data/songs/jelly-roll_trailer-in-the-sky.json
c83e5d9f-0d68-41a9-9375-d6808aad23a8,Jelly Roll - Wild Ones,Jelly Roll,Wild Ones,jelly-roll,wild-ones,jelly-roll,wild-ones,2023-10-06,https://storage.googleapis.com/music8-json-prod/data/songs/jelly-roll_wild-ones.json
493065ed-03eb-4781-857f-f52e6a2ead57,Jem Cooke - Blue Symphony,Jem Cooke,Blue Symphony,jem-cooke,blue-symphony,jem-cooke,blue-symphony,2025-01-16,https://storage.googleapis.com/music8-json-prod/data/songs/jem-cooke_blue-symphony.json
4e6c558c-145d-4a69-9b6d-706db8b4c000,Jem Cooke - Mirror Mirror,Jem Cooke,Mirror Mirror,jem-cooke,mirror-mirror,jem-cooke,mirror-mirror,2024-01-03,https://storage.googleapis.com/music8-json-prod/data/songs/jem-cooke_mirror-mirror.json
5368c30d-a887-4718-a5f4-b2c4c15d6249,Jenn Morel - Bidi Bam,Jenn Morel,Bidi Bam,jenn-morel,bidi-bam,jenn-morel,bidi-bam,2024-07-07,https://storage.googleapis.com/music8-json-prod/data/songs/jenn-morel_bidi-bam.json
992e24fb-2637-44b2-a76c-1bd574d71575,JENNIE - Dracula,JENNIE,Dracula,jennie,dracula-jennie-remix,jennie,dracula-jennie-remix,2026-02-05,https://storage.googleapis.com/music8-json-prod/data/songs/jennie_dracula-jennie-remix.json
bc761fb3-a2ba-4c40-a103-0ddea59fde33,JENNIE - One Of The Girls,JENNIE,One Of The Girls,jennie,one-of-the-girls,jennie,one-of-the-girls,2023-07-05,https://storage.googleapis.com/music8-json-prod/data/songs/jennie_one-of-the-girls.json
6c7773a3-5251-4977-a6d5-93773bd51e8a,JEON SOMI - Moonboy,JEON SOMI,Moonboy,jeon-somi,moonboy,jeon-somi,moonboy,2026-03-05,https://storage.googleapis.com/music8-json-prod/data/songs/jeon-somi_moonboy.json
9f05dfd7-bc8d-44af-874a-77d74f54ad85,Jeremih - Do Something,Jeremih,Do Something,jeremih,do-something,jeremih,do-something,2023-11-03,https://storage.googleapis.com/music8-json-prod/data/songs/jeremih_do-something.json
90eeb0ae-6c17-4e32-9583-008312a0693d,Jeremih - Lovin On Me,Jeremih,Lovin On Me,jeremih,lovin-on-me-2,jeremih,lovin-on-me-2,2025-10-05,https://storage.googleapis.com/music8-json-prod/data/songs/jeremih_lovin-on-me-2.json
56634cf4-4834-4e7f-a8f1-4cb4d14832ad,Jeremih - No One Else,Jeremih,No One Else,jeremih,no-one-else,jeremih,no-one-else,2024-09-05,https://storage.googleapis.com/music8-json-prod/data/songs/jeremih_no-one-else.json
0594cf74-8b33-4cc4-9ec6-e0aa291d5993,Jeremih - Somebody,Jeremih,Somebody,jeremih,somebody-3,jeremih,somebody-3,2014-01-06,https://storage.googleapis.com/music8-json-prod/data/songs/jeremih_somebody-3.json
2ac51944-414d-4915-a25e-824a0c47577c,Jeremih - U 2 Luv,Jeremih,U 2 Luv,jeremih,u-2-luv,jeremih,u-2-luv,2020-05-29,https://storage.googleapis.com/music8-json-prod/data/songs/jeremih_u-2-luv.json
f5dc74bb-546c-46f4-8f70-4edcf3831acd,Jeris Johnson - Dark Days,Jeris Johnson,Dark Days,jeris-johnson,dark-days,jeris-johnson,dark-days,2022-03-03,https://storage.googleapis.com/music8-json-prod/data/songs/jeris-johnson_dark-days.json
38f53846-14c4-479f-a5b6-78d641f6c0c8,Jerry Heil - Sing Like A Siren,Jerry Heil,Sing Like A Siren,jerry-heil,sing-like-a-siren,jerry-heil,sing-like-a-siren,2025-05-15,https://storage.googleapis.com/music8-json-prod/data/songs/jerry-heil_sing-like-a-siren.json
d91ecdb4-7762-452f-b168-f4903d59c88e,Jess Glynne - Back To Me,Jess Glynne,Back To Me,jess-glynne,back-to-me-4,jess-glynne,back-to-me-4,2025-07-10,https://storage.googleapis.com/music8-json-prod/data/songs/jess-glynne_back-to-me-4.json
137f66dd-abc2-4127-9507-d2f84c754557,Jess Glynne - Love Me Again,Jess Glynne,Love Me Again,jess-glynne,love-me-again,jess-glynne,love-me-again,2019-08-29,https://storage.googleapis.com/music8-json-prod/data/songs/jess-glynne_love-me-again.json
0fb7d641-3da3-4aac-9db5-fd9af323d190,Jess Glynne - Not Letting Go,Jess Glynne,Not Letting Go,jess-glynne,not-letting-go,jess-glynne,not-letting-go,2015-05-28,https://storage.googleapis.com/music8-json-prod/data/songs/jess-glynne_not-letting-go.json
2106ef8f-631a-4adb-a737-c3f0836267f5,Jesse & Joy - Human,Jesse & Joy,Human,jesse-joy,human-7,jesse-joy,human-7,2025-08-22,https://storage.googleapis.com/music8-json-prod/data/songs/jesse-joy_human-7.json
a773c797-a4e7-4c2a-8ea8-98b7c3eb36fe,Jesse Boykins III - Purple Tuesday,Jesse Boykins III,Purple Tuesday,jesse-boykins-iii,purple-tuesday,jesse-boykins-iii,purple-tuesday,2017-05-08,https://storage.googleapis.com/music8-json-prod/data/songs/jesse-boykins-iii_purple-tuesday.json
925aa8bc-8991-4130-a755-856a1aa3747e,Jesse Clegg - Fire In Your House,Jesse Clegg,Fire In Your House,jesse-clegg,fire-in-your-house,jesse-clegg,fire-in-your-house,2021-09-16,https://storage.googleapis.com/music8-json-prod/data/songs/jesse-clegg_fire-in-your-house.json
ecd70c8d-a191-4878-b670-0a68dc240360,Jesse Rutherford - Buffalo 66,Jesse Rutherford,Buffalo 66,jesse-rutherford,buffalo-66,jesse-rutherford,buffalo-66,2026-03-20,https://storage.googleapis.com/music8-json-prod/data/songs/jesse-rutherford_buffalo-66.json
17b7bd3e-eccf-4268-b387-761bcfd2e110,Jessica Baio - All I Saw Was You,Jessica Baio,All I Saw Was You,jessica-baio,all-i-saw-was-you,jessica-baio,all-i-saw-was-you,2025-11-13,https://storage.googleapis.com/music8-json-prod/data/songs/jessica-baio_all-i-saw-was-you.json
93317b66-b8ff-4c5c-8199-3867503b7837,Jessica Baio - Radio,Jessica Baio,Radio,jessica-baio,radio-2,jessica-baio,radio-2,2025-03-17,https://storage.googleapis.com/music8-json-prod/data/songs/jessica-baio_radio-2.json
76b0c514-27ae-4f58-a5b3-098bb5fcdd54,Jessica Doherty - Wolves,Jessica Doherty,Wolves,jessica-doherty,wolves-3,jessica-doherty,wolves-3,2022-03-17,https://storage.googleapis.com/music8-json-prod/data/songs/jessica-doherty_wolves-3.json
acc94dc3-c44e-416b-9bc7-13a2798bce9f,"Jessie Frye - Perfect Girl, Wrong World",Jessie Frye,"Perfect Girl, Wrong World",jessie-frye,perfect-girl-wrong-world,jessie-frye,perfect-girl-wrong-world,2025-06-27,https://storage.googleapis.com/music8-json-prod/data/songs/jessie-frye_perfect-girl-wrong-world.json
df14a247-e3e7-4dce-b0fb-76b82950b399,Jessy Blakemore - Recognize,Jessy Blakemore,Recognize,jessy-blakemore,recognize,jessy-blakemore,recognize,2025-08-28,https://storage.googleapis.com/music8-json-prod/data/songs/jessy-blakemore_recognize.json
cd85e187-a76c-48ed-917a-85fc9d3b7015,Jex - Told You So,Jex,Told You So,jex,told-you-so-2,jex,told-you-so-2,2024-11-22,https://storage.googleapis.com/music8-json-prod/data/songs/jex_told-you-so-2.json
892280df-ea69-47db-82c4-d37cfd5a56c7,Jhené Aiko - Can't Hide It,Jhené Aiko,Can't Hide It,jhene-aiko,cant-hide-it,jhene-aiko,cant-hide-it,2025-03-20,https://storage.googleapis.com/music8-json-prod/data/songs/jhene-aiko_cant-hide-it.json
61d464eb-d8d9-46aa-b9ee-7fa4577da4d5,Jhene Aiko - Mural,Jhene Aiko,Mural,jhene-aiko,mural,jhene-aiko,mural,2026-04-06,https://storage.googleapis.com/music8-json-prod/data/songs/jhene-aiko_mural.json
1a67a470-cbea-4826-9669-1a51ceac1e02,Jhené Aiko - Sunshine,Jhené Aiko,Sunshine,jhene-aiko,sunshine-3,jhene-aiko,sunshine-3,2022-08-12,https://storage.googleapis.com/music8-json-prod/data/songs/jhene-aiko_sunshine-3.json
653a5e54-9007-4c50-b4fa-358e3a5d9263,JID - Bodies,JID,Bodies,jid,bodies,jid,bodies,2025-06-20,https://storage.googleapis.com/music8-json-prod/data/songs/jid_bodies.json
1697ef5f-bade-42b1-94cd-c6ea3b2237aa,JID - Dope,JID,Dope,jid,dope,jid,dope,2022-05-17,https://storage.googleapis.com/music8-json-prod/data/songs/jid_dope.json
661030ea-bb9e-4a4e-9de8-2884768c45fd,Jill Scott - Pum Pum Jump,Jill Scott,Pum Pum Jump,jill-scott,pum-pum-jump,jill-scott,pum-pum-jump,2025-08-21,https://storage.googleapis.com/music8-json-prod/data/songs/jill-scott_pum-pum-jump.json
72654d15-774b-40e6-9679-20a021a802fc,Jill Scott - Sucia,Jill Scott,Sucia,jill-scott,sucia,jill-scott,sucia,2024-06-20,https://storage.googleapis.com/music8-json-prod/data/songs/jill-scott_sucia.json
49c8ab58-bfa3-444c-8a11-d8ccd4620d80,Jim Yosef - Stamp On The Ground,Jim Yosef,Stamp On The Ground,jim-yosef,stamp-on-the-ground,jim-yosef,stamp-on-the-ground,2022-06-23,https://storage.googleapis.com/music8-json-prod/data/songs/jim-yosef_stamp-on-the-ground.json
feb13829-343c-4e4d-874b-e64cf905ba43,Jody Watley - Looking For A New Love,Jody Watley,Looking For A New Love,,,jody-watley,looking-for-a-new-love,,https://storage.googleapis.com/music8-json-prod/data/songs/jody-watley_looking-for-a-new-love.json
af2f572c-5f70-4400-8e02-7bca9cf46351,Joe Bonamassa - First Time Blues,Joe Bonamassa,First Time Blues,joe-bonamassa,first-time-blues,joe-bonamassa,first-time-blues,2024-02-22,https://storage.googleapis.com/music8-json-prod/data/songs/joe-bonamassa_first-time-blues.json
6c7c19e3-3c3e-4ea6-a36b-f850ff7575e5,Joe Elliott - I Hate How Much I Want You,Joe Elliott,I Hate How Much I Want You,joe-elliott,i-hate-how-much-i-want-you,joe-elliott,i-hate-how-much-i-want-you,2020-10-15,https://storage.googleapis.com/music8-json-prod/data/songs/joe-elliott_i-hate-how-much-i-want-you.json
29ca0f59-1233-453e-b620-5fde7a65dfae,Joe Jonas - I See Love,Joe Jonas,I See Love,joe-jonas,i-see-love,joe-jonas,i-see-love,2018-06-28,https://storage.googleapis.com/music8-json-prod/data/songs/joe-jonas_i-see-love.json
00d04245-21b2-4b0f-9b2e-5ed7266585da,Joe Jonas - Not Alone,Joe Jonas,Not Alone,joe-jonas,not-alone,joe-jonas,not-alone,2022-11-10,https://storage.googleapis.com/music8-json-prod/data/songs/joe-jonas_not-alone.json
d970a504-a0cb-4dd4-a825-d58030d267b3,Joel Fletcher - Hustlr,Joel Fletcher,Hustlr,joel-fletcher,hustlr,joel-fletcher,hustlr,2025-02-27,https://storage.googleapis.com/music8-json-prod/data/songs/joel-fletcher_hustlr.json
fa9d4216-c07a-4077-a627-89abdeef8083,Joey Bada - My Town,Joey Bada,My Town,joey-bada,my-town,joey-bada,my-town,2025-05-19,https://storage.googleapis.com/music8-json-prod/data/songs/joey-bada_my-town.json
94f8f71e-996d-45da-b78e-8410a23fb315,Joey Bada$$ - Fry Plantain,Joey Bada$$,Fry Plantain,joey-bada,fry-plantain,joey-bada,fry-plantain,2024-11-22,https://storage.googleapis.com/music8-json-prod/data/songs/joey-bada_fry-plantain.json
9c5c7931-a50b-4246-9bc7-ec4a197892d3,Joey Bada$$ - Shimmy [,Joey Bada$$,Shimmy [,joey-bada,shimmy,joey-bada,shimmy,2023-03-14,https://storage.googleapis.com/music8-json-prod/data/songs/joey-bada_shimmy.json
ea4cdd9c-1cbb-40bd-9492-26406fb570cd,Joey Valence & Brae - Napalm,Joey Valence & Brae,Napalm,joey-valence-brae,napalm,joey-valence-brae,napalm,2024-08-20,https://storage.googleapis.com/music8-json-prod/data/songs/joey-valence-brae_napalm.json
40587e98-3f88-4372-ba3c-9e115b392e48,John 5 - Fiend,John 5,Fiend,john-5,fiend,john-5,fiend,2025-05-15,https://storage.googleapis.com/music8-json-prod/data/songs/john-5_fiend.json
f9632a5a-c4d0-4698-a198-8c8f4aa3d31c,John Cooper - Wolf,John Cooper,Wolf,john-cooper,wolf,john-cooper,wolf,2023-11-09,https://storage.googleapis.com/music8-json-prod/data/songs/john-cooper_wolf.json
003abf3f-8c57-47ba-8d79-9a6a21f91135,John Legend - All Of Me,John Legend,All Of Me,,,john-legend,all-of-me,,https://storage.googleapis.com/music8-json-prod/data/songs/john-legend_all-of-me.json
37fbf805-2b52-43a1-b43c-eb655ea538e3,John Legend - Never Let Go,John Legend,Never Let Go,john-legend,never-let-go,john-legend,never-let-go,2025-08-22,https://storage.googleapis.com/music8-json-prod/data/songs/john-legend_never-let-go.json
4f7bc8f8-d65d-4c8d-aa47-7818e3a837b5,John Legend - Summertime Blue,John Legend,Summertime Blue,john-legend,summertime-blue,john-legend,summertime-blue,2025-06-26,https://storage.googleapis.com/music8-json-prod/data/songs/john-legend_summertime-blue.json
41e3486d-5cea-49e6-9c2c-d201df195399,John Legend - Tomorrow,John Legend,Tomorrow,florian-picasso,tomorrow,florian-picasso,tomorrow,2022-02-03,https://storage.googleapis.com/music8-json-prod/data/songs/florian-picasso_tomorrow.json
4090814e-6baf-4099-81e6-5e22b8b3b029,John Martin - Children Of The Sun,John Martin,Children Of The Sun,john-martin,children-of-the-sun,john-martin,children-of-the-sun,2013-09-22,https://storage.googleapis.com/music8-json-prod/data/songs/john-martin_children-of-the-sun.json
99f914e4-9653-4ad1-a334-2ce12da2731f,John Squire - Just Another Rainbow,John Squire,Just Another Rainbow,john-squire,just-another-rainbow,john-squire,just-another-rainbow,2024-01-04,https://storage.googleapis.com/music8-json-prod/data/songs/john-squire_just-another-rainbow.json
07513704-1754-45c7-b6f7-e64047e2d6cc,John Squire - Mars To Liverpool,John Squire,Mars To Liverpool,john-squire,mars-to-liverpool-2,john-squire,mars-to-liverpool-2,2024-02-02,https://storage.googleapis.com/music8-json-prod/data/songs/john-squire_mars-to-liverpool-2.json
dc8a93ff-e368-4134-8614-f68d1868340d,John The Ghost - All Caps,John The Ghost,All Caps,john-the-ghost,all-caps-ft-john-the-ghost,john-the-ghost,all-caps-ft-john-the-ghost,2023-02-22,https://storage.googleapis.com/music8-json-prod/data/songs/john-the-ghost_all-caps-ft-john-the-ghost.json
85a31816-02ba-4204-888c-a3df4f50bc0c,Johnny Gioeli - Drowning,Johnny Gioeli,Drowning,johnny-gioeli,drowning-2,johnny-gioeli,drowning-2,2022-09-03,https://storage.googleapis.com/music8-json-prod/data/songs/johnny-gioeli_drowning-2.json
178be201-59ed-4a3e-bd94-3c5c15d239d1,JoJo - Bottomline,JoJo,Bottomline,jojo,bottomline-2,jojo,bottomline-2,2024-11-25,https://storage.googleapis.com/music8-json-prod/data/songs/jojo_bottomline-2.json
44828ce6-1c64-4d54-9e2c-187b00b0ba81,Jon Batiste - Home,Jon Batiste,Home,jon-batiste,home-5,jon-batiste,home-5,2024-05-02,https://storage.googleapis.com/music8-json-prod/data/songs/jon-batiste_home-5.json
cad151d7-401f-4a9f-8958-0ee74f3bdeb2,Jon Bellion - Beautiful Now,Jon Bellion,Beautiful Now,jon-bellion,beautiful-now,jon-bellion,beautiful-now,2015-05-17,https://storage.googleapis.com/music8-json-prod/data/songs/jon-bellion_beautiful-now.json
55c36fd8-6bb2-4b86-9938-861c8a8f02c3,Jon Bellion - Young Gun,Jon Bellion,Young Gun,jon-bellion,young-gun-ft-jon-bellion,jon-bellion,young-gun-ft-jon-bellion,2023-09-15,https://storage.googleapis.com/music8-json-prod/data/songs/jon-bellion_young-gun-ft-jon-bellion.json
41a1c7ea-913c-48e1-8fe0-65cedfe1af7f,Jon Keith - Mourning 2 Dancing,Jon Keith,Mourning 2 Dancing,jon-keith,mourning-2-dancing,jon-keith,mourning-2-dancing,2026-04-02,https://storage.googleapis.com/music8-json-prod/data/songs/jon-keith_mourning-2-dancing.json
2ed978cc-b530-48ae-af3c-94bc05caa291,Jonas Blue - Alien,Jonas Blue,Alien,jonas-blue,sabrina-carpenter-alien,jonas-blue,sabrina-carpenter-alien,2018-03-15,https://storage.googleapis.com/music8-json-prod/data/songs/jonas-blue_sabrina-carpenter-alien.json
1d98eb60-99fc-419c-8a47-121781322b03,Jonathan Davis - Seventy Thorns Feat. Jonathan Davis,Jonathan Davis,Seventy Thorns Feat. Jonathan Davis,jonathan-davis,seventy-thorns,jonathan-davis,seventy-thorns,2023-02-17,https://storage.googleapis.com/music8-json-prod/data/songs/jonathan-davis_seventy-thorns.json
62251b61-fe2f-4856-993d-84bbe85e3fd8,Jonita Gandhi - Hello,Jonita Gandhi,Hello,jonita-gandhi,hello-6,jonita-gandhi,hello-6,2025-10-02,https://storage.googleapis.com/music8-json-prod/data/songs/jonita-gandhi_hello-6.json
ee2b915a-976d-4aa8-aee1-0881cb26a63b,Jools Holland - Almost Like Being In Love,Jools Holland,Almost Like Being In Love,jools-holland,almost-like-being-in-love-2,jools-holland,almost-like-being-in-love-2,2023-12-19,https://storage.googleapis.com/music8-json-prod/data/songs/jools-holland_almost-like-being-in-love-2.json
8cb1b78c-0d16-4db0-8a57-0958dafade28,Jools Holland - Pennies From Heaven,Jools Holland,Pennies From Heaven,jools-holland,pennies-from-heaven,jools-holland,pennies-from-heaven,2024-02-14,https://storage.googleapis.com/music8-json-prod/data/songs/jools-holland_pennies-from-heaven.json
b0f6b3b4-74cd-4ff5-8ea7-60eff7d84a57,Joony - Jealousy,Joony,Jealousy,joony,jealousy-6,joony,jealousy-6,2024-09-19,https://storage.googleapis.com/music8-json-prod/data/songs/joony_jealousy-6.json
ed2c30e4-7b4f-4965-8a13-2bd8d488febd,Jordan Ward - Head.rap,Jordan Ward,Head.rap,jordan-ward,head-rap,jordan-ward,head-rap,2024-04-26,https://storage.googleapis.com/music8-json-prod/data/songs/jordan-ward_head-rap.json
dd73295f-ebe2-494e-958b-f315083bf2aa,Jorja Smith - Down For You,Jorja Smith,Down For You,jorja-smith,down-for-you,jorja-smith,down-for-you,2025-10-09,https://storage.googleapis.com/music8-json-prod/data/songs/jorja-smith_down-for-you.json
9fb18154-da07-4af6-be71-ed98de0a855e,Jorja Smith - July,Jorja Smith,July,jorja-smith,july-3,jorja-smith,july-3,2026-04-08,https://storage.googleapis.com/music8-json-prod/data/songs/jorja-smith_july-3.json
ca227f56-b430-4901-9f6c-d817ed737cad,Jorja Smith - Wifey Riddim,Jorja Smith,Wifey Riddim,jorja-smith,wifey-riddim,jorja-smith,wifey-riddim,2025-02-27,https://storage.googleapis.com/music8-json-prod/data/songs/jorja-smith_wifey-riddim.json
b4ff3ffd-fe2d-4ce3-afeb-f085e7e41535,Josephine Oniyama - Idlewild,Josephine Oniyama,Idlewild,josephine-oniyama,idlewild,josephine-oniyama,idlewild,2016-04-28,https://storage.googleapis.com/music8-json-prod/data/songs/josephine-oniyama_idlewild.json
5f86f94c-6ec2-4320-8699-f7b0f6b6f5b9,Josh Dun - In My Head,Josh Dun,In My Head,josh-dun,in-my-head-ft-josh-dun,josh-dun,in-my-head-ft-josh-dun,2022-03-31,https://storage.googleapis.com/music8-json-prod/data/songs/josh-dun_in-my-head-ft-josh-dun.json
66172349-7880-46d5-b199-a2cbc0dd1ea9,Josh Rubin - Stay,Josh Rubin,Stay,josh-rubin,stay-3,josh-rubin,stay-3,2023-01-19,https://storage.googleapis.com/music8-json-prod/data/songs/josh-rubin_stay-3.json
d23dd9a0-8dd0-403a-98a8-e82d2720b875,Joyia - Burn,Joyia,Burn,joyia,burn-8,joyia,burn-8,2026-02-12,https://storage.googleapis.com/music8-json-prod/data/songs/joyia_burn-8.json
f6cf1632-f7ea-4555-a914-a027963e2c4a,Joyner Lucas - Tantrum,Joyner Lucas,Tantrum,joyner-lucas,tantrum,joyner-lucas,tantrum,2024-12-12,https://storage.googleapis.com/music8-json-prod/data/songs/joyner-lucas_tantrum.json
78b926db-2f7a-478f-b326-27d9b43308d5,JT - Noises + Jt,JT,Noises + Jt,jt,noises-jt,jt,noises-jt,2025-10-27,https://storage.googleapis.com/music8-json-prod/data/songs/jt_noises-jt.json
01df1053-e864-441c-86fe-8cef5cbbc50e,Judah & The Lion - Pictures,Judah & The Lion,Pictures,judah-the-lion,pictures,judah-the-lion,pictures,2019-08-06,https://storage.googleapis.com/music8-json-prod/data/songs/judah-the-lion_pictures.json
ef408ee5-d3bc-40dd-972b-eacb1325879a,Juice WRLD - Go,Juice WRLD,Go,juice-wrld,go-2,juice-wrld,go-2,2021-07-26,https://storage.googleapis.com/music8-json-prod/data/songs/juice-wrld_go-2.json
720d9ee7-78c0-4d59-bd80-924f6202c274,Juice WRLD - Suicidal,Juice WRLD,Suicidal,juice-wrld,suicidal,juice-wrld,suicidal,2019-11-21,https://storage.googleapis.com/music8-json-prod/data/songs/juice-wrld_suicidal.json
ce2362bf-2781-46af-8dbf-efb02ba80f1b,Juice WRLD - Whoa,Juice WRLD,Whoa,juice-wrld,whoa,juice-wrld,whoa,2025-05-30,https://storage.googleapis.com/music8-json-prod/data/songs/juice-wrld_whoa.json
2e71e45b-6751-4426-849a-5096858bf721,Julia Church - Back To Life,Julia Church,Back To Life,julia-church,back-to-life,julia-church,back-to-life,2025-03-03,https://storage.googleapis.com/music8-json-prod/data/songs/julia-church_back-to-life.json
74850166-b43d-4b6b-a148-09b26f7e5c3d,Julia Church - Magnetic,Julia Church,Magnetic,julia-church,magnetic-2,julia-church,magnetic-2,2025-08-09,https://storage.googleapis.com/music8-json-prod/data/songs/julia-church_magnetic-2.json
9877c5c8-bacd-427f-81f7-c44cd678fa30,Julia Cumming - The Secret He Had Missed,Julia Cumming,The Secret He Had Missed,julia-cumming,the-secret-he-had-missed,julia-cumming,the-secret-he-had-missed,2021-09-09,https://storage.googleapis.com/music8-json-prod/data/songs/julia-cumming_the-secret-he-had-missed.json
cf0d7e3b-8952-4587-ae71-8205891e3d8e,Julia Michaels - Carry Me,Julia Michaels,Carry Me,julia-michaels,carry-me,julia-michaels,carry-me,2016-05-12,https://storage.googleapis.com/music8-json-prod/data/songs/julia-michaels_carry-me.json
fe328152-aa6b-4466-a8c6-6b1d1548a2ee,Julia Michaels - Daisy,Julia Michaels,Daisy,julia-michaels,daisy,julia-michaels,daisy,2015-05-17,https://storage.googleapis.com/music8-json-prod/data/songs/julia-michaels_daisy.json
0689d3fc-ba30-4b14-b33a-15ccc98710bc,Julia Michaels - Help Me Out,Julia Michaels,Help Me Out,julia-michaels,help-me-out,julia-michaels,help-me-out,2018-06-14,https://storage.googleapis.com/music8-json-prod/data/songs/julia-michaels_help-me-out.json
d3b0df2d-88bf-492d-b69f-67a06f425a29,Julia Sanina - Higher Calling,Julia Sanina,Higher Calling,julia-sanina,higher-calling,julia-sanina,higher-calling,2025-03-27,https://storage.googleapis.com/music8-json-prod/data/songs/julia-sanina_higher-calling.json
e70ac5f8-98f4-4963-9ed2-02206d65b950,Julia Westlin - Beautiful,Julia Westlin,Beautiful,julia-westlin,beautiful-2,julia-westlin,beautiful-2,2025-04-10,https://storage.googleapis.com/music8-json-prod/data/songs/julia-westlin_beautiful-2.json
7bc1fdf3-4780-45e6-801c-c162259d24c6,Julian Perretta - Substitution,Julian Perretta,Substitution,julian-perretta,substitution,julian-perretta,substitution,2023-03-30,https://storage.googleapis.com/music8-json-prod/data/songs/julian-perretta_substitution.json
fd5db886-69aa-4325-ab5a-3c409b5d5ee6,Jungleboi - Flames,Jungleboi,Flames,jungleboi,flames-2,jungleboi,flames-2,2020-04-10,https://storage.googleapis.com/music8-json-prod/data/songs/jungleboi_flames-2.json
5b89f512-eeab-4cd6-8cae-1a6885e3cc0c,Junoflo - Luv Luv,Junoflo,Luv Luv,junoflo,luv-luv,junoflo,luv-luv,2019-06-04,https://storage.googleapis.com/music8-json-prod/data/songs/junoflo_luv-luv.json
824a1597-aeb0-472c-891f-6e235b67b8d9,Justice - Wake Me Up,Justice,Wake Me Up,justice,wake-me-up-4,justice,wake-me-up-4,2025-01-30,https://storage.googleapis.com/music8-json-prod/data/songs/justice_wake-me-up-4.json
5f0ffcd6-b9a5-4bf0-835b-5ab9ab3fad39,Justin Bieber - Attention,Justin Bieber,Attention,justin-bieber,attention-2,justin-bieber,attention-2,2022-03-02,https://storage.googleapis.com/music8-json-prod/data/songs/justin-bieber_attention-2.json
f92650be-ac3f-4d33-8f93-ad7bee7982c9,Justin Bieber - Deja Vu,Justin Bieber,Deja Vu,justin-bieber,deja-vu-2,justin-bieber,deja-vu-2,2016-12-08,https://storage.googleapis.com/music8-json-prod/data/songs/justin-bieber_deja-vu-2.json
dca43f9a-835b-42fb-aff6-b8faf07fa9be,Justin Bieber - Love Yourself,Justin Bieber,Love Yourself,,,justin-bieber,love-yourself,,https://storage.googleapis.com/music8-json-prod/data/songs/justin-bieber_love-yourself.json
a2fa0600-e9aa-436f-bda9-df6e230629bb,Justin Bieber - Sorry,Justin Bieber,Sorry,,,justin-bieber,sorry,,https://storage.googleapis.com/music8-json-prod/data/songs/justin-bieber_sorry.json
b866b9f3-1dcf-4aba-81d9-dbb8118ab8c7,Justin Bieber - Stay,Justin Bieber,Stay,justin-bieber,stay-2,justin-bieber,stay-2,2021-07-08,https://storage.googleapis.com/music8-json-prod/data/songs/justin-bieber_stay-2.json
69488345-b27b-46b5-9c36-3b4101ce929d,Justin Jesso - Beautiful World,Justin Jesso,Beautiful World,justin-jesso,beautiful-world-2,justin-jesso,beautiful-world-2,2023-07-10,https://storage.googleapis.com/music8-json-prod/data/songs/justin-jesso_beautiful-world-2.json
da751a25-d71b-4443-ae5f-2412aeba11e5,"Justin Jesso - Over You,",Justin Jesso,"Over You,",justin-jesso,over-you-2,justin-jesso,over-you-2,2024-11-07,https://storage.googleapis.com/music8-json-prod/data/songs/justin-jesso_over-you-2.json
0d1f08d2-315f-4c9c-bf94-f5c0668c9bc8,Justin Timberlake - 4 Minutes,Justin Timberlake,4 Minutes,justin-timberlake,4-minutes,justin-timberlake,4-minutes,2009-09-17,https://storage.googleapis.com/music8-json-prod/data/songs/justin-timberlake_4-minutes.json
075e93b2-9960-4042-ba52-bb313932c1e7,Justin Timberlake - Can't Stop The Feeling!,Justin Timberlake,Can't Stop The Feeling!,,,justin-timberlake,cant-stop-the-feeling,,https://storage.googleapis.com/music8-json-prod/data/songs/justin-timberlake_cant-stop-the-feeling.json
78c5da86-4ec6-4a23-b8e8-0274e81c8664,Justin Timberlake - Give It To Me,Justin Timberlake,Give It To Me,justin-timberlake,give-it-to-me-2,justin-timberlake,give-it-to-me-2,2007-04-02,https://storage.googleapis.com/music8-json-prod/data/songs/justin-timberlake_give-it-to-me-2.json
112767de-4845-4eb7-bcee-c63915d3c115,Justin Timberlake - Keep Going Up,Justin Timberlake,Keep Going Up,justin-timberlake,keep-going-up,justin-timberlake,keep-going-up,2023-08-31,https://storage.googleapis.com/music8-json-prod/data/songs/justin-timberlake_keep-going-up.json
8ecab463-d291-4f84-a1b7-3ee5fe46d7b7,Justin Timberlake - Love Never Felt So Good,Justin Timberlake,Love Never Felt So Good,justin-timberlake,love-never-felt-so-good,justin-timberlake,love-never-felt-so-good,2014-05-08,https://storage.googleapis.com/music8-json-prod/data/songs/justin-timberlake_love-never-felt-so-good.json
85e9e67e-20ca-4c76-81b7-5256ee6995b4,Justin Timberlake - The Other Side,Justin Timberlake,The Other Side,justin-timberlake,the-other-side-2,justin-timberlake,the-other-side-2,2020-02-26,https://storage.googleapis.com/music8-json-prod/data/songs/justin-timberlake_the-other-side-2.json
37defa69-7a36-4ce5-abb0-de7b27a80a74,Jutes - Rot,Jutes,Rot,jutes,rot,jutes,rot,2025-01-07,https://storage.googleapis.com/music8-json-prod/data/songs/jutes_rot.json
1a554f1b-7b40-4509-98e1-5dbd6cfde26e,jxdn - La Di Die,jxdn,La Di Die,jxdn,la-di-die,jxdn,la-di-die,2021-02-18,https://storage.googleapis.com/music8-json-prod/data/songs/jxdn_la-di-die.json
aea4cf11-bcd2-4a29-b7f6-1b2976fc7b84,K Flay - So Slow,K Flay,So Slow,k-flay,so-slow,k-flay,so-slow,2020-05-21,https://storage.googleapis.com/music8-json-prod/data/songs/k-flay_so-slow.json
63c46663-8b0e-4585-a3d6-0b6b5941e527,Käärijä - Raveyard,Käärijä,Raveyard,kaarija,raveyard,kaarija,raveyard,2025-09-02,https://storage.googleapis.com/music8-json-prod/data/songs/kaarija_raveyard.json
c659e906-da0e-4b2c-845d-5ff93a67cec9,Kacey Musgraves - Easy,Kacey Musgraves,Easy,kacey-musgraves,easy-3,kacey-musgraves,easy-3,2020-12-09,https://storage.googleapis.com/music8-json-prod/data/songs/kacey-musgraves_easy-3.json
4cb4c2da-5d90-41d4-a786-ec742a409d7e,Kacey Musgraves - I Remember Everything,Kacey Musgraves,I Remember Everything,kacey-musgraves,i-remember-everything,kacey-musgraves,i-remember-everything,2023-08-31,https://storage.googleapis.com/music8-json-prod/data/songs/kacey-musgraves_i-remember-everything.json
caa79648-6c6f-411c-aa0c-37f67ca943d2,Kah-Lo - Take Your Vibes And Go,Kah-Lo,Take Your Vibes And Go,kah-lo,take-your-vibes-and-go,kah-lo,take-your-vibes-and-go,2024-08-13,https://storage.googleapis.com/music8-json-prod/data/songs/kah-lo_take-your-vibes-and-go.json
353a0c1b-f146-4e2d-881b-c2d566df4f89,Kah-Lo - Woof,Kah-Lo,Woof,kah-lo,woof,kah-lo,woof,2024-08-23,https://storage.googleapis.com/music8-json-prod/data/songs/kah-lo_woof.json
cda5f27a-59f9-4008-aeb4-ff054bca6f41,Kailee Morgue - In My Head,Kailee Morgue,In My Head,kailee-morgue,in-my-head-scream-vi,kailee-morgue,in-my-head-scream-vi,2023-03-09,https://storage.googleapis.com/music8-json-prod/data/songs/kailee-morgue_in-my-head-scream-vi.json
cf8b6d83-8517-414e-a4ae-9220fa215dca,Kajagoogoo - Charm Of A Gun,Kajagoogoo,Charm Of A Gun,,,kajagoogoo,charm-of-a-gun,2015-09-16,https://storage.googleapis.com/music8-json-prod/data/songs/kajagoogoo_charm-of-a-gun.json
18933ba8-b19f-44bd-b7e0-38daf76f0b56,Kajagoogoo - Do I,Kajagoogoo,Do I,,,kajagoogoo,do1,2015-09-16,https://storage.googleapis.com/music8-json-prod/data/songs/kajagoogoo_do1.json
3572120c-aecf-4594-a027-7e23873e3eda,Kajagoogoo - Kajagoogoo,Kajagoogoo,Kajagoogoo,,,kajagoogoo,kajagoogoo,2015-09-16,https://storage.googleapis.com/music8-json-prod/data/songs/kajagoogoo_kajagoogoo.json
02ecb3c3-aeca-4910-aed9-3aa443e3b78b,Kajagoogoo - Lies & Promises,Kajagoogoo,Lies & Promises,,,kajagoogoo,lies-promises,2015-09-16,https://storage.googleapis.com/music8-json-prod/data/songs/kajagoogoo_lies-promises.json
d5a77a93-b628-44f9-92b8-311b4ee3b658,Kajagoogoo - Mouth,Kajagoogoo,Mouth,,,kajagoogoo,mouth,2017-02-18,https://storage.googleapis.com/music8-json-prod/data/songs/kajagoogoo_mouth.json
46776930-5e88-4dff-815a-525647bc2525,Kajagoogoo - Never Ending Story,Kajagoogoo,Never Ending Story,,,kajagoogoo,never-ending-story,2017-07-24,https://storage.googleapis.com/music8-json-prod/data/songs/kajagoogoo_never-ending-story.json
4965b6c8-9ce5-4938-88d8-71db5346e136,Kajagoogoo - Only For Love,Kajagoogoo,Only For Love,,,kajagoogoo,only-for-love,2015-09-11,https://storage.googleapis.com/music8-json-prod/data/songs/kajagoogoo_only-for-love.json
d1d04ff6-4a92-4337-b774-7664602334f5,Kajagoogoo - Ooh To Be Ah,Kajagoogoo,Ooh To Be Ah,,,kajagoogoo,ooh-to-be-ah,2015-09-11,https://storage.googleapis.com/music8-json-prod/data/songs/kajagoogoo_ooh-to-be-ah.json
c3a78f01-dd33-4141-80e4-015824cf9d2a,Kajagoogoo - That,Kajagoogoo,That,,,kajagoogoo,that,2017-02-20,https://storage.googleapis.com/music8-json-prod/data/songs/kajagoogoo_that.json
0e7e1c7a-b4c7-4504-85d9-2624c1667bdd,Kajagoogoo - The Power To Forgive,Kajagoogoo,The Power To Forgive,,,kajagoogoo,the-power-to-forgive,2015-09-16,https://storage.googleapis.com/music8-json-prod/data/songs/kajagoogoo_the-power-to-forgive.json
c2af941a-9e1c-4bf4-a513-440765fe199b,Kajagoogoo - Too Shy,Kajagoogoo,Too Shy,,,kajagoogoo,too-shy,2015-09-11,https://storage.googleapis.com/music8-json-prod/data/songs/kajagoogoo_too-shy.json
1f76d768-df44-4217-a80d-229c2dda7c7e,Kajagoogoo - Turn Your Back On Me,Kajagoogoo,Turn Your Back On Me,,,kajagoogoo,turn-your-back-on-me,2015-09-11,https://storage.googleapis.com/music8-json-prod/data/songs/kajagoogoo_turn-your-back-on-me.json
c846b828-680c-4a71-a747-4ed535d7eac4,Kajagoogoo - White Feathers,Kajagoogoo,White Feathers,,,kajagoogoo,white-feathers,2015-09-16,https://storage.googleapis.com/music8-json-prod/data/songs/kajagoogoo_white-feathers.json
1df48cd0-6270-423e-8c79-8b451c3db2b7,Kali Uchis - Is It A Crime,Kali Uchis,Is It A Crime,kali-uchis,is-it-a-crime-3,kali-uchis,is-it-a-crime-3,2025-10-02,https://storage.googleapis.com/music8-json-prod/data/songs/kali-uchis_is-it-a-crime-3.json
8d53243e-7cfc-4cdc-97f2-db1dba3f00a3,Kalki - Power Of Magic,Kalki,Power Of Magic,kalki,power-of-magic,kalki,power-of-magic,2019-12-22,https://storage.googleapis.com/music8-json-prod/data/songs/kalki_power-of-magic.json
77612218-1951-4960-93ae-d540c0e5e4b6,Kamasi Washington - Wanted,Kamasi Washington,Wanted,kamasi-washington,wanted-3,kamasi-washington,wanted-3,2024-09-26,https://storage.googleapis.com/music8-json-prod/data/songs/kamasi-washington_wanted-3.json
eb42e2f1-2ce0-4e08-8eea-a6f555eeb96f,Kane Brown - Miles On It,Kane Brown,Miles On It,kane-brown,miles-on-it,kane-brown,miles-on-it,2024-05-28,https://storage.googleapis.com/music8-json-prod/data/songs/kane-brown_miles-on-it.json
933a95c7-725c-453f-8113-de80c0f00100,Kane Brown - One Thing Right,Kane Brown,One Thing Right,kane-brown,one-thing-right,kane-brown,one-thing-right,2019-06-20,https://storage.googleapis.com/music8-json-prod/data/songs/kane-brown_one-thing-right.json
2c24f62e-d98d-4f3c-a278-d2ac59562854,Kano - Home Sweet Home,Kano,Home Sweet Home,kano,home-sweet-home-2,kano,home-sweet-home-2,2025-05-02,https://storage.googleapis.com/music8-json-prod/data/songs/kano_home-sweet-home-2.json
36071855-0cf1-4b99-940f-5e67af1029ac,Kansas - Dust In The Wind,Kansas,Dust In The Wind,,,kansas,dust-in-the-wind,,https://storage.googleapis.com/music8-json-prod/data/songs/kansas_dust-in-the-wind.json
18583216-4c79-49ce-b76c-9c5ad89f1d3c,Karafizi - In Between,Karafizi,In Between,karafizi,in-between,karafizi,in-between,2024-10-24,https://storage.googleapis.com/music8-json-prod/data/songs/karafizi_in-between.json
1312156c-994d-4a42-bc8a-518a71b9c750,Karan Kanchan - Bhussi,Karan Kanchan,Bhussi,karan-kanchan,bhussi,karan-kanchan,bhussi,2023-07-05,https://storage.googleapis.com/music8-json-prod/data/songs/karan-kanchan_bhussi.json
0b4b4ea3-b516-47e0-b311-1d9d66fe8dbd,Karen Harding - Oops,Karen Harding,Oops,karen-harding,oops,karen-harding,oops,2023-03-20,https://storage.googleapis.com/music8-json-prod/data/songs/karen-harding_oops.json
26ceb069-39de-4aed-9787-b8b27dfb5a2f,KAROL G - ÚNica,KAROL G,ÚNica,karol-g,unica,karol-g,unica,2025-11-20,https://storage.googleapis.com/music8-json-prod/data/songs/karol-g_unica.json
03fed5f8-513b-4474-8a74-f3c1d9687133,Karun - Anticipate,Karun,Anticipate,karun,anticipate,karun,anticipate,2023-07-31,https://storage.googleapis.com/music8-json-prod/data/songs/karun_anticipate.json
7f2b517b-6689-462f-95ce-78f97fc7a30f,Kate Bush - Don't Give Up,Kate Bush,Don't Give Up,kate-bush,dont-give-up,kate-bush,dont-give-up,1986-05-18,https://storage.googleapis.com/music8-json-prod/data/songs/kate-bush_dont-give-up.json
d25b2750-1ab2-46fd-9147-3ee8587f83bc,Kate Moss - Some Velvet Morning,Kate Moss,Some Velvet Morning,kate-moss,some-velvet-morning,kate-moss,some-velvet-morning,2019-05-24,https://storage.googleapis.com/music8-json-prod/data/songs/kate-moss_some-velvet-morning.json
8a1c8b51-b392-4f2d-b1ee-770838dfa82b,Kate Pierson - Shiny Happy People,Kate Pierson,Shiny Happy People,kate-pierson,shiny-happy-people,kate-pierson,shiny-happy-people,1991-03-11,https://storage.googleapis.com/music8-json-prod/data/songs/kate-pierson_shiny-happy-people.json
41a2adff-d8c2-4ca1-8a54-408ecadc92ef,Katie Gavin - Reminds Me,Katie Gavin,Reminds Me,katie-gavin,reminds-me,katie-gavin,reminds-me,2025-09-15,https://storage.googleapis.com/music8-json-prod/data/songs/katie-gavin_reminds-me.json
605b68d5-f130-446a-a5e5-112c52532e72,Katseye - Gnarly,Katseye,Gnarly,,,katseye,gnarly,,https://storage.googleapis.com/music8-json-prod/data/songs/katseye_gnarly.json
cf70bc23-5d2a-4552-bda9-324740fce7cb,Katy B - Push The Tempo,Katy B,Push The Tempo,katy-b,push-the-tempo,katy-b,push-the-tempo,2024-10-24,https://storage.googleapis.com/music8-json-prod/data/songs/katy-b_push-the-tempo.json
a17f8e0f-ebe2-4e81-b0c4-d7a625b09052,Katy J Pearson - When The Laughter Stops,Katy J Pearson,When The Laughter Stops,katy-j-pearson,when-the-laughter-stops,katy-j-pearson,when-the-laughter-stops,2024-02-09,https://storage.googleapis.com/music8-json-prod/data/songs/katy-j-pearson_when-the-laughter-stops.json
d286d44e-0087-4312-a1a6-513d4a286574,Katy Perry - 365,Katy Perry,365,katy-perry,365,katy-perry,365,2019-02-13,https://storage.googleapis.com/music8-json-prod/data/songs/katy-perry_365.json
1bbbb8bb-2773-4f34-b2e1-d88798a157e3,Katy Perry - Dark Horse,Katy Perry,Dark Horse,,,katy-perry,dark-horse,,https://storage.googleapis.com/music8-json-prod/data/songs/katy-perry_dark-horse.json
cc6ab1df-50f9-4da4-a286-62fcc1dc95fe,Katy Perry - Firework.,Katy Perry,Firework.,,,katy-perry,firework,,https://storage.googleapis.com/music8-json-prod/data/songs/katy-perry_firework.json
3c9a8536-1b58-4c82-b13b-40b405725790,Katy Perry - Roar,Katy Perry,Roar,,,katy-perry,roar,,https://storage.googleapis.com/music8-json-prod/data/songs/katy-perry_roar.json
5044a3ff-5f92-43c4-a35c-a90a4787a743,KAYLA KING - Kiss From A Rose,KAYLA KING,Kiss From A Rose,kayla-king,kiss-from-a-rose-2,kayla-king,kiss-from-a-rose-2,2022-11-17,https://storage.googleapis.com/music8-json-prod/data/songs/kayla-king_kiss-from-a-rose-2.json
9479acc4-5012-4be6-b819-fecf02ff2646,"KC & The Sunshine Band - Yes, I'm Ready",KC & The Sunshine Band,"Yes, I'm Ready",kc-the-sunshine-band,yes-im-ready,kc-the-sunshine-band,yes-im-ready,2023-06-28,https://storage.googleapis.com/music8-json-prod/data/songs/kc-the-sunshine-band_yes-im-ready.json
1414a901-8305-4bf2-bf92-0e5688a3a5fd,Ke$ha - Tik Tok,Ke$ha,Tik Tok,,,ke-ha,tik-tok,,https://storage.googleapis.com/music8-json-prod/data/songs/ke-ha_tik-tok.json
c9364537-4df9-4180-b25f-bfb74687230e,Kehlani - Folded Remix,Kehlani,Folded Remix,kehlani,folded-remix,kehlani,folded-remix,2025-08-27,https://storage.googleapis.com/music8-json-prod/data/songs/kehlani_folded-remix.json
c6180383-b2aa-44ad-9d26-839ea0f9ecc6,Kehlani - Good Thing,Kehlani,Good Thing,kehlani,good-thing-2,kehlani,good-thing-2,2019-09-26,https://storage.googleapis.com/music8-json-prod/data/songs/kehlani_good-thing-2.json
392e8ec3-2b3a-4981-aa39-6981847a512a,Kehlani - I Need You,Kehlani,I Need You,brandy,i-need-you-4,brandy,i-need-you-4,2026-04-23,https://storage.googleapis.com/music8-json-prod/data/songs/brandy_i-need-you-4.json
37544e16-1b86-4391-9a03-b9f2bb92e690,Kehlani - Pocket,Kehlani,Pocket,cardi-b,pocket-2,cardi-b,pocket-2,2026-04-23,https://storage.googleapis.com/music8-json-prod/data/songs/cardi-b_pocket-2.json
707ce2c8-e0b2-4e6f-92f8-cc8ffe330b69,Kehlani - Sugar Sweet,Kehlani,Sugar Sweet,kehlani,sugar-sweet-2,kehlani,sugar-sweet-2,2025-07-24,https://storage.googleapis.com/music8-json-prod/data/songs/kehlani_sugar-sweet-2.json
a16bc830-eba3-4a08-a5b2-ffdfc056d2eb,Kehlani - Tears,Kehlani,Tears,kehlani,tears-2,kehlani,tears-2,2024-06-21,https://storage.googleapis.com/music8-json-prod/data/songs/kehlani_tears-2.json
19ff5959-f21f-4ec6-b2b6-e953b0fc5e58,Kehlani - Worst Behaviour,Kehlani,Worst Behaviour,kehlani,worst-behaviour,kehlani,worst-behaviour,2025-02-14,https://storage.googleapis.com/music8-json-prod/data/songs/kehlani_worst-behaviour.json
ac5f390e-75fc-4870-aab8-db98a41a8c8e,Kehlani - Wrong,Kehlani,Wrong,kehlani,wrong,kehlani,wrong,2016-03-25,https://storage.googleapis.com/music8-json-prod/data/songs/kehlani_wrong.json
bc59bd56-b7e4-4e9a-bde1-383a96ca690f,Keith Urban - Highway Don't Care,Keith Urban,Highway Don't Care,keith-urban,highway-dont-care,keith-urban,highway-dont-care,2013-05-06,https://storage.googleapis.com/music8-json-prod/data/songs/keith-urban_highway-dont-care.json
253ee913-7b77-456d-9ac0-2f8c3892afe6,KEL - Khoye Yahaan,KEL,Khoye Yahaan,kel,khoye-yahaan,kel,khoye-yahaan,2024-10-30,https://storage.googleapis.com/music8-json-prod/data/songs/kel_khoye-yahaan.json
0f31a5f6-d083-4a4e-99b0-dd3121362e6f,Kelli-Leigh - Calling For A Sign,Kelli-Leigh,Calling For A Sign,kelli-leigh,calling-for-a-sign,kelli-leigh,calling-for-a-sign,2023-04-26,https://storage.googleapis.com/music8-json-prod/data/songs/kelli-leigh_calling-for-a-sign.json
85d5733b-5cb9-4cdc-835e-8b7b0275be24,Kellin Quinn - How Could You Do This To Me?,Kellin Quinn,How Could You Do This To Me?,kellin-quinn,how-could-you-do-this-to-me,kellin-quinn,how-could-you-do-this-to-me,2022-09-15,https://storage.googleapis.com/music8-json-prod/data/songs/kellin-quinn_how-could-you-do-this-to-me.json
7b67ed4a-0e1d-4804-bd05-46cbe49dfb09,Kelly Clarkson - I'm Movin' On,Kelly Clarkson,I'm Movin' On,kelly-clarkson,im-movin-on,kelly-clarkson,im-movin-on,2025-03-13,https://storage.googleapis.com/music8-json-prod/data/songs/kelly-clarkson_im-movin-on.json
81e5a3d8-f7e9-4b4b-9f44-4e4235be8fba,Kelly Price - Mama,Kelly Price,Mama,kelly-price,mama-2,kelly-price,mama-2,2025-05-10,https://storage.googleapis.com/music8-json-prod/data/songs/kelly-price_mama-2.json
e708e899-ba3e-437a-85dd-59aab6b43bc4,Kelly Rowland - Crash,Kelly Rowland,Crash,kelly-rowland,crash-5,kelly-rowland,crash-5,2025-06-06,https://storage.googleapis.com/music8-json-prod/data/songs/kelly-rowland_crash-5.json
db1a9171-4a49-4aae-9354-83bed4905217,Kelly Rowland - Invincible,Kelly Rowland,Invincible,kelly-rowland,invincible-2,kelly-rowland,invincible-2,2010-12-06,https://storage.googleapis.com/music8-json-prod/data/songs/kelly-rowland_invincible-2.json
89d39eb8-0a64-4806-bea4-c5701009a197,Kendrick Lamar - Bad Blood,Kendrick Lamar,Bad Blood,kendrick-lamar,bad-blood-4,kendrick-lamar,bad-blood-4,2015-05-17,https://storage.googleapis.com/music8-json-prod/data/songs/kendrick-lamar_bad-blood-4.json
5bf312a9-9538-4474-9d3d-aa6bbb13cc87,Kendrick Lamar - Don't Wanna Know,Kendrick Lamar,Don't Wanna Know,kendrick-lamar,dont-wanna-know,kendrick-lamar,dont-wanna-know,2018-06-14,https://storage.googleapis.com/music8-json-prod/data/songs/kendrick-lamar_dont-wanna-know.json
69a3778d-8d29-490b-83ff-90df04ccd8c4,Kendrick Lamar - Doves In The Wind,Kendrick Lamar,Doves In The Wind,kendrick-lamar,doves-in-the-wind,kendrick-lamar,doves-in-the-wind,2018-04-26,https://storage.googleapis.com/music8-json-prod/data/songs/kendrick-lamar_doves-in-the-wind.json
d06c3a62-610c-45e6-919c-e51da6671581,Kendrick Lamar - Tv Off,Kendrick Lamar,Tv Off,kendrick-lamar,tv-off-2,kendrick-lamar,tv-off-2,2024-11-22,https://storage.googleapis.com/music8-json-prod/data/songs/kendrick-lamar_tv-off-2.json
3b232a9c-fec9-4f40-9977-3057bed627c7,Kenny Beats - Daria,Kenny Beats,Daria,kenny-beats,daria,kenny-beats,daria,2025-02-12,https://storage.googleapis.com/music8-json-prod/data/songs/kenny-beats_daria.json
65dc78e0-83b3-432d-8e79-a63ffd9f1ecd,Kenny Loggins - Danger Zone,Kenny Loggins,Danger Zone,,,kenny-loggins,danger-zone,,https://storage.googleapis.com/music8-json-prod/data/songs/kenny-loggins_danger-zone.json
c66efd2d-b646-4509-a349-93a765b643a9,KERLI - By The Light Of The Moon,KERLI,By The Light Of The Moon,kerli,by-the-light-of-the-moon,kerli,by-the-light-of-the-moon,2026-01-09,https://storage.googleapis.com/music8-json-prod/data/songs/kerli_by-the-light-of-the-moon.json
8e5bbaf8-cc2a-4b19-b8cf-89682b41c26a,Kero Kero Bonito - The Situation,Kero Kero Bonito,The Situation,kero-kero-bonito,the-situation,kero-kero-bonito,the-situation,2024-09-04,https://storage.googleapis.com/music8-json-prod/data/songs/kero-kero-bonito_the-situation.json
5515d38e-ad6c-4169-b765-952d64d9a917,Kes - Mood,Kes,Mood,kes,mood-2,kes,mood-2,2023-04-14,https://storage.googleapis.com/music8-json-prod/data/songs/kes_mood-2.json
f83b1c9c-9aee-4241-95c5-c89c96508f73,Kesha - Body Talks,Kesha,Body Talks,kesha,body-talks,kesha,body-talks,2018-10-18,https://storage.googleapis.com/music8-json-prod/data/songs/kesha_body-talks.json
0dece8a9-6f11-4ffe-9330-4597bdca8ec6,Kesha - True Colors,Kesha,True Colors,kesha,zedd-true-colors,kesha,zedd-true-colors,2016-04-28,https://storage.googleapis.com/music8-json-prod/data/songs/kesha_zedd-true-colors.json
a1dbe413-006a-424d-bc82-d62f4e29001e,keshi - It's  You,keshi,It's  You,keshi,its-you,keshi,its-you,2022-09-09,https://storage.googleapis.com/music8-json-prod/data/songs/keshi_its-you.json
2fd8c655-8e37-471a-8cbd-3fee5018081a,KETTAMA - Fen Violet,KETTAMA,Fen Violet,kettama,fen-violet,kettama,fen-violet,2024-03-07,https://storage.googleapis.com/music8-json-prod/data/songs/kettama_fen-violet.json
639ad74a-b0fd-4491-945b-916ec7df6937,Kev Hannibal - Code : Break,Kev Hannibal,Code : Break,kev-hannibal,code-break,kev-hannibal,code-break,2025-05-03,https://storage.googleapis.com/music8-json-prod/data/songs/kev-hannibal_code-break.json
bb640051-00da-45d4-98bf-67098a9927c4,Kevin Abstract - Heaven,Kevin Abstract,Heaven,kevin-abstract,heaven-6,kevin-abstract,heaven-6,2024-07-10,https://storage.googleapis.com/music8-json-prod/data/songs/kevin-abstract_heaven-6.json
d9dda80b-952e-49ce-9200-d55dcd5802c5,Khalid - All I Know,Khalid,All I Know,khalid,all-i-know,khalid,all-i-know,2025-04-04,https://storage.googleapis.com/music8-json-prod/data/songs/khalid_all-i-know.json
72dc7dc1-4873-4dd9-a993-063238e096da,Khalid - Numb,Khalid,Numb,khalid,numb-2,khalid,numb-2,2022-06-09,https://storage.googleapis.com/music8-json-prod/data/songs/khalid_numb-2.json
438d3890-b555-41aa-83dd-f1d8ab1ac956,Khalid - The Hard Way,Khalid,The Hard Way,khalid,the-hard-way,khalid,the-hard-way,2023-03-10,https://storage.googleapis.com/music8-json-prod/data/songs/khalid_the-hard-way.json
33506c0d-5749-46fc-ad34-0c45a0324989,Kid Cudi - The Scotts,Kid Cudi,The Scotts,kid-cudi,the-scotts,kid-cudi,the-scotts,2020-04-24,https://storage.googleapis.com/music8-json-prod/data/songs/kid-cudi_the-scotts.json
2300e818-aa68-4bac-8324-ce2b8065fe54,KIDD - Drive,KIDD,Drive,kidd,drive-6,kidd,drive-6,2024-04-04,https://storage.googleapis.com/music8-json-prod/data/songs/kidd_drive-6.json
e0dcfec3-7b27-4029-b175-40ee8203d96b,Kiiara - Used To Be,Kiiara,Used To Be,kiiara,used-to-be,kiiara,used-to-be,2021-03-18,https://storage.googleapis.com/music8-json-prod/data/songs/kiiara_used-to-be.json
c95c011e-d31e-4cc2-bd25-20eb5ffa65f1,Killing In The Name - Rage Against The Machine,Killing In The Name,Rage Against The Machine,,,killing-in-the-name,rage-against-the-machine,,https://storage.googleapis.com/music8-json-prod/data/songs/killing-in-the-name_rage-against-the-machine.json
96187562-3712-4fb0-a9c4-6d965dfe637e,Kim Appleby - Yesterday When I Was Mad,Kim Appleby,Yesterday When I Was Mad,kim-appleby,yesterday-when-i-was-mad,kim-appleby,yesterday-when-i-was-mad,1993-01-01,https://storage.googleapis.com/music8-json-prod/data/songs/kim-appleby_yesterday-when-i-was-mad.json
09fbc334-04bd-4db8-9da5-a4fca1c019f1,Kim Petras - Unholy,Kim Petras,Unholy,kim-petras,unholy,kim-petras,unholy,2022-09-30,https://storage.googleapis.com/music8-json-prod/data/songs/kim-petras_unholy.json
5acae487-96cc-438e-87e3-03c06d9be412,Kimchii - Bring On Up Our Love,Kimchii,Bring On Up Our Love,kimchii,bring-on-up-our-love,kimchii,bring-on-up-our-love,2024-02-15,https://storage.googleapis.com/music8-json-prod/data/songs/kimchii_bring-on-up-our-love.json
85b32fd8-ed40-407e-9312-2ccf03d1be56,Kimchii - Let Love Surround You,Kimchii,Let Love Surround You,kimchii,let-love-surround-you,kimchii,let-love-surround-you,2024-02-29,https://storage.googleapis.com/music8-json-prod/data/songs/kimchii_let-love-surround-you.json
7c7534bb-69c8-48f5-84f8-4942d065bcc3,King Gnu - Aizo,King Gnu,Aizo,,,king-gnu,aizo,,https://storage.googleapis.com/music8-json-prod/data/songs/king-gnu_aizo.json
97c56ebd-eb6d-4464-9c3f-e5b395687c8a,King Gnu Official Youtube Channel - King Gnu - Aizo,King Gnu Official Youtube Channel,King Gnu - Aizo,,,king-gnu-official-youtube-channel,king-gnu-aizo,,https://storage.googleapis.com/music8-json-prod/data/songs/king-gnu-official-youtube-channel_king-gnu-aizo.json
c78ff814-63e2-44cc-835c-47fbbcc1e4be,King Gnu Official Youtube Channel - King Gnu - So Bad,King Gnu Official Youtube Channel,King Gnu - So Bad,,,king-gnu-official-youtube-channel,king-gnu-so-bad,,https://storage.googleapis.com/music8-json-prod/data/songs/king-gnu-official-youtube-channel_king-gnu-so-bad.json
d5f721f9-551e-48a8-8560-b1e49d141efd,King Krule - Empty And Silent,King Krule,Empty And Silent,king-krule,empty-and-silent,king-krule,empty-and-silent,2024-09-17,https://storage.googleapis.com/music8-json-prod/data/songs/king-krule_empty-and-silent.json
d941acce-2dcb-4e86-859e-bb587f0af95b,KING LIl G - Gangsta Funktion,KING LIl G,Gangsta Funktion,king-lil-g,gangsta-funktion,king-lil-g,gangsta-funktion,2023-07-14,https://storage.googleapis.com/music8-json-prod/data/songs/king-lil-g_gangsta-funktion.json
de02101b-9b15-4493-9c93-0ba8fd68acf8,King98 - Deepisa,King98,Deepisa,king98,deepisa,king98,deepisa,2023-12-10,https://storage.googleapis.com/music8-json-prod/data/songs/king98_deepisa.json
f3239693-307c-484d-b496-833a6e57d849,Kings Of Leon - Bowery,Kings Of Leon,Bowery,kings-of-leon,bowery,kings-of-leon,bowery,2025-08-07,https://storage.googleapis.com/music8-json-prod/data/songs/kings-of-leon_bowery.json
a6a9b62d-7c8b-4c59-976c-1b88e96d5b6b,Kirk Franklin - Mercy Ft. Kirk Franklin,Kirk Franklin,Mercy Ft. Kirk Franklin,kirk-franklin,mercy-ft-kirk-franklin,kirk-franklin,mercy-ft-kirk-franklin,2023-10-27,https://storage.googleapis.com/music8-json-prod/data/songs/kirk-franklin_mercy-ft-kirk-franklin.json
1307a46f-13df-42ee-8a56-f3e2b48ff06c,Kirk Hammett - Satan,Kirk Hammett,Satan,kirk-hammett,satan,kirk-hammett,satan,2007-11-26,https://storage.googleapis.com/music8-json-prod/data/songs/kirk-hammett_satan.json
c19d7ced-adbc-4fbc-aa60-5a838567b36e,Kirsty MacColl - Fairytale Of New York,Kirsty MacColl,Fairytale Of New York,kirsty-maccoll,fairytale-of-new-york,kirsty-maccoll,fairytale-of-new-york,2011-12-07,https://storage.googleapis.com/music8-json-prod/data/songs/kirsty-maccoll_fairytale-of-new-york.json
6b060388-4c10-483e-ade7-968c2e8ddd22,Kito - Hocus Pocus,Kito,Hocus Pocus,kito,hocus-pocus,kito,hocus-pocus,2024-10-23,https://storage.googleapis.com/music8-json-prod/data/songs/kito_hocus-pocus.json
3f941419-c78e-4e5b-97ec-0d1015602327,Knox - Long Story Short,Knox,Long Story Short,,,knox,long-story-short,,https://storage.googleapis.com/music8-json-prod/data/songs/knox_long-story-short.json
3594efce-4ec3-4999-ae34-59debf04cb5a,Knuckle Puck - Who's Laughing Now,Knuckle Puck,Who's Laughing Now,knuckle-puck,whos-laughing-now-2,knuckle-puck,whos-laughing-now-2,2025-04-18,https://storage.googleapis.com/music8-json-prod/data/songs/knuckle-puck_whos-laughing-now-2.json
ad7ac5be-a754-4605-a319-6c3ef821b356,Kodak Black - Rain Snow,Kodak Black,Rain Snow,kodak-black,rain-snow,kodak-black,rain-snow,2025-02-20,https://storage.googleapis.com/music8-json-prod/data/songs/kodak-black_rain-snow.json
1c209c56-892a-4d73-ae85-7bfae1e128db,Kodak Black - Smile Body Pretty Face,Kodak Black,Smile Body Pretty Face,kodak-black,smile-body-pretty-face,kodak-black,smile-body-pretty-face,2025-09-29,https://storage.googleapis.com/music8-json-prod/data/songs/kodak-black_smile-body-pretty-face.json
62c95722-0566-4465-ad56-72c1cef6de1f,Kodaline - Raging,Kodaline,Raging,kodaline,raging,kodaline,raging,2016-05-12,https://storage.googleapis.com/music8-json-prod/data/songs/kodaline_raging.json
b82e0edf-631b-49d5-b752-3ec6474259ac,Kojey Radical - Good Morning,Kojey Radical,Good Morning,kojey-radical,good-morning,kojey-radical,good-morning,2023-07-05,https://storage.googleapis.com/music8-json-prod/data/songs/kojey-radical_good-morning.json
fa016d94-667f-4991-ade1-6a6eb492be09,Kolohe Kai - We All Need Love,Kolohe Kai,We All Need Love,kolohe-kai,we-all-need-love,kolohe-kai,we-all-need-love,2025-05-14,https://storage.googleapis.com/music8-json-prod/data/songs/kolohe-kai_we-all-need-love.json
2d6abd7c-3d60-47f9-aca7-e04adee31fde,Kool-Aid Man - All I Really Want For Christmas,Kool-Aid Man,All I Really Want For Christmas,kool-aid-man,all-i-really-want-for-christmas,kool-aid-man,all-i-really-want-for-christmas,2018-12-17,https://storage.googleapis.com/music8-json-prod/data/songs/kool-aid-man_all-i-really-want-for-christmas.json
65269eef-3524-4310-abce-1b52d1704fc6,"Kool, The Gang - Celebration","Kool, The Gang",Celebration,,,kool-the-gang,celebration,,https://storage.googleapis.com/music8-json-prod/data/songs/kool-the-gang_celebration.json
68c0e452-125c-4d09-9837-47369e0d8653,Kota Banks - Ice U Out,Kota Banks,Ice U Out,kota-banks,ice-u-out,kota-banks,ice-u-out,2025-02-12,https://storage.googleapis.com/music8-json-prod/data/songs/kota-banks_ice-u-out.json
cd5c86fb-85ac-4a1b-b594-20069aec1f9b,KREAM - Lies,KREAM,Lies,kream,steve-aoki-lies,kream,steve-aoki-lies,2020-08-27,https://storage.googleapis.com/music8-json-prod/data/songs/kream_steve-aoki-lies.json
6d7df70f-ed7f-451b-ab8c-d450168447f1,KREAM - Tivoli,KREAM,Tivoli,kream,tivoli,kream,tivoli,2025-05-23,https://storage.googleapis.com/music8-json-prod/data/songs/kream_tivoli.json
af544e38-6d40-4f97-b16a-2dc73ec4bcac,Kristen Stewart - Who Laughs Last,Kristen Stewart,Who Laughs Last,kristen-stewart,who-laughs-last,kristen-stewart,who-laughs-last,2025-01-23,https://storage.googleapis.com/music8-json-prod/data/songs/kristen-stewart_who-laughs-last.json
d52ce116-05c7-42f8-9048-74dff4753b80,KSI - Lighter,KSI,Lighter,ksi,lighter,ksi,lighter,2020-07-23,https://storage.googleapis.com/music8-json-prod/data/songs/ksi_lighter.json
3a7c0d55-0caf-4aa8-a980-7d925499538c,Kurtis Wells - She,Kurtis Wells,She,kurtis-wells,she-2,kurtis-wells,she-2,2025-08-26,https://storage.googleapis.com/music8-json-prod/data/songs/kurtis-wells_she-2.json
60b4e14e-a02c-4242-a405-3af837bcae5e,KVLTURE - Antidote,KVLTURE,Antidote,kvlture,antidote-2,kvlture,antidote-2,2025-12-08,https://storage.googleapis.com/music8-json-prod/data/songs/kvlture_antidote-2.json
62085e92-b153-4119-acf7-493c1cf7af01,Kygo - Can't Get Enough,Kygo,Can't Get Enough,kygo,cant-get-enough-4,kygo,cant-get-enough-4,2025-05-02,https://storage.googleapis.com/music8-json-prod/data/songs/kygo_cant-get-enough-4.json
748d0332-7c9d-480c-8c91-f38e5e2936db,Kygo - Save My Love,Kygo,Save My Love,,save-my-love-2,kygo,save-my-love,2026-02-21,https://storage.googleapis.com/music8-json-prod/data/songs/kygo_save-my-love.json
fdfda80a-e830-4c0b-8ea2-16d4f6c18693,"Kygo, Justin Jesso - Stargazing Ft. Justin Jesso","Kygo, Justin Jesso",Stargazing Ft. Justin Jesso,justin-jesso,stargazing,justin-jesso,stargazing,2017-09-20,https://storage.googleapis.com/music8-json-prod/data/songs/justin-jesso_stargazing.json
7a12eaea-ebf5-4bc0-962d-0da59b6d6b57,Kylie Minogue - 10 Out Of 10,Kylie Minogue,10 Out Of 10,kylie-minogue,10-out-of-10,kylie-minogue,10-out-of-10,2023-04-04,https://storage.googleapis.com/music8-json-prod/data/songs/kylie-minogue_10-out-of-10.json
95d09d35-c626-46ef-a60e-c039c3446a2b,Kylie Minogue - Can't Get You Out Of My Head,Kylie Minogue,Can't Get You Out Of My Head,,,kylie-minogue,cant-get-you-out-of-my-head,,https://storage.googleapis.com/music8-json-prod/data/songs/kylie-minogue_cant-get-you-out-of-my-head.json
fe8f88f9-3747-4bc5-8df5-1e67279dbf69,Kylie Minogue - Dance Alone,Kylie Minogue,Dance Alone,kylie-minogue,dance-alone-2,kylie-minogue,dance-alone-2,2024-03-15,https://storage.googleapis.com/music8-json-prod/data/songs/kylie-minogue_dance-alone-2.json
d8955c79-1aad-41a8-b3f6-2bddadf8439e,Kyndle Wylde - Say You'll Be There,Kyndle Wylde,Say You'll Be There,kyndle-wylde,say-youll-be-there-vintage-style-cover,kyndle-wylde,say-youll-be-there-vintage-style-cover,2024-02-29,https://storage.googleapis.com/music8-json-prod/data/songs/kyndle-wylde_say-youll-be-there-vintage-style-cover.json
4260aa60-8d49-4323-a6e5-c0607b22c1f2,L Devine - More Life,L Devine,More Life,l-devine,more-life,l-devine,more-life,2020-09-17,https://storage.googleapis.com/music8-json-prod/data/songs/l-devine_more-life.json
69bade85-ae9f-46cb-9c27-8987867e3793,Labrinth - Frisky,Labrinth,Frisky,labrinth,frisky,labrinth,frisky,2010-05-16,https://storage.googleapis.com/music8-json-prod/data/songs/labrinth_frisky.json
51806962-584a-4368-b04c-30aaf4c8c3df,Labrinth - Incredible,Labrinth,Incredible,labrinth,incredible-2,labrinth,incredible-2,2024-04-04,https://storage.googleapis.com/music8-json-prod/data/songs/labrinth_incredible-2.json
401ca4ec-2bed-41d9-a008-71af18397440,Labrinth - Lover Not A Fighter,Labrinth,Lover Not A Fighter,labrinth,lover-not-a-fighter,labrinth,lover-not-a-fighter,2013-12-12,https://storage.googleapis.com/music8-json-prod/data/songs/labrinth_lover-not-a-fighter.json
4245e6e3-c57a-4600-961f-11998cf9878f,Lacrosse - No More Lovesongs,Lacrosse,No More Lovesongs,,,lacrosse,no-more-lovesongs,,https://storage.googleapis.com/music8-json-prod/data/songs/lacrosse_no-more-lovesongs.json
e4e2b1bc-66c8-420e-ab91-e778941f0344,Ladi6 - Go Get It,Ladi6,Go Get It,ladi6,go-get-it,ladi6,go-get-it,2012-03-25,https://storage.googleapis.com/music8-json-prod/data/songs/ladi6_go-get-it.json
cf39f294-789f-47e5-ae3d-102944205ca1,Lady Blackbird - Dark Days,Lady Blackbird,Dark Days,lady-blackbird,dark-days-2,lady-blackbird,dark-days-2,2024-03-18,https://storage.googleapis.com/music8-json-prod/data/songs/lady-blackbird_dark-days-2.json
f7fdac88-23bd-4e10-90e6-8681ed50159c,Lady Gaga - Bad Romance.,Lady Gaga,Bad Romance.,,,lady-gaga,bad-romance,,https://storage.googleapis.com/music8-json-prod/data/songs/lady-gaga_bad-romance.json
4fe0fc7f-cb3e-45bd-99dc-101fc6701d8b,Lady Gaga - Moth Into Flame (Dress Rehearsal) At The 59th Grammy Awards 2017,Lady Gaga,Moth Into Flame (Dress Rehearsal) At The 59th Grammy Awards 2017,,,lady-gaga,moth-into-flame-dress-rehearsal-at-the-59th-grammy-awards2017,,https://storage.googleapis.com/music8-json-prod/data/songs/lady-gaga_moth-into-flame-dress-rehearsal-at-the-59th-grammy-awards2017.json
f002a938-fed7-498e-9ee0-aa37534e4683,Lady Gaga - Sweet Sounds Of Heaven,Lady Gaga,Sweet Sounds Of Heaven,lady-gaga,sweet-sounds-of-heaven,lady-gaga,sweet-sounds-of-heaven,2023-09-28,https://storage.googleapis.com/music8-json-prod/data/songs/lady-gaga_sweet-sounds-of-heaven.json
842e6fae-d459-4b6e-a80f-b054fa57aab8,"Lady Gaga, Bruno Mars - Die With A Smile","Lady Gaga, Bruno Mars",Die With A Smile,bruno-mars,die-with-a-smile,bruno-mars,die-with-a-smile,2024-08-15,https://storage.googleapis.com/music8-json-prod/data/songs/bruno-mars_die-with-a-smile.json
2ac79a49-6e9d-43dc-b011-28c65225ec7a,Lady Sawr - Underneath It All,Lady Sawr,Underneath It All,lady-sawr,underneath-it-all,lady-sawr,underneath-it-all,2001-12-10,https://storage.googleapis.com/music8-json-prod/data/songs/lady-sawr_underneath-it-all.json
d7fd2690-d12c-403e-8d84-166f5f24f2e4,Lana Del Rey - Born To Die,Lana Del Rey,Born To Die,,,lana-del-rey,born-to-die,,https://storage.googleapis.com/music8-json-prod/data/songs/lana-del-rey_born-to-die.json
2931c7ce-0749-47f4-86a2-48c54e41887c,Lana Del Rey - Summertime Sadness,Lana Del Rey,Summertime Sadness,,,lana-del-rey,summertime-sadness,,https://storage.googleapis.com/music8-json-prod/data/songs/lana-del-rey_summertime-sadness.json
29653299-cf38-4154-910d-4c87fb0a4184,Lana Del Rey - Tough,Lana Del Rey,Tough,lana-del-rey,tough,lana-del-rey,tough,2024-07-03,https://storage.googleapis.com/music8-json-prod/data/songs/lana-del-rey_tough.json
910b87ec-6815-4f4b-bec1-1873164711e1,Landon Cube - 2much 2fast,Landon Cube,2much 2fast,landon-cube,2much-2fast,landon-cube,2much-2fast,2025-02-27,https://storage.googleapis.com/music8-json-prod/data/songs/landon-cube_2much-2fast.json
50b95a71-c4d3-4a45-98e0-d0d13fa6f58f,Landon Cube - Burn,Landon Cube,Burn,landon-cube,burn-6,landon-cube,burn-6,2025-06-26,https://storage.googleapis.com/music8-json-prod/data/songs/landon-cube_burn-6.json
2c81a39d-6a91-45fe-b5ea-415f91e2e205,Laufey - The Longest Goodbye,Laufey,The Longest Goodbye,laufey,the-longest-goodbye,laufey,the-longest-goodbye,2025-07-09,https://storage.googleapis.com/music8-json-prod/data/songs/laufey_the-longest-goodbye.json
4ae7c129-b135-4ea6-9da8-002af804ceaf,Laura Brehm - Give Myself To You,Laura Brehm,Give Myself To You,laura-brehm,give-myself-to-you,laura-brehm,give-myself-to-you,2025-09-12,https://storage.googleapis.com/music8-json-prod/data/songs/laura-brehm_give-myself-to-you.json
1ba34e1c-ceb1-4ebd-b541-1dc8767e0c59,Laura Brehm - Monody,Laura Brehm,Monody,laura-brehm,monody,laura-brehm,monody,2015-11-07,https://storage.googleapis.com/music8-json-prod/data/songs/laura-brehm_monody.json
af46f806-19f3-4741-9ac9-9c15a3308903,Laura Pausini - Desire,Laura Pausini,Desire,laura-pausini,desire-8,laura-pausini,desire-8,2025-07-11,https://storage.googleapis.com/music8-json-prod/data/songs/laura-pausini_desire-8.json
f95e6e73-26eb-47cf-9d72-1275a96e6851,Lauren Auder - Halo Flip,Lauren Auder,Halo Flip,lauren-auder,halo-flip,lauren-auder,halo-flip,2023-11-07,https://storage.googleapis.com/music8-json-prod/data/songs/lauren-auder_halo-flip.json
bb3a361c-4ecb-4db5-ab89-bb412229d5db,Lauren Sanderson - Come Say Sum,Lauren Sanderson,Come Say Sum,fred-durst,come-say-sum,fred-durst,come-say-sum,2026-05-06,https://storage.googleapis.com/music8-json-prod/data/songs/fred-durst_come-say-sum.json
6655ec49-a8d3-4e91-ba96-f2fae785e1fe,Lauv - Mad,Lauv,Mad,lauv,mad-3,lauv,mad-3,2025-05-27,https://storage.googleapis.com/music8-json-prod/data/songs/lauv_mad-3.json
d6a8b8d1-f220-420f-bb6f-165496c7f70c,Lauv - My Stupid Heart,Lauv,My Stupid Heart,lauv,my-stupid-heart-2,lauv,my-stupid-heart-2,2023-04-04,https://storage.googleapis.com/music8-json-prod/data/songs/lauv_my-stupid-heart-2.json
8f9d8fb9-7f42-432f-9fa5-6e5bb4f51c2a,Lauv - Run Back To You,Lauv,Run Back To You,lauv,run-back-to-you,lauv,run-back-to-you,2024-02-22,https://storage.googleapis.com/music8-json-prod/data/songs/lauv_run-back-to-you.json
fb5ea100-8e95-495d-9b6b-d6e01d6ad62f,LAWRENT - Bloodtype,LAWRENT,Bloodtype,lawrent,bloodtype,lawrent,bloodtype,2025-07-31,https://storage.googleapis.com/music8-json-prod/data/songs/lawrent_bloodtype.json
555221ae-2421-4029-be47-d7e906ecbb0c,Le Youth - Lighthouse,Le Youth,Lighthouse,le-youth,lighthouse,le-youth,lighthouse,2022-05-26,https://storage.googleapis.com/music8-json-prod/data/songs/le-youth_lighthouse.json
bae9ffe6-e963-4256-ba2e-fb22e4e1bd7f,Leah Kate - Don't Call Me,Leah Kate,Don't Call Me,leah-kate,dont-call-me,leah-kate,dont-call-me,2023-03-23,https://storage.googleapis.com/music8-json-prod/data/songs/leah-kate_dont-call-me.json
b6ca78df-0e9d-41b5-a23b-d6af68b87735,Leah Kate - Talk About Love,Leah Kate,Talk About Love,leah-kate,talk-about-love-2,leah-kate,talk-about-love-2,2025-09-26,https://storage.googleapis.com/music8-json-prod/data/songs/leah-kate_talk-about-love-2.json
bc29b11f-99ce-4c9f-81c1-0ad0b86db45a,Lee Jennings - Weirdo,Lee Jennings,Weirdo,lee-jennings,weirdo-3,lee-jennings,weirdo-3,2025-09-12,https://storage.googleapis.com/music8-json-prod/data/songs/lee-jennings_weirdo-3.json
48539c34-9b9a-4b49-933e-545663a18b92,Lena Scissorhands - The Rule Of 21,Lena Scissorhands,The Rule Of 21,lena-scissorhands,the-rule-of-21,lena-scissorhands,the-rule-of-21,2022-12-22,https://storage.googleapis.com/music8-json-prod/data/songs/lena-scissorhands_the-rule-of-21.json
a9d2491f-1d12-4b51-a5c8-3958451de93e,Lenny Kravitz - Fly,Lenny Kravitz,Fly,lenny-kravitz,fly-4,lenny-kravitz,fly-4,2024-08-09,https://storage.googleapis.com/music8-json-prod/data/songs/lenny-kravitz_fly-4.json
c90d7473-6472-4222-8fd9-5e5e7bf5a42f,Lenny Kravitz - I Believe In Love Again,Lenny Kravitz,I Believe In Love Again,lenny-kravitz,i-believe-in-love-again,lenny-kravitz,i-believe-in-love-again,2023-11-08,https://storage.googleapis.com/music8-json-prod/data/songs/lenny-kravitz_i-believe-in-love-again.json
4f6cb43b-85bf-4fa7-8c39-02e38ab72444,León Larregui - Artefact,León Larregui,Artefact,leon-larregui,artefact,leon-larregui,artefact,2023-11-14,https://storage.googleapis.com/music8-json-prod/data/songs/leon-larregui_artefact.json
db176f9e-d1d3-4ea0-8028-46fd3c02f234,"Leon Thomas - ""Yes It Is"" (Live) - Spotify Outside",Leon Thomas,"""Yes It Is"" (Live) - Spotify Outside",,,leon-thomas,yes-it-is-live-spotify-outside,,https://storage.googleapis.com/music8-json-prod/data/songs/leon-thomas_yes-it-is-live-spotify-outside.json
2eeae40d-d43e-4fcd-8db1-e451bc72c037,Leon Thomas - Lovers Or Friends,Leon Thomas,Lovers Or Friends,leon-thomas,lovers-or-friends,leon-thomas,lovers-or-friends,2025-07-31,https://storage.googleapis.com/music8-json-prod/data/songs/leon-thomas_lovers-or-friends.json
cea61da7-2961-4e71-a864-28cd4d9f901a,Leon Thomas - Miss U 2,Leon Thomas,Miss U 2,leon-thomas,miss-u-2,leon-thomas,miss-u-2,2026-02-20,https://storage.googleapis.com/music8-json-prod/data/songs/leon-thomas_miss-u-2.json
0fe7994a-f8e5-4e00-8138-90fd59030e5a,Leon Thomas - Move It Along,Leon Thomas,Move It Along,leon-thomas,move-it-along,leon-thomas,move-it-along,2025-07-24,https://storage.googleapis.com/music8-json-prod/data/songs/leon-thomas_move-it-along.json
78833c10-fffe-4ae0-a087-6a30d7bb4785,Leon Thomas - Watching Us,Leon Thomas,Watching Us,leon-thomas,watching-us,leon-thomas,watching-us,2025-11-14,https://storage.googleapis.com/music8-json-prod/data/songs/leon-thomas_watching-us.json
7b0b8daa-b2ec-409c-bdd3-30ffc2068057,Leony - Fire,Leony,Fire,leony,fire-4,leony,fire-4,2024-05-09,https://storage.googleapis.com/music8-json-prod/data/songs/leony_fire-4.json
59e01d2a-8c43-47b3-99a8-8d93df79d8b4,Leony - Monsoon,Leony,Monsoon,leony,monsoon,leony,monsoon,2023-07-20,https://storage.googleapis.com/music8-json-prod/data/songs/leony_monsoon.json
db09539c-298c-4198-badd-868d2940a163,Leony - Stop The World,Leony,Stop The World,leony,stop-the-world,leony,stop-the-world,2022-03-17,https://storage.googleapis.com/music8-json-prod/data/songs/leony_stop-the-world.json
0a79ccd3-c2e1-474c-b116-b4d1b32a5732,Levante - Wild,Levante,Wild,levante,wild,levante,wild,2023-10-05,https://storage.googleapis.com/music8-json-prod/data/songs/levante_wild.json
223b5c12-8708-4101-b8bb-b32c7b610ef0,Lexie Liu - Klepto,Lexie Liu,Klepto,lexie-liu,klepto,lexie-liu,klepto,2026-02-26,https://storage.googleapis.com/music8-json-prod/data/songs/lexie-liu_klepto.json
dac2bdec-6edb-400a-946e-040d0588a3c9,Lexurus - Fireflies,Lexurus,Fireflies,lexurus,fireflies-lexurus-remix,lexurus,fireflies-lexurus-remix,2008-12-31,https://storage.googleapis.com/music8-json-prod/data/songs/lexurus_fireflies-lexurus-remix.json
54df2a6c-a0db-49ac-8099-7d94f3cf4900,Liam Payne - Get Low,Liam Payne,Get Low,liam-payne,get-low,liam-payne,get-low,2017-07-05,https://storage.googleapis.com/music8-json-prod/data/songs/liam-payne_get-low.json
d1f70f2e-1529-42e1-8ee1-95572c6c135c,Libby Whitehouse - Found Your Love,Libby Whitehouse,Found Your Love,libby-whitehouse,found-your-love,libby-whitehouse,found-your-love,2026-01-15,https://storage.googleapis.com/music8-json-prod/data/songs/libby-whitehouse_found-your-love.json
3da7b0f3-cda2-4250-8ed9-cbd2a8fbf943,Lifehouse - Hanging By A Moment,Lifehouse,Hanging By A Moment,,,lifehouse,hanging-by-a-moment,,https://storage.googleapis.com/music8-json-prod/data/songs/lifehouse_hanging-by-a-moment.json
54947e69-d82d-451b-bb52-c70ae153b0b2,Like A Storm - Dead Of Winter,Like A Storm,Dead Of Winter,like-a-storm,dead-of-winter,like-a-storm,dead-of-winter,2024-05-01,https://storage.googleapis.com/music8-json-prod/data/songs/like-a-storm_dead-of-winter.json
78043dcb-6698-4126-90e8-b329962b6e29,Lil Aaron - Girl Next Door,Lil Aaron,Girl Next Door,lil-aaron,girl-next-door,lil-aaron,girl-next-door,2021-08-19,https://storage.googleapis.com/music8-json-prod/data/songs/lil-aaron_girl-next-door.json
52f9fc35-fa39-4770-a649-00790abfccdc,Lil Aaron - Sober,Lil Aaron,Sober,lil-aaron,sober-2,lil-aaron,sober-2,2021-11-16,https://storage.googleapis.com/music8-json-prod/data/songs/lil-aaron_sober-2.json
bfb54faf-7fbd-44c0-9780-e81d325da497,Lil Baby - Rags2riches 2,Lil Baby,Rags2riches 2,lil-baby,rags2riches-2,lil-baby,rags2riches-2,2020-08-06,https://storage.googleapis.com/music8-json-prod/data/songs/lil-baby_rags2riches-2.json
50ba2fe4-c746-496d-b143-f4e7f38ba62f,Lil Baby - The World Is Yours To Take,Lil Baby,The World Is Yours To Take,lil-baby,the-world-is-yours-to-take,lil-baby,the-world-is-yours-to-take,2022-11-09,https://storage.googleapis.com/music8-json-prod/data/songs/lil-baby_the-world-is-yours-to-take.json
26e001c3-7d61-47b2-bc53-24b46d81a6a5,Lil Durk - Back In Blood,Lil Durk,Back In Blood,lil-durk,back-in-blood,lil-durk,back-in-blood,2021-02-04,https://storage.googleapis.com/music8-json-prod/data/songs/lil-durk_back-in-blood.json
618a2664-5252-4726-ba40-5677e5f90b76,Lil Durk - Ghetto,Lil Durk,Ghetto,lil-durk,ghetto,lil-durk,ghetto,2024-07-26,https://storage.googleapis.com/music8-json-prod/data/songs/lil-durk_ghetto.json
68dc66ca-df30-43a0-897d-bdcb8ef2d677,Lil Durk - Nwa,Lil Durk,Nwa,lil-durk,nwa,lil-durk,nwa,2022-04-20,https://storage.googleapis.com/music8-json-prod/data/songs/lil-durk_nwa.json
6f029a10-ad55-4aa1-8e8e-a122a97dda09,Lil Jon - Yeah!,Lil Jon,Yeah!,lil-jon,yeah-2,lil-jon,yeah-2,2004-03-23,https://storage.googleapis.com/music8-json-prod/data/songs/lil-jon_yeah-2.json
ff4e5f40-106a-4467-b961-5d28bf72d612,Lil Tjay - Mood Swings,Lil Tjay,Mood Swings,lil-tjay,mood-swings,lil-tjay,mood-swings,2020-07-02,https://storage.googleapis.com/music8-json-prod/data/songs/lil-tjay_mood-swings.json
6c1d3223-b512-4d13-8423-29e7c9324dbf,Lil Tjay - Pop Out,Lil Tjay,Pop Out,lil-tjay,pop-out,lil-tjay,pop-out,2019-06-06,https://storage.googleapis.com/music8-json-prod/data/songs/lil-tjay_pop-out.json
70b708c9-6219-4680-a50e-07c04a5bde3d,Lil Uzi Vert - Everybody,Lil Uzi Vert,Everybody,lil-uzi-vert,everybody-2,lil-uzi-vert,everybody-2,2023-12-07,https://storage.googleapis.com/music8-json-prod/data/songs/lil-uzi-vert_everybody-2.json
ca41313d-8b12-4913-8619-af1f990ea99e,Lil Wayne - Bow Chicka Wow Wow,Lil Wayne,Bow Chicka Wow Wow,lil-wayne,bow-chicka-wow-wow,lil-wayne,bow-chicka-wow-wow,2011-02-24,https://storage.googleapis.com/music8-json-prod/data/songs/lil-wayne_bow-chicka-wow-wow.json
f7ae1bc6-d83e-46e9-92a7-d56aef7865a3,Lil Wayne - Brand New,Lil Wayne,Brand New,lil-wayne,brand-new,lil-wayne,brand-new,2023-09-27,https://storage.googleapis.com/music8-json-prod/data/songs/lil-wayne_brand-new.json
8987a58a-6896-45dc-adcb-53c5a732e61e,Lil Wayne - High3r,Lil Wayne,High3r,lil-wayne,high3r,lil-wayne,high3r,2024-08-06,https://storage.googleapis.com/music8-json-prod/data/songs/lil-wayne_high3r.json
1b226339-7d55-4090-8994-7ec4b288843f,Lil Wayne - Love Is Like,Lil Wayne,Love Is Like,lil-wayne,love-is-like,lil-wayne,love-is-like,2025-08-14,https://storage.googleapis.com/music8-json-prod/data/songs/lil-wayne_love-is-like.json
3a56c779-1732-4706-944d-7e435ba33a39,Lil Wayne - Main One Ft. Tyga,Lil Wayne,Main One Ft. Tyga,lil-wayne,main-one-ft-tyga,lil-wayne,main-one-ft-tyga,2023-08-03,https://storage.googleapis.com/music8-json-prod/data/songs/lil-wayne_main-one-ft-tyga.json
e98d3ab7-363d-4871-aa55-5611d3572986,Lil Wayne - Never Die Ft. Lil Wayne,Lil Wayne,Never Die Ft. Lil Wayne,lil-wayne,never-die-ft-lil-wayne,lil-wayne,never-die-ft-lil-wayne,2023-09-14,https://storage.googleapis.com/music8-json-prod/data/songs/lil-wayne_never-die-ft-lil-wayne.json
99c3c23f-23c4-46b8-94a0-93515d2496fb,Lil Wayne - Pop It Off,Lil Wayne,Pop It Off,lil-wayne,pop-it-off,lil-wayne,pop-it-off,2025-02-06,https://storage.googleapis.com/music8-json-prod/data/songs/lil-wayne_pop-it-off.json
c9a20f46-f20c-4f8f-afd2-59a38dbc73df,Lil Wayne - Revolver,Lil Wayne,Revolver,lil-wayne,revolver,lil-wayne,revolver,2009-09-17,https://storage.googleapis.com/music8-json-prod/data/songs/lil-wayne_revolver.json
91b3bca3-d175-448f-bfda-c7078064445b,Lil Wayne - The Formula,Lil Wayne,The Formula,lil-wayne,the-formula,lil-wayne,the-formula,2023-05-05,https://storage.googleapis.com/music8-json-prod/data/songs/lil-wayne_the-formula.json
b35bcc72-3866-4d06-abc3-4b9870d51d8e,Lil Wayne - Yoda,Lil Wayne,Yoda,lil-wayne,yoda,lil-wayne,yoda,2025-06-27,https://storage.googleapis.com/music8-json-prod/data/songs/lil-wayne_yoda.json
9665e8d2-09b1-4e40-9bd7-16964e9e03c9,Lil Yachty - Charlie,Lil Yachty,Charlie,lil-yachty,charlie,lil-yachty,charlie,2024-10-31,https://storage.googleapis.com/music8-json-prod/data/songs/lil-yachty_charlie.json
364c8a26-cb95-4be4-8627-cbaeede07df4,Lil Yachty - Doodleverse,Lil Yachty,Doodleverse,lil-yachty,doodleverse,lil-yachty,doodleverse,2024-10-04,https://storage.googleapis.com/music8-json-prod/data/songs/lil-yachty_doodleverse.json
8f300c60-8c85-4973-a306-038e9b4e8184,Lil Yachty - It Takes Two,Lil Yachty,It Takes Two,carly-rae-jepsen,it-takes-two-2,carly-rae-jepsen,it-takes-two-2,2017-02-10,https://storage.googleapis.com/music8-json-prod/data/songs/carly-rae-jepsen_it-takes-two-2.json
3e6712d1-2824-420c-babc-5c8d6d7da8cc,Lil Yachty - Number 9,Lil Yachty,Number 9,lil-yachty,number-9,lil-yachty,number-9,2023-08-10,https://storage.googleapis.com/music8-json-prod/data/songs/lil-yachty_number-9.json
b11855ae-646d-4d03-b522-704d41608a86,Lil Yachty - When We Die,Lil Yachty,When We Die,lil-yachty,when-we-die-can-we-still-get-high,lil-yachty,when-we-die-can-we-still-get-high,2024-01-25,https://storage.googleapis.com/music8-json-prod/data/songs/lil-yachty_when-we-die-can-we-still-get-high.json
b207b232-d93b-426e-9c75-6b7da97a5bc3,Lil' Kim - In The Air Tonight,Lil' Kim,In The Air Tonight,lil-kim,in-the-air-tonight2,lil-kim,in-the-air-tonight2,1980-12-31,https://storage.googleapis.com/music8-json-prod/data/songs/lil-kim_in-the-air-tonight2.json
c0441420-ae4a-41d2-9bc2-fb4eca07c4c4,Lila Iké - Pressure Points,Lila Iké,Pressure Points,lila-ike,pressure-points,lila-ike,pressure-points,2025-01-30,https://storage.googleapis.com/music8-json-prod/data/songs/lila-ike_pressure-points.json
d35e0275-91d9-4cd1-8981-975ac08bd9b9,Limbo Slice - Circuit,Limbo Slice,Circuit,limbo-slice,circuit,limbo-slice,circuit,2026-02-17,https://storage.googleapis.com/music8-json-prod/data/songs/limbo-slice_circuit.json
34d4d41b-f501-4256-9188-8437a0196453,Lindsey Buckingham - Secrets,Lindsey Buckingham,Secrets,lindsey-buckingham,secrets-3,lindsey-buckingham,secrets-3,2025-09-18,https://storage.googleapis.com/music8-json-prod/data/songs/lindsey-buckingham_secrets-3.json
c8aa279b-12a1-4c08-add3-0812849b813d,Liniker - Intensity,Liniker,Intensity,liniker,intensity-official,liniker,intensity-official,2025-05-19,https://storage.googleapis.com/music8-json-prod/data/songs/liniker_intensity-official.json
32815cdb-b4d7-4467-a253-ec4a22d1b9fa,Linkin Park - Burn It Down,Linkin Park,Burn It Down,,,linkin-park,burn-it-down,,https://storage.googleapis.com/music8-json-prod/data/songs/linkin-park_burn-it-down.json
b2bee84e-e51f-4eab-bd2a-46a2a042be0d,Linkin Park - In The End,Linkin Park,In The End,,,linkin-park,in-the-end,,https://storage.googleapis.com/music8-json-prod/data/songs/linkin-park_in-the-end.json
b013fdfa-db6c-47b2-9139-376fad5fcf7d,Linkin Park - Numb (Official Music Video) [4k Upgrade] – Linkin Park,Linkin Park,Numb (Official Music Video) [4k Upgrade] – Linkin Park,,,linkin-park,numb-official-music-video-4k-upgrade-linkin-park,,https://storage.googleapis.com/music8-json-prod/data/songs/linkin-park_numb-official-music-video-4k-upgrade-linkin-park.json
c28ca1f0-f2bf-4507-8f4b-2ae73db20f9f,Linkin Park - The Catalyst,Linkin Park,The Catalyst,,,linkin-park,the-catalyst,,https://storage.googleapis.com/music8-json-prod/data/songs/linkin-park_the-catalyst.json
0058de33-b335-4085-b098-d4957cd1245a,Lion Babe - Bop!,Lion Babe,Bop!,lion-babe,bop-2,lion-babe,bop-2,2024-07-26,https://storage.googleapis.com/music8-json-prod/data/songs/lion-babe_bop-2.json
0cdb6b96-8cc7-487f-833f-0e8de0da78a9,Lipz - Home Sweet Home,Lipz,Home Sweet Home,,,lipz,home-sweet-home,,https://storage.googleapis.com/music8-json-prod/data/songs/lipz_home-sweet-home.json
ec5197a2-a3f7-4ea3-ab21-4662bb906108,LISA - Priceless,LISA,Priceless,lisa,priceless,lisa,priceless,2025-05-02,https://storage.googleapis.com/music8-json-prod/data/songs/lisa_priceless.json
b0d2f3c1-a3bd-46dd-b1a4-d542fdd95ab0,Little Lion Sound - No Love,Little Lion Sound,No Love,little-lion-sound,no-love,little-lion-sound,no-love,2023-07-16,https://storage.googleapis.com/music8-json-prod/data/songs/little-lion-sound_no-love.json
6b3d3419-18a7-4759-ade6-85e816f2b680,Little Simz - Satellite Business 2.0,Little Simz,Satellite Business 2.0,little-simz,satellite-business-2-0,little-simz,satellite-business-2-0,2024-07-16,https://storage.googleapis.com/music8-json-prod/data/songs/little-simz_satellite-business-2-0.json
e7b0b1ab-b373-454f-8715-2b910e03ec46,Lloyd Banks - Power,Lloyd Banks,Power,lloyd-banks,power-2,lloyd-banks,power-2,2024-12-07,https://storage.googleapis.com/music8-json-prod/data/songs/lloyd-banks_power-2.json
4bbe9564-ef99-4f43-aa04-e2596d65b167,Lloyiso - Real Love,Lloyiso,Real Love,lloyiso,real-love,lloyiso,real-love,2023-09-22,https://storage.googleapis.com/music8-json-prod/data/songs/lloyiso_real-love.json
b905edfa-ae16-47b9-86c6-95555ca2f7d4,Lok - Skrubbsår,Lok,Skrubbsår,,,lok,skrubbsr,,https://storage.googleapis.com/music8-json-prod/data/songs/lok_skrubbsr.json
77fe5206-41d3-488b-8f8f-ba3dc57e85fa,Lorde - Homemade Dynamite,Lorde,Homemade Dynamite,khalid,homemade-dynamite,khalid,homemade-dynamite,2017-09-13,https://storage.googleapis.com/music8-json-prod/data/songs/khalid_homemade-dynamite.json
f517e464-1507-4643-8b00-f3368772e098,Los Del Rio - Macarena,Los Del Rio,Macarena,,,los-del-rio,macarena,,https://storage.googleapis.com/music8-json-prod/data/songs/los-del-rio_macarena.json
dad20d94-5074-4325-a864-94be2102328e,Lost Hearts - Night To Remember,Lost Hearts,Night To Remember,,,lost-hearts,night-to-remember,,https://storage.googleapis.com/music8-json-prod/data/songs/lost-hearts_night-to-remember.json
fc243e83-0465-4f68-81d1-94c681675ca0,Lotus - Fading,Lotus,Fading,lotus,fading,lotus,fading,2024-01-05,https://storage.googleapis.com/music8-json-prod/data/songs/lotus_fading.json
0a4f6e7b-26e9-45b5-97f4-a83626ca149d,Loui & Victony - Selema,Loui & Victony,Selema,loui-victony,selema-po-po,loui-victony,selema-po-po,2021-10-21,https://storage.googleapis.com/music8-json-prod/data/songs/loui-victony_selema-po-po.json
c840df87-e2cf-45ad-a148-a4648eb1f586,Louis Tomlinson - Just Hold On,Louis Tomlinson,Just Hold On,louis-tomlinson,just-hold-on,louis-tomlinson,just-hold-on,2018-11-08,https://storage.googleapis.com/music8-json-prod/data/songs/louis-tomlinson_just-hold-on.json
9c1f3a2b-3c2e-4c5a-b1c7-dff153ea1b86,lovelytheband - Games,lovelytheband,Games,lovelytheband,games-the-punk-af-matt-squire-mix,lovelytheband,games-the-punk-af-matt-squire-mix,2021-06-24,https://storage.googleapis.com/music8-json-prod/data/songs/lovelytheband_games-the-punk-af-matt-squire-mix.json
04fbd8ae-2bc1-417e-9ed7-2562ac799926,Loyle Carner - Colourblind,Loyle Carner,Colourblind,loyle-carner,colourblind,loyle-carner,colourblind,2024-12-05,https://storage.googleapis.com/music8-json-prod/data/songs/loyle-carner_colourblind.json
1cba9bcc-8bdc-43b8-9f07-d83ae0084b3b,Lozzagermain - Stevie Wonder Superstition,Lozzagermain,Stevie Wonder Superstition,,,lozzagermain,stevie-wonder-superstition,,https://storage.googleapis.com/music8-json-prod/data/songs/lozzagermain_stevie-wonder-superstition.json
d59a99d9-fc0c-46ef-bd62-fbc31d6edce8,Lucas &Amp; Steve - Can't Forget You,Lucas &Amp; Steve,Can't Forget You,lucas-steve,cant-forget-you,lucas-steve,cant-forget-you,2024-06-21,https://storage.googleapis.com/music8-json-prod/data/songs/lucas-steve_cant-forget-you.json
fc5366ae-56c6-4846-b3e3-0225fcea5739,Lucas &Amp; Steve - Zenless,Lucas &Amp; Steve,Zenless,lucas-steve,zenless,lucas-steve,zenless,2024-07-02,https://storage.googleapis.com/music8-json-prod/data/songs/lucas-steve_zenless.json
64e10f11-ebd3-4b1a-8649-b7512720e12d,Luciano Pavarotti - Miss Sarajevo,Luciano Pavarotti,Miss Sarajevo,luciano-pavarotti,miss-sarajevo,luciano-pavarotti,miss-sarajevo,2005-12-31,https://storage.googleapis.com/music8-json-prod/data/songs/luciano-pavarotti_miss-sarajevo.json
44357e2d-cbc6-4d2b-ab42-ad45b4967a1d,Lucky Daye - Hard Part,Lucky Daye,Hard Part,lucky-daye,hard-part,lucky-daye,hard-part,2025-10-13,https://storage.googleapis.com/music8-json-prod/data/songs/lucky-daye_hard-part.json
9716e8ae-707c-4afb-8e02-d9bc482253f7,Lucky Daye - Make A Baby,Lucky Daye,Make A Baby,lucky-daye,make-a-baby,lucky-daye,make-a-baby,2025-08-21,https://storage.googleapis.com/music8-json-prod/data/songs/lucky-daye_make-a-baby.json
1d253727-4285-4d21-8424-82494ea802e9,Lucky Daye - Smoke,Lucky Daye,Smoke,lucky-daye,smoke,lucky-daye,smoke,2023-03-23,https://storage.googleapis.com/music8-json-prod/data/songs/lucky-daye_smoke.json
3ccf6c54-03db-4e11-88b8-0959eadd0ed3,Lucky Daye - Too Much,Lucky Daye,Too Much,lucky-daye,too-much-2,lucky-daye,too-much-2,2022-05-13,https://storage.googleapis.com/music8-json-prod/data/songs/lucky-daye_too-much-2.json
85559b9f-1f4b-49fc-97f8-24b691ba848d,Lucky Daye - Vibe Like This,Lucky Daye,Vibe Like This,lucky-daye,vibe-like-this,lucky-daye,vibe-like-this,2022-09-21,https://storage.googleapis.com/music8-json-prod/data/songs/lucky-daye_vibe-like-this.json
ce0b6a03-3440-4084-a9c4-c34714d46e8e,Luis Fonsi - Despacito,Luis Fonsi,Despacito,,,luis-fonsi,despacito,,https://storage.googleapis.com/music8-json-prod/data/songs/luis-fonsi_despacito.json
ad2a90e4-245b-4edd-909d-6a8af9177a5f,Luke Bryan - Georgia Ways,Luke Bryan,Georgia Ways,luke-bryan,georgia-ways,luke-bryan,georgia-ways,2024-12-05,https://storage.googleapis.com/music8-json-prod/data/songs/luke-bryan_georgia-ways.json
13f1ae29-4c4f-431a-a20c-38aab8f439f2,Luke Combs - Guy For That,Luke Combs,Guy For That,luke-combs,guy-for-that,luke-combs,guy-for-that,2024-07-26,https://storage.googleapis.com/music8-json-prod/data/songs/luke-combs_guy-for-that.json
3a83f842-2209-4017-92e3-390401b0df94,Luminati Suns - My Stupid Heart,Luminati Suns,My Stupid Heart,luminati-suns,my-stupid-heart,luminati-suns,my-stupid-heart,2023-02-22,https://storage.googleapis.com/music8-json-prod/data/songs/luminati-suns_my-stupid-heart.json
04c15298-cc81-46c3-9a6f-24ff110905f3,LunchMoney Lewis - Who I Am,LunchMoney Lewis,Who I Am,lunchmoney-lewis,who-i-am,lunchmoney-lewis,who-i-am,2018-06-14,https://storage.googleapis.com/music8-json-prod/data/songs/lunchmoney-lewis_who-i-am.json
54c8ed72-ebed-4be5-b5da-10134ae4a14a,Luneex - Calm Night,Luneex,Calm Night,luneex,calm-night,luneex,calm-night,2024-01-18,https://storage.googleapis.com/music8-json-prod/data/songs/luneex_calm-night.json
a9f7c0b2-3537-4ab4-918e-f92be7be63d5,Luther - Kendrick Lamar & Sza,Luther,Kendrick Lamar & Sza,,,luther,kendrick-lamar-sza,,https://storage.googleapis.com/music8-json-prod/data/songs/luther_kendrick-lamar-sza.json
e1fee6bc-c9a1-46b2-aa1c-210c79dd588f,Lzzy Hale - Mercy,Lzzy Hale,Mercy,lzzy-hale,mercy-2,lzzy-hale,mercy-2,2024-03-04,https://storage.googleapis.com/music8-json-prod/data/songs/lzzy-hale_mercy-2.json
695e8d8c-e082-4816-a6db-7b41648790db,M.c. Hammer - U Can't Touch This,M.c. Hammer,U Can't Touch This,,,m-c-hammer,u-cant-touch-this,,https://storage.googleapis.com/music8-json-prod/data/songs/m-c-hammer_u-cant-touch-this.json
8eb58ed0-3df2-44ec-b6e1-b65c23928fd3,M.I.A. - Give Me All Your Luvin',M.I.A.,Give Me All Your Luvin',m-i-a,give-me-all-your-luvin,m-i-a,give-me-all-your-luvin,2011-12-31,https://storage.googleapis.com/music8-json-prod/data/songs/m-i-a_give-me-all-your-luvin.json
9d97d519-1c96-4c15-bc2a-83c3d579c7b9,M.I.A. - Where's The Daddy?,M.I.A.,Where's The Daddy?,m-i-a,wheres-the-daddy,m-i-a,wheres-the-daddy,2024-11-07,https://storage.googleapis.com/music8-json-prod/data/songs/m-i-a_wheres-the-daddy.json
db417558-c862-4ea4-8f4f-81bc3d1a3bea,Machine Gun Kelly - Acting Like That,Machine Gun Kelly,Acting Like That,machine-gun-kelly,acting-like-that,machine-gun-kelly,acting-like-that,2020-12-03,https://storage.googleapis.com/music8-json-prod/data/songs/machine-gun-kelly_acting-like-that.json
c031cdcc-c1e2-45aa-86fd-243f5b53b39a,Machine Gun Kelly - Emo Girl,Machine Gun Kelly,Emo Girl,machine-gun-kelly,emo-girl,machine-gun-kelly,emo-girl,2022-03-24,https://storage.googleapis.com/music8-json-prod/data/songs/machine-gun-kelly_emo-girl.json
392c0023-11a1-482b-8abf-59b97f7e7b90,Machine Gun Kelly - Goddamn,Machine Gun Kelly,Goddamn,machine-gun-kelly,goddamn,machine-gun-kelly,goddamn,2026-03-11,https://storage.googleapis.com/music8-json-prod/data/songs/machine-gun-kelly_goddamn.json
6c38b015-4203-4c03-b0fd-cc4a13565432,Machine Gun Kelly - The Dirt,Machine Gun Kelly,The Dirt,machine-gun-kelly,the-dirt-est-1981,machine-gun-kelly,the-dirt-est-1981,2019-02-21,https://storage.googleapis.com/music8-json-prod/data/songs/machine-gun-kelly_the-dirt-est-1981.json
18c629c8-f7c9-4c06-af03-15020a4690a9,Macklemore - Thrift Shop,Macklemore,Thrift Shop,,,macklemore,thrift-shop,,https://storage.googleapis.com/music8-json-prod/data/songs/macklemore_thrift-shop.json
e1591280-0198-4bd9-9a04-c871ec134e2e,Madeon - All Ur Luv,Madeon,All Ur Luv,madeon,all-ur-luv,madeon,all-ur-luv,2024-02-01,https://storage.googleapis.com/music8-json-prod/data/songs/madeon_all-ur-luv.json
bbfc5943-25f6-4793-ba7a-f253bb852a0f,Madeon - Shelter,Madeon,Shelter,madeon,shelter-2,madeon,shelter-2,2016-10-18,https://storage.googleapis.com/music8-json-prod/data/songs/madeon_shelter-2.json
6bd9fc36-4b49-48dd-89f0-be8571dce0ba,Madison Beer - Carried Away,Madison Beer,Carried Away,madison-beer,carried-away-love-to-love,madison-beer,carried-away-love-to-love,2021-03-18,https://storage.googleapis.com/music8-json-prod/data/songs/madison-beer_carried-away-love-to-love.json
af2b89d7-0b69-4790-9d61-27a82cf8dd36,Madonna - Popular,Madonna,Popular,madonna,popular-2,madonna,popular-2,2024-02-22,https://storage.googleapis.com/music8-json-prod/data/songs/madonna_popular-2.json
dd158801-1f58-4d99-90be-c7c1b15f9ac8,Magdalaine - L.a. Guns,Magdalaine,L.a. Guns,,,magdalaine,la-guns,,https://storage.googleapis.com/music8-json-prod/data/songs/magdalaine_la-guns.json
0ab0d70e-c322-4862-8493-303aee374205,Maggie Lindemann - Break Me!,Maggie Lindemann,Break Me!,maggie-lindemann,break-me,maggie-lindemann,break-me,2022-09-15,https://storage.googleapis.com/music8-json-prod/data/songs/maggie-lindemann_break-me.json
6bbc0ffa-1c6c-4d8e-bd11-bd4a12612ea7,Maggie Rogers - Dawns,Maggie Rogers,Dawns,maggie-rogers,dawns,maggie-rogers,dawns,2023-01-26,https://storage.googleapis.com/music8-json-prod/data/songs/maggie-rogers_dawns.json
a87fa16c-d8b3-4784-8120-524dd1aa4a39,MAGNUS - Nothing Ever Changes,MAGNUS,Nothing Ever Changes,magnus,nothing-ever-changes,magnus,nothing-ever-changes,2024-04-05,https://storage.googleapis.com/music8-json-prod/data/songs/magnus_nothing-ever-changes.json
5be1250e-bfcf-4ceb-9167-38ed8d659faf,Maia Wright - Am:pm,Maia Wright,Am:pm,maia-wright,ampm,maia-wright,ampm,2023-03-23,https://storage.googleapis.com/music8-json-prod/data/songs/maia-wright_ampm.json
fc275e1c-85c9-46f3-9f4b-266d63edfdd9,Maia Wright - Love Me Like This,Maia Wright,Love Me Like This,maia-wright,love-me-like-this,maia-wright,love-me-like-this,2021-09-16,https://storage.googleapis.com/music8-json-prod/data/songs/maia-wright_love-me-like-this.json
16f2bad1-a91e-4186-a515-75bed275d893,Maia Wright - Lover Online,Maia Wright,Lover Online,maia-wright,lover-online,maia-wright,lover-online,2024-09-19,https://storage.googleapis.com/music8-json-prod/data/songs/maia-wright_lover-online.json
7a38ca6f-dc08-4770-a596-8408678ce85a,Maisie Peters - Kingmaker,Maisie Peters,Kingmaker,julia-michaels,kingmaker-2,julia-michaels,kingmaker-2,2026-04-21,https://storage.googleapis.com/music8-json-prod/data/songs/julia-michaels_kingmaker-2.json
89f0d6ab-5790-46bb-9531-8cd3730febfc,Malik Harris - Who Cares,Malik Harris,Who Cares,malik-harris,who-cares,malik-harris,who-cares,2024-03-15,https://storage.googleapis.com/music8-json-prod/data/songs/malik-harris_who-cares.json
c2997eac-cc65-4bb1-8e3c-4695e495fdf2,Maneater - Daryl Hall & John Oates,Maneater,Daryl Hall & John Oates,,,maneater,daryl-hall-john-oates,,https://storage.googleapis.com/music8-json-prod/data/songs/maneater_daryl-hall-john-oates.json
13e7c5c9-a2bf-4882-9982-bf2af8bc297b,Maneskin - Gossip,Maneskin,Gossip,maneskin,gossip,maneskin,gossip,2023-01-12,https://storage.googleapis.com/music8-json-prod/data/songs/maneskin_gossip.json
23e07cf1-3b8e-4909-a363-6aff29853d17,Mango Foo - Skyami,Mango Foo,Skyami,mango-foo,skyami,mango-foo,skyami,2023-12-31,https://storage.googleapis.com/music8-json-prod/data/songs/mango-foo_skyami.json
a6e0f9c4-ec59-4cee-ad09-ca0ff0f1ef4b,Marcellus TheSinger - Breakup Letter,Marcellus TheSinger,Breakup Letter,marcellus-thesinger,breakup-letter,marcellus-thesinger,breakup-letter,2025-06-18,https://storage.googleapis.com/music8-json-prod/data/songs/marcellus-thesinger_breakup-letter.json
5c57c187-bcbd-488e-b561-0c59e8eae9b2,Maren Morris - Chasing After You,Maren Morris,Chasing After You,maren-morris,chasing-after-you,maren-morris,chasing-after-you,2021-10-14,https://storage.googleapis.com/music8-json-prod/data/songs/maren-morris_chasing-after-you.json
ab8d4c80-c281-46f9-ac46-755e149db694,Maren Morris - My Church,Maren Morris,My Church,,,maren-morris,my-church,,https://storage.googleapis.com/music8-json-prod/data/songs/maren-morris_my-church.json
eca3cfbd-df06-4999-a13e-8086c770a1a8,Maren Morris - Some Things Ill Never Know,Maren Morris,Some Things Ill Never Know,maren-morris,some-things-ill-never-know-2,maren-morris,some-things-ill-never-know-2,2023-11-16,https://storage.googleapis.com/music8-json-prod/data/songs/maren-morris_some-things-ill-never-know-2.json
0c0d19d2-15fd-4f2c-816e-f2e07a7ac97e,Maren Morris - You All Over Me,Maren Morris,You All Over Me,maren-morris,you-all-over-me,maren-morris,you-all-over-me,2021-03-25,https://storage.googleapis.com/music8-json-prod/data/songs/maren-morris_you-all-over-me.json
7278130f-5864-42d5-96e2-50a87435cfcd,Mareux - Bulletproof Feat. Mareux,Mareux,Bulletproof Feat. Mareux,mareux,bulletproof-feat-mareux,mareux,bulletproof-feat-mareux,2022-07-05,https://storage.googleapis.com/music8-json-prod/data/songs/mareux_bulletproof-feat-mareux.json
d5eada16-ed5b-4bc9-bc70-109dfc5a1928,Maria Becerra - Without Love,Maria Becerra,Without Love,maria-becerra,without-love-2,maria-becerra,without-love-2,2024-09-06,https://storage.googleapis.com/music8-json-prod/data/songs/maria-becerra_without-love-2.json
15bfed9c-50fb-4714-9c27-3d34e4a9b84d,Mariah Carey - Don't Stop Christmas Now,Mariah Carey,Don't Stop Christmas Now,mariah-carey,dont-stop-christmas-now,mariah-carey,dont-stop-christmas-now,2018-12-01,https://storage.googleapis.com/music8-json-prod/data/songs/mariah-carey_dont-stop-christmas-now.json
c1376d80-ad20-4bc9-9fbc-68e848474dc8,Mariah Carey - Made For Me,Mariah Carey,Made For Me,mariah-carey,made-for-me-2,mariah-carey,made-for-me-2,2024-05-21,https://storage.googleapis.com/music8-json-prod/data/songs/mariah-carey_made-for-me-2.json
2bd6372c-ff04-4da4-92f1-045f626ceaaf,Mariah the Scientist - Dreams Rarely Do Come True,Mariah the Scientist,Dreams Rarely Do Come True,mariah-the-scientist,dreams-rarely-do-come-true,mariah-the-scientist,dreams-rarely-do-come-true,2025-09-25,https://storage.googleapis.com/music8-json-prod/data/songs/mariah-the-scientist_dreams-rarely-do-come-true.json
08aedab0-15a9-416a-af2e-d89c2dbed246,Marilyn Martin - Separate Lives,Marilyn Martin,Separate Lives,marilyn-martin,separate-lives,marilyn-martin,separate-lives,2016-10-13,https://storage.googleapis.com/music8-json-prod/data/songs/marilyn-martin_separate-lives.json
489ee6ee-a945-4cf8-936f-2152f86487f7,MARINA - I ﹤3 You,MARINA,I ﹤3 You,marina,i-%ef%b9%a43-you,marina,i-%ef%b9%a43-you,2025-06-06,https://storage.googleapis.com/music8-json-prod/data/songs/marina_i-%ef%b9%a43-you.json
dfad9f43-ad82-47c8-97d4-fd2afa3b25d6,Marisha Wallace - In This World,Marisha Wallace,In This World,marisha-wallace,in-this-world-resound-nyc-version,marisha-wallace,in-this-world-resound-nyc-version,2023-02-09,https://storage.googleapis.com/music8-json-prod/data/songs/marisha-wallace_in-this-world-resound-nyc-version.json
329995be-5190-4014-8208-e7a77c773251,Mark Hoppus - Adding Up,Mark Hoppus,Adding Up,mark-hoppus,adding-up,mark-hoppus,adding-up,2022-02-03,https://storage.googleapis.com/music8-json-prod/data/songs/mark-hoppus_adding-up.json
5b8801bd-0942-45c6-9c66-f9d64e268a6d,Mark Ronson - I’m Just Ken,Mark Ronson,I’m Just Ken,mark-ronson,im-just-ken-2,mark-ronson,im-just-ken-2,2023-12-19,https://storage.googleapis.com/music8-json-prod/data/songs/mark-ronson_im-just-ken-2.json
a769d887-1f12-45e4-a12f-01b5fa0f33b3,Mark Ronson - Uptown Funk,Mark Ronson,Uptown Funk,bruno-mars,uptown-funk-2,bruno-mars,uptown-funk-2,2014-11-18,https://storage.googleapis.com/music8-json-prod/data/songs/bruno-mars_uptown-funk-2.json
30c817ec-123f-4aba-bc6a-847f098e74c7,Marko Hietala - I Am With You,Marko Hietala,I Am With You,marko-hietala,i-am-with-you,marko-hietala,i-am-with-you,2024-11-21,https://storage.googleapis.com/music8-json-prod/data/songs/marko-hietala_i-am-with-you.json
4d3d2f28-c9a7-4907-862c-0e520bdd229a,MARNIK - Bella Ciao,MARNIK,Bella Ciao,marnik,bella-ciao,marnik,bella-ciao,2018-06-09,https://storage.googleapis.com/music8-json-prod/data/songs/marnik_bella-ciao.json
0031a1b2-db54-4ce2-b7b5-6eeb26360e74,Maroon 5 - Girls Like You,Maroon 5,Girls Like You,cardi-b,girls-like-you,cardi-b,girls-like-you,2018-06-14,https://storage.googleapis.com/music8-json-prod/data/songs/cardi-b_girls-like-you.json
e9420e2d-2c95-410f-8583-cf98421e20f5,Marsha Milan - Islands In The Stream,Marsha Milan,Islands In The Stream,marsha-milan,islands-in-the-stream,marsha-milan,islands-in-the-stream,2024-06-04,https://storage.googleapis.com/music8-json-prod/data/songs/marsha-milan_islands-in-the-stream.json
adda8797-88ec-46af-9f50-75dd4afc8b76,Martin Garrix - Repeat It,Martin Garrix,Repeat It,ed-sheeran,repeat-it,ed-sheeran,repeat-it,2026-05-16,https://storage.googleapis.com/music8-json-prod/data/songs/ed-sheeran_repeat-it.json
3baa3bd3-a9d5-4b3a-a39f-27d3e1faff06,Mary J. Blige - Whenever I Say Your Name,Mary J. Blige,Whenever I Say Your Name,mary-j-blige,whenever-i-say-your-name,mary-j-blige,whenever-i-say-your-name,2002-12-31,https://storage.googleapis.com/music8-json-prod/data/songs/mary-j-blige_whenever-i-say-your-name.json
37f02684-2aaf-40c2-b08d-60db5222725e,Massive Attack - Boots On The Ground,Massive Attack,Boots On The Ground,massive-attack,boots-on-the-ground,massive-attack,boots-on-the-ground,2026-04-15,https://storage.googleapis.com/music8-json-prod/data/songs/massive-attack_boots-on-the-ground.json
7a70b756-0a7b-4f82-9117-c0ebd1da5a99,Mathame - Everlight,Mathame,Everlight,mathame,everlight,mathame,everlight,2025-06-26,https://storage.googleapis.com/music8-json-prod/data/songs/mathame_everlight.json
b1cb8a4d-6b75-40b6-8aee-55f1fd0712bf,Mathame - Feel Your Ghost,Mathame,Feel Your Ghost,mathame,feel-your-ghost,mathame,feel-your-ghost,2023-05-18,https://storage.googleapis.com/music8-json-prod/data/songs/mathame_feel-your-ghost.json
3ca17fa0-428c-4bff-89cb-7dcfebced06b,Matrix & Futurebound - Motivation,Matrix & Futurebound,Motivation,matrix-futurebound,motivation,matrix-futurebound,motivation,2025-08-28,https://storage.googleapis.com/music8-json-prod/data/songs/matrix-futurebound_motivation.json
9af73bbe-5ba5-4de3-a6ee-d3b0d3a2d9e6,Matthew Koma - Find You,Matthew Koma,Find You,matthew-koma,find-you,matthew-koma,find-you,2013-12-31,https://storage.googleapis.com/music8-json-prod/data/songs/matthew-koma_find-you.json
6a5ff19a-a2ee-4bf4-8e82-1ae50dd7d816,Matthew Mole - The Art Of Letting Go,Matthew Mole,The Art Of Letting Go,matthew-mole,the-art-of-letting-go,matthew-mole,the-art-of-letting-go,2024-03-04,https://storage.googleapis.com/music8-json-prod/data/songs/matthew-mole_the-art-of-letting-go.json
62aac3e8-aef4-4b45-8057-6eda3745466e,Mattilo - Naughty,Mattilo,Naughty,mattilo,naughty,mattilo,naughty,2025-06-05,https://storage.googleapis.com/music8-json-prod/data/songs/mattilo_naughty.json
2b562e59-7931-47f9-bae4-f7d2ea6804a0,Maverick Sabre - Weak,Maverick Sabre,Weak,maverick-sabre,weak,maverick-sabre,weak,2024-01-25,https://storage.googleapis.com/music8-json-prod/data/songs/maverick-sabre_weak.json
8d34167a-2362-482d-a981-f152e1c38594,Max 1999 - Opus Iii - It's A Fine Day,Max 1999,Opus Iii - It's A Fine Day,,,max-1999,opus-3-its-a-fine-day,,https://storage.googleapis.com/music8-json-prod/data/songs/max-1999_opus-3-its-a-fine-day.json
79f07ddd-ed6f-4736-a1cd-02f64719fde0,Max Fry - Bitter,Max Fry,Bitter,max-fry,bitter,max-fry,bitter,2024-12-19,https://storage.googleapis.com/music8-json-prod/data/songs/max-fry_bitter.json
23016d1d-47e1-4fbc-86f7-71b6054c6ccb,mazie - New York,mazie,New York,mazie,new-york-2,mazie,new-york-2,2023-01-05,https://storage.googleapis.com/music8-json-prod/data/songs/mazie_new-york-2.json
aa34fe74-5676-4ef8-949c-61110bf03a71,Mcauley Schenker Group - Gimme Your Love,Mcauley Schenker Group,Gimme Your Love,,,mcauley-schenker-group,gimme-your-love,,https://storage.googleapis.com/music8-json-prod/data/songs/mcauley-schenker-group_gimme-your-love.json
25952d7f-4a78-4095-b9b2-60ccbcf3c7b4,McKenna Rae - A Humans Touch,McKenna Rae,A Humans Touch,mckenna-rae,a-humans-touch,mckenna-rae,a-humans-touch,2024-02-28,https://storage.googleapis.com/music8-json-prod/data/songs/mckenna-rae_a-humans-touch.json
d31c8de5-7a81-4ad7-b398-9e2d9492eca5,MEARSY - Dna,MEARSY,Dna,mearsy,dna-2,mearsy,dna-2,2023-03-09,https://storage.googleapis.com/music8-json-prod/data/songs/mearsy_dna-2.json
3405426f-d38c-4d93-92a6-a31283cdb2bc,Meduza - Rollin,Meduza,Rollin,meduza,rollin-2,meduza,rollin-2,2026-02-19,https://storage.googleapis.com/music8-json-prod/data/songs/meduza_rollin-2.json
b960998d-266e-4485-92df-244fc899ae6f,Meduza - Tell Me Why,Meduza,Tell Me Why,meduza,tell-me-why-meduza-extended-remix,meduza,tell-me-why-meduza-extended-remix,2022-09-01,https://storage.googleapis.com/music8-json-prod/data/songs/meduza_tell-me-why-meduza-extended-remix.json
3fdaad48-192f-4d0b-a2fd-66136955faf7,Meek Mill - Lyrical Eazy,Meek Mill,Lyrical Eazy,meek-mill,lyrical-eazy,meek-mill,lyrical-eazy,2023-10-19,https://storage.googleapis.com/music8-json-prod/data/songs/meek-mill_lyrical-eazy.json
08d9e8ae-7d50-4727-aea9-e2cce9d92613,Megafonospaziale - Gary Numan 'The Fall' Allsaints Basement Sessions,Megafonospaziale,Gary Numan 'The Fall' Allsaints Basement Sessions,,,megafonospaziale,gary-numan-the-fall-allsaints-basement-sessions,,https://storage.googleapis.com/music8-json-prod/data/songs/megafonospaziale_gary-numan-the-fall-allsaints-basement-sessions.json
c95b59c0-daa5-4e05-bbb1-2bb93aa2b7e7,Megan Thee Stallion - Bba,Megan Thee Stallion,Bba,megan-thee-stallion,bba,megan-thee-stallion,bba,2024-09-06,https://storage.googleapis.com/music8-json-prod/data/songs/megan-thee-stallion_bba.json
2d7cbda1-c6ba-4216-9249-6bd879dd1ca4,Megan Thee Stallion - Neva Play,Megan Thee Stallion,Neva Play,megan-thee-stallion,neva-play,megan-thee-stallion,neva-play,2024-09-05,https://storage.googleapis.com/music8-json-prod/data/songs/megan-thee-stallion_neva-play.json
9b7e0fc1-4753-464f-9f5c-02026fcbdabf,Megan Thee Stallion - Not My Fault,Megan Thee Stallion,Not My Fault,megan-thee-stallion,not-my-fault,megan-thee-stallion,not-my-fault,2023-12-14,https://storage.googleapis.com/music8-json-prod/data/songs/megan-thee-stallion_not-my-fault.json
9af6f16c-0dae-4470-8a86-817c1770d1e0,Meghan Trainor - Chasin',Meghan Trainor,Chasin',meghan-trainor,chasin,meghan-trainor,chasin,2024-07-25,https://storage.googleapis.com/music8-json-prod/data/songs/meghan-trainor_chasin.json
41176290-b3c9-4edf-a466-af2e2eb8397d,Meghan Trainor - Chicken Little,Meghan Trainor,Chicken Little,meghan-trainor,chicken-little,meghan-trainor,chicken-little,2023-07-14,https://storage.googleapis.com/music8-json-prod/data/songs/meghan-trainor_chicken-little.json
bd1cb1a4-00a5-4c7e-81d0-da16f9443dff,Meghan Trainor - Mind Reader,Meghan Trainor,Mind Reader,meghan-trainor,mind-reader,meghan-trainor,mind-reader,2025-05-01,https://storage.googleapis.com/music8-json-prod/data/songs/meghan-trainor_mind-reader.json
a97be683-0839-48fb-9081-27bd298c0e87,Meghan Trainor - Slippin',Meghan Trainor,Slippin',meghan-trainor,slippin-2,meghan-trainor,slippin-2,2024-07-12,https://storage.googleapis.com/music8-json-prod/data/songs/meghan-trainor_slippin-2.json
d92b9a7c-e8d7-438e-853f-6ae7dd45600e,Mereba - Make Money,Mereba,Make Money,mereba,make-money,mereba,make-money,2024-10-31,https://storage.googleapis.com/music8-json-prod/data/songs/mereba_make-money.json
635c6030-3d0c-4a4b-997f-c391781845cb,MERYLL - Elevator,MERYLL,Elevator,meryll,elevator-2,meryll,elevator-2,2025-07-09,https://storage.googleapis.com/music8-json-prod/data/songs/meryll_elevator-2.json
a1077492-5b74-4b71-9259-602df95cf7c5,Metallica - Enter Sandman,Metallica,Enter Sandman,,,metallica,enter-sandman,,https://storage.googleapis.com/music8-json-prod/data/songs/metallica_enter-sandman.json
205e1a62-5843-4862-8bb7-eb596ee6cd53,Method Man - Lalala,Method Man,Lalala,method-man,lalala,method-man,lalala,2025-02-05,https://storage.googleapis.com/music8-json-prod/data/songs/method-man_lalala.json
f006d930-bf8b-4f0b-a411-d7a954f8403c,Metric - Synthetica,Metric,Synthetica,,,metric,synthetica,,https://storage.googleapis.com/music8-json-prod/data/songs/metric_synthetica.json
73c4d376-373d-4518-9ddc-d386e4ec2507,Metrikuk - Awake,Metrikuk,Awake,metrikuk,awake,metrikuk,awake,2023-10-11,https://storage.googleapis.com/music8-json-prod/data/songs/metrikuk_awake.json
ea41e367-19bf-4a8c-a45b-e252db17773c,Metro Boomin - Real Me,Metro Boomin,Real Me,metro-boomin,real-me,metro-boomin,real-me,2025-03-21,https://storage.googleapis.com/music8-json-prod/data/songs/metro-boomin_real-me.json
ca797b2a-b943-4ce4-acc5-4de9b7965766,Metronomy - Good Kisses,Metronomy,Good Kisses,metronomy,good-kisses,metronomy,good-kisses,2024-11-11,https://storage.googleapis.com/music8-json-prod/data/songs/metronomy_good-kisses.json
15e98c72-c478-4c4c-86b2-e7e5ef699349,Mgmt - Kids,Mgmt,Kids,,,mgmt,kids,,https://storage.googleapis.com/music8-json-prod/data/songs/mgmt_kids.json
a3e10b0c-cd53-4606-8c19-a46faeefee15,Micah Martin - Monsters,Micah Martin,Monsters,micah-martin,monsters-4,micah-martin,monsters-4,2023-12-11,https://storage.googleapis.com/music8-json-prod/data/songs/micah-martin_monsters-4.json
9ea669bb-829f-4836-96d4-9060ab81aa70,Michael Bolton - When A Man Loves A Woman,Michael Bolton,When A Man Loves A Woman,,,michael-bolton,when-a-man-loves-a-woman,,https://storage.googleapis.com/music8-json-prod/data/songs/michael-bolton_when-a-man-loves-a-woman.json
e7383047-e727-4707-8be3-ea38b92a157c,Michael Jackson - Say Say Say,Michael Jackson,Say Say Say,,,michael-jackson,say-say-say,,https://storage.googleapis.com/music8-json-prod/data/songs/michael-jackson_say-say-say.json
22759308-8c03-4c57-86b3-6c1974751531,Michael Mcdonald - I Keep Forgettin',Michael Mcdonald,I Keep Forgettin',,,michael-mcdonald,1-keep-forgettin,,https://storage.googleapis.com/music8-json-prod/data/songs/michael-mcdonald_1-keep-forgettin.json
fdac1e6b-33b3-4f06-bcf7-6e5d1b5a7bd1,Michael Patrick Kelly - Rebellion,Michael Patrick Kelly,Rebellion,michael-patrick-kelly,rebellion,michael-patrick-kelly,rebellion,2025-02-13,https://storage.googleapis.com/music8-json-prod/data/songs/michael-patrick-kelly_rebellion.json
6069c45c-9162-4cf1-8e91-e9a3639a6d6e,Michael Patrick Kelly - Wonders,Michael Patrick Kelly,Wonders,michael-patrick-kelly,wonders-2,michael-patrick-kelly,wonders-2,2022-11-10,https://storage.googleapis.com/music8-json-prod/data/songs/michael-patrick-kelly_wonders-2.json
2a97cdfe-2ddb-43cc-b88f-1d958acb3cee,"Michael Sweet - ""Lord""",Michael Sweet,"""Lord""",,,michael-sweet,lord,,https://storage.googleapis.com/music8-json-prod/data/songs/michael-sweet_lord.json
ff7a95d7-35e4-48dd-ad08-405af71fac40,Michelle Branch - The Game Of Love,Michelle Branch,The Game Of Love,michelle-branch,the-game-of-love,michelle-branch,the-game-of-love,2002-09-29,https://storage.googleapis.com/music8-json-prod/data/songs/michelle-branch_the-game-of-love.json
98d1b702-2f19-495a-8cf7-97014fd59f9e,Midnite City - Heaven In This Hell,Midnite City,Heaven In This Hell,,,midnite-city,heaven-in-this-hell,,https://storage.googleapis.com/music8-json-prod/data/songs/midnite-city_heaven-in-this-hell.json
46e6ba40-e0e1-41a6-a8fb-cbb5b9ef9cef,Midnite City - Like There's No Tomorrow,Midnite City,Like There's No Tomorrow,,,midnite-city,like-theres-no-tomorrow,,https://storage.googleapis.com/music8-json-prod/data/songs/midnite-city_like-theres-no-tomorrow.json
db8929d6-e080-4a84-8054-303e117a0bc5,Migos - Pure Water,Migos,Pure Water,migos,pure-water,migos,pure-water,2019-06-27,https://storage.googleapis.com/music8-json-prod/data/songs/migos_pure-water.json
a02609eb-ab0b-4107-8649-8bb614f79d59,Milet - Inside You / The Home Take,Milet,Inside You / The Home Take,,,milet,inside-you-the-home-take,,https://storage.googleapis.com/music8-json-prod/data/songs/milet_inside-you-the-home-take.json
461c5ac5-afae-4604-b2e7-5ba7e53dfa6f,Miley Cyrus - Doctor,Miley Cyrus,Doctor,miley-cyrus,doctor,miley-cyrus,doctor,2024-02-29,https://storage.googleapis.com/music8-json-prod/data/songs/miley-cyrus_doctor.json
c2a81d63-44a1-4432-a9cb-4a8a103eec46,Miley Cyrus - Party In The U.s.a.,Miley Cyrus,Party In The U.s.a.,,,miley-cyrus,party-in-the-usa,,https://storage.googleapis.com/music8-json-prod/data/songs/miley-cyrus_party-in-the-usa.json
a89e4149-09e3-49de-b886-605ddafd7609,Miriam Bryant - Push Play,Miriam Bryant,Push Play,miriam-bryant,push-play,miriam-bryant,push-play,2012-01-01,https://storage.googleapis.com/music8-json-prod/data/songs/miriam-bryant_push-play.json
7f7b502e-3675-49aa-94a6-349fad3388eb,Mishaal Tamer - Mirage,Mishaal Tamer,Mirage,mishaal-tamer,mirage,mishaal-tamer,mirage,2023-09-22,https://storage.googleapis.com/music8-json-prod/data/songs/mishaal-tamer_mirage.json
79d7d7a1-f3b4-43f0-a163-30954cdc2b8f,Miss Papaya - Hero,Miss Papaya,Hero,,,miss-papaya,hero,,https://storage.googleapis.com/music8-json-prod/data/songs/miss-papaya_hero.json
d7ee0676-db21-4c59-82ca-6bf9b14ced15,Missing - Everything But The Girl,Missing,Everything But The Girl,,,missing,everything-but-the-girl,,https://storage.googleapis.com/music8-json-prod/data/songs/missing_everything-but-the-girl.json
4a78b255-af3e-4494-ab82-076ea72d94a8,Missy Elliott - Nails,Missy Elliott,Nails,missy-elliott,nails,missy-elliott,nails,2022-10-05,https://storage.googleapis.com/music8-json-prod/data/songs/missy-elliott_nails.json
300c216d-89db-4ada-956d-da0e536d8e1d,Missy Elliott - Ratata,Missy Elliott,Ratata,missy-elliott,ratata,missy-elliott,ratata,2023-12-16,https://storage.googleapis.com/music8-json-prod/data/songs/missy-elliott_ratata.json
93d6290b-b42d-41ec-b484-8241f4dc4c38,Missy Lancaster - Gold,Missy Lancaster,Gold,missy-lancaster,gold-4,missy-lancaster,gold-4,2022-08-05,https://storage.googleapis.com/music8-json-prod/data/songs/missy-lancaster_gold-4.json
640ef1fd-9b41-45b3-9aa7-4e0652136e39,MJ Lenderman - Right Back To It,MJ Lenderman,Right Back To It,mj-lenderman,right-back-to-it,mj-lenderman,right-back-to-it,2024-01-09,https://storage.googleapis.com/music8-json-prod/data/songs/mj-lenderman_right-back-to-it.json
d825bd24-cf4d-4844-983d-05246469e688,Modern Tales - Darkness In Me,Modern Tales,Darkness In Me,modern-tales,darkness-in-me,modern-tales,darkness-in-me,2025-02-14,https://storage.googleapis.com/music8-json-prod/data/songs/modern-tales_darkness-in-me.json
8d309f88-871d-46ce-8d04-f51d0d0fc45a,Moonchild Sanelly - Big Man,Moonchild Sanelly,Big Man,moonchild-sanelly,big-man,moonchild-sanelly,big-man,2024-06-19,https://storage.googleapis.com/music8-json-prod/data/songs/moonchild-sanelly_big-man.json
290afae6-9fac-41d8-9fec-b4bd3ff6fe58,MORGAN - Adrenaline Rush Ft. Morgan,MORGAN,Adrenaline Rush Ft. Morgan,morgan,adrenaline-rush-ft-morgan,morgan,adrenaline-rush-ft-morgan,2023-06-08,https://storage.googleapis.com/music8-json-prod/data/songs/morgan_adrenaline-rush-ft-morgan.json
5b2ef566-d6bd-4650-91a4-537d226ef2c5,Morgan Wallen - I Had Some Help,Morgan Wallen,I Had Some Help,morgan-wallen,i-had-some-help,morgan-wallen,i-had-some-help,2024-05-10,https://storage.googleapis.com/music8-json-prod/data/songs/morgan-wallen_i-had-some-help.json
e8756a37-629b-49c9-86c7-3230958bfdcb,Mos Def - Take It Back,Mos Def,Take It Back,mos-def,take-it-back,mos-def,take-it-back,2025-01-11,https://storage.googleapis.com/music8-json-prod/data/songs/mos-def_take-it-back.json
b18ea827-8245-45a9-8c37-5f503437ba29,Mousse T. - Catch The Beat,Mousse T.,Catch The Beat,mousse-t,catch-the-beat-dimis-mousse-t-s-old-school-mix,mousse-t,catch-the-beat-dimis-mousse-t-s-old-school-mix,2002-01-01,https://storage.googleapis.com/music8-json-prod/data/songs/mousse-t_catch-the-beat-dimis-mousse-t-s-old-school-mix.json
1abef3e5-a06e-4beb-adc0-bd49763d4b26,Moxie - I Love It When You Cry,Moxie,I Love It When You Cry,moxie,i-love-it-when-you-cry,moxie,i-love-it-when-you-cry,2015-05-10,https://storage.googleapis.com/music8-json-prod/data/songs/moxie_i-love-it-when-you-cry.json
11cae470-2a88-4a43-82b4-f731132235e9,"Mr. Big - Daddy, Brother, Lover, Little Boy",Mr. Big,"Daddy, Brother, Lover, Little Boy",,,mr-big,daddy-brother-lover-little-boy,,https://storage.googleapis.com/music8-json-prod/data/songs/mr-big_daddy-brother-lover-little-boy.json
ad00e841-189b-4044-b017-91d88156c1c7,Mr. Probz - Waves,Mr. Probz,Waves,chris-brown,waves-4,chris-brown,waves-4,2014-02-02,https://storage.googleapis.com/music8-json-prod/data/songs/chris-brown_waves-4.json
a1d95094-f2a5-4dd8-bc5e-636253d8dde9,Mr.kitty - Dream Diver,Mr.kitty,Dream Diver,,,mr-kitty,dream-diver,,https://storage.googleapis.com/music8-json-prod/data/songs/mr-kitty_dream-diver.json
5233e3ee-5f34-448c-95a5-e25feea761a2,Msg (Mcauley Schenker Group) - Gimme Your Love From The Album Perfect Timing,Msg (Mcauley Schenker Group),Gimme Your Love From The Album Perfect Timing,,,msg-mcauley-schenker-group,gimme-your-love-from-the-album-perfect-timing,,https://storage.googleapis.com/music8-json-prod/data/songs/msg-mcauley-schenker-group_gimme-your-love-from-the-album-perfect-timing.json
dbff73f7-4155-42a9-8ba4-8553608c4dbd,Mufasa &Amp; Hypeman - Believe,Mufasa &Amp; Hypeman,Believe,mufasa-hypeman,believe-shooting-stars,mufasa-hypeman,believe-shooting-stars,2024-10-24,https://storage.googleapis.com/music8-json-prod/data/songs/mufasa-hypeman_believe-shooting-stars.json
d675a6e7-c289-4179-a9e4-fade554a3ad2,Mufasa Hypeman - Friday,Mufasa Hypeman,Friday,mufasa-hypeman,friday-3,mufasa-hypeman,friday-3,2021-02-26,https://storage.googleapis.com/music8-json-prod/data/songs/mufasa-hypeman_friday-3.json
9fce3974-b943-4b2e-bab2-dd1c682d1cbc,Mumford &Amp; Sons - Good People,Mumford &Amp; Sons,Good People,mumford-sons,good-people,mumford-sons,good-people,2024-01-16,https://storage.googleapis.com/music8-json-prod/data/songs/mumford-sons_good-people.json
4d11e2a6-022a-4336-8071-393d0143e5b5,Muni Long - I Do,Muni Long,I Do,muni-long,i-do-3,muni-long,i-do-3,2024-10-22,https://storage.googleapis.com/music8-json-prod/data/songs/muni-long_i-do-3.json
fe143656-0e05-475a-bc46-dabbce2c83c5,Muse - 1685,Muse,1685,muse,1685,muse,1685,2024-08-29,https://storage.googleapis.com/music8-json-prod/data/songs/muse_1685.json
d336e724-8948-41ad-9bf6-ba3bab83289e,Muse - Uprising,Muse,Uprising,,,muse,uprising,,https://storage.googleapis.com/music8-json-prod/data/songs/muse_uprising.json
7b173e32-6d0c-49ba-b771-1f59afc708ba,Music Travel Love - Forever Young Ft. Bugoy Drilon,Music Travel Love,Forever Young Ft. Bugoy Drilon,bugoy-drilon,forever-young-6,bugoy-drilon,forever-young-6,2025-04-15,https://storage.googleapis.com/music8-json-prod/data/songs/bugoy-drilon_forever-young-6.json
b1ee1ad3-2e82-42ba-8b40-4b7b9caba009,Mustard - High Fashion,Mustard,High Fashion,mustard,high-fashion,mustard,high-fashion,2019-12-05,https://storage.googleapis.com/music8-json-prod/data/songs/mustard_high-fashion.json
0ac7ab5e-efdf-4da1-82f6-c2320014f9a5,Myles Smith - Blink Twice,Myles Smith,Blink Twice,myles-smith,blink-twice,myles-smith,blink-twice,2025-04-10,https://storage.googleapis.com/music8-json-prod/data/songs/myles-smith_blink-twice.json
8efd8c4f-eac2-490e-a683-ae16ffcb6f33,Nailah Blackman - Come Home,Nailah Blackman,Come Home,nailah-blackman,come-home-2,nailah-blackman,come-home-2,2023-02-08,https://storage.googleapis.com/music8-json-prod/data/songs/nailah-blackman_come-home-2.json
61bdb22d-dad4-4ddb-bc0e-462c467368d4,Naomi Wild - So Gone,Naomi Wild,So Gone,naomi-wild,so-gone,naomi-wild,so-gone,2022-08-26,https://storage.googleapis.com/music8-json-prod/data/songs/naomi-wild_so-gone.json
449bfabc-4c43-4561-89da-c6f73644edf0,Narvent - Memory Reboot,Narvent,Memory Reboot,narvent,memory-reboot,narvent,memory-reboot,2023-01-16,https://storage.googleapis.com/music8-json-prod/data/songs/narvent_memory-reboot.json
1352fa22-d24f-4a91-bd4b-80cb8a15e4ab,Narvent - Moonlit,Narvent,Moonlit,narvent,moonlit,narvent,moonlit,2023-09-23,https://storage.googleapis.com/music8-json-prod/data/songs/narvent_moonlit.json
cc856406-bfdc-490d-95bc-7708b55120df,Nas - Documents,Nas,Documents,nas,documents,nas,documents,2025-07-24,https://storage.googleapis.com/music8-json-prod/data/songs/nas_documents.json
27e9a8d3-f85c-4bca-b596-0aa2f03dd471,Nas - Times,Nas,Times,nas,times,nas,times,2025-03-10,https://storage.googleapis.com/music8-json-prod/data/songs/nas_times.json
9e48ea35-b208-469e-8f54-488bccb89f02,Nate Dogg - High Christmas,Nate Dogg,High Christmas,nate-dogg,high-christmas,nate-dogg,high-christmas,2024-12-22,https://storage.googleapis.com/music8-json-prod/data/songs/nate-dogg_high-christmas.json
aa297679-f507-456d-8bda-098d8eac6c2c,Nathan Evans - Happy Place,Nathan Evans,Happy Place,nathan-evans,happy-place,nathan-evans,happy-place,2026-01-09,https://storage.googleapis.com/music8-json-prod/data/songs/nathan-evans_happy-place.json
bec38c23-4eae-44c4-94ce-3a98b0658bcb,Nazzereene - Know Me,Nazzereene,Know Me,nazzereene,know-me,nazzereene,know-me,2024-06-06,https://storage.googleapis.com/music8-json-prod/data/songs/nazzereene_know-me.json
bb0388f1-090b-4b49-99c8-6149f5144d90,Nazzereene - Under My Skin,Nazzereene,Under My Skin,nazzereene,under-my-skin,nazzereene,under-my-skin,2024-09-20,https://storage.googleapis.com/music8-json-prod/data/songs/nazzereene_under-my-skin.json
d72c6dee-14b9-474d-b139-60f46db54dab,Ne-Yo - Heavenly Hell,Ne-Yo,Heavenly Hell,ne-yo,heavenly-hell,ne-yo,heavenly-hell,2024-06-28,https://storage.googleapis.com/music8-json-prod/data/songs/ne-yo_heavenly-hell.json
bcc96979-cb24-40e2-92c6-35c9b06625d5,Neil Young - Big Change,Neil Young,Big Change,neil-young,big-change,neil-young,big-change,2025-01-16,https://storage.googleapis.com/music8-json-prod/data/songs/neil-young_big-change.json
d685b4e9-92c8-4c6e-bb9a-d22f6e3b1544,Neil Young - Rockin' In The Free World,Neil Young,Rockin' In The Free World,,,neil-young,rockin-in-the-free-world,,https://storage.googleapis.com/music8-json-prod/data/songs/neil-young_rockin-in-the-free-world.json
6709eef4-21b7-4213-a3df-aeb6c74399ef,Nelly - Dilemma,Nelly,Dilemma,kelly-rowland,dilemma-2,kelly-rowland,dilemma-2,2002-06-25,https://storage.googleapis.com/music8-json-prod/data/songs/kelly-rowland_dilemma-2.json
8623f348-69f9-4da2-a177-4306a6191716,Nelly Furtado - Electric Circus,Nelly Furtado,Electric Circus,boi-1da,electric-circus,boi-1da,electric-circus,2026-05-25,https://storage.googleapis.com/music8-json-prod/data/songs/boi-1da_electric-circus.json
05bbdbe9-b8c9-42f0-94ad-aaef77fd387f,Neneh Cherry - 7 Seconds,Neneh Cherry,7 Seconds,neneh-cherry,7-seconds,neneh-cherry,7-seconds,1994-05-19,https://storage.googleapis.com/music8-json-prod/data/songs/neneh-cherry_7-seconds.json
22c3fa16-3b21-4575-a75f-50cc84c8ffe6,Nestor - Caroline,Nestor,Caroline,,,nestor,caroline,,https://storage.googleapis.com/music8-json-prod/data/songs/nestor_caroline.json
76203372-436e-4a8b-a20c-cda4dcf2c5c4,New Order - Blue Monday 88,New Order,Blue Monday 88,,,new-order,blue-monday88,,https://storage.googleapis.com/music8-json-prod/data/songs/new-order_blue-monday88.json
9ff529ea-5229-4e6a-8f29-08693b0df9e8,Next - Too Close,Next,Too Close,,,next,too-close,,https://storage.googleapis.com/music8-json-prod/data/songs/next_too-close.json
cc22823b-d731-457a-996b-0f928bd919f1,"Nf, Mgk - Who I Was","Nf, Mgk",Who I Was,machine-gun-kelly,who-i-was,machine-gun-kelly,who-i-was,2025-11-13,https://storage.googleapis.com/music8-json-prod/data/songs/machine-gun-kelly_who-i-was.json
180fbbcb-f4a7-4809-94f1-2b7aa1c2feb4,NGHTMRE - Free,NGHTMRE,Free,nghtmre,free-5,nghtmre,free-5,2026-01-29,https://storage.googleapis.com/music8-json-prod/data/songs/nghtmre_free-5.json
098bb271-fced-4e0e-8729-66d7de939c8b,Nia Archives - Illegal,Nia Archives,Illegal,nia-archives,illegal-2,nia-archives,illegal-2,2025-06-26,https://storage.googleapis.com/music8-json-prod/data/songs/nia-archives_illegal-2.json
234326d8-9f7b-41f9-a99c-891856431f9e,Nicki Minaj - Ball For Me,Nicki Minaj,Ball For Me,nicki-minaj,ball-for-me,nicki-minaj,ball-for-me,2018-04-26,https://storage.googleapis.com/music8-json-prod/data/songs/nicki-minaj_ball-for-me.json
68126e62-40b3-41d1-8f52-fd28c5fab04e,Nicki Minaj - No Candle No Light,Nicki Minaj,No Candle No Light,nicki-minaj,no-candle-no-light,nicki-minaj,no-candle-no-light,2018-12-14,https://storage.googleapis.com/music8-json-prod/data/songs/nicki-minaj_no-candle-no-light.json
1d648322-3570-4e40-b9eb-3651046a0e34,Nicky Romero - Higher Off The Ground,Nicky Romero,Higher Off The Ground,nicky-romero,higher-off-the-ground,nicky-romero,higher-off-the-ground,2025-11-06,https://storage.googleapis.com/music8-json-prod/data/songs/nicky-romero_higher-off-the-ground.json
f69bf9fb-df40-432a-9775-e744fa36e003,Nicolas Fernandez - The Police Every Breath You Take 2008 Live Hd,Nicolas Fernandez,The Police Every Breath You Take 2008 Live Hd,,,nicolas-fernandez,the-police-every-breath-you-take-2008-live-hd,,https://storage.googleapis.com/music8-json-prod/data/songs/nicolas-fernandez_the-police-every-breath-you-take-2008-live-hd.json
58227019-b119-4770-9ddb-b39df356fdd8,Night Ranger - (You Can Still) Rock In America,Night Ranger,(You Can Still) Rock In America,,,night-ranger,you-can-still-rock-in-america,,https://storage.googleapis.com/music8-json-prod/data/songs/night-ranger_you-can-still-rock-in-america.json
11fb7e17-6491-4175-a626-d9ae59fdd21a,Nightwish - Storytime,Nightwish,Storytime,,,nightwish,storytime,,https://storage.googleapis.com/music8-json-prod/data/songs/nightwish_storytime.json
bd6dfa33-30fb-4116-aac4-b89db1dbcc7d,Niki & the Dove - Lioness,Niki & the Dove,Lioness,niki-the-dove,lioness,niki-the-dove,lioness,2024-06-07,https://storage.googleapis.com/music8-json-prod/data/songs/niki-the-dove_lioness.json
2c7dcd93-591b-42cd-a718-5ef7fe1195d8,Niko Vilhelm - Break These Chains,Niko Vilhelm,Break These Chains,niko-vilhelm,break-these-chains,niko-vilhelm,break-these-chains,2025-05-16,https://storage.googleapis.com/music8-json-prod/data/songs/niko-vilhelm_break-these-chains.json
eef2e483-7543-4935-bb29-f0af90fb4bc2,Nile Rodgers - Passion,Nile Rodgers,Passion,nile-rodgers,passion-2,nile-rodgers,passion-2,2022-05-17,https://storage.googleapis.com/music8-json-prod/data/songs/nile-rodgers_passion-2.json
37680434-e56d-4d19-b769-87bc227c47c6,NINA - We Dont Count,NINA,We Dont Count,nina,we-dont-count,nina,we-dont-count,2025-07-28,https://storage.googleapis.com/music8-json-prod/data/songs/nina_we-dont-count.json
013583bc-e917-404f-9d54-dc690d2f7a09,Ninet Tayeb - Rock Bottom,Ninet Tayeb,Rock Bottom,ninet-tayeb,rock-bottom,ninet-tayeb,rock-bottom,2023-09-12,https://storage.googleapis.com/music8-json-prod/data/songs/ninet-tayeb_rock-bottom.json
431ee6e2-4e1a-44b5-92c4-2b4c4a2b86f8,Niska - Sans Coeur,Niska,Sans Coeur,niska,sans-coeur,niska,sans-coeur,2023-11-10,https://storage.googleapis.com/music8-json-prod/data/songs/niska_sans-coeur.json
5538cf1a-33ae-4637-a0ef-530b66dc39e1,Nitroverts - Kitty Girl,Nitroverts,Kitty Girl,nitroverts,kitty-girl-nitroverts-remix,nitroverts,kitty-girl-nitroverts-remix,2023-08-03,https://storage.googleapis.com/music8-json-prod/data/songs/nitroverts_kitty-girl-nitroverts-remix.json
57214d92-ef90-45b9-bbf6-f2312b4d9271,NLE Choppa - Hello Revenge,NLE Choppa,Hello Revenge,nle-choppa,hello-revenge,nle-choppa,hello-revenge,2025-11-28,https://storage.googleapis.com/music8-json-prod/data/songs/nle-choppa_hello-revenge.json
52242310-2876-408a-95d8-eb814bbf7e87,NLE Choppa - Ko,NLE Choppa,Ko,nle-choppa,ko,nle-choppa,ko,2025-10-30,https://storage.googleapis.com/music8-json-prod/data/songs/nle-choppa_ko.json
a5c96f2f-9bdd-4d50-9d86-1ee173181b78,Nmixx - Caution,Nmixx,Caution,anderson-paak,caution,anderson-paak,caution,2026-05-28,https://storage.googleapis.com/music8-json-prod/data/songs/anderson-paak_caution.json
9cd75293-ef84-4681-8209-cdad10403e07,Noah Cyrus - How Far Will We Take It?,Noah Cyrus,How Far Will We Take It?,noah-cyrus,how-far-will-we-take-it,noah-cyrus,how-far-will-we-take-it,2024-05-10,https://storage.googleapis.com/music8-json-prod/data/songs/noah-cyrus_how-far-will-we-take-it.json
d23c3089-c740-4a6a-a164-9cbea63e461b,Noah Cyrus - My Fault,Noah Cyrus,My Fault,noah-cyrus,my-fault,noah-cyrus,my-fault,2024-05-30,https://storage.googleapis.com/music8-json-prod/data/songs/noah-cyrus_my-fault.json
5d2690f5-f3e4-4126-862d-6279460309ac,NoMBe - Pleasure Chasers,NoMBe,Pleasure Chasers,nombe,pleasure-chasers,nombe,pleasure-chasers,2024-05-23,https://storage.googleapis.com/music8-json-prod/data/songs/nombe_pleasure-chasers.json
cd1d92bb-4776-42f5-a2e6-19eaf2027bf6,Nonô - “Pick Up The Phone” -,Nonô,“Pick Up The Phone” -,nono,pick-up-the-phone-2,nono,pick-up-the-phone-2,2025-06-18,https://storage.googleapis.com/music8-json-prod/data/songs/nono_pick-up-the-phone-2.json
b8cd0ced-2216-4d2e-9f86-e3bdc18ca083,Norah Jones - Don't Know Why,Norah Jones,Don't Know Why,,,norah-jones,dont-know-why,,https://storage.googleapis.com/music8-json-prod/data/songs/norah-jones_dont-know-why.json
403c4976-c169-49c4-8ddf-74e407b8242d,Norma Jean Martine - Overdrive,Norma Jean Martine,Overdrive,norma-jean-martine,overdrive-2,norma-jean-martine,overdrive-2,2024-01-09,https://storage.googleapis.com/music8-json-prod/data/songs/norma-jean-martine_overdrive-2.json
bf37a8ed-1821-4099-8797-98d237ad8e3b,Normani - Dancing With A Stranger,Normani,Dancing With A Stranger,normani,dancing-with-a-stranger,normani,dancing-with-a-stranger,2020-10-29,https://storage.googleapis.com/music8-json-prod/data/songs/normani_dancing-with-a-stranger.json
8d14091f-78c7-42f1-9c44-f1fcfa7e70ed,NORTH - Balance,NORTH,Balance,north,balance,north,balance,2024-03-14,https://storage.googleapis.com/music8-json-prod/data/songs/north_balance.json
993830ac-c520-4994-83be-6f701cc7ada5,Northtale - Everyone's A Star,Northtale,Everyone's A Star,,,northtale,everyones-a-star,,https://storage.googleapis.com/music8-json-prod/data/songs/northtale_everyones-a-star.json
dc40b5f4-89e4-486d-b7e0-3c97f66452f9,Not3s - Top Winners,Not3s,Top Winners,not3s,top-winners,not3s,top-winners,2020-03-16,https://storage.googleapis.com/music8-json-prod/data/songs/not3s_top-winners.json
0dd791c3-83ed-47ff-9054-f544cda3a937,Nothing More - Crossing The Rubicon,Nothing More,Crossing The Rubicon,nothing-more,crossing-the-rubicon,nothing-more,crossing-the-rubicon,2025-09-11,https://storage.googleapis.com/music8-json-prod/data/songs/nothing-more_crossing-the-rubicon.json
d94f12f3-8236-4993-a761-5ed17cc95a8a,"Nothing,Nowhere. - Deathwish","Nothing,Nowhere.",Deathwish,nothing-nowhere,deathwish,nothing-nowhere,deathwish,2022-05-05,https://storage.googleapis.com/music8-json-prod/data/songs/nothing-nowhere_deathwish.json
c1dca3a6-9b2c-4759-bcdc-50cd7eb0ffe1,November Ultra - Silencio,November Ultra,Silencio,november-ultra,silencio,november-ultra,silencio,2024-11-22,https://storage.googleapis.com/music8-json-prod/data/songs/november-ultra_silencio.json
20f9f376-2981-4f8c-be9b-7e7aaffb0a87,Now United - Run Till Dark,Now United,Run Till Dark,now-united,run-till-dark,now-united,run-till-dark,2023-03-10,https://storage.googleapis.com/music8-json-prod/data/songs/now-united_run-till-dark.json
bbda83db-3ace-4c89-967c-24064bfa842a,O Helga Natt (Oh Holy Night - Swedish Version),O Helga Natt (Oh Holy Night,Swedish Version),,,o-helga-natt-oh-holy-night,swedish-version,,https://storage.googleapis.com/music8-json-prod/data/songs/o-helga-natt-oh-holy-night_swedish-version.json
7f739963-c582-4a29-804c-1a513d36ef0b,ODDKO - Siren Song,ODDKO,Siren Song,oddko,siren-song,oddko,siren-song,2025-10-08,https://storage.googleapis.com/music8-json-prod/data/songs/oddko_siren-song.json
0114eace-46bf-4d9e-a2e5-bc53a6f7aaaa,Oh Hyuk - Nabi,Oh Hyuk,Nabi,ohhyuk,nabi,ohhyuk,nabi,2021-06-07,https://storage.googleapis.com/music8-json-prod/data/songs/ohhyuk_nabi.json
fe01e7c4-9cfc-46ff-a337-51bc0aa33260,Old Sea Brigade - Yeti,Old Sea Brigade,Yeti,old-sea-brigade,yeti,old-sea-brigade,yeti,2023-06-29,https://storage.googleapis.com/music8-json-prod/data/songs/old-sea-brigade_yeti.json
90403db1-b96c-4f67-a5f3-5405a403ee76,Oldkids Memories - 紅の豚 @時には昔の話を 加藤登紀子 宮崎駿 Porco Rosso Japanese Anime Music Pure Music 飛天紅豬俠 日本動畫,Oldkids Memories,紅の豚 @時には昔の話を 加藤登紀子 宮崎駿 Porco Rosso Japanese Anime Music Pure Music 飛天紅豬俠 日本動畫,,,oldkids-memories,porco-rosso-japanese-anime-music-pure-music,,https://storage.googleapis.com/music8-json-prod/data/songs/oldkids-memories_porco-rosso-japanese-anime-music-pure-music.json
52a26ff4-80ae-44a1-b006-ec87d8efabac,Oleta Adams - Woman In Chains,Oleta Adams,Woman In Chains,oleta-adams,woman-in-chains,oleta-adams,woman-in-chains,2013-08-09,https://storage.googleapis.com/music8-json-prod/data/songs/oleta-adams_woman-in-chains.json
31c4a5bb-e034-4aee-9ab1-f96e96458a60,Oli Sykes - Happier,Oli Sykes,Happier,oli-sykes,happier-2,oli-sykes,happier-2,2023-10-17,https://storage.googleapis.com/music8-json-prod/data/songs/oli-sykes_happier-2.json
604fc644-d06a-4170-9418-65c82ad25ee1,Olivia Dean - A Couple Minutes,Olivia Dean,A Couple Minutes,,,olivia-dean,a-couple-minutes,,https://storage.googleapis.com/music8-json-prod/data/songs/olivia-dean_a-couple-minutes.json
aa9cc627-c328-43fc-8cbb-b60b671c1ab5,Olivia Newton - John - Physical,Olivia Newton,John - Physical,,,olivia-newton,john-physical,,https://storage.googleapis.com/music8-json-prod/data/songs/olivia-newton_john-physical.json
ca65c111-4349-4257-9bba-94ff0aaf6acf,Omah Lay - One Call,Omah Lay,One Call,omah-lay,one-call,omah-lay,one-call,2024-07-24,https://storage.googleapis.com/music8-json-prod/data/songs/omah-lay_one-call.json
d530442e-78ba-45f2-b87c-76b0a58bedab,One Iii Notes - Shadow And Truth,One Iii Notes,Shadow And Truth,,,one-iii-notes,shadow-and-truth,,https://storage.googleapis.com/music8-json-prod/data/songs/one-iii-notes_shadow-and-truth.json
968dc631-9c2e-41b1-a7e3-f0bbd3e00ac0,One Ok Rock - Deeper Deeper,One Ok Rock,Deeper Deeper,,,one-ok-rock,deeper-deeper,,https://storage.googleapis.com/music8-json-prod/data/songs/one-ok-rock_deeper-deeper.json
38d0bdd6-21fe-4acf-813c-3867bcca2502,One Ok Rock - The Beginning,One Ok Rock,The Beginning,,,one-ok-rock,the-beginning,,https://storage.googleapis.com/music8-json-prod/data/songs/one-ok-rock_the-beginning.json
0de351b9-d969-4acb-92f0-ca24f9d19878,One True God - Give In To You,One True God,Give In To You,one-true-god,give-in-to-you,one-true-god,give-in-to-you,2024-09-13,https://storage.googleapis.com/music8-json-prod/data/songs/one-true-god_give-in-to-you.json
ea2c0e16-8940-4c03-94db-cf52f73d57da,OneRepublic - Apologize,OneRepublic,Apologize,onerepublic,apologize-2,onerepublic,apologize-2,2009-06-16,https://storage.googleapis.com/music8-json-prod/data/songs/onerepublic_apologize-2.json
a0bdd27b-c4f2-41c9-91fc-8befa38c1307,OneRepublic - Rich Love,OneRepublic,Rich Love,onerepublic,rich-love,onerepublic,rich-love,2017-09-29,https://storage.googleapis.com/music8-json-prod/data/songs/onerepublic_rich-love.json
e2793024-3949-4606-9d6a-67babeb0cb87,"Only Yesterday - Omoide Poro Poro - Ending - The Rose - Ai Wa Hana, Kimi Wa Sono Tane",Only Yesterday,"Omoide Poro Poro - Ending - The Rose - Ai Wa Hana, Kimi Wa Sono Tane",,,only-yesterday,omoide-poro-poro-ending-the-rose-ai-wa-hana-kimi-wa-sono-tane,,https://storage.googleapis.com/music8-json-prod/data/songs/only-yesterday_omoide-poro-poro-ending-the-rose-ai-wa-hana-kimi-wa-sono-tane.json
53b8990c-1415-4020-8bcb-d4b48f6161fd,Opeth - §7,Opeth,§7,opeth,%c2%a77,opeth,%c2%a77,2026-01-22,https://storage.googleapis.com/music8-json-prod/data/songs/opeth_%c2%a77.json
5a80f658-9adf-4ae3-b552-c33dd5370eba,Orden Ogan - Genghis Khan,Orden Ogan,Genghis Khan,orden-ogan,genghis-khan,orden-ogan,genghis-khan,2025-05-06,https://storage.googleapis.com/music8-json-prod/data/songs/orden-ogan_genghis-khan.json
05fca85d-2fd5-4dbe-825f-957118511f94,Origami Human - Without U,Origami Human,Without U,origami-human,without-u,origami-human,without-u,2023-11-30,https://storage.googleapis.com/music8-json-prod/data/songs/origami-human_without-u.json
38ed1dc8-49e0-4236-93c9-ebf10f61b953,OTYKEN - Altay,OTYKEN,Altay,otyken,altay,otyken,altay,2023-11-09,https://storage.googleapis.com/music8-json-prod/data/songs/otyken_altay.json
8ce1a9f7-860d-4c05-b238-2c4be3859491,Owl Vision - Downward,Owl Vision,Downward,owl-vision,downward,owl-vision,downward,2025-08-21,https://storage.googleapis.com/music8-json-prod/data/songs/owl-vision_downward.json
863b388d-c9c4-415d-8c88-19bd10c0d4d2,Owlkitty - Owlkitty In Vogue,Owlkitty,Owlkitty In Vogue,,,owlkitty,owlkitty-in-vogue,,https://storage.googleapis.com/music8-json-prod/data/songs/owlkitty_owlkitty-in-vogue.json
d65db7b3-6cab-44ff-86a6-7d4bf90d4940,"Ozzy Osbourne - ""Mama, I'm Coming Home""",Ozzy Osbourne,"""Mama, I'm Coming Home""",,,ozzy-osbourne,mama-1m-coming-home,,https://storage.googleapis.com/music8-json-prod/data/songs/ozzy-osbourne_mama-1m-coming-home.json
3b96193c-7afe-452b-b95c-9cf904440eff,Ozzy Osbourne - Take What You Want,Ozzy Osbourne,Take What You Want,ozzy-osbourne,take-what-you-want,ozzy-osbourne,take-what-you-want,2019-09-05,https://storage.googleapis.com/music8-json-prod/data/songs/ozzy-osbourne_take-what-you-want.json
f85827cf-bc0e-461a-876f-93051f8c90f8,P Nut - Falling In Love,P Nut,Falling In Love,p-nut,falling-in-love,p-nut,falling-in-love,2019-10-24,https://storage.googleapis.com/music8-json-prod/data/songs/p-nut_falling-in-love.json
85882595-3f6b-464c-8ea4-a835c3b1bd5a,P Nut - Shy Shy,P Nut,Shy Shy,p-nut,system-olympia,p-nut,system-olympia,2024-08-08,https://storage.googleapis.com/music8-json-prod/data/songs/p-nut_system-olympia.json
13570d8e-e92e-4ba3-a462-a836ddecd41a,P-Lo - Do It For The Bay,P-Lo,Do It For The Bay,p-lo,do-it-for-the-bay,p-lo,do-it-for-the-bay,2024-01-19,https://storage.googleapis.com/music8-json-prod/data/songs/p-lo_do-it-for-the-bay.json
7490b89e-4746-42c2-a158-34b25541b5f9,P-Lo - Inhibitions,P-Lo,Inhibitions,p-lo,inhibitions,p-lo,inhibitions,2022-03-17,https://storage.googleapis.com/music8-json-prod/data/songs/p-lo_inhibitions.json
e6e8edda-221f-4e92-8ff3-b5ac7ad2733c,Paco - Ghouls N Ghosts,Paco,Ghouls N Ghosts,paco,ghouls-n-ghosts,paco,ghouls-n-ghosts,2024-06-18,https://storage.googleapis.com/music8-json-prod/data/songs/paco_ghouls-n-ghosts.json
12ff2136-ea7a-4eb3-ac16-17b463039f51,Paleneø - Paleneø / Crowd Surf Rider,Paleneø,Paleneø / Crowd Surf Rider,,,palene,palene-crowd-surf-rider,,https://storage.googleapis.com/music8-json-prod/data/songs/palene_palene-crowd-surf-rider.json
fed890e6-4e47-46ac-a53a-5962eef83143,Paris Hilton - Fame Won't Love You,Paris Hilton,Fame Won't Love You,paris-hilton,fame-wont-love-you,paris-hilton,fame-wont-love-you,2024-04-18,https://storage.googleapis.com/music8-json-prod/data/songs/paris-hilton_fame-wont-love-you.json
cad6b360-88ca-4c59-96c0-985630ba6be2,Paris Hilton - Lighter,Paris Hilton,Lighter,paris-hilton,lighter-2,paris-hilton,lighter-2,2023-10-19,https://storage.googleapis.com/music8-json-prod/data/songs/paris-hilton_lighter-2.json
991680d8-d645-4a26-a508-0888875e72d6,Paris Jackson - Low Key In Love,Paris Jackson,Low Key In Love,paris-jackson,low-key-in-love,paris-jackson,low-key-in-love,2021-04-15,https://storage.googleapis.com/music8-json-prod/data/songs/paris-jackson_low-key-in-love.json
f4c33887-2005-4089-8334-efc4332b37d4,PARTYNEXTDOOR - Still Got Time,PARTYNEXTDOOR,Still Got Time,partynextdoor,still-got-time,partynextdoor,still-got-time,2017-03-23,https://storage.googleapis.com/music8-json-prod/data/songs/partynextdoor_still-got-time.json
2bfd128b-f4c3-465c-8d07-9a3f3f3e06df,PASCAL - Bana & Ocljiu',PASCAL,Bana & Ocljiu',pascal,bana-ocljiu,pascal,bana-ocljiu,2025-06-10,https://storage.googleapis.com/music8-json-prod/data/songs/pascal_bana-ocljiu.json
999b06bd-a7f7-4df1-afe8-58839f1046d4,Passenger,Passenger,Passenger,,,passenger,passenger,,https://storage.googleapis.com/music8-json-prod/data/songs/passenger_passenger.json
6482d098-35a4-4003-828d-44dd8ab26c2f,Patti Smith - Blue,Patti Smith,Blue,patti-smith,blue-2,patti-smith,blue-2,2011-01-01,https://storage.googleapis.com/music8-json-prod/data/songs/patti-smith_blue-2.json
f3a46bd6-331a-4821-9989-b5e3a847ddab,Patti Smith - E-bow The Letter,Patti Smith,E-bow The Letter,patti-smith,e-bow-the-letter,patti-smith,e-bow-the-letter,1995-12-31,https://storage.googleapis.com/music8-json-prod/data/songs/patti-smith_e-bow-the-letter.json
3bafa719-652f-4956-b7bc-becc57b3bf25,Patti Smith - The Warrior,Patti Smith,The Warrior,patti-smith,the-warrior,patti-smith,the-warrior,1984-08-20,https://storage.googleapis.com/music8-json-prod/data/songs/patti-smith_the-warrior.json
458a7977-3f1b-49d3-8535-b9998c714f15,Paul Gilbert - Boku No Atama,Paul Gilbert,Boku No Atama,,,paul-gilbert,boku-no-atama,,https://storage.googleapis.com/music8-json-prod/data/songs/paul-gilbert_boku-no-atama.json
ee292534-af28-4900-ac3c-71c94c54c2ae,Paul McCartney - Bite My Head Off,Paul McCartney,Bite My Head Off,paul-mccartney,bite-my-head-off,paul-mccartney,bite-my-head-off,2023-11-29,https://storage.googleapis.com/music8-json-prod/data/songs/paul-mccartney_bite-my-head-off.json
1e79479e-e05e-4d09-9a4f-342a5074e692,Paul Young - Senza Una Donna,Paul Young,Senza Una Donna,paul-young,senza-una-donna,paul-young,senza-una-donna,2023-08-17,https://storage.googleapis.com/music8-json-prod/data/songs/paul-young_senza-una-donna.json
dbdec06a-63bc-49b9-af1b-050be424c642,Peaches - Alligator_aviator_autopilot_antimatter,Peaches,Alligator_aviator_autopilot_antimatter,peaches,alligator_aviator_autopilot_antimatter,peaches,alligator_aviator_autopilot_antimatter,2010-12-31,https://storage.googleapis.com/music8-json-prod/data/songs/peaches_alligator_aviator_autopilot_antimatter.json
2e00b003-259a-4abd-9174-d9c4fa68e260,Pepper - Got Me On The Run,Pepper,Got Me On The Run,pepper,got-me-on-the-run,pepper,got-me-on-the-run,2023-11-09,https://storage.googleapis.com/music8-json-prod/data/songs/pepper_got-me-on-the-run.json
7687effe-60c8-40be-b47a-a7bbdb45f648,Perry Farrell - So Trendy,Perry Farrell,So Trendy,perry-farrell,so-trendy,perry-farrell,so-trendy,2023-03-05,https://storage.googleapis.com/music8-json-prod/data/songs/perry-farrell_so-trendy.json
e3b2e9b2-535b-4e7d-948a-b80a9a8ac6a9,Peso Pluma - La Bebe,Peso Pluma,La Bebe,peso-pluma,la-bebe,peso-pluma,la-bebe,2023-03-22,https://storage.googleapis.com/music8-json-prod/data/songs/peso-pluma_la-bebe.json
8be93e14-f0bc-4e56-b87d-4f34098075d6,Pet Shop Boys - Purple Zone,Pet Shop Boys,Purple Zone,pet-shop-boys,purple-zone,pet-shop-boys,purple-zone,2022-03-22,https://storage.googleapis.com/music8-json-prod/data/songs/pet-shop-boys_purple-zone.json
dd92bcab-8cd6-446c-b6d9-014741a82eb5,Phantogram - Black Ice,Phantogram,Black Ice,phantogram,black-ice,phantogram,black-ice,2024-04-18,https://storage.googleapis.com/music8-json-prod/data/songs/phantogram_black-ice.json
b0fcbcd4-2184-4bc5-8faa-f850477dfa2f,Pharrell Williams - Drop It Like It's Hot,Pharrell Williams,Drop It Like It's Hot,pharrell-williams,drop-it-like-its-hot,pharrell-williams,drop-it-like-its-hot,2004-01-01,https://storage.googleapis.com/music8-json-prod/data/songs/pharrell-williams_drop-it-like-its-hot.json
d64c3e17-8876-4783-a900-6707aa35bf23,Pharrell Williams - For The Money,Pharrell Williams,For The Money,pharrell-williams,for-the-money,pharrell-williams,for-the-money,2025-06-27,https://storage.googleapis.com/music8-json-prod/data/songs/pharrell-williams_for-the-money.json
4e5e01ce-5f11-4947-86d8-a7c01e7e1cc9,Pheelz - Ruin,Pheelz,Ruin,pheelz,ruin,pheelz,ruin,2024-02-02,https://storage.googleapis.com/music8-json-prod/data/songs/pheelz_ruin.json
eb0e2e79-a3a3-4091-9715-9c7a4e672998,Phil Collins - Easy Lover,Phil Collins,Easy Lover,phil-collins,easy-lover,phil-collins,easy-lover,1984-09-30,https://storage.googleapis.com/music8-json-prod/data/songs/phil-collins_easy-lover.json
fe2cfb1d-845b-437c-b490-3b4dd433cfae,Phil Labonte - Coming Home,Phil Labonte,Coming Home,phil-labonte,coming-home-5,phil-labonte,coming-home-5,2024-09-26,https://storage.googleapis.com/music8-json-prod/data/songs/phil-labonte_coming-home-5.json
0cd4a842-efe1-4c88-ac49-d2eab333c418,Phillip Phillips - Home,Phillip Phillips,Home,,,phillip-phillips,home,,https://storage.googleapis.com/music8-json-prod/data/songs/phillip-phillips_home.json
836855b6-153d-4fef-b4e1-39186e3b5e2b,Phum Viphurit - Getaway,Phum Viphurit,Getaway,phum-viphurit,getaway-2,phum-viphurit,getaway-2,2024-02-20,https://storage.googleapis.com/music8-json-prod/data/songs/phum-viphurit_getaway-2.json
cdd00b75-bf67-4123-9360-d3389f483399,Pink Sweat$ - You Want My Time,Pink Sweat$,You Want My Time,pink-sweats,you-want-my-time,pink-sweats,you-want-my-time,2026-02-20,https://storage.googleapis.com/music8-json-prod/data/songs/pink-sweats_you-want-my-time.json
4ddd1ed6-2c31-45cb-95ce-373742f6cf87,PinkPantheress - Soap,PinkPantheress,Soap,pinkpantheress,soap,pinkpantheress,soap,2025-08-06,https://storage.googleapis.com/music8-json-prod/data/songs/pinkpantheress_soap.json
2dd843a9-b113-41f9-b3f5-4ef26bfa9738,Playboi Carti - Timeless,Playboi Carti,Timeless,playboi-carti,timeless,playboi-carti,timeless,2024-09-26,https://storage.googleapis.com/music8-json-prod/data/songs/playboi-carti_timeless.json
66786bb2-2897-43d6-88ec-a732d83ec2c3,Pokotanconcorde - Uボートのサントラ,Pokotanconcorde,Uボートのサントラ,,,pokotanconcorde,u,,https://storage.googleapis.com/music8-json-prod/data/songs/pokotanconcorde_u.json
e59666b0-d51b-4520-a160-bbb81d795c82,POLARIS - Criminal,POLARIS,Criminal,polaris,criminal,polaris,criminal,2024-06-20,https://storage.googleapis.com/music8-json-prod/data/songs/polaris_criminal.json
5fff4ad6-c6a3-4011-8060-402ae7ef187a,PollyAnna - Nobody,PollyAnna,Nobody,pollyanna,nobody,pollyanna,nobody,2022-09-15,https://storage.googleapis.com/music8-json-prod/data/songs/pollyanna_nobody.json
aaed08b5-bb81-480c-be43-a79e806871e2,Poppy Baskcomb - I Can’t Wait,Poppy Baskcomb,I Can’t Wait,poppy-baskcomb,i-cant-wait-3,poppy-baskcomb,i-cant-wait-3,2023-01-18,https://storage.googleapis.com/music8-json-prod/data/songs/poppy-baskcomb_i-cant-wait-3.json
1ac595c4-eace-4c9a-a554-f5a79edd0bd7,Poppy Baskcomb - So Many Colours,Poppy Baskcomb,So Many Colours,poppy-baskcomb,so-many-colours,poppy-baskcomb,so-many-colours,2025-11-13,https://storage.googleapis.com/music8-json-prod/data/songs/poppy-baskcomb_so-many-colours.json
66d620a5-a3fd-4af0-8bac-dbf2bb43fce5,Post Malone - Fortnight,Post Malone,Fortnight,post-malone,fortnight,post-malone,fortnight,2024-04-19,https://storage.googleapis.com/music8-json-prod/data/songs/post-malone_fortnight.json
20e626a5-5e46-43c7-b518-6accc2e068f0,Post Malone - I Like You (A Happier Song) W. Doja Cat,Post Malone,I Like You (A Happier Song) W. Doja Cat,doja-cat,i-like-you-a-happier-song,doja-cat,i-like-you-a-happier-song,2022-06-02,https://storage.googleapis.com/music8-json-prod/data/songs/doja-cat_i-like-you-a-happier-song.json
df2c21e6-56aa-4cb9-9b7f-1374be60c7f8,Post Malone - Rockstar Ft. 21 Savage,Post Malone,Rockstar Ft. 21 Savage,21-savage,rockstar,21-savage,rockstar,2018-04-26,https://storage.googleapis.com/music8-json-prod/data/songs/21-savage_rockstar.json
9a688ad6-8336-4fac-9368-ce3fa98e18f8,Post Malone - Take My Heart,Post Malone,Take My Heart,post-malone,take-my-heart,post-malone,take-my-heart,2026-04-02,https://storage.googleapis.com/music8-json-prod/data/songs/post-malone_take-my-heart.json
04c41c11-547d-4aee-ab92-9b89b1f60a2c,POUYA - No Gimmix,POUYA,No Gimmix,pouya,no-gimmix,pouya,no-gimmix,2024-01-12,https://storage.googleapis.com/music8-json-prod/data/songs/pouya_no-gimmix.json
364cb737-a2f2-4f3d-ba52-c35277076e2f,Primal Scream - Where The Light Gets In,Primal Scream,Where The Light Gets In,primal-scream,where-the-light-gets-in-2,primal-scream,where-the-light-gets-in-2,2016-02-01,https://storage.googleapis.com/music8-json-prod/data/songs/primal-scream_where-the-light-gets-in-2.json
ec51d7ca-e0fc-483a-b00f-ecfdc8304f65,Prince - Super Bowl Xli 🏈,Prince,Super Bowl Xli 🏈,,,prince,super-bowl-xli,,https://storage.googleapis.com/music8-json-prod/data/songs/prince_super-bowl-xli.json
d0440d2a-b150-4921-92d3-d79a2ec2f3bd,Prince & The New Power Generation - Cream,Prince & The New Power Generation,Cream,,,prince-the-new-power-generation,cream,,https://storage.googleapis.com/music8-json-prod/data/songs/prince-the-new-power-generation_cream.json
80266009-a7f3-4f1b-9190-86094a264020,Protoje - Life From Kingston,Protoje,Life From Kingston,protoje,life-from-kingston,protoje,life-from-kingston,2025-06-06,https://storage.googleapis.com/music8-json-prod/data/songs/protoje_life-from-kingston.json
ffe71ae1-5897-4aa3-9a41-1f5cf924a334,Psy - Gangnam Style(강남스타일) M/v,Psy,Gangnam Style(강남스타일) M/v,,,psy,gangnam-style-m5,,https://storage.googleapis.com/music8-json-prod/data/songs/psy_gangnam-style-m5.json
34e12069-2abc-4701-aeb8-f00aeed8a6d0,Purple Disco Machine - Mess It Up,Purple Disco Machine,Mess It Up,purple-disco-machine,mess-it-up,purple-disco-machine,mess-it-up,2023-11-16,https://storage.googleapis.com/music8-json-prod/data/songs/purple-disco-machine_mess-it-up.json
6024198f-4f6f-431a-aa50-fd189f512efc,Purple Disco Machine - Paradise,Purple Disco Machine,Paradise,purple-disco-machine,paradise-4,purple-disco-machine,paradise-4,2023-06-28,https://storage.googleapis.com/music8-json-prod/data/songs/purple-disco-machine_paradise-4.json
14c8f3aa-59d9-4ce1-aa5a-cfa390844afc,PVRIS - Sacrificial,PVRIS,Sacrificial,pvris,sacrificial,pvris,sacrificial,2021-02-04,https://storage.googleapis.com/music8-json-prod/data/songs/pvris_sacrificial.json
681b0f71-5e29-4595-9047-a91839db6e50,Quavo - 5brazy,Quavo,5brazy,quavo,5brazy,quavo,5brazy,2024-10-30,https://storage.googleapis.com/music8-json-prod/data/songs/quavo_5brazy.json
7dedb769-d107-486a-af04-66508c0f3aed,Quavo - Where Ya Goin',Quavo,Where Ya Goin',quavo,where-ya-goin,quavo,where-ya-goin,2025-04-02,https://storage.googleapis.com/music8-json-prod/data/songs/quavo_where-ya-goin.json
f3b0820a-3b9d-4c5b-a235-31b097fe2eef,Queen - Stone Cold Crazy,Queen,Stone Cold Crazy,,,queen,stone-cold-crazy,,https://storage.googleapis.com/music8-json-prod/data/songs/queen_stone-cold-crazy.json
94206bcd-841d-4f86-b48b-d59a071efea7,Queen - Under Pressure,Queen,Under Pressure,david-bowie,under-pressure,david-bowie,under-pressure,1982-05-02,https://storage.googleapis.com/music8-json-prod/data/songs/david-bowie_under-pressure.json
6c7d4f4e-ba46-437e-9ca2-4951b4d42721,Queen - You Take My Breath Away,Queen,You Take My Breath Away,,,queen,you-take-my-breath-away,,https://storage.googleapis.com/music8-json-prod/data/songs/queen_you-take-my-breath-away.json
930bf4d1-734d-440e-8e71-0a67ee764d2c,Quiet Riot - Come On Feel The Noise,Quiet Riot,Come On Feel The Noise,,,quiet-riot,come-on-feel-the-noise,,https://storage.googleapis.com/music8-json-prod/data/songs/quiet-riot_come-on-feel-the-noise.json
63aeb07f-e821-4e3e-b7e2-6b695cbda412,Quintino - Mayhem,Quintino,Mayhem,quintino,mayhem,quintino,mayhem,2018-03-22,https://storage.googleapis.com/music8-json-prod/data/songs/quintino_mayhem.json
350bf280-b4a6-48ed-b3e9-4b7e1fb67e41,R3HAB - Feel This Way,R3HAB,Feel This Way,r3hab,feel-this-way,r3hab,feel-this-way,2024-02-29,https://storage.googleapis.com/music8-json-prod/data/songs/r3hab_feel-this-way.json
bb79017d-9e16-4d92-918c-d6a72a958fbe,R3HAB - Run Free,R3HAB,Run Free,r3hab,run-free,r3hab,run-free,2023-11-10,https://storage.googleapis.com/music8-json-prod/data/songs/r3hab_run-free.json
c8b17d62-5b14-4626-a0ce-daed9fb881a0,R3HAB - Sleep Tonight,R3HAB,Sleep Tonight,r3hab,sleep-tonight,r3hab,sleep-tonight,2024-02-22,https://storage.googleapis.com/music8-json-prod/data/songs/r3hab_sleep-tonight.json
7e09b083-f1a3-40a0-8aa9-32caec265bab,Rag'n'Bone Man - Nights Like These,Rag'n'Bone Man,Nights Like These,ragn-bone-man,nights-like-these,ragn-bone-man,nights-like-these,2025-08-21,https://storage.googleapis.com/music8-json-prod/data/songs/ragn-bone-man_nights-like-these.json
02ce58a8-6679-4114-bcf1-775444a12054,Rancid - - Time Bomb,Rancid,- Time Bomb,,,rancid,time-bomb,,https://storage.googleapis.com/music8-json-prod/data/songs/rancid_time-bomb.json
c68761a6-66e8-4df1-979d-47b00cf395fd,Ranking Roger - You Are My Number One,Ranking Roger,You Are My Number One,ranking-roger,you-are-my-number-one,ranking-roger,you-are-my-number-one,2003-01-01,https://storage.googleapis.com/music8-json-prod/data/songs/ranking-roger_you-are-my-number-one.json
e26bebd3-d8f3-4545-bd6a-c67d97b4a27d,RAYE - Secrets,RAYE,Secrets,raye,secrets,raye,secrets,2020-04-23,https://storage.googleapis.com/music8-json-prod/data/songs/raye_secrets.json
3247bb2b-46b7-4e59-97ab-e1491ecf8250,Rayvon - Angel,Rayvon,Angel,rayvon,angel-7,rayvon,angel-7,2000-08-08,https://storage.googleapis.com/music8-json-prod/data/songs/rayvon_angel-7.json
a0fc3189-1152-489e-9bf4-e904118978f3,Reckless Love - On The Radio,Reckless Love,On The Radio,,,reckless-love,on-the-radio,,https://storage.googleapis.com/music8-json-prod/data/songs/reckless-love_on-the-radio.json
394a739b-8bed-4bbe-b474-cb77685dbfc2,Released On: 2013 - 08 - 21,Released On: 2013,08 - 21,,,released-on-2013,0821,,https://storage.googleapis.com/music8-json-prod/data/songs/released-on-2013_0821.json
235e455b-382e-4bad-b971-f8686275414a,Rema - Lalala,Rema,Lalala,rema,lalala-2,rema,lalala-2,2025-11-28,https://storage.googleapis.com/music8-json-prod/data/songs/rema_lalala-2.json
a3343456-2e87-46d2-a0c2-482e6ab5ce20,Remedy - Living On The Edge,Remedy,Living On The Edge,,,remedy,living-on-the-edge,,https://storage.googleapis.com/music8-json-prod/data/songs/remedy_living-on-the-edge.json
e071dba1-e73b-4684-b2bc-8542d3daa719,Remi Wolf - Children Of The Baked Potato,Remi Wolf,Children Of The Baked Potato,remi-wolf,children-of-the-baked-potato,remi-wolf,children-of-the-baked-potato,2025-09-15,https://storage.googleapis.com/music8-json-prod/data/songs/remi-wolf_children-of-the-baked-potato.json
a84c4a35-3dc6-4807-a9f4-bd6da56a84e2,Remi Wolf - Lucky,Remi Wolf,Lucky,remi-wolf,lucky-7,remi-wolf,lucky-7,2024-08-08,https://storage.googleapis.com/music8-json-prod/data/songs/remi-wolf_lucky-7.json
1a87384f-f38c-447e-80b5-1f78f496832e,Reptythm - Whispers,Reptythm,Whispers,reptythm,whispers,reptythm,whispers,2024-12-13,https://storage.googleapis.com/music8-json-prod/data/songs/reptythm_whispers.json
085a271c-ec73-450b-8a64-7b901407ba32,"Revolution Saints - ""Coming Home""",Revolution Saints,"""Coming Home""",,,revolution-saints,coming-home,,https://storage.googleapis.com/music8-json-prod/data/songs/revolution-saints_coming-home.json
82e9e0c1-4005-4f7c-8782-f9632b7e6ae2,Rezz - Black Ice,Rezz,Black Ice,rezz,black-ice-2,rezz,black-ice-2,2024-01-08,https://storage.googleapis.com/music8-json-prod/data/songs/rezz_black-ice-2.json
253f9076-0613-4e3b-8892-b360bd1b417e,Rich The Kid - Don't Even Call,Rich The Kid,Don't Even Call,rich-the-kid,dont-even-call,rich-the-kid,dont-even-call,2026-03-19,https://storage.googleapis.com/music8-json-prod/data/songs/rich-the-kid_dont-even-call.json
87684134-e005-4808-b952-fc3cd2117d80,RICHARD JUDGE - Show Me Love,RICHARD JUDGE,Show Me Love,richard-judge,show-me-love-3,richard-judge,show-me-love-3,2015-11-12,https://storage.googleapis.com/music8-json-prod/data/songs/richard-judge_show-me-love-3.json
0e703945-2d0a-4076-9b1f-cbffaa74f89a,Richard Sanderson - Reality,Richard Sanderson,Reality,,,richard-sanderson,reality,,https://storage.googleapis.com/music8-json-prod/data/songs/richard-sanderson_reality.json
1940e03e-2830-42a2-ab1c-c3662900f9d4,Rick James - I'm A Sucker For Your Love,Rick James,I'm A Sucker For Your Love,rick-james,im-a-sucker-for-your-love,rick-james,im-a-sucker-for-your-love,2005-01-01,https://storage.googleapis.com/music8-json-prod/data/songs/rick-james_im-a-sucker-for-your-love.json
3a728c28-62bb-4070-833a-6b5326208f65,Rick James - Player's Way,Rick James,Player's Way,rick-james,players-way,rick-james,players-way,1997-10-14,https://storage.googleapis.com/music8-json-prod/data/songs/rick-james_players-way.json
6fe3c333-8cf3-431d-8a87-8a5161d8d455,Rick Ross - Minks In Miami,Rick Ross,Minks In Miami,french-montana,minks-in-miami,french-montana,minks-in-miami,2026-03-20,https://storage.googleapis.com/music8-json-prod/data/songs/french-montana_minks-in-miami.json
130efe42-5822-45f8-9617-05e0a605f5bf,Rihanna - Live Your Life,Rihanna,Live Your Life,rihanna,live-your-life,rihanna,live-your-life,2008-09-07,https://storage.googleapis.com/music8-json-prod/data/songs/rihanna_live-your-life.json
445e9e6a-ab4c-488a-ae72-cf16d4a3db2b,Rik Rok - It Wasn't Me,Rik Rok,It Wasn't Me,rik-rok,it-wasnt-me,rik-rok,it-wasnt-me,2000-08-08,https://storage.googleapis.com/music8-json-prod/data/songs/rik-rok_it-wasnt-me.json
81609095-e045-4962-be18-485d1e81c40b,Rina Sawayama - Saving Flowers,Rina Sawayama,Saving Flowers,rina-sawayama,saving-flowers,rina-sawayama,saving-flowers,2024-04-25,https://storage.googleapis.com/music8-json-prod/data/songs/rina-sawayama_saving-flowers.json
9e619154-fd3a-4137-b05b-c354d9e32e53,RINI - Trust,RINI,Trust,rini,trust,rini,trust,2022-10-05,https://storage.googleapis.com/music8-json-prod/data/songs/rini_trust.json
44e6d93d-ac03-428c-b1f3-e4c3cf9bef0c,Rita Ora - Coming Home,Rita Ora,Coming Home,rita-ora,coming-home-7,rita-ora,coming-home-7,2015-11-04,https://storage.googleapis.com/music8-json-prod/data/songs/rita-ora_coming-home-7.json
45e2bd5e-be43-4a43-a5c3-cdefc8d355f1,Rita Ora - I'll Be There,Rita Ora,I'll Be There,rita-ora,ill-be-there,rita-ora,ill-be-there,2023-11-10,https://storage.googleapis.com/music8-json-prod/data/songs/rita-ora_ill-be-there.json
ecb9fae7-675c-4641-8853-7886ae3a0e56,RM - Stop The Rain,RM,Stop The Rain,rm,stop-the-rain,rm,stop-the-rain,2025-05-02,https://storage.googleapis.com/music8-json-prod/data/songs/rm_stop-the-rain.json
3819ddc0-406c-424f-8f44-05e27a12e584,Robbie Williams - Strange Days,Robbie Williams,Strange Days,robbie-williams,strange-days,robbie-williams,strange-days,2020-10-15,https://storage.googleapis.com/music8-json-prod/data/songs/robbie-williams_strange-days.json
f7843026-83a7-4b37-a346-b09d84a83fe8,Robby East - Start Over,Robby East,Start Over,robby-east,start-over,robby-east,start-over,2022-09-19,https://storage.googleapis.com/music8-json-prod/data/songs/robby-east_start-over.json
f2bcb9e3-cfc5-439b-b1c9-6f6e10be3011,Robert Palmer - Addicted To Love,Robert Palmer,Addicted To Love,,,robert-palmer,addicted-to-love,,https://storage.googleapis.com/music8-json-prod/data/songs/robert-palmer_addicted-to-love.json
a4654c33-92d4-4b61-81f2-9dfeca2d7390,Robin Schulz - Sun Goes Down Feat. Jasmine Thompson,Robin Schulz,Sun Goes Down Feat. Jasmine Thompson,jasmine-thompson,sun-goes-down,jasmine-thompson,sun-goes-down,2014-09-30,https://storage.googleapis.com/music8-json-prod/data/songs/jasmine-thompson_sun-goes-down.json
73c4c972-f46f-4d8b-a377-561cad1f8ad0,Robin Thicke - Looking Lovely,Robin Thicke,Looking Lovely,robin-thicke,looking-lovely,robin-thicke,looking-lovely,2026-03-13,https://storage.googleapis.com/music8-json-prod/data/songs/robin-thicke_looking-lovely.json
253be812-8a62-40c4-bc37-00503e83915e,Robin Zander - In This Country,Robin Zander,In This Country,,,robin-zander,in-this-country,,https://storage.googleapis.com/music8-json-prod/data/songs/robin-zander_in-this-country.json
b7022112-9d82-4d81-9f6c-a57af8c01fce,Robyn - 'Do It Again',Robyn,'Do It Again',robyn,do-it-again-3,robyn,do-it-again-3,2025-02-20,https://storage.googleapis.com/music8-json-prod/data/songs/robyn_do-it-again-3.json
ef62434f-2a48-491a-b74b-7fc05d05d562,Rocci - Want U Around,Rocci,Want U Around,rocci,want-u-around,rocci,want-u-around,2024-08-29,https://storage.googleapis.com/music8-json-prod/data/songs/rocci_want-u-around.json
58e7d4bc-d36a-4d1a-be98-4e69bc114346,Roe Byrne - Stereo,Roe Byrne,Stereo,roe-byrne,stereo-2,roe-byrne,stereo-2,2024-04-18,https://storage.googleapis.com/music8-json-prod/data/songs/roe-byrne_stereo-2.json
d98c74ef-92ab-463c-a370-ea9287797f56,Rongravy - Virus Sigue Sigue Sputnik,Rongravy,Virus Sigue Sigue Sputnik,,,rongravy,virus-sigue-sigue-sputnik,,https://storage.googleapis.com/music8-json-prod/data/songs/rongravy_virus-sigue-sigue-sputnik.json
e8371059-fe32-4b39-9651-996abaf9f9ea,RORI - Butterfly,RORI,Butterfly,rori,butterfly-3,rori,butterfly-3,2025-06-27,https://storage.googleapis.com/music8-json-prod/data/songs/rori_butterfly-3.json
b66b55ca-0ea5-49f1-a0d6-fcd9b07298cc,Rosé - Apt.,Rosé,Apt.,bruno-mars,apt,bruno-mars,apt,2024-10-18,https://storage.googleapis.com/music8-json-prod/data/songs/bruno-mars_apt.json
f4e77cdc-d263-4f73-a396-1bf188332d67,Roseanne Barr - Daddy's Home,Roseanne Barr,Daddy's Home,roseanne-barr,daddys-home-2,roseanne-barr,daddys-home-2,2025-01-17,https://storage.googleapis.com/music8-json-prod/data/songs/roseanne-barr_daddys-home-2.json
fa6c3e43-3217-456a-a18b-9438f7e2a78f,Route 94 - My Love Ft. Jess Glynne,Route 94,My Love Ft. Jess Glynne,jess-glynne,my-love-4,jess-glynne,my-love-4,2014-01-26,https://storage.googleapis.com/music8-json-prod/data/songs/jess-glynne_my-love-4.json
e61de789-7d27-4d91-8473-2f5d4c18176c,Royal &Amp; The Serpent - Be Happy,Royal &Amp; The Serpent,Be Happy,royal-the-serpent,be-happy,royal-the-serpent,be-happy,2022-10-13,https://storage.googleapis.com/music8-json-prod/data/songs/royal-the-serpent_be-happy.json
26138706-e168-4382-92e9-fb526856933d,Royal &Amp; The Serpent - Pity Party,Royal &Amp; The Serpent,Pity Party,royal-the-serpent,pity-party-2,royal-the-serpent,pity-party-2,2022-05-05,https://storage.googleapis.com/music8-json-prod/data/songs/royal-the-serpent_pity-party-2.json
adaae9a2-6a98-4aa7-917a-2dc405103668,Royal The Serpent - Bad Kids,Royal The Serpent,Bad Kids,royal-the-serpent,bad-kids,royal-the-serpent,bad-kids,2020-12-03,https://storage.googleapis.com/music8-json-prod/data/songs/royal-the-serpent_bad-kids.json
4fa87d9e-f78c-4520-933c-f37f6f82467a,Royal The Serpent - Eat Spit!,Royal The Serpent,Eat Spit!,royal-the-serpent,eat-spit,royal-the-serpent,eat-spit,2021-07-22,https://storage.googleapis.com/music8-json-prod/data/songs/royal-the-serpent_eat-spit.json
2402f6a2-96ae-4ce6-8a56-283da80fd981,Rudimental - Die Young,Rudimental,Die Young,rudimental,die-young,rudimental,die-young,2023-07-06,https://storage.googleapis.com/music8-json-prod/data/songs/rudimental_die-young.json
f5722c1c-8771-4f81-ae03-314ac5811be9,Rufus - Once You Get Started,Rufus,Once You Get Started,chaka-khan,once-you-get-started,chaka-khan,once-you-get-started,1974-01-01,https://storage.googleapis.com/music8-json-prod/data/songs/chaka-khan_once-you-get-started.json
93fe9b31-f3a7-4fa5-ab25-b9ac6aafe574,Rufus - You Got The Love,Rufus,You Got The Love,chaka-khan,you-got-the-love,chaka-khan,you-got-the-love,1974-01-01,https://storage.googleapis.com/music8-json-prod/data/songs/chaka-khan_you-got-the-love.json
3970cfda-a6e6-4da0-a141-6a8d0525c63a,"Rufus, Chaka Khan - Ain't Nobody","Rufus, Chaka Khan",Ain't Nobody,chaka-khan,aint-nobody-2,chaka-khan,aint-nobody-2,2022-09-23,https://storage.googleapis.com/music8-json-prod/data/songs/chaka-khan_aint-nobody-2.json
f93bd60b-2136-45bb-ae20-7520f2900c49,Russ - Work Of Art,Russ,Work Of Art,russ,work-of-art-2,russ,work-of-art-2,2024-07-26,https://storage.googleapis.com/music8-json-prod/data/songs/russ_work-of-art-2.json
c79fb158-a8d1-4220-ab5f-45bd9a98df58,Ryan Caraveo - Complicated,Ryan Caraveo,Complicated,ryan-caraveo,complicated,ryan-caraveo,complicated,2021-05-20,https://storage.googleapis.com/music8-json-prod/data/songs/ryan-caraveo_complicated.json
3fcc425c-ea05-4508-bec5-9d4a7a6f23b2,Ryo(⤴️⤵️) - Never Fall In Love Again,Ryo(⤴️⤵️),Never Fall In Love Again,,,ryo,never-fall-in-love-again,,https://storage.googleapis.com/music8-json-prod/data/songs/ryo_never-fall-in-love-again.json
4fc19c01-ea9a-48f4-9107-ddcadc761316,Sabrina Carpenter - The Life Of A Showgirl,Sabrina Carpenter,The Life Of A Showgirl,sabrina-carpenter,the-life-of-a-showgirl,sabrina-carpenter,the-life-of-a-showgirl,2025-10-02,https://storage.googleapis.com/music8-json-prod/data/songs/sabrina-carpenter_the-life-of-a-showgirl.json
dae82b17-73d9-487c-bdb8-19d113f7ffc2,Sabrina Claudio - Settle For Less,Sabrina Claudio,Settle For Less,sabrina-claudio,settle-for-less,sabrina-claudio,settle-for-less,2024-03-14,https://storage.googleapis.com/music8-json-prod/data/songs/sabrina-claudio_settle-for-less.json
f4fc204a-b620-4601-b422-c297cd05a8d6,Sade - Smooth Operator - Official - 1984,Sade,Smooth Operator - Official - 1984,,,sade,smooth-operator-official1984,,https://storage.googleapis.com/music8-json-prod/data/songs/sade_smooth-operator-official1984.json
a25cb49f-22eb-4050-a4b1-de30e14619b7,Salmo - Overdose D'amore 2024,Salmo,Overdose D'amore 2024,salmo,overdose-damore-2024,salmo,overdose-damore-2024,2024-06-13,https://storage.googleapis.com/music8-json-prod/data/songs/salmo_overdose-damore-2024.json
d0f8a2de-8314-4eca-9889-02ac1155ecf7,Sam Harper - Air That I Breathe,Sam Harper,Air That I Breathe,sam-harper,air-that-i-breathe,sam-harper,air-that-i-breathe,2025-04-24,https://storage.googleapis.com/music8-json-prod/data/songs/sam-harper_air-that-i-breathe.json
97604347-170f-40ce-a81f-0b785db7c6d6,Sam Smith - I'm Not The Only One,Sam Smith,I'm Not The Only One,,,sam-smith,1m-not-the-only-one,,https://storage.googleapis.com/music8-json-prod/data/songs/sam-smith_1m-not-the-only-one.json
e75beb23-b9aa-488b-8cd9-0200997aad0b,Save Me Tonight - Jennifer Lopez & David Guetta,Save Me Tonight,Jennifer Lopez & David Guetta,,,save-me-tonight,jennifer-lopez-david-guetta,,https://storage.googleapis.com/music8-json-prod/data/songs/save-me-tonight_jennifer-lopez-david-guetta.json
5f2e4921-6d1b-4e82-87c5-fab318216bd0,Saweetie - Immaculate,Saweetie,Immaculate,saweetie,immaculate,saweetie,immaculate,2024-10-22,https://storage.googleapis.com/music8-json-prod/data/songs/saweetie_immaculate.json
b5c78983-0abb-4e9d-8deb-f8ebba27af80,Scorpions - Send Me An Angel,Scorpions,Send Me An Angel,,,scorpions,send-me-an-angel,,https://storage.googleapis.com/music8-json-prod/data/songs/scorpions_send-me-an-angel.json
4f4dfd1c-18af-409a-b3d0-b99dee543b57,Sean Harmanis - Ultraviolet,Sean Harmanis,Ultraviolet,sean-harmanis,ultraviolet-2,sean-harmanis,ultraviolet-2,2023-07-09,https://storage.googleapis.com/music8-json-prod/data/songs/sean-harmanis_ultraviolet-2.json
95b4c882-7a16-4640-8b43-727458aceb6a,Sean Paul - Light Em Up,Sean Paul,Light Em Up,sean-paul,light-em-up,sean-paul,light-em-up,2024-06-07,https://storage.googleapis.com/music8-json-prod/data/songs/sean-paul_light-em-up.json
99fb39ff-8195-4e87-b817-014e64b106e7,Sexyy Red - Omg!,Sexyy Red,Omg!,sexyy-red,omg-5,sexyy-red,omg-5,2025-06-05,https://storage.googleapis.com/music8-json-prod/data/songs/sexyy-red_omg-5.json
4f709ec8-5ca8-432d-85f6-c28e7534a640,SG Lewis - Heat,SG Lewis,Heat,sg-lewis,heat-2,sg-lewis,heat-2,2024-06-14,https://storage.googleapis.com/music8-json-prod/data/songs/sg-lewis_heat-2.json
368db1e8-774d-45a1-b703-321906aa8793,shadxwgirl - Where You Are,shadxwgirl,Where You Are,shadxwgirl,where-you-are,shadxwgirl,where-you-are,2025-08-08,https://storage.googleapis.com/music8-json-prod/data/songs/shadxwgirl_where-you-are.json
c3c5d5f5-a183-4248-81ea-27dd95f88712,SHAED - 2 In A Million,SHAED,2 In A Million,shaed,2-in-a-million,shaed,2-in-a-million,2020-04-02,https://storage.googleapis.com/music8-json-prod/data/songs/shaed_2-in-a-million.json
6ef3d2c7-7bdf-49bc-8e4d-822a24c55c7d,Shaggy - Don't Make Me Wait,Shaggy,Don't Make Me Wait,shaggy,dont-make-me-wait,shaggy,dont-make-me-wait,2018-04-19,https://storage.googleapis.com/music8-json-prod/data/songs/shaggy_dont-make-me-wait.json
8ba0a716-d1bb-48e3-a133-5485249c2940,Shaggy - Just One Lifetime,Shaggy,Just One Lifetime,shaggy,just-one-lifetime,shaggy,just-one-lifetime,2018-04-19,https://storage.googleapis.com/music8-json-prod/data/songs/shaggy_just-one-lifetime.json
618f8c16-55d5-4fc9-8d07-50e4675be8b2,Shaggy - Silent Night,Shaggy,Silent Night,shaggy,sting-shaggy-silent-night,shaggy,sting-shaggy-silent-night,2019-11-21,https://storage.googleapis.com/music8-json-prod/data/songs/shaggy_sting-shaggy-silent-night.json
bc6824a0-2d8f-41ed-bae7-791f1132ade4,Shakira - Dai Dai,Shakira,Dai Dai,burna-boy,dai-dai,burna-boy,dai-dai,2026-05-23,https://storage.googleapis.com/music8-json-prod/data/songs/burna-boy_dai-dai.json
e3f924b6-0eb7-4d30-ac15-9c10670bc32b,Shakira - Waka Waka,Shakira,Waka Waka,,,shakira,waka-waka,,https://storage.googleapis.com/music8-json-prod/data/songs/shakira_waka-waka.json
1d7b3d78-a583-4323-a28e-19e381d9c9ab,Shiraz Lane - Out There Somewhere // Official Music Video,Shiraz Lane,Out There Somewhere // Official Music Video,,,shiraz-lane,out-there-somewhere-official-music-video,,https://storage.googleapis.com/music8-json-prod/data/songs/shiraz-lane_out-there-somewhere-official-music-video.json
5e513e92-4b46-46ec-a6bd-371932709ee5,Shola Ama - Ooh La La,Shola Ama,Ooh La La,shola-ama,ooh-la-la-2,shola-ama,ooh-la-la-2,2020-02-01,https://storage.googleapis.com/music8-json-prod/data/songs/shola-ama_ooh-la-la-2.json
138bd066-e1dc-4519-95d3-d006e1e50933,Shooter Jennings - Make Me A Believer,Shooter Jennings,Make Me A Believer,shooter-jennings,make-me-a-believer,shooter-jennings,make-me-a-believer,2022-03-10,https://storage.googleapis.com/music8-json-prod/data/songs/shooter-jennings_make-me-a-believer.json
571b34cc-6065-4db7-81fd-286cebb4c7c6,Shooter Jennings - Radio,Shooter Jennings,Radio,shooter-jennings,radio,shooter-jennings,radio,2022-03-10,https://storage.googleapis.com/music8-json-prod/data/songs/shooter-jennings_radio.json
1965663f-493e-42d3-95e2-0f5e8c811ff9,Shoreline Mafia - Hollywood,Shoreline Mafia,Hollywood,shoreline-mafia,hollywood-4,shoreline-mafia,hollywood-4,2025-05-22,https://storage.googleapis.com/music8-json-prod/data/songs/shoreline-mafia_hollywood-4.json
688012b2-e745-4095-a1c9-09b00c1c462e,Sia - Dusk Till Dawn,Sia,Dusk Till Dawn,sia,dusk-till-dawn,sia,dusk-till-dawn,2018-12-14,https://storage.googleapis.com/music8-json-prod/data/songs/sia_dusk-till-dawn.json
105aa0b9-d075-4c52-bc06-6eda586e5f84,Sigma - Jungle,Sigma,Jungle,sigma,jungle-3,sigma,jungle-3,2025-06-06,https://storage.googleapis.com/music8-json-prod/data/songs/sigma_jungle-3.json
9182c40f-c9bf-491b-81fc-ed06bf1016fe,"Sigma, Paloma Faith - Changing","Sigma, Paloma Faith",Changing,paloma-faith,changing,paloma-faith,changing,2014-07-16,https://storage.googleapis.com/music8-json-prod/data/songs/paloma-faith_changing.json
7281e129-5fa7-492e-b2e3-e23d52e5fd6d,Siiickbrain - Purge,Siiickbrain,Purge,siiickbrain,purge,siiickbrain,purge,2022-03-31,https://storage.googleapis.com/music8-json-prod/data/songs/siiickbrain_purge.json
1ac833e6-6978-4104-b54e-8e3e14ac218e,Sinéad O'Connor - Kingdom Of Rain,Sinéad O'Connor,Kingdom Of Rain,sinead-oconnor,kingdom-of-rain,sinead-oconnor,kingdom-of-rain,1989-05-15,https://storage.googleapis.com/music8-json-prod/data/songs/sinead-oconnor_kingdom-of-rain.json
71784e8a-8914-4ab9-a0bc-a93d8bd9b18c,Skepsis - Eat It Up,Skepsis,Eat It Up,skepsis,eat-it-up,skepsis,eat-it-up,2025-07-17,https://storage.googleapis.com/music8-json-prod/data/songs/skepsis_eat-it-up.json
731dfdf2-9c8f-4473-b99b-cb11b8c643fb,Skv90s - Art Of Noise - Moments In Love (1985) Hd,Skv90s,Art Of Noise - Moments In Love (1985) Hd,,,skv90s,art-of-noise-moments-in-love-1985-hd,,https://storage.googleapis.com/music8-json-prod/data/songs/skv90s_art-of-noise-moments-in-love-1985-hd.json
b4e9b68b-ee43-432c-9f73-715269fa9086,Smash Into Pieces - Somebody Like You,Smash Into Pieces,Somebody Like You,smash-into-pieces,somebody-like-you-4,smash-into-pieces,somebody-like-you-4,2026-01-13,https://storage.googleapis.com/music8-json-prod/data/songs/smash-into-pieces_somebody-like-you-4.json
9f03a65b-ec82-4ced-b516-e104ecebe0be,Sneaker Pimps - 6 Underground,Sneaker Pimps,6 Underground,,,sneaker-pimps,6-underground,,https://storage.googleapis.com/music8-json-prod/data/songs/sneaker-pimps_6-underground.json
7ba652d7-c717-44e2-adb6-e870d4017676,Snoop Dogg - Don't Text Dont Call,Snoop Dogg,Don't Text Dont Call,snoop-dogg,dont-text-dont-call,snoop-dogg,dont-text-dont-call,2023-03-28,https://storage.googleapis.com/music8-json-prod/data/songs/snoop-dogg_dont-text-dont-call.json
699a640f-e3cc-47a6-bf6e-a0be00ac5742,Snoop Dogg - Let It Run,Snoop Dogg,Let It Run,snoop-dogg,let-it-run-2,snoop-dogg,let-it-run-2,2025-07-31,https://storage.googleapis.com/music8-json-prod/data/songs/snoop-dogg_let-it-run-2.json
24fd67a6-74e3-454d-8212-6dd468b6165f,Snoop Dogg - Money,Snoop Dogg,Money,snoop-dogg,money-5,snoop-dogg,money-5,2024-11-09,https://storage.googleapis.com/music8-json-prod/data/songs/snoop-dogg_money-5.json
122c8658-46f2-4d31-8ad1-edcf5230f2a1,Snoop Dogg - Smoke Up,Snoop Dogg,Smoke Up,snoop-dogg,smoke-up,snoop-dogg,smoke-up,2024-04-17,https://storage.googleapis.com/music8-json-prod/data/songs/snoop-dogg_smoke-up.json
c1012b01-12fd-40ba-88f3-36dd7a57439b,Snoop Dogg - Still Easty,Snoop Dogg,Still Easty,snoop-dogg,still-easty,snoop-dogg,still-easty,2024-10-24,https://storage.googleapis.com/music8-json-prod/data/songs/snoop-dogg_still-easty.json
3864b7a1-6171-4e94-b219-5d192092d9e8,Snoop Dogg - Thats How We Ballin,Snoop Dogg,Thats How We Ballin,snoop-dogg,thats-how-we-ballin,snoop-dogg,thats-how-we-ballin,2023-11-10,https://storage.googleapis.com/music8-json-prod/data/songs/snoop-dogg_thats-how-we-ballin.json
ad2b5a16-1c1c-4600-9b2f-f3c72ce35923,So Bad - King Gnu,So Bad,King Gnu,,,so-bad,king-gnu,,https://storage.googleapis.com/music8-json-prod/data/songs/so-bad_king-gnu.json
155d4022-0549-4f46-a90d-573666a1cc65,Sofiya Nzau - Keyta,Sofiya Nzau,Keyta,sofiya-nzau,keyta,sofiya-nzau,keyta,2023-07-16,https://storage.googleapis.com/music8-json-prod/data/songs/sofiya-nzau_keyta.json
187fd1ab-a294-4dec-ab8f-15482d01f1fa,Sofiya Nzau - Mwaki,Sofiya Nzau,Mwaki,sofiya-nzau,mwaki,sofiya-nzau,mwaki,2023-11-01,https://storage.googleapis.com/music8-json-prod/data/songs/sofiya-nzau_mwaki.json
937693d3-9be4-43c1-b2f9-12d9c5289e8c,Sofiya Nzau - We No We,Sofiya Nzau,We No We,sofiya-nzau,we-no-we,sofiya-nzau,we-no-we,2025-07-09,https://storage.googleapis.com/music8-json-prod/data/songs/sofiya-nzau_we-no-we.json
ec666035-e630-4ab0-8acf-932b566a3de3,"Someday, Whoa - Oh - Oh","Someday, Whoa",Oh - Oh,,,someday,oh-oh,,https://storage.googleapis.com/music8-json-prod/data/songs/someday_oh-oh.json
9aec59cf-a227-49f9-b054-a1b8c1370b9c,Specialz - King Gnu,Specialz,King Gnu,,,specialz,king-gnu,,https://storage.googleapis.com/music8-json-prod/data/songs/specialz_king-gnu.json
d9066d51-4e38-4e3c-b556-8733fbae5151,Sprites - Ray Tracer,Sprites,Ray Tracer,sprites,ray-tracer,sprites,ray-tracer,2024-09-26,https://storage.googleapis.com/music8-json-prod/data/songs/sprites_ray-tracer.json
9ea9d518-90db-4ab6-9117-a893cfed58b0,St. Vincent - Pain For Fun,St. Vincent,Pain For Fun,st-vincent,pain-for-fun,st-vincent,pain-for-fun,2024-05-02,https://storage.googleapis.com/music8-json-prod/data/songs/st-vincent_pain-for-fun.json
708abf2b-f83f-4ab0-866a-ab9939358ebf,Stacey Ryan - Don't Text Me When You're Drunk,Stacey Ryan,Don't Text Me When You're Drunk,stacey-ryan,dont-text-me-when-youre-drunk,stacey-ryan,dont-text-me-when-youre-drunk,2022-01-15,https://storage.googleapis.com/music8-json-prod/data/songs/stacey-ryan_dont-text-me-when-youre-drunk.json
a0fecb6e-affa-4637-96ae-66c3e0e97a5a,STARX - Tarantino,STARX,Tarantino,starx,tarantino,starx,tarantino,2020-09-29,https://storage.googleapis.com/music8-json-prod/data/songs/starx_tarantino.json
7d5a2b15-3921-4d2d-93bf-094be79f8b1b,"Steve Aoki, Daddy Yankee, Play N Skillz, Elvis Crespo - Azukita","Steve Aoki, Daddy Yankee, Play N Skillz, Elvis Crespo",Azukita,daddy-yankee,azukita,daddy-yankee,azukita,2018-11-08,https://storage.googleapis.com/music8-json-prod/data/songs/daddy-yankee_azukita.json
d239cc85-f537-419d-9718-94dca85b6863,Steve Miller Band - Abracadabra,Steve Miller Band,Abracadabra,,,steve-miller-band,abracadabra,,https://storage.googleapis.com/music8-json-prod/data/songs/steve-miller-band_abracadabra.json
c724a1fd-5f55-4bb6-acc9-a4de79000dfe,Stevie Wonder - Faith Ft. Ariana Grande,Stevie Wonder,Faith Ft. Ariana Grande,ariana-grande,stevie-wonder-faith,ariana-grande,stevie-wonder-faith,2016-12-08,https://storage.googleapis.com/music8-json-prod/data/songs/ariana-grande_stevie-wonder-faith.json
46989f35-43d7-46fa-8d22-a86a5b0305d3,Stevie Wonder - My Cherie Amour (Live At Last 2008 London).wmv,Stevie Wonder,My Cherie Amour (Live At Last 2008 London).wmv,,,stevie-wonder,my-cherie-amour-live-at-last-2008-londonwmv,,https://storage.googleapis.com/music8-json-prod/data/songs/stevie-wonder_my-cherie-amour-live-at-last-2008-londonwmv.json
6d5e768b-42fb-45c2-8525-2329cfd26214,Stick Figure - Railroad Shelter,Stick Figure,Railroad Shelter,stick-figure,railroad-shelter,stick-figure,railroad-shelter,2023-09-21,https://storage.googleapis.com/music8-json-prod/data/songs/stick-figure_railroad-shelter.json
e5da61f2-ef57-45f9-ba14-d1d66b03206e,Still D.r.e. - Dr. Dre Ft. Snoop Dogg,Still D.r.e.,Dr. Dre Ft. Snoop Dogg,,,still-d-r-e,dr-dre-ft-snoop-dogg,,https://storage.googleapis.com/music8-json-prod/data/songs/still-d-r-e_dr-dre-ft-snoop-dogg.json
b5387470-bc7f-43ff-b73c-81306b5b79a1,Still Woozy - Pool,Still Woozy,Pool,remi-wolf,pool,remi-wolf,pool,2022-03-17,https://storage.googleapis.com/music8-json-prod/data/songs/remi-wolf_pool.json
ce686648-4111-4b11-a24f-3331792a1a45,Sting - Every Breath You Take,Sting,Every Breath You Take,,,sting,every-breath-you-take,,https://storage.googleapis.com/music8-json-prod/data/songs/sting_every-breath-you-take.json
26e76ff3-fc47-449e-a2d8-b698631b9750,Sting - Message In A Bottle,Sting,Message In A Bottle,,,sting,message-in-a-bottle,,https://storage.googleapis.com/music8-json-prod/data/songs/sting_message-in-a-bottle.json
963f77eb-129e-43e0-ae13-b053669849fa,Stone Sour - Through Glass,Stone Sour,Through Glass,,,stone-sour,through-glass,,https://storage.googleapis.com/music8-json-prod/data/songs/stone-sour_through-glass.json
8eba5921-af34-45ac-972a-523b4251790c,"Stream The Official, Professionally Mixed Audio Of The Full Show In The Nugs App. Cds - Res Downloads Are Also Available For Order. Sign Up At Nugs.net/brucespringsteen To Get Access To Every Show From The Tour And The Live Archive Series.","Stream The Official, Professionally Mixed Audio Of The Full Show In The Nugs App. Cds",Res Downloads Are Also Available For Order. Sign Up At Nugs.net/brucespringsteen To Get Access To Every Show From The Tour And The Live Archive Series.,,,stream-the-official,res-downloads-are-also-available-for-order-sign-up-at-nugsnetbrucespringsteen-to-get-access-to-every-show-from-the-tour-and-the-live-archive-series,,https://storage.googleapis.com/music8-json-prod/data/songs/stream-the-official_res-downloads-are-also-available-for-order-sign-up-at-nugsnetbrucespringsteen-to-get-access-to-every-show-from-the-tour-and-the-live-archive-series.json
b9ae2f8e-d683-434c-a817-0594ae62724f,Struggle Jennings - Farewell,Struggle Jennings,Farewell,struggle-jennings,farewell,struggle-jennings,farewell,2024-06-07,https://storage.googleapis.com/music8-json-prod/data/songs/struggle-jennings_farewell.json
59ba9a6d-9197-419e-bf76-7b4379103923,Styx - Mr. Roboto,Styx,Mr. Roboto,,,styx,mr-roboto,1983-02-11,https://storage.googleapis.com/music8-json-prod/data/songs/styx_mr-roboto.json
0c540d10-2135-4f43-8929-34f155a52eee,Summer Walker - Songs About U,Summer Walker,Songs About U,summer-walker,songs-about-u,summer-walker,songs-about-u,2024-05-30,https://storage.googleapis.com/music8-json-prod/data/songs/summer-walker_songs-about-u.json
7dcaf7ab-d27d-4996-894a-476663de2619,Survivor - Eye Of The Tiger,Survivor,Eye Of The Tiger,,,survivor,eye-of-the-tiger,,https://storage.googleapis.com/music8-json-prod/data/songs/survivor_eye-of-the-tiger.json
ac56849a-5066-4419-af6a-405cba520ea8,Susanna Hoffs - The Only Thing,Susanna Hoffs,The Only Thing,susanna-hoffs,the-only-thing,susanna-hoffs,the-only-thing,2020-10-08,https://storage.googleapis.com/music8-json-prod/data/songs/susanna-hoffs_the-only-thing.json
39ed7fd8-bf2e-4d81-9d9d-14a22d90bdf1,Swordfish Mix - Planet Rock,Swordfish Mix,Planet Rock,afrika-bambaataa,planet-rock-swordfish-mix,afrika-bambaataa,planet-rock-swordfish-mix,2001-01-01,https://storage.googleapis.com/music8-json-prod/data/songs/afrika-bambaataa_planet-rock-swordfish-mix.json
20a54b6a-f6d0-451c-8084-436562942045,T-series Bhakti Sagar - श्री हनुमान चालीसा 🌺🙏| Shree Hanuman Chalisa Original Video |🙏🌺| Gulshan Kumar | Hariharan,T-series Bhakti Sagar,श्री हनुमान चालीसा 🌺🙏| Shree Hanuman Chalisa Original Video |🙏🌺| Gulshan Kumar | Hariharan,,,t-series-bhakti-sagar,shree-hanuman-chalisa-original-video-gulshan-kumar-hariharan,,https://storage.googleapis.com/music8-json-prod/data/songs/t-series-bhakti-sagar_shree-hanuman-chalisa-original-video-gulshan-kumar-hariharan.json
bee3fcd3-2aae-4bf5-8632-1ade1f01dcf2,Taboo - East La,Taboo,East La,taboo,east-la,taboo,east-la,2025-07-17,https://storage.googleapis.com/music8-json-prod/data/songs/taboo_east-la.json
299aa281-8835-4605-abf6-31a089c90cd7,Taboo - We La,Taboo,We La,taboo,east-la-2,taboo,east-la-2,2025-10-28,https://storage.googleapis.com/music8-json-prod/data/songs/taboo_east-la-2.json
f8f976d1-4c14-40ef-9e5a-3c1b6ab6209c,Tailgunner - Tears In Rain,Tailgunner,Tears In Rain,,,tailgunner,tears-in-rain,,https://storage.googleapis.com/music8-json-prod/data/songs/tailgunner_tears-in-rain.json
87e9d82a-172e-418d-ade0-247e127f23c0,Tame Impala - No More Lies,Tame Impala,No More Lies,tame-impala,no-more-lies,tame-impala,no-more-lies,2023-04-25,https://storage.googleapis.com/music8-json-prod/data/songs/tame-impala_no-more-lies.json
654a0cce-d3b7-4b5c-a0af-642f5dc8f033,Tate McRae - 10:35,Tate McRae,10:35,tate-mcrae,1035,tate-mcrae,1035,2022-11-02,https://storage.googleapis.com/music8-json-prod/data/songs/tate-mcrae_1035.json
284aaed6-6e56-49ad-a058-59059aef55e1,Taylor Swift - I Don’t Wanna Live Forever,Taylor Swift,I Don’t Wanna Live Forever,taylor-swift,i-dont-wanna-live-forever,taylor-swift,i-dont-wanna-live-forever,2017-01-26,https://storage.googleapis.com/music8-json-prod/data/songs/taylor-swift_i-dont-wanna-live-forever.json
607ba21c-96a3-4da0-9471-086fb2df8cd4,Teddy Swims - Somethin' 'Bout A Woman,Teddy Swims,Somethin' 'Bout A Woman,teddy-swims,somethin-bout-a-woman,teddy-swims,somethin-bout-a-woman,2024-11-14,https://storage.googleapis.com/music8-json-prod/data/songs/teddy-swims_somethin-bout-a-woman.json
39994595-ad53-40f1-bbb6-41273274bb06,"Tegan, Sara - Closer","Tegan, Sara",Closer,,,tegan-and-sara,closer,,https://storage.googleapis.com/music8-json-prod/data/songs/tegan-and-sara_closer.json
c10535ec-440a-4f34-a917-c97930a98cc0,"Temple Balls - ""No Reason""",Temple Balls,"""No Reason""",,,temple-balls,no-reason,,https://storage.googleapis.com/music8-json-prod/data/songs/temple-balls_no-reason.json
b0b5c027-ecae-4582-83cb-c646b9448fe5,Tems - Essence,Tems,Essence,tems,essence,tems,essence,2020-10-28,https://storage.googleapis.com/music8-json-prod/data/songs/tems_essence.json
7b7cee64-38b7-4bc1-9a57-c3dd95423857,Teni - Like Home,Teni,Like Home,teni,like-home,teni,like-home,2025-03-13,https://storage.googleapis.com/music8-json-prod/data/songs/teni_like-home.json
702c5d3d-92a4-4f41-943b-158badf8ff06,Terry G - Tanko,Terry G,Tanko,terry-g,tanko,terry-g,tanko,2025-08-08,https://storage.googleapis.com/music8-json-prod/data/songs/terry-g_tanko.json
a177c0c1-cdee-4592-914e-022865acf9ae,The 1975 - It's Not Living,The 1975,It's Not Living,1975,spinning,1975,spinning,2021-03-03,https://storage.googleapis.com/music8-json-prod/data/songs/1975_spinning.json
05b2a502-7f36-47d2-bfa6-32ea4b273b0a,The Alchemist - Drive Alone,The Alchemist,Drive Alone,alchemist,drive-alone,alchemist,drive-alone,2026-02-25,https://storage.googleapis.com/music8-json-prod/data/songs/alchemist_drive-alone.json
8177a375-315f-46d8-aff3-dbcb51958afb,The Alchemist - Next To You,The Alchemist,Next To You,alchemist,next-to-you-5,alchemist,next-to-you-5,2025-06-26,https://storage.googleapis.com/music8-json-prod/data/songs/alchemist_next-to-you-5.json
204976d9-5cf0-4567-97ee-719f5979af1e,The Alchemist - Ricky,The Alchemist,Ricky,alchemist,ricky,alchemist,ricky,2025-10-23,https://storage.googleapis.com/music8-json-prod/data/songs/alchemist_ricky.json
e4a8e529-355f-4753-be74-e155ada0d5ee,The Alchemist - Walk In Faith,The Alchemist,Walk In Faith,alchemist,walk-in-faith,alchemist,walk-in-faith,2025-11-17,https://storage.googleapis.com/music8-json-prod/data/songs/alchemist_walk-in-faith.json
4b1bd098-55ac-4384-a374-4fe739491955,The Avalanches - All You Children,The Avalanches,All You Children,avalanches,all-you-children,avalanches,all-you-children,2024-07-30,https://storage.googleapis.com/music8-json-prod/data/songs/avalanches_all-you-children.json
fec20953-b1c8-4f38-a1e2-142fba79bc3d,The Band Geeks - Shine On,The Band Geeks,Shine On,band-geeks,shine-on-3,band-geeks,shine-on-3,2024-06-13,https://storage.googleapis.com/music8-json-prod/data/songs/band-geeks_shine-on-3.json
fb4831e8-d248-4805-807e-a955dc16103f,The Band Geeks - True Messenger,The Band Geeks,True Messenger,band-geeks,true-messenger,band-geeks,true-messenger,2024-07-28,https://storage.googleapis.com/music8-json-prod/data/songs/band-geeks_true-messenger.json
b40e69c9-8dfb-4af3-ad1e-7da25b1057b3,The Beatles - The Beatles - While My Guitar Gently Weeps [Love Version],The Beatles,The Beatles - While My Guitar Gently Weeps [Love Version],,,beatles,the-beatles-while-my-guitar-gently-weeps-love-version,,https://storage.googleapis.com/music8-json-prod/data/songs/beatles_the-beatles-while-my-guitar-gently-weeps-love-version.json
8c42babb-da48-48cb-860e-e6475ca90b2f,The Beatles - While My Guitar Gently Weeps (2018 Mix / Audio),The Beatles,While My Guitar Gently Weeps (2018 Mix / Audio),,,beatles,while-my-guitar-gently-weeps-2018-mix-audio,,https://storage.googleapis.com/music8-json-prod/data/songs/beatles_while-my-guitar-gently-weeps-2018-mix-audio.json
05750a65-a186-4ebd-9ae8-13b242b953df,The Beatles - While My Guitar Gently Weeps (2018 Mix),The Beatles,While My Guitar Gently Weeps (2018 Mix),,,beatles,while-my-guitar-gently-weeps-2018-mix,,https://storage.googleapis.com/music8-json-prod/data/songs/beatles_while-my-guitar-gently-weeps-2018-mix.json
d0606a1a-f285-4984-ba99-1ceb97bae7d7,The Beatles - While my Guitar gently weeps ♪,The Beatles,While my Guitar gently weeps ♪,,,beatles,while-my-guitar-gently-weeps,,https://storage.googleapis.com/music8-json-prod/data/songs/beatles_while-my-guitar-gently-weeps.json
4676b5ab-3fe1-4d42-ace6-ea2789cea882,The Breaks - Kurtis Blow,The Breaks,Kurtis Blow,,,breaks,kurtis-blow,,https://storage.googleapis.com/music8-json-prod/data/songs/breaks_kurtis-blow.json
fbde191c-9970-493a-8093-fcdfa87f7e84,The Chainsmokers - Addicted,The Chainsmokers,Addicted,chainsmokers,addicted-2,chainsmokers,addicted-2,2024-03-28,https://storage.googleapis.com/music8-json-prod/data/songs/chainsmokers_addicted-2.json
64448a26-de80-49f7-b168-f1714be4c353,The Chainsmokers - All The Time,The Chainsmokers,All The Time,chainsmokers,all-the-time-2,chainsmokers,all-the-time-2,2026-03-24,https://storage.googleapis.com/music8-json-prod/data/songs/chainsmokers_all-the-time-2.json
b2df4797-baaf-4cb5-bb71-cdbb3f3dcca2,The Chainsmokers - Make Me Feel,The Chainsmokers,Make Me Feel,chainsmokers,make-me-feel,chainsmokers,make-me-feel,2023-01-12,https://storage.googleapis.com/music8-json-prod/data/songs/chainsmokers_make-me-feel.json
1cf2fdff-aa06-4e59-9eaf-776cc9ea307b,The Chainsmokers - Split,The Chainsmokers,Split,chainsmokers,split-only-u,chainsmokers,split-only-u,2015-09-13,https://storage.googleapis.com/music8-json-prod/data/songs/chainsmokers_split-only-u.json
642357b9-e591-43ba-80c1-e56348401977,The Corrs - Dreams,The Corrs,Dreams,,,corrs,dreams,,https://storage.googleapis.com/music8-json-prod/data/songs/corrs_dreams.json
1d5cd474-8bd2-4fdd-930e-2b14081dcc04,The Dinosaur's Skin‬ - Tattoo,The Dinosaur's Skin‬,Tattoo,dinosaurs-skin,tattoo-2,dinosaurs-skin,tattoo-2,2021-08-08,https://storage.googleapis.com/music8-json-prod/data/songs/dinosaurs-skin_tattoo-2.json
7918b670-ad4a-4741-aeb8-a7fa8df5a612,The Doobie Brothers - What A Fool Believes,The Doobie Brothers,What A Fool Believes,,,doobie-brothers,what-a-fool-believes,,https://storage.googleapis.com/music8-json-prod/data/songs/doobie-brothers_what-a-fool-believes.json
59634691-c777-4f5a-a4de-547d1eaf0095,The Emotions - Best Of My Love,The Emotions,Best Of My Love,,,emotions,best-of-my-love,,https://storage.googleapis.com/music8-json-prod/data/songs/emotions_best-of-my-love.json
fe29b88c-f9ef-40cf-9189-591cb1a6fc7e,The Feelies - Crazy Rhythms,The Feelies,Crazy Rhythms,,,feelies,crazy-rhythms,,https://storage.googleapis.com/music8-json-prod/data/songs/feelies_crazy-rhythms.json
0948d282-b376-4fcc-a2be-af3991bbbe3b,The Fray - How To Save A Life,The Fray,How To Save A Life,,,fray,how-to-save-a-life,,https://storage.googleapis.com/music8-json-prod/data/songs/fray_how-to-save-a-life.json
f5422361-2cea-45b8-a727-6eecf1ec8d8c,The Ghost Inside - Safe And Sound,The Ghost Inside,Safe And Sound,ghost-inside,safe-and-sound,ghost-inside,safe-and-sound,2023-02-24,https://storage.googleapis.com/music8-json-prod/data/songs/ghost-inside_safe-and-sound.json
7b99d23e-8223-465d-a0ff-37ae32771212,The Hives - Throw It On Me,The Hives,Throw It On Me,hives,throw-it-on-me,hives,throw-it-on-me,2007-04-02,https://storage.googleapis.com/music8-json-prod/data/songs/hives_throw-it-on-me.json
3ccb12ff-1df2-4beb-9d7e-9e2d828d21d8,The Jonas Brothers - I Dare You,The Jonas Brothers,I Dare You,jonas-brothers,i-dare-you-3,jonas-brothers,i-dare-you-3,2025-01-30,https://storage.googleapis.com/music8-json-prod/data/songs/jonas-brothers_i-dare-you-3.json
51bc24cd-cc46-4e88-8bef-60a11960b116,The Jonas Brothers - Leave Before You Love Me,The Jonas Brothers,Leave Before You Love Me,jonas-brothers,leave-before-you-love-me,jonas-brothers,leave-before-you-love-me,2021-05-20,https://storage.googleapis.com/music8-json-prod/data/songs/jonas-brothers_leave-before-you-love-me.json
4bee7833-1937-45e7-a47c-dab997bf360a,The Kid LAROI - I Know Love,The Kid LAROI,I Know Love,kid-laroi,i-know-love,kid-laroi,i-know-love,2025-02-20,https://storage.googleapis.com/music8-json-prod/data/songs/kid-laroi_i-know-love.json
ff7d0612-b79a-4ba8-bbf1-2d343c106d25,The Kid LAROI - Wasting Angels,The Kid LAROI,Wasting Angels,kid-laroi,wasting-angels,kid-laroi,wasting-angels,2023-03-02,https://storage.googleapis.com/music8-json-prod/data/songs/kid-laroi_wasting-angels.json
56254b2f-3a10-4089-9dd5-3d9ce126c093,The Kingdom Choir - Walk Upon The Water,The Kingdom Choir,Walk Upon The Water,kingdom-choir,walk-upon-the-water,kingdom-choir,walk-upon-the-water,2025-09-09,https://storage.googleapis.com/music8-json-prod/data/songs/kingdom-choir_walk-upon-the-water.json
f2ec764f-f1fd-4996-b93a-b30186de39e9,The Knocks - Stay Gold,The Knocks,Stay Gold,knocks,stay-gold,knocks,stay-gold,2024-11-23,https://storage.googleapis.com/music8-json-prod/data/songs/knocks_stay-gold.json
00d6dd70-092b-40c6-93cb-3161058327b8,The Lady of Rage - Who Da Hardest?,The Lady of Rage,Who Da Hardest?,lady-of-rage,who-da-hardest,lady-of-rage,who-da-hardest,2024-06-06,https://storage.googleapis.com/music8-json-prod/data/songs/lady-of-rage_who-da-hardest.json
36a1a57f-5453-40c9-aef0-ce815bf02977,The Magician - All My Life,The Magician,All My Life,magician,all-my-life-6,magician,all-my-life-6,2024-09-19,https://storage.googleapis.com/music8-json-prod/data/songs/magician_all-my-life-6.json
da808f67-081e-4430-8fca-b15935a18577,The Maine - Die To Fall,The Maine,Die To Fall,maine,die-to-fall-2,maine,die-to-fall-2,2026-01-28,https://storage.googleapis.com/music8-json-prod/data/songs/maine_die-to-fall-2.json
779e1ce4-95d1-4cbb-9ffa-f02051a39bc1,The National - Coney Island,The National,Coney Island,national,coney-island,national,coney-island,2020-12-10,https://storage.googleapis.com/music8-json-prod/data/songs/national_coney-island.json
c48525bf-268e-4a19-8774-89c4a89f241e,The Neighbourhood - Sweater Weather,The Neighbourhood,Sweater Weather,,,neighbourhood,sweater-weather,,https://storage.googleapis.com/music8-json-prod/data/songs/neighbourhood_sweater-weather.json
4bdb7802-459d-4ebc-a39a-54d22394c856,The Product G&B - Maria Maria,The Product G&B,Maria Maria,product-gb,maria-maria,product-gb,maria-maria,1999-06-15,https://storage.googleapis.com/music8-json-prod/data/songs/product-gb_maria-maria.json
cabb1558-89bd-4dfe-9f4d-4feb67b94192,The Replacements - Can’t Hardly Wait,The Replacements,Can’t Hardly Wait,,,replacements,cant-hardly-wait,,https://storage.googleapis.com/music8-json-prod/data/songs/replacements_cant-hardly-wait.json
85fba6e0-e05f-4f9e-9693-ea53bfb592e8,"The Rolling Stones - Paint It, Black",The Rolling Stones,"Paint It, Black",,,rolling-stones,paint-it-black,,https://storage.googleapis.com/music8-json-prod/data/songs/rolling-stones_paint-it-black.json
9862b91f-aa55-4fe3-8ed4-cc1be7479ac2,"The Smashing Pumpkins - Tonight, Tonight",The Smashing Pumpkins,"Tonight, Tonight",,,smashing-pumpkins,tonight-tonight,,https://storage.googleapis.com/music8-json-prod/data/songs/smashing-pumpkins_tonight-tonight.json
1b681ffa-92a2-438c-a10a-62dd374804be,The Smashing Pumpkins - Zombie,The Smashing Pumpkins,Zombie,smashing-pumpkins,zombie-6,smashing-pumpkins,zombie-6,2026-01-02,https://storage.googleapis.com/music8-json-prod/data/songs/smashing-pumpkins_zombie-6.json
c5f6f3e0-effd-4918-9d03-6739c077be9e,The Traveling Wilburys - End Of The Line,The Traveling Wilburys,End Of The Line,,,traveling-wilburys,end-of-the-line,,https://storage.googleapis.com/music8-json-prod/data/songs/traveling-wilburys_end-of-the-line.json
9c4284f3-ab61-41c6-86b3-25fbf1748b44,The Traveling Wilburys - Handle With Care.,The Traveling Wilburys,Handle With Care.,,,traveling-wilburys,handle-with-care,,https://storage.googleapis.com/music8-json-prod/data/songs/traveling-wilburys_handle-with-care.json
cb0a565e-8b31-405b-8517-250e6de65b88,"The Weeknd, Ariana Grande - Save Your Tears","The Weeknd, Ariana Grande",Save Your Tears,ariana-grande,save-your-tears,ariana-grande,save-your-tears,2020-03-19,https://storage.googleapis.com/music8-json-prod/data/songs/ariana-grande_save-your-tears.json
e821da3b-071d-4465-a321-ea6b3f9ebc2e,The White Stripes - Seven Nation Army,The White Stripes,Seven Nation Army,,,white-stripes,seven-nation-army,,https://storage.googleapis.com/music8-json-prod/data/songs/white-stripes_seven-nation-army.json
48945d00-8209-46b0-9100-39bea9aa2f9a,"The White Stripes: ""Seven Nation Army"" Live On 4/22/03 (Hd Premiere) - Late Night With Conan O’brien","The White Stripes: ""Seven Nation Army"" Live On 4/22/03 (Hd Premiere)",Late Night With Conan O’brien,,,white-stripes-seven-nation-army-live-on-4-22-03-hd-premiere,late-night-with-conan-obrien,,https://storage.googleapis.com/music8-json-prod/data/songs/white-stripes-seven-nation-army-live-on-4-22-03-hd-premiere_late-night-with-conan-obrien.json
4deb215f-1e74-40ec-8ca4-de034ed2477e,The Winery Dogs - Stars,The Winery Dogs,Stars,,,winery-dogs,stars,,https://storage.googleapis.com/music8-json-prod/data/songs/winery-dogs_stars.json
8b058c90-a331-48ae-9707-95a0ba4dfc54,Timbaland - Too Much,Timbaland,Too Much,timbaland,too-much-5,timbaland,too-much-5,2018-12-14,https://storage.googleapis.com/music8-json-prod/data/songs/timbaland_too-much-5.json
70ce3e87-be92-4702-8f4f-d1952e84167a,Tina Turner - What's Love Got To Do With It,Tina Turner,What's Love Got To Do With It,,,tina-turner,whats-love-got-to-do-with-it,,https://storage.googleapis.com/music8-json-prod/data/songs/tina-turner_whats-love-got-to-do-with-it.json
41a95da0-09e3-48ac-9ca9-6dae33b2caf7,Tinashe - Text From Your Ex,Tinashe,Text From Your Ex,tinashe,text-from-your-ex,tinashe,text-from-your-ex,2017-04-06,https://storage.googleapis.com/music8-json-prod/data/songs/tinashe_text-from-your-ex.json
90ffa840-4de6-46d0-9366-9e13c2e618fc,"Tom Petty, The Heartbreakers - American Girl","Tom Petty, The Heartbreakers",American Girl,,,tom-petty,american-girl,,https://storage.googleapis.com/music8-json-prod/data/songs/tom-petty_american-girl.json
e4cda261-3213-49c8-9c6a-32c30caaf842,Top Gun - Motion Picture Soundtrack,Top Gun,Motion Picture Soundtrack,,,top-gun,motion-picture-soundtrack,,https://storage.googleapis.com/music8-json-prod/data/songs/top-gun_motion-picture-soundtrack.json
a7d0bb05-e7ce-4807-8241-354e14dcfa51,Topic - Sorry Papi,Topic,Sorry Papi,becky-g,sorry-papi,becky-g,sorry-papi,2026-04-23,https://storage.googleapis.com/music8-json-prod/data/songs/becky-g_sorry-papi.json
62985a3b-25a9-45b2-8199-2baadd4e17b5,Toto - Africa,Toto,Africa,,,toto,africa,,https://storage.googleapis.com/music8-json-prod/data/songs/toto_africa.json
eafd1989-c824-4208-991b-43628b5f5658,Tourniquet - Makeshi,Tourniquet,Makeshi,tourniquet,makeshi,tourniquet,makeshi,2023-09-19,https://storage.googleapis.com/music8-json-prod/data/songs/tourniquet_makeshi.json
96416b37-df34-4819-9c13-fe2caf0be3a6,Tove Lo - Habits (Stay High) - Hippie Sabotage Remix,Tove Lo,Habits (Stay High) - Hippie Sabotage Remix,hippie-sabotage,habits-hippie-sabotage-remix,hippie-sabotage,habits-hippie-sabotage-remix,2014-04-03,https://storage.googleapis.com/music8-json-prod/data/songs/hippie-sabotage_habits-hippie-sabotage-remix.json
6709d24b-417c-4846-b507-6cf99773d8f5,Tove Lo - I'm Your Girl Right?,Tove Lo,I'm Your Girl Right?,,,tove-lo,1m-your-girl-right,,https://storage.googleapis.com/music8-json-prod/data/songs/tove-lo_1m-your-girl-right.json
f3383a19-fa12-4658-b83c-0701dbdc5d8b,Tracy Chapman - Fast Car,Tracy Chapman,Fast Car,,,tracy-chapman,fast-car,,https://storage.googleapis.com/music8-json-prod/data/songs/tracy-chapman_fast-car.json
789a6abc-e18b-4673-a431-106204a814df,Travis Barker - Transparentsoul,Travis Barker,Transparentsoul,travis-barker,transparetsoul,travis-barker,transparetsoul,2021-04-26,https://storage.googleapis.com/music8-json-prod/data/songs/travis-barker_transparetsoul.json
7bf03886-656a-4538-9e75-ec1c56075050,Travis Scott - Water,Travis Scott,Water,travis-scott,water-2,travis-scott,water-2,2023-11-16,https://storage.googleapis.com/music8-json-prod/data/songs/travis-scott_water-2.json
0e332fc7-4a15-4507-ae42-f4b966b4decc,"Treat - ""1985""",Treat,"""1985""",,,treat,1985,,https://storage.googleapis.com/music8-json-prod/data/songs/treat_1985.json
1ca214ca-8ef0-4bdb-afe7-ac1a14da8e82,Troyboi - Hush,Troyboi,Hush,daya,hush-4,daya,hush-4,2026-04-24,https://storage.googleapis.com/music8-json-prod/data/songs/daya_hush-4.json
a4cbcd15-6d1c-41ea-be0e-ef139d1e753d,Troye Sivan - Papercut,Troye Sivan,Papercut,troye-sivan,papercut,troye-sivan,papercut,2015-05-17,https://storage.googleapis.com/music8-json-prod/data/songs/troye-sivan_papercut.json
8b8624a2-24e1-440a-958e-d1d2029c47f6,Ty Dolla $ign - Teach You How To Luh Me,Ty Dolla $ign,Teach You How To Luh Me,ty-dolla-ign,teach-you-how-to-luh-me,ty-dolla-ign,teach-you-how-to-luh-me,2026-04-02,https://storage.googleapis.com/music8-json-prod/data/songs/ty-dolla-ign_teach-you-how-to-luh-me.json
031f4bad-5586-489f-83c1-ce0d22df6dd3,Tyga - Come My Way,Tyga,Come My Way,son-tung-m-tp,come-my-way,son-tung-m-tp,come-my-way,2026-05-27,https://storage.googleapis.com/music8-json-prod/data/songs/son-tung-m-tp_come-my-way.json
9c8f5b8a-ad17-45dc-ac77-6460f42fda9d,Tyler Cole - Meet Me At Our Spot,Tyler Cole,Meet Me At Our Spot,tyler-cole,meet-me-at-our-spot,tyler-cole,meet-me-at-our-spot,2020-03-12,https://storage.googleapis.com/music8-json-prod/data/songs/tyler-cole_meet-me-at-our-spot.json
2c7d2c48-fa6f-42df-b9c8-a21ad9c50dc4,"Tyler, the Creator - I'll Take Care Of You","Tyler, the Creator",I'll Take Care Of You,tyler-the-creator,ill-take-care-of-you,tyler-the-creator,ill-take-care-of-you,2025-07-20,https://storage.googleapis.com/music8-json-prod/data/songs/tyler-the-creator_ill-take-care-of-you.json
2c24400d-cc16-43d8-a948-c624ca549074,UNKNX - Voyage Voyage,UNKNX,Voyage Voyage,unknx,voyage-voyage-cover,unknx,voyage-voyage-cover,2025-12-09,https://storage.googleapis.com/music8-json-prod/data/songs/unknx_voyage-voyage-cover.json
557712ea-2fdb-4763-ab2a-689a575b14cb,UPSAHL - Woman On The Moon,UPSAHL,Woman On The Moon,upsahl,woman-on-the-moon,upsahl,woman-on-the-moon,2021-06-10,https://storage.googleapis.com/music8-json-prod/data/songs/upsahl_woman-on-the-moon.json
8fea000d-1350-42f5-8a1a-24b2ecf755d2,USHER - Sos,USHER,Sos,usher,sos-sex-on-sight,usher,sos-sex-on-sight,2024-08-27,https://storage.googleapis.com/music8-json-prod/data/songs/usher_sos-sex-on-sight.json
a51a4ef2-9393-4551-b8dd-d72b6f87b81b,Van Halen - Can't Stop Lovin' You,Van Halen,Can't Stop Lovin' You,,,van-halen,cant-stop-lovin-you,,https://storage.googleapis.com/music8-json-prod/data/songs/van-halen_cant-stop-lovin-you.json
257baf67-c2d6-4380-829a-6b394c5c662c,Van Halen - Don't Tell Me,Van Halen,Don't Tell Me,,,van-halen,dont-tell-me,,https://storage.googleapis.com/music8-json-prod/data/songs/van-halen_dont-tell-me.json
289285c1-0bb3-482d-b83b-d04ffb574eea,Velveteen Queen - The Greater Good,Velveteen Queen,The Greater Good,,,velveteen-queen,the-greater-good,,https://storage.googleapis.com/music8-json-prod/data/songs/velveteen-queen_the-greater-good.json
9a9b5b36-1030-422f-ad64-8a91501be48a,Vengaboys - We Like To Party!,Vengaboys,We Like To Party!,,,vengaboys,we-like-to-party,,https://storage.googleapis.com/music8-json-prod/data/songs/vengaboys_we-like-to-party.json
98d98ca3-6b39-42cf-ba87-b85ecece7876,Village People - Ymca,Village People,Ymca,,,village-people,ymca,,https://storage.googleapis.com/music8-json-prod/data/songs/village-people_ymca.json
1f4eb91b-7c82-4e4d-8222-066415fbd92d,Violent Femmes - Blister In The Sun,Violent Femmes,Blister In The Sun,,,violent-femmes,blister-in-the-sun,,https://storage.googleapis.com/music8-json-prod/data/songs/violent-femmes_blister-in-the-sun.json
ed90446e-d91c-4ad8-bf62-435c813d0499,Vj/motion Graphics : Koshi - Kun Https://twitter.com/koshi_kun,Vj/motion Graphics : Koshi,Kun Https://twitter.com/koshi_kun,,,vj-motion-graphics-koshi,kun-httpstwittercomkoshi_kun,,https://storage.googleapis.com/music8-json-prod/data/songs/vj-motion-graphics-koshi_kun-httpstwittercomkoshi_kun.json
14b682fe-5d0b-4cff-9acf-f8d4ae107b96,Walk This Way - Run Dmc Ft. Aerosmith,Walk This Way,Run Dmc Ft. Aerosmith,,,walk-this-way,run-dmc-ft-aerosmith,,https://storage.googleapis.com/music8-json-prod/data/songs/walk-this-way_run-dmc-ft-aerosmith.json
e7030ed3-13c0-4ad9-9f01-b902f757583e,"Warner Music Japan - 【公式】中森明菜／飾りじゃないのよ涙は (Live In '87・a Hundred Days At 東京厚生年金会館, 1987.10.17) Akina Nakamori",Warner Music Japan,"【公式】中森明菜／飾りじゃないのよ涙は (Live In '87・a Hundred Days At 東京厚生年金会館, 1987.10.17) Akina Nakamori",,,warner-music-japan,live-in-87a-hundred-days-at-19871017-akina-nakamori,,https://storage.googleapis.com/music8-json-prod/data/songs/warner-music-japan_live-in-87a-hundred-days-at-19871017-akina-nakamori.json
a62f7b8e-2d2e-43fc-a16b-0a570ab2a30e,Warrant - Heaven,Warrant,Heaven,,,warrant,heaven,,https://storage.googleapis.com/music8-json-prod/data/songs/warrant_heaven.json
f043c974-737b-415a-b496-6a248020060b,Weezer - The Blue Album Live,Weezer,The Blue Album Live,,,weezer,the-blue-album-live,,https://storage.googleapis.com/music8-json-prod/data/songs/weezer_the-blue-album-live.json
c8181c4e-f0a7-4dda-b967-a218d71adcfc,Wheels On The Bus + More Nursery Rhymes - Cocomelon,Wheels On The Bus + More Nursery Rhymes,Cocomelon,,,wheels-on-the-bus-more-nursery-rhymes,cocomelon,,https://storage.googleapis.com/music8-json-prod/data/songs/wheels-on-the-bus-more-nursery-rhymes_cocomelon.json
915d1fed-7b3c-4393-83c3-2bc975166109,While My Guitar Gently Weeps (Acoustic Version - Take 1),While My Guitar Gently Weeps (Acoustic Version,Take 1),,,while-my-guitar-gently-weeps-acoustic-version,take1,,https://storage.googleapis.com/music8-json-prod/data/songs/while-my-guitar-gently-weeps-acoustic-version_take1.json
f816f7a4-37c6-4f5a-affb-1c9ab1aea64b,Whitesnake - Fool For Your Loving,Whitesnake,Fool For Your Loving,,,whitesnake,fool-for-your-loving,,https://storage.googleapis.com/music8-json-prod/data/songs/whitesnake_fool-for-your-loving.json
eef071ed-efff-4b77-9463-9726b8b8aa97,Whitney Houston - I Will Always Love You,Whitney Houston,I Will Always Love You,,,whitney-houston,1-will-always-love-you,,https://storage.googleapis.com/music8-json-prod/data/songs/whitney-houston_1-will-always-love-you.json
4221fd28-5110-4382-91fd-127fafa3c35e,Wilkinson - Feel So High,Wilkinson,Feel So High,%ef%bd%97ilkinson,feel-so-high,%ef%bd%97ilkinson,feel-so-high,2022-02-10,https://storage.googleapis.com/music8-json-prod/data/songs/%ef%bd%97ilkinson_feel-so-high.json
95229342-61f6-4303-bec4-8348d6563d5a,WILLOW - Memories,WILLOW,Memories,willow,memories,willow,memories,2022-05-05,https://storage.googleapis.com/music8-json-prod/data/songs/willow_memories.json
101b9781-4db9-4dd6-8d66-2c3da7056a6f,Windrunner - Cyan,Windrunner,Cyan,,,windrunner,cyan,,https://storage.googleapis.com/music8-json-prod/data/songs/windrunner_cyan.json
3b71f219-316b-4641-b38b-c4a09dc662ec,Wiz Khalifa - Everything Tatted,Wiz Khalifa,Everything Tatted,machine-gun-kelly,everything-tatted,machine-gun-kelly,everything-tatted,2026-05-20,https://storage.googleapis.com/music8-json-prod/data/songs/machine-gun-kelly_everything-tatted.json
8ad0f08e-b9f9-46b8-88c3-6e57a68efa79,Wiz Khalifa - Mph,Wiz Khalifa,Mph,machine-gun-kelly,mph,machine-gun-kelly,mph,2026-05-29,https://storage.googleapis.com/music8-json-prod/data/songs/machine-gun-kelly_mph.json
c440a599-3aab-459c-9fa2-314d5f015d1c,Wiz Khalifa - See You Again,Wiz Khalifa,See You Again,charlie-puth,see-you-again,charlie-puth,see-you-again,2015-01-01,https://storage.googleapis.com/music8-json-prod/data/songs/charlie-puth_see-you-again.json
2a7fc803-accc-48e9-bdad-5ad759acd4cc,Yard Act - The Overload,Yard Act,The Overload,,,yard-act,the-overload,,https://storage.googleapis.com/music8-json-prod/data/songs/yard-act_the-overload.json
7db4a928-0989-47fc-b9b0-8a8c5049f79b,"Yellow Magic Orchestra - ""Rydeen""",Yellow Magic Orchestra,"""Rydeen""",,,yellow-magic-orchestra,rydeen,,https://storage.googleapis.com/music8-json-prod/data/songs/yellow-magic-orchestra_rydeen.json
97913aac-3a14-498f-975d-59c48ab22d29,Yes - Owner Of A Lonely Heart,Yes,Owner Of A Lonely Heart,,,yes,owner-of-a-lonely-heart,,https://storage.googleapis.com/music8-json-prod/data/songs/yes_owner-of-a-lonely-heart.json
4cfd63bd-e902-4e45-860a-768694380d09,Yes - Roundabout,Yes,Roundabout,,,yes,roundabout,,https://storage.googleapis.com/music8-json-prod/data/songs/yes_roundabout.json
f5fd62b3-7711-4a97-b010-0b9b7e6b5e79,Yoasobi「怪物」official Music Video (Yoasobi - Monster),Yoasobi「怪物」official Music Video (Yoasobi,Monster),,,yoasobi-official-music-video-yoasobi,monster,,https://storage.googleapis.com/music8-json-prod/data/songs/yoasobi-official-music-video-yoasobi_monster.json
567eb699-a85a-4bca-bcd1-fe9564ab2f1a,Your Song - Elton John - 1970【和訳】エルトンジョン「僕の歌は君の歌」,Your Song,Elton John - 1970【和訳】エルトンジョン「僕の歌は君の歌」,,,your-song,elton-john1970,,https://storage.googleapis.com/music8-json-prod/data/songs/your-song_elton-john1970.json
dd4f54e8-4e7d-4624-abaa-288b7f46234b,Zara Larsson - Midnight Sun (Girls Trip）,Zara Larsson,Midnight Sun (Girls Trip）,pinkpantheress,midnight-sun-2,pinkpantheress,midnight-sun-2,2026-04-30,https://storage.googleapis.com/music8-json-prod/data/songs/pinkpantheress_midnight-sun-2.json
21a5cda5-3b66-4113-bf5c-834f74031474,Zedd - Clarity Ft. Foxes,Zedd,Clarity Ft. Foxes,foxes,clarity,foxes,clarity,2011-12-31,https://storage.googleapis.com/music8-json-prod/data/songs/foxes_clarity.json
4478dc57-9933-47c1-af6c-0f4750d195bf,Zedd - I Want You To Know Ft. Selena Gomez,Zedd,I Want You To Know Ft. Selena Gomez,selena-gomez,i-want-you-to-know,selena-gomez,i-want-you-to-know,2015-05-17,https://storage.googleapis.com/music8-json-prod/data/songs/selena-gomez_i-want-you-to-know.json
896414ec-1990-499e-afab-66635e1f4ddd,Zedd - Spectrum Ft. Matthew Koma,Zedd,Spectrum Ft. Matthew Koma,matthew-koma,spectrum,matthew-koma,spectrum,2011-12-31,https://storage.googleapis.com/music8-json-prod/data/songs/matthew-koma_spectrum.json
a8dabed6-73db-4759-bfc2-bca457631065,Zedd - Stay The Night Ft. Hayley Williams,Zedd,Stay The Night Ft. Hayley Williams,hayley-williams,stay-the-night,hayley-williams,stay-the-night,2012-01-01,https://storage.googleapis.com/music8-json-prod/data/songs/hayley-williams_stay-the-night.json
e7f36fab-b611-4b76-9044-1a0c96c2c3e4,Zerb - If It’s Not Love,Zerb,If It’s Not Love,rita-ora,if-its-not-love,rita-ora,if-its-not-love,2026-04-23,https://storage.googleapis.com/music8-json-prod/data/songs/rita-ora_if-its-not-love.json
d9fecac9-67ef-44c8-8b43-9dd074d950fd,Zxlh-_twyru,Zxlh-_twyru,zXlH-_TwyRU,,,zxlh-twyru,zxlh-_twyru,,https://storage.googleapis.com/music8-json-prod/data/songs/zxlh-twyru_zxlh-_twyru.json
340fe154-40b8-4fb9-93a2-e10da913eae3,僕の歌は君の歌（ユア・ソング） エルトン・ジョン Your Song - Elton John,僕の歌は君の歌（ユア・ソング） エルトン・ジョン Your Song,Elton John,,,your-song,elton-john,,https://storage.googleapis.com/music8-json-prod/data/songs/your-song_elton-john.json
4513ecb5-bbce-4dc0-8369-c576557583b4,山下達郎 Tatsuro Yamashita - 山下達郎「クリスマス・イブ (Christmas Eve)」 Mv,山下達郎 Tatsuro Yamashita,山下達郎「クリスマス・イブ (Christmas Eve)」 Mv,,,tatsuro-yamashita,christmas-eve-mv,,https://storage.googleapis.com/music8-json-prod/data/songs/tatsuro-yamashita_christmas-eve-mv.json
0ff43fb3-53f0-4c6b-b1aa-7d5e898ea0d5,感動画.Ch - 僕の歌は君の歌（ユア・ソング）　エルトン・ジョン　Your Song - Elton John,感動画.Ch,僕の歌は君の歌（ユア・ソング）　エルトン・ジョン　Your Song - Elton John,,,ch,your-song-elton-john,,https://storage.googleapis.com/music8-json-prod/data/songs/ch_your-song-elton-john.json
2522766d-602f-4390-a3d8-b6290f3cac86,未分類 - Stonehenge,未分類,Stonehenge,elton-john,stonehenge,elton-john,stonehenge,2025-07-30,https://storage.googleapis.com/music8-json-prod/data/songs/elton-john_stonehenge.json
7f6d4218-889b-4af6-a72e-a823935ab83d,紅蓮華 / The First Take - Lisa,紅蓮華 / The First Take,Lisa,,,the-first-take,lisa,,https://storage.googleapis.com/music8-json-prod/data/songs/the-first-take_lisa.json
