id,main_artist,song_title,display_title,spotify_track_id,spotify_track_id_from_json,spotify_name,spotify_artists,spotify_release_date,music8_song_id,music8_artist_slug,music8_song_slug,music8_video_id,original_release_date,play_count,created_at
73056662-08fe-4a32-a2fa-7b647bd642d0,$NOT,$Not- A New Day Is A New Play,$NOT - $Not- A New Day Is A New Play,,,A NEW DAY IS A NEW PLAY,$NOT,2025-02-16,91723,not,not-a-new-day-is-a-new-play,-HJ-ZczbONI,2025-02-01,0,2026-04-29T05:53:30.054377+00:00
4ccfc716-dc79-4be8-846a-99929bb0a901,$UICIDEBOY$,12 Gauge,$UICIDEBOY$ - 12 Gauge,,,undefined,,,88468,uicideboy,12-gauge,LeC30GR-5qw,2024-12-01,0,2026-04-29T09:48:15.924626+00:00
13837df0-dfa9-4f22-9c13-4d076c2c356c,03 Greedo,Cubicle,03 Greedo - Cubicle,,,Cubicle (feat. 03 Greedo),"Buddy, 03 Greedo",2019-02-08,109951,03-greedo,cubicle,nZ9Yw7i_Fo8,2019-02-01,0,2026-04-29T13:50:38.088691+00:00
9159caf4-51d4-4930-8a26-8db55668cdde,070 Shake,If You’re Free,070 Shake - If You’re Free,,,,,,129411,070-shake,if-youre-free,NbQXtti-Nng,2026-02-01,0,2026-04-28T15:40:25.144927+00:00
9971ec2f-6bcc-4b92-9354-ce44a1d764b1,070 Shake,Natural Habitat,070 Shake - Natural Habitat,,,,,,55530,070-shake,natural-habitat,yB5bM0WFN8o,2023-11-01,0,2026-04-28T15:40:27.726144+00:00
e749f146-f197-410c-b3ed-22aacd0b26b2,1991,Castles In The Sky,1991 - Castles In The Sky,,,Castles In The Sky,"1991, Subsonic, IVD",2025-02-12,101795,1991,castles-in-the-sky,fHZfq23gk1Y,2025-02-01,0,2026-04-28T15:40:00.511691+00:00
9b3fdd45-9220-4c7c-a304-f84d6b4511c7,1991,Chop Dem Down,1991 - Chop Dem Down,,,Chop Dem Down (feat. RoRo),"Rudimental, 1991, RoRo",2025-08-22,106419,1991,chop-dem-down,tlEkznldtnw,2025-08-01,0,2026-04-29T07:23:18.832236+00:00
329fc0bb-bbce-41bc-96a1-d95a7178fbfc,2BYG,Twin,2BYG - Twin,,,Twin,2BYG,2025-08-22,108974,2byg,twin,ydBM-O-ZPR0,2025-09-01,0,2026-04-28T15:52:34.578994+00:00
346fb4b9-20f4-4328-b7a3-f8af89bea993,3 Man Island,Funkin' For The Uk,3 Man Island - Funkin' For The Uk,,,undefined,,,75246,3-man-island,funkin-for-the-uk,VNdHhhEiKwQ,1988-01-01,0,2026-04-28T15:52:41.47081+00:00
ea4f8bdb-653f-48fa-8c73-1fea77f64399,3 Man Island,Jack The Lad,3 Man Island - Jack The Lad,,,,,,75250,3-man-island,jack-the-lad,bocua4fyCcI,1988-01-01,0,2026-04-28T15:52:40.110167+00:00
ff435b67-bf50-4934-8414-a4dc74547f7a,360,Save My Soul,360 - Save My Soul,,,Save My Soul,360,2025-02-28,92961,360,save-my-soul-3,HGLrHr_uSgc,2025-03-01,0,2026-04-28T15:39:17.039902+00:00
91e11ddc-a3f9-4214-a139-1bfadbf3f1be,4 Non Blondes,What's Up,4 Non Blondes - What's Up,,,,,,,,,,,1,2026-04-17T07:46:35.506366+00:00
fb0e50f5-4169-44bc-b97f-ec8f20691716,4batz,Mortal Kombat,4batz - Mortal Kombat,,,MORTAL KOMBAT,4batz,2025-03-14,93377,4batz,mortal-kombat,mGhvp5ShQoM,2025-03-01,0,2026-04-28T15:52:53.672889+00:00
2b792d66-4c0d-4b59-84f4-38e9240d6173,4batz,N Da Morning,4batz - N Da Morning,,,n da morning,4batz,2025-04-11,95310,4batz,n-da-morning,-wCmVlN6_P8,2025-04-01,0,2026-04-28T15:52:52.331674+00:00
c324e10e-40a4-47b4-9e35-6cd3ef3f055d,5 Seconds of Summer,Older,5 Seconds of Summer - Older,,,,,,38792,5sos,older,4ELTaMB41OQ,2022-09-01,0,2026-04-28T15:53:19.58538+00:00
16c3f569-651b-482c-94fc-1f10c6862c39,50 Cent,Gangsta Smoke,50 Cent - Gangsta Smoke,,,,,,87347,50-cent,gangsta-smoke,XirmKQzx0hQ,2024-12-01,0,2026-04-28T18:53:40.304603+00:00
c450b21d-5bfe-4242-bfad-171cec1bbffa,50 Cent,Keep On,50 Cent - Keep On,,,,,,59144,50-cent,keep-on,v8rMliM-Ijk,2023-11-01,0,2026-04-29T14:28:53.165802+00:00
d36757cf-4161-4395-b014-7e506ea34e7c,50 Cent,Payback,50 Cent - Payback,,,undefined,,,84577,50-cent,payback,s-_JMlDw5C8,2024-10-01,0,2026-04-28T18:53:42.944927+00:00
f7a8658c-462c-4474-b8ed-83a8cefb50c9,60 Ft Dolls,Alison's Room,60 Ft Dolls - Alison's Room,,,,,,86055,60-ft-dolls,alisons-room,vFc8i0QtdVk,1997-01-01,0,2026-04-28T15:53:57.36987+00:00
0145658f-4da9-493c-846d-82dd567fd9ba,6LACK,Dilemma,6LACK - Dilemma,,,,,,97559,6lack,dilemma-3,0kY48ON4Y4g,2025-04-01,0,2026-04-29T08:35:19.411099+00:00
9ddd532d-b8a8-4487-a76a-936d5b87984e,777mylene,ザ・ローズ ベット・ミドラー（The Rose / Bette Midler）,777mylene - ザ・ローズ ベット・ミドラー（The Rose / Bette Midler）,,,,,,,,,,,1,2026-03-18T17:32:36.015953+00:00
c17e61bf-1336-4b58-af0a-0ef84894738b,98°,Got U,98° - Got U,,,Got U,98º,2025-01-17,90920,98,got-u,IbQpbzydPqo,2025-01-01,0,2026-04-28T15:39:10.709223+00:00
d83aaa0b-3d3e-49bb-b4b7-5c4e2c684827,A Day to Remember,Lebron,A Day to Remember - Lebron,,,LeBron,A Day To Remember,2025-02-18,91611,a-day-to-remember,lebron,nVmA9o4d3Kk,2025-02-01,0,2026-04-28T15:54:33.594132+00:00
52cbedbc-bf33-4848-b557-4da9b5cd51cd,A Day to Remember,Make It Make Sense,A Day to Remember - Make It Make Sense,,,Make It Make Sense,A Day To Remember,2025-02-18,91616,a-day-to-remember,make-it-make-sense,TuGCBQoYOu0,2025-02-01,0,2026-04-28T15:54:32.276129+00:00
a8dbe530-09c4-4554-9354-3eed0b836f1c,A Flock Of Seagulls,Some Dreams,A Flock Of Seagulls - Some Dreams,,,undefined,,,78194,flock-of-seagulls,some-dreams,WDlQkl-UMVs,2024-08-01,0,2026-04-28T19:02:15.054536+00:00
ecea8064-2438-47d9-b18f-3d49ae1f1895,A Little Sound,Final Breath,A Little Sound - Final Breath,,,Final Breath,"Subtronics, A Little Sound",2025-04-02,98248,a-little-sound,final-breath,mGLHgvvu6K8,2025-04-01,0,2026-04-30T10:17:07.19773+00:00
2cd1a912-3f49-40ee-9833-b9d0aa65beac,a z,Nothing Is Over,a z - Nothing Is Over,,,Nothing Is Over,A-Z,2025-04-16,97697,a-z,nothing-is-over,wqZwqOPKbQ4,2025-04-01,0,2026-04-28T15:55:18.648176+00:00
b435cdc9-ba90-482b-b85a-fad44449d6ba,A-sketch Music Label,One Ok Rock 「Re:make」,A-sketch Music Label - One Ok Rock 「Re:make」,,,,,,,,,,,1,2026-03-22T06:30:13.980478+00:00
b5b420e6-7578-4d0c-a24a-360c1ca936b7,A$AP Ferg,Black,A$AP Ferg - Black,,,Black (feat. A$AP Ferg),"Buddy, A$AP Ferg",2018-07-20,109926,asap-ferg,black-2,tAOGX9AhoxI,2018-04-01,0,2026-04-29T13:50:54.834178+00:00
3529affd-34b1-46b6-b2a9-50f3fced19fb,Aaron Sevilla,Yibona,Aaron Sevilla - Yibona,,,Yibona - Radio Edit,"Tayllor, Aaron Sevilla, Lizwi",2024-01-26,101805,aaron-sevilla,yibona,Ny5r6T5-sIQ,2025-03-01,0,2026-04-30T10:17:19.197139+00:00
8977dcb5-8cc0-4ec3-8ddf-4b5ef0773367,Aaryan Shah,Budapest,Aaryan Shah - Budapest,,,Budapest,Aaryan Shah,2025-02-28,92731,aaryan-shah,budapest,4Y0tUP88OMg,2024-07-01,0,2026-04-28T15:55:30.75993+00:00
110bb958-7773-4358-ac77-c740471eba8e,Aaryan Shah,Interlinked,Aaryan Shah - Interlinked,,,Interlinked,Aaryan Shah,2025-02-28,92727,aaryan-shah,interlinked,vOBaxK0Vt8g,2025-01-01,0,2026-04-28T15:55:29.409468+00:00
be056448-66be-4bbc-8cc6-0b189e9b6fe7,Aaryan Shah,Vienna,Aaryan Shah - Vienna,,,Vienna,Aaryan Shah,2025-02-28,92722,aaryan-shah,vienna-4,xqtbam9azCA,2025-02-01,0,2026-04-28T15:55:28.071496+00:00
ddc8c729-0532-43ba-9742-458f66712b74,Ab-Soul,Still,Ab-Soul - Still,,,STILL (feat. Ab-Soul & Rapsody),"Joey Bada$$, Ab-Soul, Rapsody",2025-08-25,106738,ab-soul,still-4,6srUoLcXVKY,2025-08-01,0,2026-04-28T19:43:24.525208+00:00
a46d5b63-7df8-4f91-a226-3f1f61be2fc3,Abba,Dancing Queen,Abba - Dancing Queen,,,,,,,,,,,1,2026-04-24T15:01:46.517385+00:00
c874ba23-6252-4036-b49a-75d9aa377edc,Absnt Mind,Special,Absnt Mind - Special,,,Special,Absnt Mind,2025-02-07,91370,absnt-mind,special-5,BXUFZ8fO1P4,2025-02-01,0,2026-04-28T15:55:44.310963+00:00
21c8b446-398c-4216-b42e-2c1d562024d3,Ace Hood,Mister Hood,Ace Hood - Mister Hood,,,Mister Hood,Ace Hood,2025-02-21,91825,ace-hood,mister-hood,8_UpbUWEIww,2025-02-01,0,2026-04-28T15:56:00.570821+00:00
611ebce7-4652-434c-973d-43cd24975782,Ace Of Base,The Sign,Ace Of Base - The Sign,,,,,,,,,,,1,2026-03-21T11:58:28.06195+00:00
9404637c-8b24-4841-bb65-ed5633ec6c2c,Acid Black Cherry,So Goodnight (Acoustic Ver) Live 2015,Acid Black Cherry - So Goodnight (Acoustic Ver) Live 2015,,,,,,,,,,,1,2026-04-04T19:13:38.214365+00:00
97802650-73fb-4d83-bd0e-d6f3bb05e894,Addison Rae,Headphones On,Addison Rae - Headphones On,,,Headphones On,Addison Rae,2025-04-18,97584,addison-rae,headphones-on,XdFpzaM07i0,2025-04-01,0,2026-04-28T15:56:32.355295+00:00
b389b359-4b14-4e72-9a5f-0f0de11d8cf9,Addison Rae,High Fashion,Addison Rae - High Fashion,,,High Fashion,Addison Rae,2025-02-14,90669,addison-rae,high-fashion-2,S7GXhwYnF9w,2025-02-01,0,2026-04-28T15:56:33.614645+00:00
0a621c73-d187-4106-a904-39ad0807dc1f,adela,Machine Girl,adela - Machine Girl,,,MACHINE GIRL,ADÉLA,2025-02-28,91999,adela,machine-girl,UdS3gV0_MA8,2025-02-01,0,2026-04-28T15:56:40.010354+00:00
1a363c42-97c8-43ad-9114-d4567eebf1bd,adela,Sexonthebeat,adela - Sexonthebeat,,,SexOnTheBeat,ADÉLA,2025-08-22,110262,adela,sexonthebeat,7CRVgqzke0Q,2025-09-01,0,2026-04-28T15:56:38.726366+00:00
83fe3aec-5eeb-48e7-b6bf-7e9dc6726a1c,Adele,Rolling In The Deep,Adele - Rolling In The Deep,,,,,,,,,,,1,2026-03-21T16:58:41.475421+00:00
bb4973b6-7858-43ef-abdc-662839c087bd,Adele,Someone Like You,Adele - Someone Like You,,,,,,,,,,,1,2026-04-21T12:18:39.918689+00:00
50d1951e-e46d-469c-8810-532aff878ee8,Ado,【Ado】 唱,Ado - 【Ado】 唱,,,,,,,,,,,1,2026-03-22T05:49:44.491855+00:00
b00cc505-61f3-4fce-9c1d-2fae04a406f4,Ado,【Ado】ギラギラ,Ado - 【Ado】ギラギラ,,,,,,,,,,,1,2026-03-22T06:12:24.934955+00:00
daf80228-0223-4a1d-a467-735fb05e1cc5,Aerodyne,"""Razor's Edge""","Aerodyne - ""Razor's Edge""",,,,,,,,,,,1,2026-04-26T14:42:37.712246+00:00
eecd6ea6-dd88-469e-bc44-5bb82ac37a40,Aerosmith,Girls Of Summer,Aerosmith - Girls Of Summer,,,,,,9252,aerosmith,girls-of-summer,7iH2eYFgDmg,2002-08-01,0,2026-04-28T15:57:13.074667+00:00
fc06a0ed-184a-4f30-8559-88579631dd0d,Aerosmith,My Only Angel,Aerosmith - My Only Angel,,,My Only Angel,"Aerosmith, YUNGBLUD",2025-09-19,108767,aerosmith,my-only-angel-2,74mV9qwlCgg,2025-09-01,0,2026-04-28T15:57:06.575449+00:00
8715f8a6-59b9-4690-97ef-a98f4eff0c07,AFI,Ash Speck In A Green Eye,AFI - Ash Speck In A Green Eye,,,Ash Speck in a Green Eye,AFI,2025-09-29,110312,afi,ash-speck-in-a-green-eye,R3r8-aXgymM,2025-09-01,0,2026-04-28T17:08:18.530726+00:00
6d61f507-c3ab-485e-9cb2-ad985cab9e73,AFI,Holy Visions,AFI - Holy Visions,,,Holy Visions,AFI,2025-09-09,108051,afi,holy-visions,5c6sMntanTQ,2025-09-01,0,2026-04-28T17:08:19.724198+00:00
bb8eebfb-c113-41c0-a2ef-474490cfb7c5,Against The Current,Guessing,Against The Current - Guessing,,,,,,43919,against-the-current,guessing,g1A03783B-A,2013-07-01,0,2026-04-29T13:11:09.022526+00:00
ea91e90e-d566-4ec5-bc50-48865bfaf63e,Against The Current,Thinking,Against The Current - Thinking,,,,,,44071,against-the-current,thinking,zN9n1fVhIjg,2012-07-01,0,2026-04-29T13:11:11.746952+00:00
be4475eb-3dd5-4ff4-a327-213d0b1b002c,Against The Current,Uptown Funk,Against The Current - Uptown Funk,,,,,,43639,against-the-current,uptown-funk,RvYcatJB3NU,2015-01-01,0,2026-04-29T13:11:00.530313+00:00
4c401abb-6a3d-455c-bcfe-d25248e515ff,Agnes,Ego,Agnes - Ego,,,EGO,Agnes,2025-09-05,108478,agnes,ego-2,DMbTu2DWKx4,2025-09-01,0,2026-04-28T17:08:59.918164+00:00
c7d36c8f-8aad-414f-9d3c-495ecd01ba7c,Ahmed Spins,Waterfall,Ahmed Spins - Waterfall,,,Waterfall,"Elderbrook, Ahmed Spins",2025-04-09,98151,ahmed-spins,waterfall-3,kENm6Z1V3k4,2025-04-01,0,2026-04-28T18:49:57.148749+00:00
a9d0be41-c73f-4122-a180-e6c6d09c89c1,Aidan Bissett,Are We In Love Yet?,Aidan Bissett - Are We In Love Yet?,,,are we in love yet?,Aidan Bissett,2025-03-07,92611,aidan-bissett,are-we-in-love-yet,a-EjJCCh5FY,2025-03-01,0,2026-04-28T17:09:09.764777+00:00
60775e01-67d3-411a-8b53-24bd6d44bd8c,Air Drawn Dagger,Bellyaches,Air Drawn Dagger - Bellyaches,,,Bellyaches,Air Drawn Dagger,2025-03-20,94135,air-drawn-dagger,bellyaches,c5tQfEu835U,2025-03-01,0,2026-04-28T17:09:18.52711+00:00
1307cd53-024c-48fa-b74f-6c461542e4a2,Air Drawn Dagger,Sanctifound,Air Drawn Dagger - Sanctifound,,,Sanctifound,Air Drawn Dagger,2025-02-27,94139,air-drawn-dagger,sanctifound,V9z2hvP1YKI,2025-02-01,0,2026-04-28T17:09:19.678437+00:00
5a56cd65-1c5e-48af-a5f2-323cdc5d215b,Air Supply,All Out Of Love,Air Supply - All Out Of Love,,,,,,,,,,,1,2026-04-26T13:42:51.851868+00:00
51862e76-fc6c-423b-9da4-dbd1cd9d3051,Air Supply,Making Love Out Of Nothing At All,Air Supply - Making Love Out Of Nothing At All,,,,,,,,,,,1,2026-04-10T03:54:37.835759+00:00
1ab14650-3552-4831-ab48-fd821c82bfe2,Airports,In Fiction,Airports - In Fiction,,,In Fiction,"FLOYA, Airports, Grumble Bee",2025-08-29,106969,airports,in-fiction,Nl6ewvsfKr8,2025-08-01,0,2026-04-28T19:02:54.257026+00:00
ba07563a-c806-49a9-8502-da5eaae3ba5c,Aitana,Sentimiento Natural,Aitana - Sentimiento Natural,,,SENTIMIENTO NATURAL,"Aitana, Myke Towers",2025-03-13,93448,aitana,sentimiento-natural,A8zLfSetaCE,2025-03-01,0,2026-04-28T17:09:27.043415+00:00
88d6e9d9-dd49-4ea7-9c3e-dd59c37b1be0,Aitch,Friday Prayer,Aitch - Friday Prayer,,,Friday Prayer (feat. Headie One & Aitch),"AJ Tracey, Headie One, Aitch",2025-04-10,95347,aitch,friday-prayer,jORPAOWLzZU,2025-04-01,0,2026-04-28T17:09:36.859986+00:00
2887f026-0616-479d-ad2a-8a56091d8527,Aitch,Straight Rhymez 2,Aitch - Straight Rhymez 2,,,Straight Rhymez 2,Aitch,2025-03-06,92741,aitch,straight-rhymez-2,OBDZQzCcTQo,2025-03-01,0,2026-04-28T17:09:29.800385+00:00
da7f0174-28a7-49f2-a99e-1178f55dc315,AJ Mitchell,Carry On,AJ Mitchell - Carry On,,,Carry On,AJ Mitchell,2025-03-07,92956,aj-mitchell,carry-on,vXAj1_Yc9og,2025-03-01,0,2026-04-28T17:09:34.454419+00:00
f7946260-f143-4e84-a887-5aea7109a94d,AJ Tracey,Crush,AJ Tracey - Crush,,,Crush (feat. Jorja Smith),"AJ Tracey, Jorja Smith",2025-02-12,90574,aj-tracey,crush-6,BouNQ9lREyA,2025-02-01,0,2026-04-28T17:09:37.998151+00:00
58cb7364-b559-413b-96c0-89becee0169f,AJR,The Big Goodbye,AJR - The Big Goodbye,,,The Big Goodbye,AJR,2025-09-05,107668,ajr,the-big-goodbye,Pukp9nKozE8,2025-09-01,0,2026-04-28T17:09:41.584345+00:00
d4527797-1391-4965-a782-f4bd3a642010,aka,Leave A Message,aka - Leave A Message,,,Leave a Message,a!ka,2024-06-21,92679,aka,leave-a-message,SZRRnSML4dc,2024-06-01,0,2026-04-28T17:09:57.975928+00:00
1e8373c4-3941-4ff2-9b26-a1ea7033ccdb,Akon,Crazy,Akon - Crazy,,,Crazy,"Busta Rhymes, Akon, Vybz Kartel",2025-02-21,95333,akon,crazy-9,2PybT2b8Yk0,2025-04-01,0,2026-04-28T18:07:06.347199+00:00
29750865-7baf-4960-a75b-0d517f076865,Akon,Never Really Mattered,Akon - Never Really Mattered,,,Never Really Mattered,"Akon, SIMIEN",2025-03-21,94957,akon,never-really-mattered,4S0_Xj4L4mo,2025-04-01,0,2026-04-28T17:10:03.041204+00:00
e1e4bc51-5acd-42a2-a27b-f946ad5e5353,Alabama Shakes,Another Life,Alabama Shakes - Another Life,,,undefined,,,106758,alabama-shakes,another-life-2,hDwuydv7j9k,2025-08-01,0,2026-04-28T17:10:12.197279+00:00
6433c253-62ee-43ee-8e05-7d284d88cb69,Alabama Shakes,Hold On,Alabama Shakes - Hold On,,,Hold On,Alabama Shakes,2012-04-09,106763,alabama-shakes,hold-on-7,Le-3MIBxQTw,2012-03-01,0,2026-04-28T17:10:13.375587+00:00
6661b756-7c00-46f7-b27c-66a97ee1cc1d,Alan Fitzpatrick,"Friday, I'm In Luv","Alan Fitzpatrick - Friday, I'm In Luv",,,"Friday, I’m In Luv","Alok, Alan Fitzpatrick",2025-03-21,94273,alan-fitzpatrick,friday-im-in-luv,kbvWWTs8aNA,2025-03-01,0,2026-04-28T17:15:09.160704+00:00
374dc43f-87d0-4601-8e8e-b5a696c66bdf,Alan Walker,Dust,Alan Walker - Dust,,,Dust,"Alan Walker, Robin Packalen",2025-03-07,92371,alan-walker,dust-3,zOJtFWfF4fQ,2025-03-01,0,2026-04-29T13:12:45.516038+00:00
d4736dd6-c7ee-40ca-82bc-8161bc0f7df0,Alan Walker,Forever Young,Alan Walker - Forever Young,,,Forever Young,アラン・ウォーカー,2025-01-17,89578,alan-walker,forever-young-4,wSxAWEEawks,2025-01-01,0,2026-04-29T13:12:48.826873+00:00
146fe4da-6d1c-46cc-8e25-9b146694f149,Alan Walker,Guaro Con Ron,Alan Walker - Guaro Con Ron,,,Guaro con Ron,"Sofía Reyes, Alan Walker",2025-03-21,94102,alan-walker,guaro-con-ron,01lftK-dH20,2025-03-01,0,2026-04-29T13:12:42.832882+00:00
e8c48725-5e56-4753-bae9-216dbf9acce7,Alan Walker,Scars,Alan Walker - Scars,,,,,,64545,alan-walker,scars-2,ubHPP4pjR5c,2024-03-01,0,2026-04-30T10:20:37.718228+00:00
4ea6dbbd-9611-497e-9bc5-eb745a7589d0,Alanis Morissette,Hate Myself For Loving You Oughta Know,Alanis Morissette - Hate Myself For Loving You Oughta Know,,,,,,67985,alanis-morissette,hate-myself-for-loving-you-oughta-know,0P3shkZvO3o,2024-05-01,0,2026-04-28T17:10:45.666793+00:00
53d931f1-aefd-4f88-9554-0af600df26b2,Alannah Myles,Black Velvet,Alannah Myles - Black Velvet,,,,,,,,,,,1,2026-04-25T05:52:55.371629+00:00
d0945628-7606-4a74-b554-8b7ca0cba682,Alec Benjamin,The Knife In My Back,Alec Benjamin - The Knife In My Back,,,The Knife In My Back,Alec Benjamin,2025-09-05,107837,alec-benjamin,the-knife-in-my-back,bR5042Wo7fU,2025-09-01,0,2026-04-28T17:10:59.264116+00:00
dc749bd9-3381-4804-b064-eef1d61aa26f,Alessandra,Queen Almighty,Alessandra - Queen Almighty,,,Queen Almighty,Alessandra,2025-09-26,110001,alessandra,queen-almighty,EdFYBzhCS58,2025-10-01,0,2026-04-28T17:11:17.581033+00:00
205510c7-f058-4d5a-bb51-8a2eaaef6e44,Alessi Rose,First Original Thought,Alessi Rose - First Original Thought,,,First Original Thought,Alessi Rose,2025-09-26,109562,alessi-rose,first-original-thought,4eH1FjGhORU,2025-09-01,0,2026-04-28T17:11:21.254068+00:00
fa5132a8-d3a1-46a0-b27c-2ab7c4e89c7a,Alessia Cara,Clearly,Alessia Cara - Clearly,,,Clearly,アレッシア・カーラ,2025-02-14,90992,alessia-cara,clearly,icDtKz23dtM,2025-02-01,0,2026-04-28T17:11:24.827832+00:00
3a38f539-0be0-4598-94e9-0085fc294cbd,Alessia Cara,Slow Motion,Alessia Cara - Slow Motion,,,Slow Motion,アレッシア・カーラ,2025-01-24,90048,alessia-cara,slow-motion-3,FmpSm-gJGeM,2025-01-01,0,2026-04-28T17:11:25.989102+00:00
4cb1ad2c-e783-4677-b2e7-aaa49232313b,Alesso,Interstellar,Alesso - Interstellar,,,,,,59858,alesso,interstellar,HY0_sPUr1wk,2023-12-01,0,2026-04-30T10:22:09.846475+00:00
86846e5d-784a-4b40-9ee5-9b6357737792,Alesso,Surrender,Alesso - Surrender,,,Surrender,"Alesso, Becky Hill",2025-04-04,94834,alesso,surrender-5,Tdo1KPY7Mig,2025-04-01,0,2026-04-28T17:11:31.865084+00:00
e51c5369-726d-42b0-8a71-af10e56e643c,Alestorm,Frozen Piss 2,Alestorm - Frozen Piss 2,,,Frozen Piss 2,Alestorm,2025-04-23,98051,alestorm,frozen-piss-2,X2WH9_x5W0A,2025-04-01,0,2026-04-28T17:11:39.066486+00:00
39036dd8-fe46-401c-95fa-430987144ba9,Alex Bone,Dream,Alex Bone - Dream,,,Dream,"Alex Bone, Elise Trouw",2025-07-04,106428,alex-bone,dream-3,z-QwORQL1P0,2025-08-01,0,2026-04-28T17:11:47.65117+00:00
d226267a-6475-407b-b79d-ba0458b83038,Alex Jean,"Stand Firm, You’ll Win","Alex Jean - Stand Firm, You’ll Win",,,"Stand Firm, You'll Win",Alex Jean,2025-04-17,101084,alex-jean,stand-firm-youll-win,ma-BQCMpURo,2025-04-01,0,2026-04-28T17:11:51.346122+00:00
12088bf1-438e-4aa3-94b0-f867dc6c51df,Alex Warren,Ordinary,Alex Warren - Ordinary,,,Ordinary,Alex Warren,2025-02-07,90379,alex-warren,ordinary,u2ah9tWTkmk,2025-02-01,0,2026-04-28T17:12:02.412144+00:00
9608bbff-f361-43b4-b4b8-59c5b54fdc81,Alexander James,Electric,Alexander James - Electric,,,,,,62184,alexander-james,electric,o-FWJLKoclA,2024-02-01,0,2026-04-28T17:12:15.273413+00:00
04e89ec5-5bc7-4b2e-8441-e28eff1ef132,Alexandra Stan,Ocean Eyes,Alexandra Stan - Ocean Eyes,,,Ocean Eyes,Alexandra Stan,2025-08-15,106645,alexandra-stan,ocean-eyes,N0s1uOb81zw,2025-08-01,0,2026-04-28T17:12:26.509029+00:00
73091a34-7df0-4be1-94d4-effd8d7f432f,Alexia Evellyn,Dark Side,Alexia Evellyn - Dark Side,,,Dark Side,Alexia Evellyn,2025-02-14,92788,alexia-evellyn,dark-side-2,JrPRxmkj4PI,2025-03-01,0,2026-04-28T17:12:31.183121+00:00
2ffb4d88-31b6-4eff-b443-a222081d1a1e,ALEXSUCKS,Flowers & Dirt,ALEXSUCKS - Flowers & Dirt,,,Flowers & Dirt,ALEXSUCKS,2025-05-30,107079,alexsucks,flowers-dirt,QR050E82BlA,2025-05-01,0,2026-04-28T17:12:38.279657+00:00
b77994dd-c59e-46c7-9e71-37ff5716da84,ALEXSUCKS,The Headache,ALEXSUCKS - The Headache,,,The Headache,ALEXSUCKS,2025-08-29,107092,alexsucks,the-headache,KMorUH6QTjA,2025-08-01,0,2026-04-28T17:12:37.079885+00:00
ee4ec249-2cf1-42df-b604-a67d462a1fd6,ALEXSUCKS,Worm In The Sun,ALEXSUCKS - Worm In The Sun,,,Worm in the Sun,ALEXSUCKS,2025-02-28,107087,alexsucks,worm-in-the-sun,vjK0x2yfSQI,2025-02-01,0,2026-04-28T17:12:39.46977+00:00
70f284b9-c7f6-49ef-8886-78eecb7a1c3c,Aleyna Tilki,Bitti,Aleyna Tilki - Bitti,,,Bitti,Aleyna Tilki,2025-08-22,106338,aleyna-tilki,bitti,kGflzbwM9Xk,2025-08-01,0,2026-04-28T17:12:40.700577+00:00
8975305b-91aa-4b55-ba0f-688dce46d4bf,Algorithm,Graceful Degradation,Algorithm - Graceful Degradation,,,Graceful Degradation,The Algorithm,2025-09-05,109201,algorithm,graceful-degradation,jokvsOn50wU,2025-09-01,0,2026-04-28T17:12:44.323629+00:00
98c9dd99-638a-428b-b6c7-5b60fb71ef76,Alice Chater,Bed Of Lies,Alice Chater - Bed Of Lies,,,Bed of Lies,Alice Chater,2025-02-07,90431,alice-chater,bed-of-lies,IQfYKKWRJfM,2025-02-01,0,2026-04-28T17:12:49.196244+00:00
6af0191f-b422-4f40-9838-b868ff445036,Alice Cooper,Wild Ones,Alice Cooper - Wild Ones,,,undefined,,,100622,alice-cooper,wild-ones-2,YqwLaYFGrn4,2025-06-01,0,2026-04-28T17:12:52.773642+00:00
99bca11c-f0cd-4cef-a538-681b9c9012de,Alicia Keys,New Day,Alicia Keys - New Day,,,New Day,"50 Cent, Dr. Dre, Alicia Keys",2012-01-01,105575,alicia-keys,new-day,L00Id3vXza0,2012-01-01,0,2026-04-28T17:13:22.243518+00:00
c9ff4185-604b-4bbb-a009-8d8e14240ea1,Alicia Keys,Other Side Of Love,Alicia Keys - Other Side Of Love,,,Other Side Of Love (Remix) [feat. Alicia Keys],"Coco Jones, Alicia Keys",2025-08-15,105971,alicia-keys,other-side-of-love,4AQ4UsQOc3k,2025-08-01,0,2026-04-28T18:22:01.822558+00:00
388d1df5-9fd0-4df2-a9ec-3afab5bf2460,Alison Goldfrapp,Dream Machine,Alison Goldfrapp - Dream Machine,,,Dream Machine,"Purple Disco Machine, Alison Goldfrapp",2025-04-18,98925,alison-goldfrapp,dream-machine,H08sNxMSgNA,2025-04-01,0,2026-04-29T06:45:23.552802+00:00
bf9b9cc2-989c-498d-94a4-87f8290ae58d,Alissic,Concrete,Alissic - Concrete,,,CONCRETE,Alissic,2025-03-07,92492,alissic,concrete-2,xYvX6a_wBiU,2025-03-01,0,2026-04-28T17:13:47.529448+00:00
81f8e70a-c87f-4a88-b9e8-a7887476489f,Aliyah’s Interlude,Babydoll,Aliyah’s Interlude - Babydoll,,,Babydoll (feat. Aliyah’s Interlude),"Grace VanderWaal, Aliyah's Interlude",2025-02-28,91970,aliyahs-interlude-2,babydoll-2,eXbF2k9uLu0,2025-02-01,0,2026-04-28T19:16:19.677085+00:00
02d12c02-935e-4368-a870-dfa50edee61b,all american rejects,Beekeeper's Daughter,all american rejects - Beekeeper's Daughter,,,Beekeeper’s Daughter,The All-American Rejects,2012-01-01,100675,all-american-rejects,beekeepers-daughter,UhC7M8KF7AE,2012-02-01,0,2026-04-28T17:14:03.276896+00:00
01289383-f363-4eb2-8d2f-27a96c7a696f,all american rejects,Dirty Little Secret,all american rejects - Dirty Little Secret,,,Dirty Little Secret,The All-American Rejects,2005-01-01,100645,all-american-rejects,dirty-little-secret-3,gPDcwjJ8pLg,2005-09-01,1,2026-04-23T04:29:31.028806+00:00
512f42d9-54a8-48de-84c4-b2fec84db1b7,all american rejects,Gives You Hell,all american rejects - Gives You Hell,,,Gives You Hell,The All-American Rejects,2008-01-01,100640,all-american-rejects,gives-you-hell,uxUATkpMQ8A,2008-09-01,0,2026-04-28T17:14:06.809712+00:00
d4cd4857-4f8d-43bb-94c5-01afd450a0c7,all american rejects,I Wanna,all american rejects - I Wanna,,,I Wanna,The All-American Rejects,2008-01-01,100670,all-american-rejects,i-wanna,Qwm7crkV124,2009-11-01,0,2026-04-28T17:14:04.465666+00:00
760e8458-5b09-4412-85f0-e0245986b66c,all american rejects,It Ends Tonight,all american rejects - It Ends Tonight,,,It Ends Tonight,The All-American Rejects,2005-01-01,100655,all-american-rejects,it-ends-tonight,yfdAGkjHGac,2006-01-01,0,2026-04-28T17:14:07.965635+00:00
803e6a63-9506-4ddc-ad1d-9c160bd3e214,all american rejects,Move Along,all american rejects - Move Along,,,Move Along,The All-American Rejects,2005-01-01,100650,all-american-rejects,move-along,XleOkGsYgO8,2009-11-01,0,2026-04-28T17:14:05.646579+00:00
051168ca-7389-4908-83a9-f44184b5f8a8,all american rejects,"Swing, Swing","all american rejects - Swing, Swing",,,"Swing, Swing",The All-American Rejects,2002-10-15,100660,all-american-rejects,swing-swing,KtypSRcwIhA,2003-07-01,0,2026-05-01T00:48:34.341152+00:00
3d192df3-4237-483f-bb06-57dc8e15252c,all american rejects,The Last Song,all american rejects - The Last Song,,,The Last Song,The All-American Rejects,2002-10-15,100665,all-american-rejects,the-last-song-2,5DpGuk_fWGQ,2003-11-01,0,2026-05-01T00:48:32.523058+00:00
df5801ca-eae0-4362-8a23-964156058390,All for Metal,Rock You Like A Hurricane,All for Metal - Rock You Like A Hurricane,,,,,,62146,all-for-metal,rock-you-like-a-hurricane,x1_rsjS85fU,2024-02-01,0,2026-04-28T17:14:10.422685+00:00
891deb08-4a43-4912-bab1-80634087f948,All Time Low,Butterflies,All Time Low - Butterflies,,,Butterflies,All Time Low,2025-09-19,108913,all-time-low,butterflies-8,7KNzU_RNxWs,2025-09-01,0,2026-04-28T17:14:20.037259+00:00
2c6aebb1-ec1e-4a97-966f-2daa9727b6d0,All Time Low,Oh No!,All Time Low - Oh No!,,,Oh No!,All Time Low,2025-09-05,107882,all-time-low,oh-no-6,cIBjA2MbfHk,2025-09-01,0,2026-04-28T17:14:21.258391+00:00
60504028-098d-48d0-bff8-dc182d2afe55,Alli Walker,Ride It Out,Alli Walker - Ride It Out,,,Ride It Out,Alli Walker,2025-03-14,97738,alli-walker,ride-it-out,fS68ebcvXtc,2025-03-01,0,2026-04-28T17:14:31.715418+00:00
ce241d83-ad8e-49fd-9fd4-33623239dbe3,Allie X,Is Anybody Out There?,Allie X - Is Anybody Out There?,,,Is Anybody Out There?,Allie X,2025-09-12,108101,allie-x,is-anybody-out-there,0RUjfajOqmc,2025-09-01,0,2026-04-28T17:14:38.578382+00:00
5f206e0d-e81e-4121-ae7b-c8c0f21c9986,Allison Russell,Superlover,Allison Russell - Superlover,,,Superlover (Feat. Annie Lennox),"Allison Russell, Annie Lennox",2025-03-25,94586,allison-russell,superlover,dxefUewo2_0,2025-03-01,0,2026-04-28T17:14:50.291118+00:00
f19e6396-bb77-4da1-b140-2b0da6570788,Almost Monday,Enjoy The Ride,Almost Monday - Enjoy The Ride,,,enjoy the ride,almost monday,2025-08-08,107002,almost-monday,enjoy-the-ride,nNYOk4y8RsA,2025-08-01,0,2026-04-28T17:14:57.32156+00:00
610c34b0-3bb4-4ff4-be44-3f1b3d5ff60d,Alna,Forever,Alna - Forever,,,Forever,"ILLENIUM, Tom Grennan, Alna",2025-09-12,108238,alna,forever-10,_nypMwCyNEQ,2025-09-01,0,2026-04-28T19:30:59.736657+00:00
e6ce7884-e3d0-4438-9fa0-f024b79f6b77,Alok,Last Night I Dreamt I Fell In Love,Alok - Last Night I Dreamt I Fell In Love,,,last night i dreamt i fell in love,"Alok, Kylie Minogue",2025-02-14,90590,alok,last-night-i-dreamt-i-fell-in-love,aE7iT8IUnsU,2025-02-01,0,2026-04-28T17:15:10.331291+00:00
d353d399-31fb-457a-abe9-ebebaaeee9e8,Alok,Sugar,Alok - Sugar,,,Sugar (feat. Francesco Yates) - ALOK Remix,"Robin Schulz, Francesco Yates, Alok",2025-09-26,110055,alok,sugar-alok-remix,RQot7qPN0Po,2025-09-01,0,2026-04-29T07:14:22.034031+00:00
959088ba-67fa-42f9-bfd6-811c43f78c56,ALT BLK ERA,Hunt You Down,ALT BLK ERA - Hunt You Down,,,Hunt You Down,ALT BLK ERA,2024-12-11,89825,alt-blk-era,hunt-you-down,HQetUXcDjrM,2024-12-01,0,2026-04-28T17:15:26.06812+00:00
9a0b92b3-e51e-47d2-be36-e6fd421131bc,ALT BLK ERA,Run Rabbit,ALT BLK ERA - Run Rabbit,,,Run Rabbit,ALT BLK ERA,2025-01-15,89820,alt-blk-era,run-rabbit,5y1JGMN_MJc,2025-01-01,0,2026-04-28T17:15:24.852069+00:00
0a7ac984-165c-4bf3-b90b-51044a127145,Alter Bridge,Silent Divide,Alter Bridge - Silent Divide,,,Silent Divide,Alter Bridge,2025-09-03,107632,alter-bridge,silent-divide,tOpu6CFBZJo,2025-09-01,0,2026-04-28T17:15:33.692355+00:00
1a89ee84-6cbb-4388-8a84-f204cda66c72,Aly & Aj,What It Feels Like,Aly & Aj - What It Feels Like,,,What It Feels Like,Aly & AJ,2025-01-10,90413,aly-aj,what-it-feels-like-2,nuf1mb77aUI,2025-02-01,0,2026-04-28T17:15:43.221706+00:00
809ddb1d-0fcc-41c9-a51a-6b80593da2b7,Aly &Amp; Aj,Hothouse,Aly &Amp; Aj - Hothouse,,,,,,43921,aly-aj,hothouse,70Xngq1vP50,2013-07-01,0,2026-05-01T00:51:54.564926+00:00
ded43c60-7a15-4ce3-9e6a-94cbf7d30976,Aly &Amp; Aj,Never Far Behind,Aly &Amp; Aj - Never Far Behind,,,,,,5033,aly-aj,never-far-behind,CrIT-ILpNBk,2005-10-01,0,2026-05-01T00:52:07.078568+00:00
4cecf081-c0b0-44e3-83df-54f3b37bbcd8,Amanda Shires,Piece Of Mind,Amanda Shires - Piece Of Mind,,,Piece Of Mind,Amanda Shires,2025-08-26,106768,amanda-shires,piece-of-mind,Xxm7mgSgV0Q,2025-08-01,0,2026-04-28T17:16:12.466377+00:00
f2c0de67-26ee-48fb-b473-cc82beb6bfdd,Amaranthe,Do Or Die,Amaranthe - Do Or Die,,,,,,,,,,,1,2026-04-04T18:30:24.290971+00:00
627d4c11-ab94-43c0-abb0-2636ce695661,Amazon Music,"Shaboozey Performs ""Amen"" At Amazon Music Live","Amazon Music - Shaboozey Performs ""Amen"" At Amazon Music Live",,,,,,,,,,,1,2026-03-22T07:45:56.421868+00:00
55a6b8b3-3881-4045-b3af-95cbccccc187,Amber Mark,Don’t Remind Me,Amber Mark - Don’t Remind Me,,,Don't Remind Me (with Anderson .Paak),"Amber Mark, Anderson .Paak",2025-10-08,110535,amber-mark,dont-remind-me,CvhIZDYEjw8,2025-10-01,0,2026-04-28T17:16:24.300983+00:00
1c2be348-dcde-4fe5-80dd-70f66bb8aa8a,Amber Mark,Let Me Love You,Amber Mark - Let Me Love You,,,Let Me Love You,Amber Mark,2025-08-22,106274,amber-mark,let-me-love-you-2,yWPgf_9pY1s,2025-08-01,0,2026-04-28T17:16:25.473184+00:00
3aebbec8-c34c-456a-8024-5b22e80a63e9,Amelia Barratt,Florist,Amelia Barratt - Florist,,,Florist,"Bryan Ferry, Amelia Barratt",2025-02-28,92190,amelia-barratt,florist,QnDH_mGaIms,2025-02-01,0,2026-04-28T18:05:30.599203+00:00
e63930dc-519c-4dac-9a39-4a1cf875748e,Amelia Barratt,Loose Talk,Amelia Barratt - Loose Talk,,,Loose Talk,"Bryan Ferry, Amelia Barratt",2025-03-14,93491,amelia-barratt,loose-talk,cIvKXDRo_YQ,2025-03-01,0,2026-04-28T18:05:29.368727+00:00
281602b0-c047-4fef-8cee-c1a6034a7e91,Amelie Lens,One Mind,Amelie Lens - One Mind,,,One Mind,"Charlotte de Witte, Amelie Lens",2025-02-06,92098,amelie-lens,one-mind,7SVATk4dqRA,2025-02-01,0,2026-04-28T18:14:31.383103+00:00
f55f41ea-df04-4588-b122-df5f4f2274c2,Amira Elfeky,Death Of Me,Amira Elfeky - Death Of Me,,,Death of Me,Amira Elfeky,2025-02-07,92478,amira-elfeky,death-of-me-3,qNJV_4Qu0xI,2025-02-01,0,2026-04-28T17:16:46.082521+00:00
0804225a-1a49-4838-93be-ce985fed3aa7,Amira Elfeky,Hold Onto Me,Amira Elfeky - Hold Onto Me,,,Hold Onto Me,Amira Elfeky,2025-09-12,109259,amira-elfeky,hold-onto-me,OTOq9EHuKFw,2025-09-01,0,2026-04-28T17:16:44.869296+00:00
63c32eb8-c354-4234-9aed-a2b9bd134595,Amy Lee,End Of You,Amy Lee - End Of You,,,End of You,"Poppy, Amy Lee, Courtney LaPlante",2025-09-04,107655,amy-lee,end-of-you,SF0F12xXyew,2025-09-01,0,2026-04-29T06:33:32.967893+00:00
2d4542ae-03c4-408d-8eb2-2228532888ab,Amy Millan,Hollowheart,Amy Millan - Hollowheart,,,,,,79467,amy-millan,hollowheart,bdXPhRj10jQ,2024-08-01,0,2026-04-29T06:33:58.692456+00:00
db433313-821a-4ab6-b9dd-704a2a755af6,Amyl and The Sniffers,You’re A Star,Amyl and The Sniffers - You’re A Star,,,you're a star,"Fred again.., Amyl and The Sniffers",2025-10-03,109804,amyl-and-the-sniffers,youre-a-star,5hk2EXr-WiA,2025-10-01,0,2026-04-28T19:05:31.281583+00:00
3d91c092-cb8e-48fb-b619-5eda199112df,Anberlin,A Day Late,Anberlin - A Day Late,,,A Day Late,Anberlin,2009-01-01,92898,anberlin,a-day-late,Qe88uWzzI3U,2005-03-01,0,2026-04-28T17:17:27.195106+00:00
462d2810-e772-4ca7-be0d-692b037c9c6b,Anderson .Paak,Play This Song,Anderson .Paak - Play This Song,,,Play This Song (feat. Anderson .Paak),"Mariah Carey, Anderson .Paak",2025-09-26,109345,anderson-paak,play-this-song,csNmuAogO2g,2025-09-01,0,2026-04-28T20:25:34.799239+00:00
3658cea0-c8b7-4d8c-ae11-a00cf9b8e688,Anderson Paak,Too Bad,Anderson Paak - Too Bad,,,TOO BAD,"G-DRAGON, Anderson .Paak",2025-02-25,92562,anderson-paak,too-bad,c3jK48Hy3u0,2025-03-01,0,2026-04-30T10:27:05.078744+00:00
16f0ba91-af39-4c00-88c8-1d7a2a275aaa,Ando San,Big Dawg,Ando San - Big Dawg,,,Big Dawg,Ando San,2025-03-22,101137,ando-san,big-dawg,sI3BET6CbBU,2025-03-01,0,2026-04-28T17:17:30.185968+00:00
ea075011-f40c-46f7-a1bf-4a807a349616,Andra Day,Lean On My Love,Andra Day - Lean On My Love,,,LEAN ON MY LOVE (feat. Andra Day),"Jon Batiste, Andra Day",2025-08-22,106269,andra-day,lean-on-my-love,Vj0wm9cMXm8,2025-08-01,0,2026-04-28T19:44:59.307458+00:00
5e6f2453-b546-4fa8-8e8e-3e43c347547e,Andrea Botez,Kick It,Andrea Botez - Kick It,,,Kick It - Andrea Botez Remix,"Boris Brejcha, Andrea Botez",2025-01-24,91690,andrea-botez,kick-it-andrea-botez-remix,IGsf8YftGes,2025-01-01,0,2026-04-28T18:01:00.908688+00:00
0240ef6b-adb4-4d48-a4ad-ba929b9015a4,Andromedik,Air,Andromedik - Air,,,Air,"Andromedik, Lauren L'aimant",2025-01-10,102470,andromedik,air,DMIyYVRwIqs,2025-01-01,0,2026-04-28T17:17:32.694459+00:00
13affd70-7c9f-46fc-9df7-21f8bec930ba,Andromedik,Out Of Body,Andromedik - Out Of Body,,,Out of Body,"Netsky, Andromedik",2025-03-14,102137,andromedik,out-of-body,TNaMfWhta1k,2025-03-01,0,2026-04-30T10:28:17.651368+00:00
9d13bbe9-a5ea-42d0-9f44-ba153fd24fc2,Andy Bell,I'm In Love...,Andy Bell - I'm In Love...,,,i'm in love...,"Andy Bell, Dot Allison, Michael Rother",2025-01-09,93165,andy-bell,im-in-love,EW9czxT_8Tg,2025-01-01,0,2026-04-28T17:17:35.060451+00:00
d5d5f2b8-6a6f-405b-a65a-611aab9ce8ba,Andy Summers,I Advance Masked,Andy Summers - I Advance Masked,,,I Advance Masked,"Andy Summers, Robert Fripp",1982,94292,andy-summers,i-advance-masked,Zg4o54XxZns,1982-10-01,0,2026-04-28T17:17:42.092573+00:00
80bc0b7f-de71-4f4a-be80-26dbe3794c82,Anita B Queen,La Noche,Anita B Queen - La Noche,,,LA NOCHE,"Chris Lake, Skrillex, ANITA B QUEEN",2025-10-03,110060,anita-b-queen,la-noche,Y2AkWTF-NVU,2025-10-01,0,2026-04-29T08:18:06.863948+00:00
f222ddc0-debc-4e72-8796-e3bf366e0786,Ankhoï,Closer To The Floor,Ankhoï - Closer To The Floor,,,Closer To The Floor,"Jazzy, Ankhoï",2025-04-18,98112,ankhoi,closer-to-the-floor,J1WnL5CJ7Rw,2025-04-01,0,2026-04-28T19:38:58.312537+00:00
501c547d-e3e2-4375-a07e-ada74e534900,Anna Sofia,Helium,Anna Sofia - Helium,,,Helium,"The Chainsmokers, Anna Sofia",2025-08-15,105899,anna-sofia,helium,GWoK3HULCLo,2025-08-01,0,2026-04-28T18:12:47.520885+00:00
876db71e-ed57-4219-9fc2-f987a6f38eb9,Anna von Hausswolff,Anna Von Hausswolff — The Whole Woman,Anna von Hausswolff - Anna Von Hausswolff — The Whole Woman,,,The Whole Woman,"Anna von Hausswolff, Iggy Pop",2025-08-21,106463,anna-von-hausswolff,anna-von-hausswolff-the-whole-woman,1lmOvpIh7Ws,2025-08-01,0,2026-04-28T17:18:32.786963+00:00
2d6d1f7d-172d-4df3-b158-9369874bc288,Anne-marie,Depressed,Anne-marie - Depressed,,,DEPRESSED,Anne-Marie,2025-09-19,108898,anne-marie,depressed,3TPOocxXoWA,2025-09-01,0,2026-04-28T17:18:37.981904+00:00
f5630b4c-5c61-4c8e-af74-0524658c6588,Anne-marie,Don't Panic,Anne-marie - Don't Panic,,,Don't Panic,アン・マリー,2025-02-14,90750,anne-marie,dont-panic-2,5IqNNhiaB9U,2025-02-01,0,2026-04-28T17:18:41.726708+00:00
69893aca-8194-4fe6-b8ee-f83fc437aa68,Anne-marie,I Don't Like Your Boyfriend,Anne-marie - I Don't Like Your Boyfriend,,,I Don't Like Your Boyfriend,Anne-Marie,2025-02-14,91922,anne-marie,i-dont-like-your-boyfriend,5XhnZDUG6Og,2025-02-01,0,2026-04-28T17:18:40.464428+00:00
7ea7da68-0a19-4a91-81c0-8c85522f6e2a,Anne-marie,That's What You Get,Anne-marie - That's What You Get,,,That's What You Get,Anne-Marie,2025-04-11,95257,anne-marie,thats-what-you-get-2,7qmrwEO0d88,2025-04-01,0,2026-04-28T17:18:39.256104+00:00
219509ca-9211-4f95-82b7-55182f5d1427,Annie Lennox,A Whiter Shade Of Pale,Annie Lennox - A Whiter Shade Of Pale,,,A Whiter Shade of Pale,Annie Lennox,1995,92339,annie-lennox,a-whiter-shade-of-pale-2,VZqPoriYXho,1995-05-01,0,2026-04-28T17:18:49.562442+00:00
9a878355-78f7-4baf-b615-a087d333fb3a,Annie Lennox,Why?,Annie Lennox - Why?,,,,,,108800,annie-lennox,why-6,l1RkUE8YG5Y,2025-09-01,0,2026-04-28T17:18:48.276388+00:00
73cad3c5-a1c9-4b4a-96ad-4126485a656f,ANNISOKAY,Inner Sanctum,ANNISOKAY - Inner Sanctum,,,Inner Sanctum,Annisokay,2025-03-28,94692,annisokay,inner-sanctum-2,J-vsLACdFqU,2025-03-01,0,2026-04-28T17:18:54.756797+00:00
fa8e072b-3f9f-4138-aa58-04d0246143e1,ANNISOKAY,My Effigy,ANNISOKAY - My Effigy,,,My Effigy,Annisokay,2025-08-28,106891,annisokay,my-effigy,d0PESi8X858,2025-08-01,0,2026-04-28T17:18:53.511987+00:00
4ea673c0-3c01-4223-8e69-ec6837c1acb3,Anya Nami,Folk Rush,Anya Nami - Folk Rush,,,Folk Rush,Anya Nami,2025-08-15,106905,anya-nami,folk-rush,SfYabhzjH_Y,2025-08-01,0,2026-04-28T17:19:13.981808+00:00
4ea6afe9-e7c8-45dc-be6c-4f2d9adf5297,Anya Nami,"Good Bye, My Love","Anya Nami - Good Bye, My Love",,,,,,87803,anya-nami,good-bye-my-love,p9_xhvUpcwQ,2023-05-01,0,2026-04-28T17:19:22.317843+00:00
ae6ff82b-89ad-4be4-b935-d63764d9031c,Anyma,Neverland,Anyma - Neverland,,,Neverland (From Japan),"Anyma, Baset",2025-03-28,94864,anyma,neverland,Lm61yhp_h4o,2025-03-01,0,2026-04-28T17:19:35.771564+00:00
7eeac90a-5cbd-4b98-b1b5-082abcb9a4b5,Anyma,Work,Anyma - Work,,,Work (feat. Yeat),"Anyma, Yeat",2025-04-04,95091,anyma,work-2,jbuLqTV_jso,2025-04-01,0,2026-04-28T17:19:34.567167+00:00
81182d89-cd2f-4465-8cd6-9fff3b9f6755,Apashe,Rome Is Burning,Apashe - Rome Is Burning,,,Rome Is Burning,"Worakls, Apashe, Wasiu",2025-10-07,110546,apashe,rome-is-burning,dpn5Rff4gUk,2025-10-01,0,2026-04-30T10:29:52.843734+00:00
8c8bdf11-3b9b-4c5b-b640-6a2148031295,APOC,The Only Way Is Up,APOC - The Only Way Is Up,,,The Only Way Is Up,APOC,2024-03-08,64568,apoc,the-only-way-is-up-2,2gvqZGx8IPg,2024-03-01,0,2026-04-28T17:19:47.184589+00:00
5e78a8c2-c982-4868-8a51-84a8c5253fda,Apple Music,"Estelle: “American Boy""","Apple Music - Estelle: “American Boy""",,,,,,,,,,,1,2026-03-22T07:13:35.757123+00:00
c5a3987b-e7ee-4690-8420-33ac0a360a10,Apple Music,"Givēon: ""Heartbreak Anniversary"" Live","Apple Music - Givēon: ""Heartbreak Anniversary"" Live",,,,,,,,,,,3,2026-03-22T07:18:18.888533+00:00
11e21e60-a46e-44c3-b0c8-2d2c80d33fa7,Arashi,Five,Arashi - Five,,,,,,,,,,,1,2026-03-22T05:46:45.646263+00:00
a0af9ccd-9388-4526-b236-a05c4c279ae0,Arcade Fire,Year Of The Snake,Arcade Fire - Year Of The Snake,,,Year of the Snake,Arcade Fire,2025-04-08,95134,arcade-fire,year-of-the-snake,UpYapWU--JA,2025-04-01,0,2026-04-28T17:20:06.928553+00:00
366311db-f1e4-46b5-8719-48c37c7cd2cf,ARCH ENEMY,A Million Suns,ARCH ENEMY - A Million Suns,,,A Million Suns,Arch Enemy,2025-03-28,94770,arch-enemy,a-million-suns,zYhcRn_34ko,2025-04-01,0,2026-04-28T17:20:14.807268+00:00
d88c8296-67f8-48f6-924c-01b32f49c142,ARCH ENEMY,Illuminate The Path,ARCH ENEMY - Illuminate The Path,,,Illuminate The Path,Arch Enemy,2025-03-28,106038,arch-enemy,illuminate-the-path,CA6YSS_3EI0,2025-08-01,0,2026-04-28T17:20:13.586254+00:00
18749977-bc73-4324-bb6f-bddc4e71c126,ARCH ENEMY,Paper Tiger,ARCH ENEMY - Paper Tiger,,,Paper Tiger,アーチ・エネミー,2025-02-06,90440,arch-enemy,paper-tiger,FcVz1KXkzoA,2025-02-01,0,2026-04-28T17:20:16.027563+00:00
861cee3d-d927-4f03-9119-8a02cc4b3b07,Architects,Blackhole,Architects - Blackhole,,,Blackhole,Architects,2025-01-14,89563,architects,blackhole,8SoLPeFquLM,2025-01-01,0,2026-04-28T17:20:28.610431+00:00
5404d3a4-4901-488f-864b-00744acb50da,Architects,Elegy,Architects - Elegy,,,Elegy,Architects,2025-02-28,92768,architects,elegy,yEBEg4NGVrw,2025-02-01,0,2026-04-28T17:20:25.046962+00:00
cfa16fbe-00a1-431d-a2b4-2040b182366e,Architects,Everything Ends,Architects - Everything Ends,,,Everything Ends,Architects,2025-02-28,92773,architects,everything-ends,gEl5Q3SXJwc,2025-02-01,0,2026-04-28T17:20:27.429739+00:00
71b0de3a-2ba4-41dc-affa-7b4b7304e73a,Architects,Landmines,Architects - Landmines,,,Landmines,Architects,2025-02-28,92763,architects,landmines-2,9TfcapILbg8,2025-02-01,0,2026-04-28T17:20:26.23407+00:00
84f2b21d-6a74-4878-a445-befdcfd62800,Archive,Look At Us,Archive - Look At Us,,,Look At Us,Archive,2025-09-10,108638,archive,look-at-us,Y1gRbVRIDvQ,2025-09-01,0,2026-04-28T17:20:31.119392+00:00
f8f48ae2-b6f0-4661-82eb-fcac8ae18a00,Argy,Voices In My Head,Argy - Voices In My Head,,,Voices In My Head,"Anyma, Argy, Son of Son",2025-02-14,90877,anyma,voices-in-my-head-4,VNwigGCOIxk,2025-02-01,0,2026-04-30T10:30:17.137726+00:00
d3a69faf-6ba6-4844-bf13-4f262fbb6542,Ari Abdul,Red Velvet,Ari Abdul - Red Velvet,,,Red Velvet (with Ari Abdul),"Jutes, Ari Abdul",2025-01-24,90982,ari-abdul,red-velvet,0leTeRzZkig,2025-01-01,0,2026-04-28T19:49:23.361705+00:00
cdacd774-c0cd-4d91-9a18-384850f7bde8,Ari Lennox,Vacancy,Ari Lennox - Vacancy,,,Vacancy,Ari Lennox,2025-09-26,109591,ari-lennox,vacancy,BABgPHSdT7A,2025-09-01,0,2026-04-28T17:20:54.56932+00:00
cbc0c753-67b1-4e28-9279-014c5a7aadbd,Ariana Grande,Closer,Ariana Grande - Closer,,,,,,69185,ariana-grande,closer-6,QgzHAkoScJk,2022-03-01,0,2026-04-29T07:33:41.04971+00:00
eb7f1788-a00a-43c4-91c4-110efa42f560,Ariana Grande,Defying Gravity,Ariana Grande - Defying Gravity,,,Defying Gravity,"Cynthia Erivo, Ariana Grande",2024-11-22,92232,ariana-grande,defying-gravity,HxkLt1GXVsw,2024-12-01,0,2026-04-28T18:28:27.608253+00:00
586134e6-5c78-4e65-8428-69a9315e1ff9,Ariana Grande,Hampstead,Ariana Grande - Hampstead,,,Hampstead,Ariana Grande,2025-03-28,107591,ariana-grande,hampstead,3w4r9TxcG8s,2025-09-01,0,2026-04-28T17:21:03.667618+00:00
1ddd6c29-25e3-4dfd-91a2-1377ce5dd4c5,Arijit Singh,Angels For Each Other,Arijit Singh - Angels For Each Other,,,Angels For Each Other,"Martin Garrix, Arijit Singh",2025-03-13,93397,arijit-singh,angels-for-each-other,Ogyd6E9rs1U,2025-03-01,0,2026-04-29T04:58:40.749551+00:00
05290df0-6b3d-49da-a4f0-c9a74ebfc00d,Arijit Singh,Weightless,Arijit Singh - Weightless,,,Weightless,"Martin Garrix, Arijit Singh",2025-04-11,95291,arijit-singh,weightless-4,DOT1LmQbFFA,2025-04-01,0,2026-04-29T04:58:38.747085+00:00
1b1def89-8ecb-4f4a-a19b-6e94999aa458,Arm's Length,Funny Face,Arm's Length - Funny Face,,,Funny Face,Arm's Length,2025-02-11,91025,arms-length,funny-face,MpGbko4PluQ,2025-02-01,0,2026-04-28T17:21:56.62443+00:00
beff48a6-4c6b-4e91-8f38-f079a152fce9,Armin van Buuren,Is It Beautiful?,Armin van Buuren - Is It Beautiful?,,,Is It Beautiful? (A State of Trance 2025 TRANSFORMATION Anthem),"Armin van Buuren, Ben Hemsley, Lucy Pullin",2025-02-13,92137,armin-van-buuren,is-it-beautiful,kUP_iJuoq9g,2025-02-01,0,2026-04-28T17:21:53.416739+00:00
31c20108-2140-49e1-910c-3bd1776c3e40,Armin van Buuren,Set Me Free,Armin van Buuren - Set Me Free,,,Set Me Free,"Armin van Buuren, SACHA",2025-10-03,110232,armin-van-buuren,set-me-free-5,kBQHAP3SbjU,2025-10-01,0,2026-04-28T17:21:47.195217+00:00
5d7b42e0-2a14-47da-9e04-f3c47ae59f85,Armin van Buuren,Sound Of You,Armin van Buuren - Sound Of You,,,Sound of You,"Armin van Buuren, Rob Swire",2025-03-27,95438,armin-van-buuren,sound-of-you-2,q7pUqXIeyI0,2025-03-01,0,2026-04-28T17:21:52.171247+00:00
802d08af-c8f3-4dca-95f5-8786b0d1880c,ArrDee,Yo Yo Yo,ArrDee - Yo Yo Yo,,,,,,128394,arrdee,yo-yo-yo,dko1fAiDAKQ,2026-01-01,0,2026-04-28T17:22:04.163683+00:00
b31131c8-6fa3-47e1-befa-7d92a6e0bd44,Arrested Development,My Job Ain’t Done,Arrested Development - My Job Ain’t Done,,,My Job Ain't Done,"Arrested Development, Speech, 1 Love",2025-07-04,107690,arrested-development,my-job-aint-done,zL7WF7wYIaA,2025-08-01,0,2026-04-28T17:22:05.412979+00:00
f2c0ac5f-26c8-4783-92a0-064f63e4ced3,Art Nation,Halo,Art Nation - Halo,,,Halo,Art Nation,2025-03-18,93623,art-nation,halo-3,u7wDCfwYR6g,2025-03-01,0,2026-04-28T17:37:37.48327+00:00
e141fdad-fbfe-4fa3-b8ce-727e6d5d253a,Art Nation,Set Me Free,Art Nation - Set Me Free,,,Set Me Free,Art Nation,2025-01-10,89471,art-nation,set-me-free-3,gki3XcFT8rE,2025-01-01,0,2026-04-28T17:37:38.734269+00:00
0a74617d-fa3d-4d15-9646-b8d615d969dc,Art Of Noise,Moments In Love Hd,Art Of Noise - Moments In Love Hd,,,,,,,,,,,0,2026-03-31T05:21:02.276889+00:00
bf7058b5-2bde-48f5-bd6c-33023ac9b2f8,ARTBAT,Afterparty,ARTBAT - Afterparty,,,Afterparty,ARTBAT,2025-02-28,92108,artbat,afterparty-2,ymgIkOXp6Ds,2025-03-01,0,2026-04-28T17:37:55.266851+00:00
d0411367-e5d8-44b7-b39b-1bd07e4a1b12,ARTBAT,Love Is Gonna Save Us,ARTBAT - Love Is Gonna Save Us,,,Love is Gonna Save Us,"ARTBAT, Benny Benassi",2025-03-21,94057,artbat,love-is-gonna-save-us,0IHbz4e3BO8,2025-03-01,0,2026-04-28T17:37:54.086485+00:00
4570bcb4-8c93-4a10-8ece-af477eb7b344,ARTBAT,She The Last One,ARTBAT - She The Last One,,,She The Last One,"ARTBAT, Vintage Culture",2025-01-17,89558,artbat,she-the-last-one,RJO10CkzMts,2025-01-01,0,2026-04-28T17:37:56.501744+00:00
38f25aff-3cdc-41ad-99f6-a1b846ecc88d,Artemas,Eat Me Alive,Artemas - Eat Me Alive,,,eat me alive,Artemas,2025-08-29,107097,artemas,eat-me-alive,3z_QLTvgkak,2025-08-01,0,2026-04-28T17:38:05.482712+00:00
cce41cfc-6b6d-449e-a252-f21e9e9aefaa,Artemas,I Guess U Never Really Cared About Me,Artemas - I Guess U Never Really Cared About Me,,,i guess u never really cared about me,Artemas,2025-04-18,97618,artemas,i-guess-u-never-really-cared-about-me,R5s9hksm3lo,2025-04-01,0,2026-04-28T17:38:06.710353+00:00
f0966cf4-bf4d-4f82-b73f-b3cd0e8dd8db,Artemas,Southbound,Artemas - Southbound,,,southbound,Artemas,2025-03-19,94112,artemas,southbound,6t5nBguUP9s,2025-03-01,0,2026-04-28T17:38:07.952867+00:00
7a4e383b-f4be-444d-8653-6d4320e9ee81,Artemas,Superstar,Artemas - Superstar,,,superstar,Artemas,2025-10-01,109737,artemas,superstar-3,a09amGO7a5w,2025-10-01,0,2026-04-28T17:38:01.667454+00:00
b48e53a0-8fa1-4070-9650-ed704da1e6d9,Artemas,This One's Gonna Hurt Me,Artemas - This One's Gonna Hurt Me,,,this one's gonna hurt me,Artemas,2025-10-01,109875,artemas,this-ones-gonna-hurt-me,jy47Kg7Zd5E,2025-10-01,0,2026-04-28T17:38:02.965963+00:00
606a62db-26cd-4754-a760-c8b2efbcc834,Artemas,U Don't Have To Tell Me,Artemas - U Don't Have To Tell Me,,,u don't have to tell me,Artemas,2025-08-29,107102,artemas,u-dont-have-to-tell-me,qLDjxkus9m4,2025-08-01,0,2026-04-28T17:38:04.233931+00:00
2a963515-6cd3-43c3-a427-d4e96281e5d1,As December Falls,For The Plot,As December Falls - For The Plot,,,For The Plot,As December Falls,2025-02-21,92751,as-december-falls,for-the-plot,YF-IqeMj9sE,2025-02-01,0,2026-04-28T17:38:14.27344+00:00
fecce98c-7bb6-41a1-94b0-c7035c6ffaec,As December Falls,Therapy,As December Falls - Therapy,,,Therapy,As December Falls,2025-01-06,89694,as-december-falls,therapy-2,Xkpugfb0LxA,2025-01-01,0,2026-04-28T17:38:15.512281+00:00
2abd8bf7-9eec-46a9-b9a9-527b9eeed0bc,ash,Fun People,ash - Fun People,,,Fun People,"Ash, Graham Coxon",2025-09-01,109510,ash,fun-people,XE4HUaXMBcM,2025-09-01,0,2026-04-28T17:39:20.344682+00:00
17d0f86b-67b8-47ae-90b0-6f5845eb7d44,ash,Jump In The Line,ash - Jump In The Line,,,Jump in the Line,Ash,2025-04-02,94799,ash,jump-in-the-line,yjvOJ6Co53k,2025-04-01,0,2026-04-28T17:39:23.995522+00:00
c2b13f8e-11a0-41f8-9290-a48dbae5788d,ash,Which One Do You Want?,ash - Which One Do You Want?,,,Which One Do You Want?,Ash,2025-09-01,107609,ash,which-one-do-you-want,_MmjGEIjVB8,2025-09-01,0,2026-04-28T17:39:21.553524+00:00
a8b3259d-3a90-43fa-a85c-502f3e45f612,Ashley Cooke,All I Forgot,Ashley Cooke - All I Forgot,,,All I Forgot (feat. Joe Jonas),"Ashley Cooke, Joe Jonas",2025-02-21,98189,ashley-cooke,all-i-forgot,FfqNDdAcpXo,2025-02-01,0,2026-04-28T17:38:53.24027+00:00
63922da9-77c0-4ca8-8de0-dfd9d3367020,Ashley McBryde,Rattlesnake Preacher,Ashley McBryde - Rattlesnake Preacher,,,Rattlesnake Preacher,Ashley McBryde,2025-06-26,106773,ashley-mcbryde,rattlesnake-preacher,Q4dMPYu-pIk,2025-08-01,0,2026-04-28T17:38:54.460963+00:00
15b526b0-c4e5-4974-b97c-5fc0deb1b4d2,Ashnikko,Trinkets,Ashnikko - Trinkets,,,Trinkets,Ashnikko,2025-08-12,105859,ashnikko,trinkets,NXxpVWgXc_M,2025-08-01,0,2026-04-28T17:39:09.653793+00:00
90026e15-622b-42fc-9d7e-28bab0790689,Ashnikko,Wet Like,Ashnikko - Wet Like,,,Wet Like (feat. COBRAH),"Ashnikko, COBRAH",2025-10-03,110097,ashnikko,wet-like,y4Kg7lp11M8,2025-10-01,0,2026-04-28T17:39:08.477291+00:00
19c3da94-f38f-45d5-9e03-b1d813fd0a01,Astrix,Coolio,Astrix - Coolio,,,Coolio - Darwish Remix,"Astrix, Darwish",2025-03-06,103422,astrix,coolio-darwish-remix,_Y90HbsWjqY,2025-03-01,0,2026-04-28T17:39:49.113309+00:00
ebcb7b2c-1c6d-46d9-9690-95ed6265fad6,Atarashii Gakko!,Intergalactic In Japanese,Atarashii Gakko! - Intergalactic In Japanese,,,,,,62014,atarashii-gakko,intergalactic-in-japanese,eqfaQHsbgbE,2021-11-01,0,2026-04-29T13:29:24.386733+00:00
edc0105c-78e7-42b1-808b-85a8587458c0,Atarashii Gakko!,Otonablue,Atarashii Gakko! - Otonablue,,,,,,,,,,,1,2026-03-22T06:08:16.984926+00:00
c8f6cb7d-8ff3-4890-b35e-0397bbb47a20,Atarashii Gakko!,Some Type Of Skin,Atarashii Gakko! - Some Type Of Skin,,,Some Type Of Skin (Ft. ATARASHII GAKKO!),"AURORA, ATARASHII GAKKO!",2025-02-14,90595,atarashii-gakko,some-type-of-skin-2,4sejhAS38Zo,2025-02-01,0,2026-04-28T17:40:53.63236+00:00
451732b4-d97b-4ea5-a103-6763e55c66af,Atarashii Gakko!,青春を切り裂く波動,Atarashii Gakko! - 青春を切り裂く波動,,,,,,,,,,,1,2026-03-22T05:58:54.38927+00:00
85722fce-0b41-4b3c-8cb7-ceee61cbd401,Atlantic Starr,Don't Abuse My Love,Atlantic Starr - Don't Abuse My Love,,,undefined,,,75223,atlantic-starr,dont-abuse-my-love,uSUcsObzsi4,1978-06-01,0,2026-05-01T01:06:52.001057+00:00
910a60bb-7a78-497a-b3c4-55339b9a4b03,Atmosphere,Grateful,Atmosphere - Grateful,,,Grateful,"Atmosphere, Slug, Ant",2025-09-19,109189,atmosphere,grateful,BjPShse8xLo,2025-09-01,0,2026-04-28T17:40:19.307108+00:00
85a194dc-dc3f-48b5-b5cc-e6e7486d4cc3,Audrey Hobert,Thirst Trap,Audrey Hobert - Thirst Trap,,,Thirst Trap,Audrey Hobert,2025-08-15,105923,audrey-hobert,thirst-trap,86Ww1o_T8fw,2025-08-01,0,2026-04-28T17:40:37.308662+00:00
57d406c9-4edd-4f15-9a68-c2caf3f7f297,AURORA,A Rock Somewhere X The Seed,AURORA - A Rock Somewhere X The Seed,,,,,,82862,aurora,a-rock-somewhere-x-the-seed,4N-fqm2YLAU,2024-10-01,0,2026-04-28T17:40:56.03945+00:00
1dbd1989-5931-4863-b915-f58a2fce7c51,AURORA,Scarborough Fair,AURORA - Scarborough Fair,,,,,,42744,aurora,aurora-scarborough-fair,hCRLr9JCLT0,2018-04-01,0,2026-05-01T01:08:25.040203+00:00
c21b8567-b689-449f-8b1c-2b3d9ef1acca,AURORA,The Flood,AURORA - The Flood,,,The Flood,AURORA,2025-04-04,94731,aurora,the-flood,T_Ig2rqhK28,2025-04-01,0,2026-04-28T17:40:51.301869+00:00
d68329ab-ce69-4e56-8e69-a01666422602,Austra,Math Equation,Austra - Math Equation,,,Math Equation,Austra,2025-08-26,106881,austra,math-equation,CUDXzgQABEE,2025-08-01,0,2026-04-28T17:41:01.045379+00:00
16113357-82c6-4937-ad5c-c6cac7aa9144,Ava Della Pietra,Single For Life,Ava Della Pietra - Single For Life,,,Single for Life,Ava Della Pietra,2025-09-05,109100,ava-della-pietra,single-for-life,NuPspft-xSc,2025-09-01,0,2026-04-28T17:41:04.817694+00:00
bd8e41b0-2c7b-49a7-95f5-4edc79120b85,Ava Max,Don't Click Play,Ava Max - Don't Click Play,,,Don’t Click Play,Ava Max,2025-08-22,106328,ava-max,dont-click-play,r16uPptjnMY,2025-08-01,0,2026-04-28T17:41:08.422566+00:00
3b4f61db-eb76-485b-b6cf-91f6ca8b19b1,Ava Max,Lost Your Faith,Ava Max - Lost Your Faith,,,Lost Your Faith,Ava Max,2025-02-07,93599,ava-max,lost-your-faith-2,cBzd-WSysxk,2025-03-01,0,2026-04-28T17:41:12.06438+00:00
688a63a2-9378-413a-93d4-33a75bb98d06,Ava Max,Never Be Yours,Ava Max - Never Be Yours,,,,,,85040,ava-max,never-be-yours-2,leknQU92_wU,2024-11-01,0,2026-04-28T17:41:14.47308+00:00
6430099f-4c6d-404e-9e61-40250acc3730,Ava Max,One Night,Ava Max - One Night,,,,,,93530,ava-max,one-night,GvCyCiwW_nI,2025-03-01,0,2026-04-28T17:41:13.273945+00:00
68199696-1fac-4620-9e8d-97c781939d6f,Avalon,Log Off,Avalon - Log Off,,,,,,,,,,,0,2026-04-04T18:51:19.853732+00:00
28ab3fb7-bbb0-46ff-9638-c68b9de55a3f,Avan7,Java,Avan7 - Java,,,Java - Original mix,"Avan7, Becker",2025-03-28,104363,avan7,java,r4DDhsJBQ2c,2025-03-01,0,2026-04-28T17:41:24.597222+00:00
3d645634-a61e-45ba-9cc0-e564ce24e34c,Avantasia,Against The Wind,Avantasia - Against The Wind,,,Against The Wind,"Avantasia, Kenny Leckremo",2025-01-17,89554,avantasia,against-the-wind,xN-AAIYw3Fs,2025-01-01,0,2026-04-28T17:41:27.004624+00:00
5016803c-1836-45ff-8f83-da36a2e23377,Avantasia,The Witch,Avantasia - The Witch,,,The Witch,"Avantasia, Tommy Karevik",2025-02-13,90615,avantasia,the-witch,yg-32mWU8_E,2025-02-01,0,2026-04-28T17:41:25.811061+00:00
12aeb503-3d53-47c2-8e6c-6f1e9bd36ab9,Avatar,Tonight We Must Be Warriors,Avatar - Tonight We Must Be Warriors,,,Tonight We Must Be Warriors,Avatar,2025-08-27,106782,avatar,tonight-we-must-be-warriors,iTI92w0VYaQ,2025-08-01,0,2026-04-28T17:41:31.766292+00:00
ea121c2e-8111-4195-ba87-0d4f2b0ad9b8,Avery Cochrane,Shapeshifting On A Saturday Night,Avery Cochrane - Shapeshifting On A Saturday Night,,,Shapeshifting on a Saturday Night,Avery Cochrane,2025-08-08,106935,avery-cochrane,shapeshifting-on-a-saturday-night,FmRVW6lHK8E,2025-08-01,0,2026-04-28T17:41:52.181087+00:00
a497bc1b-5a2f-4a25-a691-6f517e978ee1,Avi Kaplan,Peace Somehow,Avi Kaplan - Peace Somehow,,,Peace Somehow,Avi Kaplan,2025-02-21,91466,avi-kaplan,peace-somehow,NiQlO0xY6-c,2025-02-01,0,2026-04-28T17:41:54.540758+00:00
90d42d62-99d0-4934-9e66-e3aae5e8984c,Avicii,Avicii Forever,Avicii - Avicii Forever,,,,,,99208,avicii,avicii-forever,Zfh1dQayUOk,2025-05-01,0,2026-04-28T17:41:56.934817+00:00
40b55769-6cca-4b30-81d1-54d34c690897,Avicii,Wake Me Up,Avicii - Wake Me Up,,,,,,,,,,,3,2026-04-23T10:59:47.542645+00:00
d659a53e-b09a-40b5-993d-c75f8ae2e141,Avril Lavigne,77,Avril Lavigne - 77,,,77 - feat. Avril Lavigne,"Billy Idol, Avril Lavigne",2025-04-22,97868,avril-lavigne,77,_lx6D5HY9Ms,2025-04-01,0,2026-04-28T17:53:36.494007+00:00
0222497b-155c-4b0e-a8a8-8a3d2fd2e801,Awolnation,Guiding Lights,Awolnation - Guiding Lights,,,Guiding Lights,"Pendulum, AWOLNATION",2025-08-19,106068,awolnation,guiding-lights,Mgh7JJFO5sc,2025-08-01,0,2026-04-29T06:21:39.055257+00:00
f348298c-fc74-4fd3-8e17-2ffb8d7c0d6e,Aya Nakamura,Chimiyé,Aya Nakamura - Chimiyé,,,Chimiyé,Aya Nakamura,2025-02-20,91563,aya-nakamura,chimiye,0V-l9ZggcRs,2025-02-01,0,2026-04-28T17:42:20.101858+00:00
7a64a362-37a5-42b8-a3a2-fc2395e01bf7,Ayase / Yoasobi,Yoasobi「undead」 Official Music Video／『〈物語〉シリーズ オフ&モンスターシーズン』主題歌,Ayase / Yoasobi - Yoasobi「undead」 Official Music Video／『〈物語〉シリーズ オフ&モンスターシーズン』主題歌,,,,,,,,,,,1,2026-03-22T06:09:49.110898+00:00
ad55d8bf-3e52-49bd-b80b-d81edf8d9115,Ayase / Yoasobi,Yoasobi「アイドル」 Official Music Video,Ayase / Yoasobi - Yoasobi「アイドル」 Official Music Video,,,,,,,,,,,1,2026-03-22T05:51:24.877597+00:00
a8d2f07d-6cf8-49fa-96cb-12d1fb4725ce,Ayra Starr,All The Love,Ayra Starr - All The Love,,,All The Love,Ayra Starr,2025-02-10,97652,ayra-starr,all-the-love,Lighfnq-1SM,2025-04-01,0,2026-04-28T17:42:27.227966+00:00
7186f540-7772-4d18-bd34-61da005dcdab,B T Express,Have Some Fun,B T Express - Have Some Fun,,,,,,,,,,,0,2026-05-01T07:56:47.727941+00:00
3e5dc09c-879c-43dc-8394-b7742c707793,B-Real,The Upside Down,B-Real - The Upside Down,,,The Upside Down,"Slightly Stoopid, B-Real, Chali 2na",2025-07-18,109819,b-real,the-upside-down,7H632KNR3Aw,2025-10-01,0,2026-04-30T10:37:29.32152+00:00
cb4185d5-4317-4e15-81e4-3cb602454ce4,Babasonicos,Advertencia,Babasonicos - Advertencia,,,Advertencia,Babasonicos,2025-09-10,108070,babasonicos,advertencia,eUe2KavWEHk,2025-09-01,0,2026-04-28T17:43:04.248606+00:00
7dbb2218-b483-4cfb-8801-78bd908cd50c,Babyface Ray,Hood Politics,Babyface Ray - Hood Politics,,,Hood Politics,"Murda Beatz, Babyface Ray, Big Sean",2025-10-01,109860,babyface-ray,hood-politics,_gyx4M4lgE4,2025-10-01,0,2026-04-30T10:38:52.924458+00:00
e39c755b-4207-4565-8b2d-89e5464b7e60,"Babyland ""Omaha"" Hd",16mm,"Babyland ""Omaha"" Hd - 16mm",,,,,,,,,,,1,2026-04-04T18:23:38.774806+00:00
511a28fa-082d-4bc1-a563-255ee049022b,BABYMETAL,From Me To U,BABYMETAL - From Me To U,,,from me to u (feat. Poppy),"BABYMETAL, Poppy",2025-04-04,94849,babymetal,from-me-to-u,qayP_YUrf9I,2025-04-01,1,2026-04-04T19:31:56.8235+00:00
3e41c0ab-9e08-4b32-892d-72dbcd427102,BABYMETAL,The End - 2025 Version,BABYMETAL - The End - 2025 Version,,,The End (feat. BABYMETAL) - 2025 VERSION,"Five Finger Death Punch, BABYMETAL",2025-09-05,107699,babymetal,the-end-2025-version,rIc383iYLJ4,2025-09-01,0,2026-04-28T19:01:06.364406+00:00
0c99d67b-10ad-405b-9022-e0e7ae42d564,Back Together,Sza Ft. Tame Impala,Back Together - Sza Ft. Tame Impala,,,,,,64029,sza,back-together,HN0l9RTGgYg,2019-07-01,4,2026-04-13T02:10:10.891481+00:00
75cfab7f-e608-4f31-ae14-096c13b3d6be,Backstreet Boys,Hey,Backstreet Boys - Hey,,,Hey,Backstreet Boys,2025-02-14,91795,backstreet-boys,hey,lsySiULiIZM,2025-02-01,0,2026-04-28T17:43:49.53168+00:00
025262c1-465b-4591-8742-97d357d1f213,BAD OMENS,Impose,BAD OMENS - Impose,,,Impose,Bad Omens,2025-09-10,108209,bad-omens,impose,pebUTle1vsg,2025-09-01,0,2026-04-28T17:44:04.229462+00:00
4444c5c1-3b03-454b-8138-0c3a4c456943,BADBADNOTGOOD,Take What's Given,BADBADNOTGOOD - Take What's Given,,,,,,61841,badbadnotgood,take-whats-given,Fk4hzxy7NkA,2024-01-01,0,2026-04-30T10:39:32.698926+00:00
958a4035-52a4-4e21-a4d9-f7801ed90e8f,Badlands,Dreams In The Dark,Badlands - Dreams In The Dark,,,,,,,,,,,1,2026-04-18T15:50:31.078572+00:00
df12a2ec-905b-4262-958f-7712ca22bb88,Bahari,Vampires,Bahari - Vampires,,,Vampires,"Gイージー, Bahari",2024-11-27,90543,bahari,vampires,UkOIiLW_yWE,2025-02-01,0,2026-04-28T17:44:26.300322+00:00
52cd383d-3dd5-4910-97d3-f0fdf83a6e92,Bailey Zimmerman,All The Way,Bailey Zimmerman - All The Way,,,All The Way (feat. Bailey Zimmerman),"BigXthaPlug, Bailey Zimmerman",2025-04-04,94952,bailey-zimmerman,all-the-way,7kyHvPNbugk,2025-04-01,0,2026-04-28T17:53:05.524155+00:00
edce3031-0341-495c-bd29-96cebc495c56,Bajka,Human Loss And Gain,Bajka - Human Loss And Gain,,,Human Loss and Gain - Club Des Belugas Remix,"Radio Utopia, Bajka, Club des Belugas",2009-10-23,107388,bajka,human-loss-and-gain-club-des-belugas-remix,1jxVJAizFrk,2009-10-01,0,2026-04-30T10:39:45.234995+00:00
ad2e8867-0e15-47d5-92bb-a40ec985af14,Balu Brigada,Politix,Balu Brigada - Politix,,,undefined,,,106005,balu-brigada,politix,Zom7SKcO490,2025-08-01,0,2026-04-28T17:44:46.118506+00:00
31438eeb-49fa-4f8a-b753-a78060ca41b9,Balu Brigada,Sideways,Balu Brigada - Sideways,,,Sideways,Balu Brigada,2025-08-27,106886,balu-brigada,sideways-3,gbO7qQliXT8,2025-08-01,0,2026-04-28T17:44:44.902847+00:00
2c0d3d16-47d7-4c1c-91e8-fbaa020451b2,Balu Brigada,The Question,Balu Brigada - The Question,,,The Question,Balu Brigada,2025-02-21,91540,balu-brigada,the-question,deGNRUalm1Q,2025-02-01,0,2026-04-28T17:44:49.796897+00:00
299f6b69-a803-44d4-9d7b-cf16359011a2,Bambie Thug,Zombie,Bambie Thug - Zombie,,,,,,80706,bambie-thug,zombie-4,PHv87xwBwj8,2024-05-01,0,2026-04-28T17:44:59.678575+00:00
40b79382-dbab-4fe2-a815-8cbb7b81ae05,BANKS,Love Is Unkind,BANKS - Love Is Unkind,,,Love Is Unkind,バンクス,2025-01-17,89712,banks,love-is-unkind,LD9iOCg50hs,2025-01-01,0,2026-04-28T17:45:27.956961+00:00
ff97678b-f197-485d-9835-26b203e5383c,BANKS,Meddle In The Mold,BANKS - Meddle In The Mold,,,Meddle In The Mold - A COLORS SHOW,BANKS,2025-02-20,91650,banks,meddle-in-the-mold,QRncyzV022s,2025-02-01,0,2026-04-28T17:45:26.786824+00:00
1db3a2a5-50f1-4def-bade-f3b24d04f2ed,BANNERS,Fall On Me,BANNERS - Fall On Me,,,Fall on Me,BANNERS,2025-03-07,92630,banners,fall-on-me-2,9CAZDRVWPOQ,2025-03-01,0,2026-04-28T17:45:31.618904+00:00
97d98bf9-d49c-4059-8a70-8508646b29e6,Barbra Streisand,Guilty Ft. Barry Gibb,Barbra Streisand - Guilty Ft. Barry Gibb,,,,,,,,,,,1,2026-04-12T11:14:13.807619+00:00
65512698-bf60-4425-971c-66e176ced1db,BARBZ,Butterflies,BARBZ - Butterflies,,,⁠⁠Butterflies,"Martin Garrix, Matisse & Sadko, BARBZ",2025-09-26,109890,barbz,butterflies-9,ka4WTFKkfH0,2025-10-01,0,2026-04-29T04:58:25.006071+00:00
9b4b0a3e-caa4-4d90-bd5a-87b7ec82ce7c,BARBZ,⁠⁠Butterflies,BARBZ - ⁠⁠Butterflies,,,⁠⁠Butterflies - Extended Mix,"Martin Garrix, Matisse & Sadko, BARBZ",2025-09-26,109705,barbz,%e2%81%a0%e2%81%a0butterflies,gCQa5OD1C-0,2025-09-01,0,2026-04-29T04:58:26.970739+00:00
e1900da9-4b9f-4636-bfc9-8f9773322826,Bassheads,Is There Anybody Out There,Bassheads - Is There Anybody Out There,,,undefined,,,73596,bassheads,is-there-anybody-out-there,g1rUbfjogKc,1995-01-01,0,2026-04-28T17:46:15.33409+00:00
f86db474-e6da-4ee8-a81b-36963d41a983,Battle Beast,Angel Of Midnight,Battle Beast - Angel Of Midnight,,,Angel Of Midnight,Battle Beast,2025-09-04,107562,battle-beast,angel-of-midnight,9peSGbtA8L4,2025-09-01,0,2026-04-28T17:46:34.852816+00:00
30023ade-2328-4df9-be73-dc24edb2e957,Battle Beast,Black Ninja,Battle Beast - Black Ninja,,,Black Ninja,Battle Beast,2013-05-17,98696,battle-beast,black-ninja,38zmdwd5K3E,2013-05-01,0,2026-05-01T01:18:25.991083+00:00
4db21609-1f89-4a02-a669-800d6f5d4eed,Battle Beast,Eden,Battle Beast - Eden,,,Eden,Battle Beast,2019-03-22,98686,battle-beast,eden,_hzssKb9940,2019-03-01,1,2026-03-24T05:42:57.627917+00:00
1af76ee9-c4cd-47d5-a52f-74a1bc5d08ef,Battle Beast,Eye Of The Storm,Battle Beast - Eye Of The Storm,,,Eye of the Storm,Battle Beast,2022-04-29,98706,battle-beast,eye-of-the-storm,C7Z-IP2onYQ,2021-11-01,0,2026-04-28T17:46:40.762997+00:00
438ee0bf-a36a-47d4-9502-e6808f54da92,Battle Beast,King For A Day,Battle Beast - King For A Day,,,King for a Day - Live In Helsinki 2023,Battle Beast,2025-04-11,98691,battle-beast,king-for-a-day-2,8lKYdrL-AAw,2016-12-01,0,2026-05-01T01:18:24.254425+00:00
e1d700e0-44ea-47f3-8b41-bc46a05991de,Battle Beast,Master Of Illusion,Battle Beast - Master Of Illusion,,,Master of Illusion,Battle Beast,2022-04-29,98701,battle-beast,master-of-illusion,6sLSyTEXfCI,2021-10-01,0,2026-04-28T17:46:41.962891+00:00
c671e412-4328-43e2-8358-159e0acf9c5e,Battle Beast,Wings Of Light,Battle Beast - Wings Of Light,,,Wings of Light,Battle Beast,2022-04-29,100592,battle-beast,wings-of-light,JzILGd0NAfM,2022-01-01,2,2026-03-20T06:59:16.325485+00:00
f728f4e6-88bb-41db-87ba-6523c995f52b,Baxter Dury,Allbarone,Baxter Dury - Allbarone,,,Allbarone,"Baxter Dury, JGrrey",2025-05-06,107317,baxter-dury,allbarone,Q0JAy4Fa9HA,2025-05-01,0,2026-04-28T17:46:46.692799+00:00
d05c0163-8e6b-4cfa-a71a-858de439e95d,Baxter Dury,Schadenfreude,Baxter Dury - Schadenfreude,,,Schadenfreude,Baxter Dury,2025-07-29,107312,baxter-dury,schadenfreude,8aDR5Wuhj6Q,2025-07-01,0,2026-04-28T17:46:44.249069+00:00
9d48832d-c8a6-44ea-b889-5995d69899eb,Bbno,Fight Or Flight,Bbno - Fight Or Flight,,,FIGHT OR FLIGHT,"Zoey808, bbno$",2025-09-16,108710,bbno,fight-or-flight-2,guZCSK2LiYo,2025-09-01,0,2026-04-30T10:40:34.741739+00:00
4fbebf55-3a64-4edd-b12e-3d6341844b10,Bbno$,Antidepressants,Bbno$ - Antidepressants,,,antidepressants,bbno$,2025-02-28,91844,bbno,antidepressants,FmlGo1KY2jE,2025-02-01,0,2026-04-29T13:35:53.375733+00:00
6fa2d6e4-2732-4722-96f2-6a47d242036a,Bbno$,Bpot,Bbno$ - Bpot,,,,,,61108,bbno,bpot,Lv7Drjl-GB0,2024-01-01,0,2026-04-29T13:36:09.258052+00:00
abcf5666-7526-451a-b727-f9bcbecf3a12,Bbno$,Check,Bbno$ - Check,,,check,bbno$,2025-02-10,90465,bbno,check-3,iSyX-aGYHYk,2025-02-01,0,2026-04-29T13:35:56.359628+00:00
9c05e65b-e6c3-45ee-9f44-ea7b03bd4032,Bbno$,Gigolo,Bbno$ - Gigolo,,,gigolo,bbno$,2025-09-30,109758,bbno,gigolo,XjNlP3LrFiY,2025-10-01,0,2026-04-28T17:47:07.443458+00:00
b7031cee-470b-4b0e-9b31-09c14b5ea5e6,Bbno$,Hot Topic,Bbno$ - Hot Topic,,,hot topic,bbno$,2025-09-02,107572,bbno,hot-topic,aj4cCUZCCSA,2025-09-01,0,2026-04-29T13:35:43.346852+00:00
37c81f33-6af2-450b-9a61-cdde02a5fcb9,Bbno$,Nsfw,Bbno$ - Nsfw,,,NSFW,bbno$,2025-09-09,108028,bbno,nsfw,NnkrnP67gRg,2025-09-01,0,2026-04-28T17:47:09.978679+00:00
4d715e7c-863f-40b8-b571-c037f523e32b,Bbno$,Save Me,Bbno$ - Save Me,,,,,,130665,bbno,save-me-8,zpvdJyDuzgM,2026-03-01,0,2026-04-28T17:47:01.444189+00:00
f31f6326-1ad4-42ff-8de1-580df9757790,Bbno$,Yezzir,Bbno$ - Yezzir,,,yezzir,bbno$,2025-09-23,109390,bbno,yezzir,oFP6tss8ODE,2025-09-01,0,2026-04-28T17:47:08.727206+00:00
5259121b-614d-4267-8536-2deec52bda2b,bbyclose,On & On,bbyclose - On & On,,,On & On,"Sub Focus, bbyclose",2025-03-14,93568,bbyclose,on-on,DNEdnKq9Hj0,2025-03-01,0,2026-04-29T08:26:15.435631+00:00
fd99789c-2aa5-4cf0-b87c-0d6993fca3b7,beabadoobee,Apple Cider,beabadoobee - Apple Cider,,,Apple Cider,beabadoobee,2019-04-26,105733,beabadoobee,apple-cider,laDnsiKURTQ,2019-04-01,0,2026-05-01T01:20:49.735603+00:00
78494550-fba4-43f3-b075-e8ae04314f7d,beabadoobee,California,beabadoobee - California,,,California,beabadoobee,2024-08-09,105708,beabadoobee,california-7,4xh0Diulhzg,2024-08-01,0,2026-04-28T17:47:40.697184+00:00
c5c0cd77-4f9c-4100-8bfe-a8e16def2d79,beabadoobee,Charlie Brown,beabadoobee - Charlie Brown,,,Charlie Brown,beabadoobee,2020-10-16,105713,beabadoobee,charlie-brown-2,n2Cuca6ISzQ,2020-10-01,0,2026-05-01T01:20:31.661504+00:00
78615fda-bf52-49c4-8134-b7457c60379e,beabadoobee,Eleanor And Park,beabadoobee - Eleanor And Park,,,,,,42491,beabadoobee,eleanor-and-park,Qmu7Fuog_AA,2018-10-01,0,2026-05-01T01:20:54.883377+00:00
30ca9a9d-550a-4c25-ba26-5855010ca797,beabadoobee,Glue Song – Kids Choir Version,beabadoobee - Glue Song – Kids Choir Version,,,,,,57489,beabadoobee,glue-song-kids-choir-version,UHAKImWrxGc,2023-03-01,0,2026-05-01T01:20:12.733025+00:00
945a4e35-e88e-40b5-826d-59fd10238a00,beabadoobee,One Time,beabadoobee - One Time,,,One Time,beabadoobee,2024-08-09,105728,beabadoobee,one-time,oi9K2WXiD5c,2024-08-01,0,2026-04-28T17:47:37.180244+00:00
0d606033-e50e-4447-85c2-22507357e502,beabadoobee,Post,beabadoobee - Post,,,Post,beabadoobee,2024-08-09,105718,beabadoobee,post,_C8lYO65V1g,2024-08-01,0,2026-04-28T17:47:39.500811+00:00
7330de5e-0fbe-4c12-ae68-b3ac3b9282ff,beabadoobee,Real Man,beabadoobee - Real Man,,,Real Man,beabadoobee,2024-08-09,105723,beabadoobee,real-man,nl0e7yzOUwM,2024-08-01,0,2026-04-28T17:47:38.338553+00:00
44173e04-86ac-4b5c-a7a0-b6e3538c2c3d,Beach Bunny,Year Of The Optimist,Beach Bunny - Year Of The Optimist,,,Year of the Optimist,Beach Bunny,2025-08-20,106552,beach-bunny,year-of-the-optimist,tRKwjduRzZI,2025-08-01,0,2026-04-28T17:47:49.054051+00:00
664eefd2-0972-43ac-aa4e-6fd93dcb0e2b,Beach Fossils,Down The Line,Beach Fossils - Down The Line,,,Down The Line,Beach Fossils,2017-06-02,93003,beach-fossils,down-the-line,zdfjCivNxGY,2017-05-01,0,2026-04-28T17:48:08.743855+00:00
6806ab99-4fc8-4479-8fd7-b31cf9dead78,Beach Fossils,Inside Out,Beach Fossils - Inside Out,,,Inside Out,Beach Fossils,2025-01-02,92999,beach-fossils,inside-out-4,ys9dmSRoe2c,2025-03-01,0,2026-04-28T17:48:01.591883+00:00
5f4009a9-2e56-434d-b686-4e698a2e9054,Beach House,Space Song,Beach House - Space Song,,,,,,,,,,,1,2026-04-28T02:54:02.286732+00:00
afdd8237-2128-4764-94c2-ab8d25d130d5,Beat Assailant,Chronic Break,Beat Assailant - Chronic Break,,,Chronic Break - feat Tash,Beat Assailant,2005-10-24,107541,beat-assailant,chronic-break,EBgdoFETjdw,2005-10-01,0,2026-04-28T17:48:49.501303+00:00
f2fc6cb8-b663-4fef-9423-9d1196009e68,Beat Assailant,Rain Or Shine,Beat Assailant - Rain Or Shine,,,Rain Or Shine,Beat Assailant,2012-04-30,107545,beat-assailant,rain-or-shine,xVdk-E0qKyk,2012-04-01,0,2026-04-28T17:48:48.29054+00:00
775b8c49-2323-4df0-b984-e46ae48deb1a,Beat Assailant,Run,Beat Assailant - Run,,,Run,Beat Assailant,2014-03-10,107549,beat-assailant,run-10,th-VfrkwYDI,2014-03-01,0,2026-04-28T17:48:47.09232+00:00
660c129d-c43b-4d31-8cb4-0a1de5983d8f,Bebe Rexha,Light That Leads Me,Bebe Rexha - Light That Leads Me,,,Light That Leads Me (with Bebe Rexha),"Netsky, Bebe Rexha",2025-08-22,107122,bebe-rexha,light-that-leads-me,dTVHQk3Owhg,2025-08-01,0,2026-04-30T10:41:50.29513+00:00
0b4e2b6b-f996-45c9-b7ee-b470d08ed13d,Becky G,Candy Gum,Becky G - Candy Gum,,,CANDY GUM,"Emotional Oranges, Jessie Reyez, Becky G",2025-02-14,97552,becky-g,candy-gum,jpFukKwx2jQ,2025-04-01,0,2026-04-30T10:42:17.861103+00:00
99c61eb6-92cc-46d1-babc-70333e8b7c45,BEFORE THE DAWN,"As Above, So Below","BEFORE THE DAWN - As Above, So Below",,,"As Above, So Below",Before The Dawn,2025-04-04,100713,before-the-dawn,as-above-so-below-2,QnfmmEBU_Rg,2025-04-01,0,2026-04-28T17:49:24.604268+00:00
5b0d5200-7819-4da6-aaef-ecc97361e41f,Belair Lip Bombs,Hey You,Belair Lip Bombs - Hey You,,,Hey You,The Belair Lip Bombs,2025-08-13,106135,belair-lip-bombs,hey-you-3,KOqJfu-QS6k,2025-08-01,0,2026-04-28T17:49:31.887166+00:00
b39f7fc5-715e-41a3-acb9-b4100f9ddde3,Bella Poarch,Don't Fear The Reaper,Bella Poarch - Don't Fear The Reaper,,,Don't Fear The Reaper,Bella Poarch,2025-09-03,107869,bella-poarch,dont-fear-the-reaper,vO90xyq19Wg,2025-09-01,0,2026-04-28T17:49:39.123154+00:00
70a16ede-c13e-4e51-bdbe-2fc0417f68e2,Bella Poarch,Will You Always Love Her?,Bella Poarch - Will You Always Love Her?,,,Will You Always Love Her?,Bella Poarch,2025-03-21,93921,bella-poarch,will-you-always-love-her,vS-ufq001Ss,2025-03-01,0,2026-04-28T17:49:40.300129+00:00
e759d792-f56a-40da-807b-91603bbf942e,Ben Quad,Painless,Ben Quad - Painless,,,Painless,Ben Quad,2025-10-02,110070,ben-quad,painless,FrBIfkwOCaM,2025-10-01,0,2026-04-28T17:50:32.32377+00:00
ad6c551d-4dd5-4088-b0eb-1881d08c5dda,BENEE,Cinnamon,BENEE - Cinnamon,,,Cinnamon,BENEE,2025-08-27,106640,benee,cinnamon,e3Mr7FpNxD0,2025-08-01,0,2026-04-28T17:50:39.65384+00:00
afe96e4f-022f-47d0-bb1e-9dbdbb1f5e3c,BENEE,Underwater,BENEE - Underwater,,,Underwater,BENEE,2025-10-03,109742,benee,underwater,9BogJNRtfDg,2025-10-01,0,2026-04-28T17:50:38.446655+00:00
c5037e15-c201-4a0a-902d-c3ea1384f79a,Benjamin Sum,Len Ka Nuam,Benjamin Sum - Len Ka Nuam,,,Len Ka Nuam,Benjamin Sum,2023-05-16,58513,benjamin-sum,len-ka-nuam,W4ueX3pvWrs,2023-04-01,0,2026-04-28T17:50:49.421718+00:00
04cceadd-6a47-4713-9e7f-1a8a4e721735,benny blanco,Call Me When You Break Up,benny blanco - Call Me When You Break Up,,,Call Me When You Break Up (with Gracie Abrams),"Selena Gomez, benny blanco, Gracie Abrams",2025-02-20,91407,benny-blanco,call-me-when-you-break-up,cFHElRaF19s,2025-02-01,0,2026-04-29T07:37:52.446053+00:00
edd0d5b3-fefa-42b8-a737-9920361a158a,benny blanco,Cowboy,benny blanco - Cowboy,,,Cowboy,"Selena Gomez, benny blanco",2025-03-28,95105,benny-blanco,cowboy,B71okTC_JCA,2025-03-01,0,2026-04-29T07:37:48.397759+00:00
82444fd2-91ad-49f0-b9fb-795bf047b599,benny blanco,Don’t Wanna Cry,benny blanco - Don’t Wanna Cry,,,Don’t Wanna Cry,"Selena Gomez, benny blanco",2025-03-21,94645,benny-blanco,dont-wanna-cry,u_MaX2RmIKw,2025-03-01,0,2026-04-29T07:37:44.308372+00:00
017067fe-24a9-4a2a-9d51-10d15a21ee0d,benny blanco,Ojos Tristes,benny blanco - Ojos Tristes,,,Ojos Tristes (with The Marías),"Selena Gomez, benny blanco, Marías",2025-03-21,94639,benny-blanco,ojos-tristes,Ch6xdV_ZjdU,2025-03-01,0,2026-04-29T07:37:46.349777+00:00
801644d8-14f5-4314-b378-4324f5896b56,benny blanco,Sunset Blvd,benny blanco - Sunset Blvd,,,Sunset Blvd,"Selena Gomez, benny blanco",2025-03-14,93232,benny-blanco,sunset-blvd,nJG5CWsne8E,2025-03-01,0,2026-04-29T07:37:50.436057+00:00
c6334d16-54c5-4460-b4e4-aa9b32027946,benny blanco,Younger And Hotter Than Me,benny blanco - Younger And Hotter Than Me,,,Younger And Hotter Than Me,"Selena Gomez, benny blanco",2025-03-21,93930,benny-blanco,younger-and-hotter-than-me,B783S7tAPOY,2025-03-01,0,2026-04-29T07:37:42.253538+00:00
e7a37953-8913-4901-8648-c219cfeec248,Benson Boone,Bohemian Rhapsody,Benson Boone - Bohemian Rhapsody,,,undefined,,,97817,benson-boone,bohemian-rhapsody-live-at-coachella-2025,hxD10j0t9t4,2025-04-01,0,2026-04-28T17:51:08.571282+00:00
336f3715-1181-486e-a3b9-8809fee8fff9,Benson Boone,Sorry I'm Here For Someone Else,Benson Boone - Sorry I'm Here For Someone Else,,,Sorry I'm Here For Someone Else,Benson Boone,2025-02-27,91984,benson-boone,sorry-im-here-for-someone-else,O7Dt2L_rAhI,2025-02-01,0,2026-04-28T17:51:09.730202+00:00
9b32822a-5547-4f28-a209-2a7540aa8a60,Bent Ardi,My Sacrifice,Bent Ardi - My Sacrifice,,,undefined,,,103472,bent-ardi,my-sacrifice,RmKtZ46pP3A,2025-07-01,0,2026-04-28T17:51:14.618255+00:00
d017c9a2-a448-4adc-b197-d6886d1c1dee,Best Instrumental Songs Ghibli,Nausicaä Of The Valley Of The Wind Soundtrack Collection,Best Instrumental Songs Ghibli - Nausicaä Of The Valley Of The Wind Soundtrack Collection,,,,,,,,,,,1,2026-03-30T16:02:24.583999+00:00
02c50b82-bb05-448d-a64b-78eb18f8e3b4,BIBI,The Weekend,BIBI - The Weekend,,,,,,52059,bibi,the-weekend,K19M4o6vRL8,2021-12-01,0,2026-04-28T17:52:27.093821+00:00
5649e116-202b-49e5-b481-f244e8673b73,Biffy Clyro,Goodbye,Biffy Clyro - Goodbye,,,Goodbye,Biffy Clyro,2025-09-19,108866,biffy-clyro,goodbye-6,tAaWvvQqRgQ,2025-09-01,0,2026-04-28T17:52:30.715555+00:00
1c791be1-58c3-4796-9901-e6db2bc58511,Biffy Clyro,True Believer,Biffy Clyro - True Believer,,,True Believer,Biffy Clyro,2025-09-05,107846,biffy-clyro,true-believer-2,hOxVB7MxETc,2025-09-01,0,2026-04-28T17:52:31.902307+00:00
18b7ca09-d006-49d1-b777-b35bae3a252d,Big Bo,Stay Right There,Big Bo - Stay Right There,,,Stay Right There (feat. BIG BO),"Mike Clark Jr, BIG BO",2025-04-18,110129,big-bo,stay-right-there,n1taCHskFjc,2025-07-01,0,2026-04-29T05:13:53.709105+00:00
2408c9d6-5387-485a-84bc-03259af90d81,Big Country,The Storm,Big Country - The Storm,,,,,,,,,,,1,2026-04-03T07:12:17.739519+00:00
8a0e070a-d372-4172-b541-e17b2fd4f2dd,Big Fun,You've Got A Friend,Big Fun - You've Got A Friend,,,,,,47277,big-fun,youve-got-a-friend,XfzjE_mwk8M,1990-06-01,0,2026-04-29T08:03:36.321735+00:00
1fe5120e-d7f7-4929-8ff4-83b4c74b4747,Big Sean,Beautiful Scars,Big Sean - Beautiful Scars,,,BEAUTIFUL SCARS (feat. OBanga),"Will Smith, Big Sean, OBanga",2025-01-30,90171,big-sean,beautiful-scars,jWYQmPZrkOk,2025-01-01,0,2026-04-29T09:39:48.599895+00:00
312de189-c38b-4e56-aac0-f8bfef4390a7,Big Sean,Michigan,Big Sean - Michigan,,,MICHIGAN,"Kota the Friend, Big Sean",2025-04-13,97594,big-sean,michigan,Hwy8mJP5K_k,2025-04-01,0,2026-04-28T20:01:03.838991+00:00
b2bc8fb4-a021-41a1-99c4-8b0e105f41de,BigXthaPlug,2am,BigXthaPlug - 2am,,,2AM,BigXthaPlug,2024-10-11,97967,bigxthaplug,2am,JVDUsaqgSq0,2025-03-01,0,2026-04-28T17:53:06.730914+00:00
0ad31b5f-1984-4a08-b9c5-14547f7b5b07,BigXthaPlug,Box Me Up,BigXthaPlug - Box Me Up,,,Box Me Up (feat. Jelly Roll),"BigXthaPlug, Jelly Roll",2025-08-22,106114,bigxthaplug,box-me-up,5yGzjDup6e8,2025-08-01,0,2026-04-28T17:53:02.980417+00:00
aad82a18-c05f-4d15-b1da-dc0cd421fada,BigXthaPlug,Holy Ground,BigXthaPlug - Holy Ground,,,Holy Ground (feat. Jessie Murph),"BigXthaPlug, Jessie Murph",2025-01-24,90968,bigxthaplug,holy-ground,QPmGzXoXYW8,2025-02-01,0,2026-04-28T17:53:07.921612+00:00
bf3da81d-0d8c-4b16-b370-71597f864844,Biig Piig,Sweet,Biig Piig - Sweet,,,SWEET (feat. Biig Piig),"MØ, Biig Piig",2025-01-28,90407,biig-piig,sweet-2,azgGTVtSA80,2025-01-01,0,2026-04-29T05:26:50.472975+00:00
b31e8317-7fb9-4a71-9aa1-b5b350acd4ab,Bill Withers,Lovely Day,Bill Withers - Lovely Day,,,,,,,,,,,4,2026-03-17T16:30:08.005303+00:00
a6e0cde9-afc2-4a74-b673-fd0cb22d0496,Billie Eilish,Have Yourself A Merry Little Christmas,Billie Eilish - Have Yourself A Merry Little Christmas,,,,,,86363,billie-eilish,have-yourself-a-merry-little-christmas-2023,6wGcOo7TzcQ,2023-12-01,0,2026-04-28T17:53:20.379306+00:00
8e27058b-28a0-4e79-9425-efeef9011344,Billie Eilish,"I Miss You, My Love","Billie Eilish - I Miss You, My Love",,,,,,49923,billie-eilish,i-miss-you-my-love,CWuR0tqY3GA,2023-01-01,0,2026-04-28T17:53:22.768941+00:00
a07379d9-d333-4604-bfc3-924ae600d6a2,Billie Eilish,"Sorry, I Like You","Billie Eilish - Sorry, I Like You",,,,,,38790,billie-eilish,sorry-i-like-you,jO15O4Ty1Sc,2022-09-01,0,2026-04-29T06:35:29.091104+00:00
0cbbbc59-1ac4-4035-9c96-0788c2cface1,Billie Marten,Feeling,Billie Marten - Feeling,,,Feeling,Billie Marten,2025-03-19,94934,billie-marten,feeling,Kwdhv_bRslA,2025-03-01,0,2026-04-28T17:53:24.077499+00:00
08c5291e-2955-4f55-866e-5383855ef8d7,Billy Gillies,Crystallize,Billy Gillies - Crystallize,,,Crystallize (feat. Nu-La),"Billy Gillies, Nu-La",2025-08-22,107112,billy-gillies,crystallize,JR9SVlI6bZY,2025-08-01,0,2026-04-28T17:53:29.022431+00:00
a54a5b3b-f4ff-4ead-a8aa-1adf379232a5,Billy Idol,Still Dancing,Billy Idol - Still Dancing,,,Still Dancing,Billy Idol,2025-02-26,91854,billy-idol,still-dancing,CrNnsKxvUs0,2025-02-01,1,2026-04-04T19:35:41.214507+00:00
d0078545-79ed-4fb3-a50a-ce9b47b487d0,Billy Joel,Honesty,Billy Joel - Honesty,,,,,,,,,,,1,2026-03-17T14:20:52.554815+00:00
f18829cf-e0a4-429a-8f3b-4868c79a8f87,Billy Morrison,Gods Of Rock N Roll,Billy Morrison - Gods Of Rock N Roll,,,Gods Of Rock N Roll,"Billy Morrison, Ozzy Osbourne",2025-02-14,90654,billy-morrison,gods-of-rock-n-roll,iEzGpYaER14,2025-02-01,0,2026-04-28T17:53:56.58478+00:00
8b31f764-b9ea-4e18-bf74-ec51f3cd0d5c,Billy Morrison,Incite The Watch,Billy Morrison - Incite The Watch,,,Incite the Watch,"Billy Morrison, Corey Taylor, Steve Vai",2024-04-19,89453,billy-morrison,incite-the-watch,X5Dfrroqhzw,2025-01-01,0,2026-04-28T17:53:57.793154+00:00
a480e571-08b4-4971-b94d-b800349b5c13,Billy Ray Cyrus,Higher Ground,Billy Ray Cyrus - Higher Ground,,,undefined,,,80245,billy-ray-cyrus,higher-ground-4,g-70Dr-We8c,2024-08-01,0,2026-04-28T17:54:04.100288+00:00
f4a79b37-e0a9-4258-b04e-8bf63e34f609,Bishop Briggs,Woman Is King,Bishop Briggs - Woman Is King,,,Woman Is King,Bishop Briggs,2025-03-07,92807,bishop-briggs,woman-is-king,tLCVBGB8OB0,2025-03-01,0,2026-04-28T17:54:19.008625+00:00
989614ae-563d-4c21-99d5-577be6b4918d,black country new road,Besties,black country new road - Besties,,,Besties,"Black Country, New Road",2025-01-30,90145,black-country-new-road,besties,Cae57TpoyZg,2025-01-01,0,2026-04-28T17:54:54.604428+00:00
c04bc418-e68b-4c1c-892b-ac17935a620d,black country new road,For The Cold Country,black country new road - For The Cold Country,,,For the Cold Country,"Black Country, New Road",2025-03-26,94590,black-country-new-road,for-the-cold-country,tdkhGltrNyc,2025-03-01,0,2026-04-28T17:54:52.09588+00:00
852a5469-4206-4ea0-bfce-3156ca70fc48,black country new road,Happy Birthday,black country new road - Happy Birthday,,,Happy Birthday,"Black Country, New Road",2025-03-03,92602,black-country-new-road,happy-birthday-2,_fOdb4STQow,2025-03-01,0,2026-04-28T17:54:53.35917+00:00
8f3ad963-5e07-4c0b-80cc-e0a897cecbe9,Black Eyed Peas,Rock That Body Hq,Black Eyed Peas - Rock That Body Hq,,,,,,,,,,,1,2026-04-04T19:51:00.64641+00:00
c08a1bf5-7e64-46d0-b2f1-ebeca5f961a7,Black Honey,Disco Dream,Black Honey - Disco Dream,,,Disco Dream,"Coach Party, Black Honey",2025-09-09,109273,black-honey,disco-dream,fhZqjvdchjY,2025-09-01,0,2026-04-30T10:47:59.776622+00:00
c1c2574a-d565-4dca-b08e-8dff9871efa5,Black Honey,Insulin,Black Honey - Insulin,,,Insulin,Black Honey,2025-08-15,106861,black-honey,insulin,x1MbCiB0LnY,2025-05-01,0,2026-04-28T17:55:13.341851+00:00
a6ba0019-5973-4555-8c4b-cda5c74a05ef,Black Honey,Psycho,Black Honey - Psycho,,,Psycho,Black Honey,2025-03-27,106866,black-honey,psycho-3,M_uYiJGD-Cc,2025-03-01,0,2026-04-28T17:55:14.571885+00:00
ee6828e6-5661-4ae5-8c7f-2e4ff907ea21,Black Honey,Shallow,Black Honey - Shallow,,,Shallow,Black Honey,2025-07-16,106856,black-honey,shallow-3,S9wU5kKK0xM,2025-07-01,0,2026-04-28T17:55:12.102886+00:00
e7374a57-ddd3-4091-af1b-1e91ebf8b767,Black Honey,Soak,Black Honey - Soak,,,Soak,Black Honey,2025-08-15,106851,black-honey,soak,iGIekMH6JJw,2025-08-01,0,2026-04-28T17:55:10.863803+00:00
434a0398-4382-4039-ae5b-afb9c04145a0,Black Keys,Babygirl,Black Keys - Babygirl,,,Babygirl,The Black Keys,2025-03-21,93970,black-keys,babygirl,yLc17CTqjRs,2025-03-01,0,2026-04-28T17:55:21.063077+00:00
b87cf101-ec84-4463-89ed-9181be985001,Black Keys,The Night Before,Black Keys - The Night Before,,,The Night Before,ザ・ブラック・キーズ,2025-02-07,90354,black-keys,the-night-before,tFimd_a-ZoE,2025-02-01,0,2026-04-28T17:55:22.244243+00:00
c56bd519-f07f-4991-ba07-d839a6b3038e,Black Label Society,Lord Humungus,Black Label Society - Lord Humungus,,,Lord Humungus,Black Label Society,2025-02-21,91528,black-label-society,lord-humungus,yIZX6tBklrA,2025-02-01,0,2026-04-28T17:55:33.827804+00:00
d20880b2-8a92-4679-8cdd-8ee4b0446cc7,black n blue,Lifeline,black n blue - Lifeline,,,,,,123162,black-n-blue,lifeline-5,Mmor2VwHcRA,2025-10-01,0,2026-04-28T17:55:37.556315+00:00
4737e811-1efa-4552-bb93-90403305253d,Black Soil,Let It Burn,Black Soil - Let It Burn,,,Let It Burn,"Carpetman, Black Soil",2025-04-04,94938,black-soil,let-it-burn-2,c7tbPBHSvms,2025-04-01,0,2026-04-28T18:10:20.880586+00:00
2dcff4ff-e4f4-497a-aa57-f5f6c4e660fc,Black Soil,Talking Much,Black Soil - Talking Much,,,Talking much,Black Soil,2025-09-24,109606,black-soil,talking-much,RoGVIHfDE0k,2025-09-01,0,2026-04-28T17:55:45.831447+00:00
44ef7cfd-b75e-4d36-aa66-6ff9125be5fa,Blackberry Smoke,Run With The Pack,Blackberry Smoke - Run With The Pack,,,Run With The Pack,"Bad Company, Blackberry Smoke, Paul Rodgers, Brann Dailor",2025-08-20,106030,blackberry-smoke,run-with-the-pack,vOfUQS2UZBM,2025-08-01,0,2026-04-28T17:56:06.431809+00:00
e797df3e-3fb0-42d2-bdea-45e542c12f6c,Blackbriar,Bluebeard's Chamber,Blackbriar - Bluebeard's Chamber,,,Bluebeard's Chamber,Blackbriar,2025-08-22,106468,blackbriar,bluebeards-chamber,3-ZNk_YqTfk,2025-08-01,0,2026-04-28T17:56:10.207122+00:00
44e26732-8986-4e76-b8d9-3fd03f709029,Blackbriar,I Buried Us,Blackbriar - I Buried Us,,,I Buried Us,Blackbriar,2025-03-20,93956,blackbriar,i-buried-us,Rr99hWoVXkQ,2025-03-01,0,2026-04-28T17:56:11.475134+00:00
75edaa06-9a2a-4541-80c8-d7267bd6a00c,Bladee,Take Me By The Hand,Bladee - Take Me By The Hand,,,take me by the hand,"Oklou, Bladee",2025-01-16,89865,bladee,take-me-by-the-hand,jdU16tnrt14,2025-01-01,0,2026-04-29T06:00:57.783087+00:00
15b0d246-ae3c-4083-89ac-36075c56be14,Blazy,Chimera,Blazy - Chimera,,,Chimera,"Faders, Blazy",2025-03-13,104367,blazy,chimera,fykYrgEkK4Q,2025-03-01,0,2026-04-30T10:49:08.05486+00:00
43755202-b627-4e86-9399-f5c8c269f24e,BLEED FROM WITHIN,A Hope In Hell,BLEED FROM WITHIN - A Hope In Hell,,,A Hope in Hell,Bleed From Within,2025-01-21,89919,bleed-from-within,a-hope-in-hell,WOrD3iOgviw,2025-01-01,0,2026-04-28T17:56:53.44222+00:00
ff49b90d-bb82-4105-a348-d606afcc355f,BLEED FROM WITHIN,God Complex,BLEED FROM WITHIN - God Complex,,,God Complex,Bleed From Within,2025-02-25,92103,bleed-from-within,god-complex,MTwNVcilFVg,2025-02-01,0,2026-04-28T17:56:52.191613+00:00
b8639435-2d5f-47fb-99e2-3e2cae4e2836,Blindside,Overdose,Blindside - Overdose,,,Overdose - feat. Blindside,"Memphis May Fire, Blindside",2025-01-08,89338,blindside,overdose,0vN9ZWjSVII,2025-01-01,0,2026-04-29T05:05:38.908386+00:00
7fbeac0d-cd21-460d-896e-435410de93cb,blink 182,For You,blink 182 - For You,,,,,,68809,blink-182,for-you-pxnk-remix,EEwBC1xepUQ,2024-03-01,0,2026-04-28T17:57:05.898473+00:00
d9c74b1a-4f88-4cec-82ac-243910efd049,Blondshell,T&a,Blondshell - T&a,,,点描の唄,"Mrs. GREEN APPLE, 井上苑子",2018-07-31,89365,blondshell,ta,0Zy1_ZbBbJg,2025-01-01,0,2026-04-28T17:57:29.353834+00:00
6e8b7b00-beb2-403b-9761-e0c1d218287f,Bloodywood,Tadka,Bloodywood - Tadka,,,Tadka,Bloodywood,2025-01-31,90130,bloodywood,tadka,nihFu0YjkcE,2025-01-01,0,2026-04-28T17:57:43.240683+00:00
07bf8397-aa81-4444-b660-2e7664c76fe8,Blue,One Last Time,Blue - One Last Time,,,One Last Time,Blue,2025-09-04,108705,blue,one-last-time,pPmhuHLkfFM,2025-09-01,0,2026-04-28T17:58:37.428027+00:00
25135f4e-3fa1-4dd3-8b26-2a6ff19c016e,Blue Boy,Remember Me,Blue Boy - Remember Me,,,Remember Me - Original Mix,Blue Boy,1997-03-03,107368,blue-boy,remember-me-2,fKKNPLowteY,1997-03-01,0,2026-04-28T17:58:10.064375+00:00
7ac893bb-a3e3-4047-8bd9-cfb0924e4824,Blue Lights,Jorja Smith,Blue Lights - Jorja Smith,,,,,,,,,,,1,2026-03-22T06:31:31.841112+00:00
eefc8ce6-6b31-49b6-b38d-783a0d6976cc,Bob Dylan,All Along The Watchtower,Bob Dylan - All Along The Watchtower,,,All Along the Watchtower,Bob Dylan,1967-12-27,94402,bob-dylan,all-along-the-watchtower-2,bT7Hj-ea0VE,1968-11-01,0,2026-05-01T01:39:49.877756+00:00
2ad54294-f398-4922-b4c7-edd07882d82d,Bob Dylan,Band Of The Hand,Bob Dylan - Band Of The Hand,,,Band Of The Hand,"Bob Dylan, The Heartbreakers",1986-01-01,94503,bob-dylan,band-of-the-hand,YxGzJQV1MI0,1986-04-01,0,2026-04-28T17:59:03.6735+00:00
9a6b0642-6bc8-49f7-851b-2d8ebd35296a,Bob Dylan,Can You Please Crawl Out Your Window?,Bob Dylan - Can You Please Crawl Out Your Window?,,,Can You Please Crawl Out Your Window? - Mono Single Version,Bob Dylan,2013-11-04,94380,bob-dylan,can-you-please-crawl-out-your-window,3EF1mDgfKKM,1965-12-01,0,2026-05-01T01:40:03.425006+00:00
2815b318-39fb-40be-a493-5d52eb9e1604,Bob Dylan,Changing Of The Guards,Bob Dylan - Changing Of The Guards,,,Changing of the Guards,Bob Dylan,1978-06-15,94424,bob-dylan,changing-of-the-guards-2,qZhMvLuoMaM,1978-10-01,0,2026-05-01T01:39:25.682094+00:00
75c328b9-4acc-452e-9ce4-6f4c7d156546,Bob Dylan,"Don't Think Twice, It's All Right","Bob Dylan - Don't Think Twice, It's All Right",,,"Don't Think Twice, It's All Right",Bob Dylan,1963-05-27,94237,bob-dylan,dont-think-twice-its-all-right,1iHhWh9FtsQ,1963-08-01,0,2026-05-01T01:40:18.966379+00:00
32420d9d-1200-4654-aaff-37083a90527b,Bob Dylan,Emotionally Yours,Bob Dylan - Emotionally Yours,,,Emotionally Yours,Bob Dylan,1985-06-08,94499,bob-dylan,emotionally-yours,giidVZLhYAc,1985-10-01,0,2026-04-28T17:59:04.89602+00:00
5854930c-b8e1-4705-b250-e36436e980b7,Bob Dylan,Everything Is Broken,Bob Dylan - Everything Is Broken,,,Everything Is Broken,Bob Dylan,1989-09-22,94516,bob-dylan,everything-is-broken,pndhO5DcSI0,1989-10-01,0,2026-04-28T17:59:00.009612+00:00
85595b9f-93f9-454b-8a27-b688aec3099b,Bob Dylan,Forever Young,Bob Dylan - Forever Young,,,Forever Young - Slow Version,Bob Dylan,1974-01-17,94435,bob-dylan,forever-young-5,Frj2CLGldC4,1974-01-01,0,2026-05-01T01:39:36.094797+00:00
aad9c501-a414-4d8b-b57a-dc1f79e2447b,Bob Dylan,Got My Mind Made Up,Bob Dylan - Got My Mind Made Up,,,Got My Mind Made Up,Bob Dylan,1986-08-08,94507,bob-dylan,got-my-mind-made-up,PaVwvhpZyho,1986-05-01,0,2026-04-28T17:59:02.458723+00:00
4b3b3322-cfd7-4f0a-a19b-1e84f50c53ae,Bob Dylan,Gotta Serve Somebody,Bob Dylan - Gotta Serve Somebody,,,Gotta Serve Somebody,Bob Dylan,1979-08-20,94439,bob-dylan,gotta-serve-somebody,wC10VWDTzmU,1979-08-01,0,2026-05-01T01:39:22.206183+00:00
0708bda6-21d3-495a-942b-bea6d2dbbd40,Bob Dylan,Heart Of Mine,Bob Dylan - Heart Of Mine,,,Heart of Mine,Bob Dylan,1981-08-12,94479,bob-dylan,heart-of-mine-3,ev8pYm5xYHo,1981-07-01,1,2026-03-30T00:25:14.693108+00:00
18baace0-8106-4f3f-bc1b-5d85dd753d3c,Bob Dylan,Highway 61 Revisited,Bob Dylan - Highway 61 Revisited,,,Highway 61 Revisited,Bob Dylan,1965-08-30,94247,bob-dylan,highway-61-revisited,8hr3Stnk8_k,1965-08-01,0,2026-05-01T01:40:05.111121+00:00
0227e25a-2c6a-4d85-87d9-0fdaadd6381b,Bob Dylan,Hurricane,Bob Dylan - Hurricane,,,Hurricane,Bob Dylan,1976-01-16,94220,bob-dylan,hurricane-5,bpZvg_FjL3Q,1975-11-01,0,2026-05-01T01:39:30.903321+00:00
18312e79-3861-4d14-8275-0b87980bbeb7,Bob Dylan,I Threw It All Away,Bob Dylan - I Threw It All Away,,,I Threw It All Away,Bob Dylan,1969-04-09,94180,bob-dylan,i-threw-it-all-away,8iruzIEQsL4,1969-04-01,0,2026-05-01T01:39:48.175922+00:00
95076bd2-9be6-4e15-8ea8-1bca9e35360e,Bob Dylan,I Want You,Bob Dylan - I Want You,,,I Want You,Bob Dylan,1966-06-20,94172,bob-dylan,i-want-you-8,-iIS6ZZ9RVA,1966-06-01,0,2026-05-01T01:40:00.015012+00:00
41c6ef47-5de1-4b41-bb65-e1f2cfbc04ea,Bob Dylan,If Not For You,Bob Dylan - If Not For You,,,If Not for You,Bob Dylan,1970-10-21,94407,bob-dylan,if-not-for-you,yyouhbgAiCA,1971-03-01,0,2026-05-01T01:39:41.289693+00:00
c68c4b64-8900-4dcc-a26f-489a065d2387,Bob Dylan,It Ain't Me Babe,Bob Dylan - It Ain't Me Babe,,,It Ain't Me Babe,Bob Dylan,1964-08-08,94413,bob-dylan,it-aint-me-babe-3,YoagldK69U0,1964-08-01,0,2026-05-01T01:40:15.314061+00:00
e21f7891-3206-485a-a3f1-be43c9cb7e3a,Bob Dylan,"It Takes A Lot To Laugh, It Takes A Train To Cry","Bob Dylan - It Takes A Lot To Laugh, It Takes A Train To Cry",,,"It Takes a Lot to Laugh, It Takes a Train to Cry",Bob Dylan,1965-08-30,94243,bob-dylan,it-takes-a-lot-to-laugh-it-takes-a-train-to-cry,SN1ACh8lzHg,1965-07-01,0,2026-05-01T01:40:06.823472+00:00
76acca8f-3048-4b91-bc9f-2c032c875d96,Bob Dylan,Jokerman,Bob Dylan - Jokerman,,,Jokerman,Bob Dylan,1983-11-01,94489,bob-dylan,jokerman,1XSvsFgvWr0,1984-06-01,0,2026-04-28T17:59:07.352012+00:00
6e2bf500-5c24-44fe-8d58-95e40bc326c4,Bob Dylan,Just Like A Woman,Bob Dylan - Just Like A Woman,,,Just Like a Woman,Bob Dylan,1966-06-20,94176,bob-dylan,just-like-a-woman,dRLXZVojdhQ,1966-08-01,0,2026-05-01T01:39:53.243729+00:00
73acc40a-ba82-44e0-a9a6-ffebf60da2dc,Bob Dylan,Knockin' On Heaven's Door,Bob Dylan - Knockin' On Heaven's Door,,,Knockin' On Heaven's Door,Bob Dylan,1973-07-13,94201,bob-dylan,knockin-on-heavens-door,rm9coqlk8fY,1973-08-01,0,2026-05-01T01:39:37.814493+00:00
30dd18d5-1095-4cf6-a49b-8191fbfdaa5c,Bob Dylan,"Lay, Lady, Lay","Bob Dylan - Lay, Lady, Lay",,,"Lay, Lady, Lay",Bob Dylan,1969-04-09,94181,bob-dylan,lay-lady-lay,LhzEsb2tNbI,1969-07-01,0,2026-05-01T01:39:46.438247+00:00
59bfac4b-fda8-4c3d-a160-2366a046dd54,Bob Dylan,Leopard-skin Pill-box Hat,Bob Dylan - Leopard-skin Pill-box Hat,,,Leopard-Skin Pill-Box Hat,Bob Dylan,1966-06-20,94397,bob-dylan,leopard-skin-pill-box-hat,lOCYQtrm19s,1967-04-01,0,2026-05-01T01:39:51.571082+00:00
ab5fa53c-6bd9-4c3d-b0cf-7283965bf585,Bob Dylan,Love Minus Zero,Bob Dylan - Love Minus Zero,,,Love Minus Zero,Bob Dylan,1965-03-22,94430,bob-dylan,love-minus-zero-2,7ZzyRcySgK8,1965-03-01,0,2026-05-01T01:40:10.244702+00:00
47a00495-4288-4d2d-902b-1f2ee0d5ff8f,Bob Dylan,Man Gave Names To All The Animals,Bob Dylan - Man Gave Names To All The Animals,,,Man Gave Names to All the Animals,Bob Dylan,1979-08-20,94450,bob-dylan,man-gave-names-to-all-the-animals-2,OmxhajWJAnY,1979-10-01,0,2026-05-01T01:39:20.445291+00:00
a66b5750-3a5f-447f-b828-4ed834a0040e,Bob Dylan,Mixed-up Confusion,Bob Dylan - Mixed-up Confusion,,,Mixed-Up Confusion - Single Version,Bob Dylan,2013-11-04,94386,bob-dylan,mixed-up-confusion,S6FrGGq1ZUY,1962-12-01,0,2026-05-01T01:40:20.652106+00:00
fede8c5d-9301-4811-acbf-152adde79721,Bob Dylan,Most Likely You Go Your Way,Bob Dylan - Most Likely You Go Your Way,,,"Most Likely You Go Your Way (And I'll Go Mine) - Live at Madison Square Garden, New York City, NY - January 30, 1974","Bob Dylan, The Band",2024-09-20,94209,bob-dylan,most-likely-you-go-your-way,qPRzHqAEpZk,1966-06-01,0,2026-05-01T01:39:58.317289+00:00
ecf9e417-0fa0-4bc6-9207-272a1afdf944,Bob Dylan,Mozambique,Bob Dylan - Mozambique,,,Mozambique,Bob Dylan,1976-01-16,94227,bob-dylan,mozambique,4K_YPW-_Vnk,1976-02-01,0,2026-05-01T01:39:27.405931+00:00
99f3ff1d-3f8c-48bd-816b-93aa0fca3acc,Bob Dylan,On A Night Like This,Bob Dylan - On A Night Like This,,,On a Night Like This,Bob Dylan,1974-01-17,94205,bob-dylan,on-a-night-like-this,RoaouyaHpVg,1974-03-01,0,2026-05-01T01:39:34.367032+00:00
52f0b212-f52c-4a9c-a4f0-f37d5ddec2de,Bob Dylan,One More Cup Of Coffee,Bob Dylan - One More Cup Of Coffee,,,One More Cup of Coffee,Bob Dylan,1976-01-16,94233,bob-dylan,one-more-cup-of-coffee,95cufW4h-gA,1976-01-01,0,2026-05-01T01:39:29.134381+00:00
b942d480-0114-440e-b369-788451d57de5,Bob Dylan,One Of Us Must Know,Bob Dylan - One Of Us Must Know,,,One of Us Must Know (Sooner or Later),Bob Dylan,1966-06-20,94390,bob-dylan,one-of-us-must-know,Bq-bNR-z7Nk,1966-02-01,0,2026-05-01T01:40:01.72374+00:00
422f6bea-f52d-4caa-88fb-890c41d8b983,Bob Dylan,Political World,Bob Dylan - Political World,,,Political World,Bob Dylan,1989-09-22,94520,bob-dylan,political-world,jg29g6D0sPs,1990-01-01,0,2026-04-28T17:58:58.81844+00:00
5b421e50-f9ea-4f61-90ca-f6de14274bd5,Bob Dylan,Precious Angel,Bob Dylan - Precious Angel,,,Precious Angel,Bob Dylan,1979-08-20,94445,bob-dylan,precious-angel,5cZsRekJfEo,1979-05-01,0,2026-05-01T01:39:23.957776+00:00
1e800bef-c899-4388-abab-10ef7da84fba,Bob Dylan,Rainy Day Women #12 & 35,Bob Dylan - Rainy Day Women #12 & 35,,,Rainy Day Women #12 & 35,Bob Dylan,1966-06-20,94168,bob-dylan,rainy-day-women-12-35,fm-po_FUmvM,1966-06-01,0,2026-05-01T01:39:54.955239+00:00
688881bd-edc3-4308-9a2d-d0bf68296b0c,Bob Dylan,Saved,Bob Dylan - Saved,,,Saved,Bob Dylan,1980-06-20,94469,bob-dylan,saved-2,IcB8KPc9wHk,1980-08-01,0,2026-05-01T01:39:14.981594+00:00
63a7b5e4-15e5-4de6-9b72-3a1fbb69b08a,Bob Dylan,Shot Of Love,Bob Dylan - Shot Of Love,,,Shot of Love,Bob Dylan,1981-08-12,94474,bob-dylan,shot-of-love,-buqQ9p6Q30,1981-08-01,0,2026-04-28T17:59:09.786974+00:00
9caa5849-4094-4cb4-b1d4-1a4a0f2dc3e0,Bob Dylan,Silvio,Bob Dylan - Silvio,,,,,,94512,bob-dylan,silvio,rnqSVQU8DPA,1988-05-01,0,2026-04-28T17:59:01.24679+00:00
5ac6c0c0-7d69-4798-ae36-be04cf770048,Bob Dylan,Slow Train,Bob Dylan - Slow Train,,,Slow Train,Bob Dylan,1979-08-20,94455,bob-dylan,slow-train-2,XSYzDDlI3WA,1980-01-01,0,2026-05-01T01:39:18.657437+00:00
7f9e6851-44e1-4d22-a9bf-90db1b7d9f10,Bob Dylan,Solid Rock,Bob Dylan - Solid Rock,,,Solid Rock,Bob Dylan,1980-06-20,94462,bob-dylan,solid-rock,8cSO94Q1QXk,1980-06-01,0,2026-05-01T01:39:16.855885+00:00
093eb23a-bdd0-4cba-a634-33ac3c93216d,Bob Dylan,Stuck Inside Of Mobile,Bob Dylan - Stuck Inside Of Mobile,,,Stuck Inside of Mobile with the Memphis Blues Again,Bob Dylan,1966-06-20,94419,bob-dylan,stuck-inside-of-mobile,3kh6K_-a0c4,1966-06-01,0,2026-05-01T01:39:56.629134+00:00
71140304-2b3b-4a03-8cf4-079dbb06b99c,Bob Dylan,Tangled Up In Blue,Bob Dylan - Tangled Up In Blue,,,Tangled up in Blue,Bob Dylan,1975-01-17,94215,bob-dylan,tangled-up-in-blue,QKcNyMBw818,1975-01-01,0,2026-05-01T01:39:32.647083+00:00
5105aa84-03ef-4192-92c5-65a5655ff5e2,Bob Dylan,Tight Connection To My Heart,Bob Dylan - Tight Connection To My Heart,,,Tight Connection to My Heart (Has Anyone Seen My Love),Bob Dylan,1985-06-08,94495,bob-dylan,tight-connection-to-my-heart,nheBN2UWAaM,1985-05-01,0,2026-04-28T17:59:06.098321+00:00
9fa46522-e775-4095-893c-60c1384df797,Bob Dylan,Tonight I'll Be Staying Here With You,Bob Dylan - Tonight I'll Be Staying Here With You,,,Tonight I'll Be Staying Here with You,Bob Dylan,1969-04-09,94182,bob-dylan,tonight-ill-be-staying-here,9ZhLGP5dF2k,1969-10-01,0,2026-05-01T01:39:44.72566+00:00
fac9e620-a5bc-4306-a934-434a0865dc6e,Bob Dylan,Union Sundown,Bob Dylan - Union Sundown,,,Union Sundown,Bob Dylan,1983-11-01,94484,bob-dylan,union-sundown,ukLtIRw71tE,1983-10-01,0,2026-04-28T17:59:08.559166+00:00
2788d581-d766-4fe6-b3c7-dfa2f07d6f1a,Bob Dylan,Watching The River Flow,Bob Dylan - Watching The River Flow,,,Watching the River Flow,Bob Dylan,2023-06-02,94197,bob-dylan,watching-the-river-flow,_xRlojtDdEs,1971-06-01,0,2026-05-01T01:39:39.550807+00:00
90e0a043-a9b9-43dd-95bb-eb9dc85086eb,Bob Dylan,Wigwam,Bob Dylan - Wigwam,,,Wigwam,Bob Dylan,1970-06-08,94187,bob-dylan,wigwam,7uC3fQsfxfQ,1970-03-01,0,2026-05-01T01:39:43.013357+00:00
419d31d7-595b-45c7-9395-e8c9a8028fb6,Bob Mould,Here We Go Crazy,Bob Mould - Here We Go Crazy,,,Here We Go Crazy,Bob Mould,2025-01-08,89443,bob-mould,here-we-go-crazy,r9WNAhNrmEM,2025-01-01,0,2026-04-28T17:59:12.298983+00:00
398e9bbf-0af7-4b25-a497-dabd4d879a47,Bob Seger,Old Time Rock And Roll,Bob Seger - Old Time Rock And Roll,,,,,,,,,,,1,2026-04-24T00:58:09.90545+00:00
b210ecd7-f1e4-4836-83d9-798859f01677,Bob Sinclar,Cruel Summer,Bob Sinclar - Cruel Summer,,,Cruel Summer (Again),Bob Sinclar,2025-04-11,97758,bob-sinclar,cruel-summer-4,3Iobj4Gi-ek,2025-04-01,0,2026-04-28T17:59:17.238731+00:00
1cce3c08-9c52-4804-94c1-22c1c05b52b5,BOI WHAT,Boulevard Of Broken Dreams,BOI WHAT - Boulevard Of Broken Dreams,,,Boulevard Of Broken Dreams,BOI WHAT,2025-03-21,94148,boi-what,boulevard-of-broken-dreams,xGxcPuPonHg,2025-03-01,0,2026-04-28T17:59:31.092931+00:00
abf2e263-1216-4fa3-80d0-370090e13636,Bon Iver,Everything Is Peaceful Love,Bon Iver - Everything Is Peaceful Love,,,Everything Is Peaceful Love,ボン・イヴェール,2025-02-14,90664,bon-iver,everything-is-peaceful-love,yaPX-i1TjCc,2025-02-01,0,2026-04-28T17:59:41.052151+00:00
38941a17-f5b2-4097-87ed-4afed1a5a91c,Bon Iver,If Only I Could Wait,Bon Iver - If Only I Could Wait,,,If Only I Could Wait,"Bon Iver, Danielle Haim",2025-03-14,93339,bon-iver,if-only-i-could-wait,6XXovIhGZuo,2025-03-01,0,2026-04-28T17:59:39.770951+00:00
3b2a7f80-56a9-4464-8795-6032e0f24dad,Bon Iver,There’s A Rhythmn / Au Revoir,Bon Iver - There’s A Rhythmn / Au Revoir,,,There's A Rhythmn,Bon Iver,2025-04-11,95197,bon-iver,theres-a-rhythmn-au-revoir,sFIfWgSMOug,2025-04-01,0,2026-04-28T17:59:38.533296+00:00
a9da8155-a08c-4500-b69a-09ef29921f9a,Bon Jovi,Hollow Man,Bon Jovi - Hollow Man,,,Hollow Man (with Bruce Springsteen),"Bon Jovi, Bruce Springsteen",2025-08-29,106650,bon-jovi,hollow-man-2,bGo5zbwVSDs,2025-08-01,0,2026-04-28T17:59:48.84667+00:00
ee719534-0ac4-4728-9bc2-ce8df6b7f2a8,Bon Jovi,"Red, White And Jersey","Bon Jovi - Red, White And Jersey",,,"Red, White and Jersey",Bon Jovi,2025-08-29,106625,bon-jovi,red-white-and-jersey,x8PIQvu4SgY,2025-08-01,1,2026-04-18T15:23:47.258385+00:00
973d4e7c-ab0d-4cc5-aea3-bb9243a63201,Bonfire,Lost All Control,Bonfire - Lost All Control,,,Lost All Control,Bonfire,2025-01-06,89447,bonfire,lost-all-control,SMrkKLdUvUc,2025-01-01,0,2026-04-28T18:00:12.39814+00:00
cc14f3d2-5e34-4dd5-bf22-e7c151b1da1e,Bonobo,Dark Will Fall,Bonobo - Dark Will Fall,,,Dark Will Fall (feat. Jacob Lusk),"Bonobo, Jacob Lusk",2025-03-27,98579,bonobo,dark-will-fall,_ohaWv-v6Ws,2025-03-01,0,2026-04-28T18:00:28.213357+00:00
570820a8-534d-4245-a193-cad7c24bdd4b,Boo Radleys,Lazarus,Boo Radleys - Lazarus,,,Lazarus,The Boo Radleys,1993,98585,boo-radleys,lazarus,6gZB1J7ejhA,1992-11-01,0,2026-04-28T18:00:35.300453+00:00
46fb81d9-6b67-4639-9fec-36d954d46ad7,Boo Radleys,Wake Up Boo!,Boo Radleys - Wake Up Boo!,,,Wake up Boo!,The Boo Radleys,1995,94566,boo-radleys,wake-up-boo,YJXPTnPmm78,1995-02-01,0,2026-04-28T18:00:34.064365+00:00
2209cadd-66f9-4f89-81d4-8ce44af0a5a6,Bootsy Collins,Unity,Bootsy Collins - Unity,,,undefined,,,76037,bootsy-collins,unity-3,qUjzTsBFCHY,2013-08-01,0,2026-04-28T18:00:45.381487+00:00
ecb2550d-2987-4b11-b376-ce1923d2dac1,Booze & Glory,Mad World,Booze & Glory - Mad World,,,Mad World,Booze & Glory,2025-08-29,107240,booze-glory,mad-world-2,T-6WYXsr8HM,2025-08-01,0,2026-04-28T18:00:46.916293+00:00
ec12ef79-6329-402d-aad3-16100a4bc165,Boris Brejcha,Bells Of Eternity,Boris Brejcha - Bells Of Eternity,,,Bells Of Eternity,Boris Brejcha,2025-02-21,92093,boris-brejcha,bells-of-eternity,8dLtKVV2S3M,2025-02-01,0,2026-04-28T18:00:59.664795+00:00
d0b14c2d-7a9c-4687-ab31-dd05b0733869,Boris Brejcha,Fennek,Boris Brejcha - Fennek,,,Fennek,Boris Brejcha,2025-09-26,109715,boris-brejcha,fennek,hQ4v8RGySBc,2025-09-01,0,2026-04-28T18:00:54.655197+00:00
72763305-8cdc-4e30-bcc6-2b5a2b7a7ba1,Bowling For Soup,Friends O’ Mine,Bowling For Soup - Friends O’ Mine,,,Friends O' Mine - BFS version,ボウリング・フォー・スープ,2023-08-25,89628,bowling-for-soup,friends-o-mine,kSbbzNRRwPI,2025-01-01,0,2026-04-28T18:01:19.98779+00:00
dcacbbbb-d4f2-4614-ad65-8014bc67e594,Bowling For Soup,The Rock Show,Bowling For Soup - The Rock Show,,,The Rock Show,Bowling For Soup,2025-01-27,93425,bowling-for-soup,the-rock-show-2,6_gEM0fS_SA,2025-03-01,0,2026-04-28T18:01:18.716706+00:00
3b65928d-a982-4dad-ad17-843710e26dba,Boy George,The World Is Cool,Boy George - The World Is Cool,,,undefined,,,102540,boy-george,the-world-is-cool,fUrivKRW5XY,2025-06-01,0,2026-04-28T18:01:23.882385+00:00
c3c3536d-52e9-413e-b662-dbbb5a7c37af,BOY LOCO,Slow Dancing,BOY LOCO - Slow Dancing,,,,,,64574,boy-loco,slow-dancing-2,VobSpZjnAOk,2024-03-01,0,2026-04-28T18:01:27.992749+00:00
ac5493ce-d9c1-409f-a0be-d20856187818,Boyce Avenue,You’re Still The One,Boyce Avenue - You’re Still The One,,,You're Still the One,"Boyce Avenue, Connie Talbot",2025-01-03,89438,boyce-avenue,youre-still-the-one-acoustic-cover,jUrKa6thMCU,2025-01-01,0,2026-04-28T18:01:37.103491+00:00
d131e1b6-3f64-411e-a7a0-0922176b5c42,boygenius,The Film,boygenius - The Film,,,,,,57496,boygenius,the-film,XbOQMaJ1r-0,2023-03-01,0,2026-04-28T18:01:39.665918+00:00
7133663f-0708-491c-b0aa-b18b1804f439,Boyz Ii Men,End Of The Road,Boyz Ii Men - End Of The Road,,,,,,,,,,,1,2026-03-20T13:54:38.438941+00:00
94cca5f9-8ec8-4dc7-996e-5a6f8972c4d4,Boyz Ii Men,Motownphilly,Boyz Ii Men - Motownphilly,,,,,,,,,,,1,2026-04-16T13:43:01.767935+00:00
b95f9753-c32e-4e8f-9e24-9e70acbe6d1c,Boyzlife,Dancing With The Echoes,Boyzlife - Dancing With The Echoes,,,Dancing with the Echoes,Boyzlife,2025-01-13,89908,boyzlife,dancing-with-the-echoes,EeKr6KZ0U4E,2025-01-01,0,2026-04-28T18:02:09.14141+00:00
38c0f42d-aea9-455e-a4d3-e319135c8748,BRAINSTORM,Crawling,BRAINSTORM - Crawling,,,Crawling,Brainstorm,2025-02-28,92063,brainstorm,crawling,Ids2tik6It0,2025-02-01,0,2026-04-28T18:02:17.924869+00:00
8da43a72-f725-4a51-93fa-7b30ed28544b,BRAINSTORM,The Shepherd Girl,BRAINSTORM - The Shepherd Girl,,,The Shepherd Girl (Gitagovinda),Brainstorm,2025-02-14,92548,brainstorm,the-shepherd-girl,H54C3lR4yhU,2025-02-01,0,2026-04-28T18:02:19.332627+00:00
0dbccba2-14bd-4667-9aef-38c8d7ec3408,Brandi Carlile,Little Richard's Bible,Brandi Carlile - Little Richard's Bible,,,Little Richard’s Bible,"Elton John, Brandi Carlile",2025-04-04,94988,brandi-carlile,little-richards-bible,OtECRCiCNtY,2025-04-01,0,2026-04-28T18:52:47.016944+00:00
6ab7cb88-6864-47f7-a142-25f0145570ac,Brandi Carlile,Returning To Myself,Brandi Carlile - Returning To Myself,,,Returning To Myself,Brandi Carlile,2025-09-03,107651,brandi-carlile,returning-to-myself,F9wFhEtjU_g,2025-09-01,0,2026-04-28T18:02:27.128099+00:00
95631032-d8f6-4d99-aa16-42f802a56bc5,Brandi Carlile,Swing For The Fences,Brandi Carlile - Swing For The Fences,,,Swing For The Fences,"Elton John, Brandi Carlile",2025-03-05,92916,brandi-carlile,swing-for-the-fences,IY6IDNv3s1k,2025-03-01,0,2026-04-28T18:52:48.593039+00:00
9b158a15-f018-44e2-916d-c01631687ffd,Brandi Carlile,Who Believes In Angels?,Brandi Carlile - Who Believes In Angels?,,,Who Believes In Angels?,"Elton John, Brandi Carlile",2025-02-05,90306,brandi-carlile,who-believes-in-angels,i69w56ulpLA,2025-02-01,0,2026-04-28T18:52:50.066995+00:00
fff90839-b18a-4d4a-ad89-273e347b69ca,Braxton Cook,All My Life,Braxton Cook - All My Life,,,All My Life,"Braxton Cook, Marie Dahlstrom",2025-06-10,106808,braxton-cook,all-my-life-7,4rEmr7h5Z3o,2025-06-01,0,2026-04-28T18:02:35.095149+00:00
5aaa2cab-6052-4795-9cbf-e652a45884c4,Breathe,The Prodigy,Breathe - The Prodigy,,,Breathe,The Prodigy,1997,99103,prodigy,breathe-4,rmHDhAohJlQ,1996-11-01,6,2026-04-10T15:22:19.783848+00:00
477cf83f-5d09-4310-bec6-f3ec35d23852,BRELAND,One Door Closes,BRELAND - One Door Closes,,,One Door Closes (feat. Breland),"Ella Henderson, BRELAND",2025-03-21,94121,breland,one-door-closes,3F2ygmwFkG8,2025-03-01,0,2026-04-28T18:51:20.50428+00:00
a97cba6c-4a9f-4274-be9f-97f267b62485,Brent Faiyaz,If.,Brent Faiyaz - If.,,,undefined,,,107798,brent-faiyaz,if-spring-in-new-york,4L306Dv4PmY,2025-08-01,0,2026-04-28T18:03:08.553231+00:00
1e9f9681-da95-4066-bbff-5842f662094f,Breskii,Take Me Thru Dere,Breskii - Take Me Thru Dere,,,Take Me Thru Dere,"Metro Boomin, Quavo, Breskii, YKNIECE, DJ Spinz",2025-08-01,109794,breskii,take-me-thru-dere,iUZyn_w6Y1Q,2025-10-01,0,2026-04-29T05:07:04.532578+00:00
96328557-1bc1-42e9-9e38-f217c1307b95,Bri Steves,Supaflee,Bri Steves - Supaflee,,,SUPAFLEE (feat. Bri Steves),"Joey Bada$$, Bri Steves",2025-08-29,109752,bri-steves,supaflee,FeoPeBgbLEY,2025-10-01,0,2026-04-28T19:43:23.328942+00:00
3afccb30-0f8f-4a74-b46a-599238a6b582,Bring Me The Horizon,Wonderwall,Bring Me The Horizon - Wonderwall,,,WONDERWaLL - Spotify Singles,ブリング・ミー・ザ・ホライズン,2025-01-29,90564,bring-me-the-horizon,wonderwall-2,pwYCbAsF3EI,2025-02-01,0,2026-04-28T18:03:34.523383+00:00
5c1d7798-7087-4588-a29b-e2432e563d7c,Britney Spears,I'm A Slave 4 U,Britney Spears - I'm A Slave 4 U,,,,,,,,,,,1,2026-04-09T04:05:35.971133+00:00
0b0889be-73ca-4ce3-ba7d-de56525b769c,Brittany Broski,Adore You,Brittany Broski - Adore You,,,Adore You (Cover),Brittany Broski,2025-03-20,94038,brittany-broski,adore-you-2,s1zBQ8uGs2k,2025-03-01,0,2026-04-28T18:03:51.016378+00:00
d49aaecb-4ce6-4d44-8099-f2da5d7ef4ca,Brittany Broski,The Sun,Brittany Broski - The Sun,,,The Sun,Brittany Broski,2025-04-04,95202,brittany-broski,the-sun,c_afT5Inopg,2025-04-01,0,2026-04-28T18:03:49.768908+00:00
d60bf5df-1c99-41a1-80b1-530d268a89ca,Broadside,I Think They Know,Broadside - I Think They Know,,,I Think They Know,Broadside,2025-04-18,97677,broadside,i-think-they-know,Lm7ceEV_R84,2025-04-01,0,2026-04-28T18:04:05.112241+00:00
13e7fc0d-42fb-487d-a519-01dc9ab9111c,Broken Heart,Justin Bieber & Tyga Ft. Gunna,Broken Heart - Justin Bieber & Tyga Ft. Gunna,,,,,,,,,,,1,2026-03-20T05:33:06.816804+00:00
0ef84fe0-6b04-49bc-a426-aba4fd52dcee,Broken Peach,Apt.,Broken Peach - Apt.,,,APT.,Broken Peach,2025-03-09,93303,broken-peach,apt-2,CLWaJoy7iCM,2025-03-01,0,2026-04-28T18:04:10.206362+00:00
0c7250a5-93c0-47ad-8e53-b395491312e2,Broken Peach,Get Ready,Broken Peach - Get Ready,,,,,,91820,broken-peach,get-ready,ExbNo2aB23M,2025-02-01,0,2026-04-28T18:04:11.46627+00:00
f84cc75b-427e-4a1e-bc24-0155226c22d3,Broken View,Every Breath You Take,Broken View - Every Breath You Take,,,Every Breath You Take,The Broken View,2025-07-25,107007,broken-view,every-breath-you-take-2,jamuGUe9ZFI,2025-07-01,0,2026-04-28T18:04:15.232387+00:00
4e7e5312-c7be-461d-87da-b396f449318c,Brooke Candy,Pogo,Brooke Candy - Pogo,,,POGO,Brooke Candy,2025-02-07,90459,brooke-candy,pogo-2,oWUJfVq3wFk,2025-02-01,0,2026-04-28T18:04:23.899723+00:00
e4df587d-eb95-44ab-a9a4-cab2653b3b85,Brother D,How We Gonna Make The Black Nation Rise?,Brother D - How We Gonna Make The Black Nation Rise?,,,undefined,,,73695,brother-d,how-we-gonna-make-the-black-nation-rise,S-HQR2-s1J4,1980-10-01,0,2026-04-28T18:04:25.19152+00:00
f0d27a4a-e203-43d1-a4dd-6298714b51a7,Bruce Springsteen,Blind Spot,Bruce Springsteen - Blind Spot,,,Blind Spot,Bruce Springsteen,2025-04-17,97823,bruce-springsteen,blind-spot,55xRLL3oSIE,2025-04-01,0,2026-04-28T18:04:58.069302+00:00
64bfe1ae-55f8-4057-83e8-abed728e36ec,Bruce Springsteen,Born In The U.s.a.,Bruce Springsteen - Born In The U.s.a.,,,Born in the U.S.A. - Electric Nebraska,Bruce Springsteen,2025-09-04,107567,bruce-springsteen,born-in-the-u-s-a-electric-nebraska,9YNufvgPP20,2025-09-01,2,2026-04-24T00:28:55.39052+00:00
b0af670a-0189-4965-8fcb-28ae90c452c7,Bruce Springsteen,Lonely Night In The Park,Bruce Springsteen - Lonely Night In The Park,,,Lonely Night In The Park,Bruce Springsteen,2025-08-22,106524,bruce-springsteen,lonely-night-in-the-park,RRT846R0eho,2025-08-01,0,2026-04-28T18:04:54.445749+00:00
cfc6e921-5b14-4cbb-967c-258715055c3a,Bruce Springsteen,Rain In The River,Bruce Springsteen - Rain In The River,,,Rain in the River,Bruce Springsteen,2025-04-03,97828,bruce-springsteen,rain-in-the-river,rd6bFJo-Ut0,2025-04-01,0,2026-04-28T18:04:59.273461+00:00
562ec73f-5307-4f38-9877-a6c56f7b0c04,Bruno Mars,Fat Juicy & Wet,Bruno Mars - Fat Juicy & Wet,,,Fat Juicy & Wet,"Sexyy Red, Bruno Mars",2025-01-24,90958,bruno-mars,fat-juicy-wet,d7OROxsW5ZY,2025-01-01,0,2026-04-29T07:39:47.420915+00:00
e40ded65-219f-4c6e-b1d5-c64a9c8b6632,Bryan Adams,Make Up Your Mind,Bryan Adams - Make Up Your Mind,,,Make Up Your Mind,Bryan Adams,2025-03-06,92405,bryan-adams,make-up-your-mind,rZIalSCKhLU,2025-03-01,0,2026-04-28T18:05:26.828747+00:00
d155acd3-a269-41c9-96e9-730978d82c3e,Bryan Adams,Roll With The Punches,Bryan Adams - Roll With The Punches,,,Roll With The Punches,ブライアン・アダムス,2025-02-07,90296,bryan-adams,roll-with-the-punches,HzBYfPqpjhw,2025-02-01,0,2026-04-28T18:05:28.051123+00:00
1dbe1e94-e60d-424d-9f50-7ef120cd24c6,Bryan Adams,"Someone's Daughter, Someone's Son","Bryan Adams - Someone's Daughter, Someone's Son",,,undefined,,,61881,bryan-adams,someones-daughter-someones-son,I6GHciC1Sj0,2024-02-01,0,2026-05-01T01:50:08.831629+00:00
2ad86201-f10c-45b3-92f7-d53ca5c9b465,Bryan Adams,Tough Town,Bryan Adams - Tough Town,,,,,,131990,bryan-adams,tough-town,Plped8e6CmM,2026-04-01,0,2026-04-28T18:05:17.092032+00:00
a03adae2-b8af-4c70-993c-9f68de4243fd,Bryan Adams,Will We Ever Be Friends Again,Bryan Adams - Will We Ever Be Friends Again,,,Will We Ever Be Friends Again,Bryan Adams,2025-08-29,106620,bryan-adams,will-we-ever-be-friends-again,Ct5OszN8AHE,2025-08-01,0,2026-04-28T18:05:21.92548+00:00
3173b1b7-4271-44c2-b91a-f9c41c9fc69e,Bryson Tiller,Autumn Drive,Bryson Tiller - Autumn Drive,,,Autumn Drive,Bryson Tiller,2025-10-02,109865,bryson-tiller,autumn-drive,B0SDYFqwQV8,2025-10-01,0,2026-04-28T18:05:41.718111+00:00
673c05fd-bbe7-4716-92ea-c4fbdb4513d0,Bryson Tiller,I Need Her,Bryson Tiller - I Need Her,,,I Need Her,Bryson Tiller,2025-10-02,110086,bryson-tiller,i-need-her,Uk5AGRodjyk,2025-10-01,0,2026-04-28T18:05:42.891892+00:00
4f54c0c8-a691-4af9-bd8b-2ce39eea68f0,Bryson Tiller,No Sharing,Bryson Tiller - No Sharing,,,No Sharing (feat. Luh Tyler),"Bryson Tiller, Luh Tyler",2025-08-08,106225,bryson-tiller,no-sharing,Et6nr3fhpnA,2025-08-01,0,2026-04-28T18:05:44.077497+00:00
1f69d717-641d-416d-a3b4-f182d3626734,Buckcherry,Roar Like Thunder,Buckcherry - Roar Like Thunder,,,Roar Like Thunder,Buckcherry,2025-03-18,93619,buckcherry,roar-like-thunder,S2IaohwKL7k,2025-03-01,0,2026-04-28T18:05:53.836827+00:00
57d9eae0-c278-42f8-bdf9-9a84bb7408fc,Buddy,Black 2,Buddy - Black 2,,,Black Creek,Brent Cobb,2020-02-07,109961,buddy,black-2-2,rNoUHRomvoo,2020-07-01,0,2026-04-28T18:06:04.671155+00:00
c35c45f8-305b-4554-8258-1b107ca83788,Buddy,Hey Up There,Buddy - Hey Up There,,,Hey Up There (feat. Ty Dolla $ign),"Buddy, Ty Dolla $ign",2018-07-20,109921,buddy,hey-up-there,wHrckdJnAN0,2018-06-01,0,2026-04-29T13:50:52.479431+00:00
513be7be-bd3c-497d-92db-e0834cfc2bd2,Buddy,Hollyhood,Buddy - Hollyhood,,,Hollyhood (feat. Kent Jamz),"Buddy, Kent Jamz",2019-10-30,109956,buddy,hollyhood,CBXgEiKUuhA,2019-10-01,0,2026-04-28T18:06:05.866922+00:00
3672e602-e75f-4ff4-ac12-4d78fedc9f0d,Buddy,Otw,Buddy - Otw,,,OTW,"Buddy, Kalan.FrFr",2025-02-21,109906,buddy,otw,-GGKBOrOIEY,2025-10-01,0,2026-04-28T18:05:56.238569+00:00
14d68fb6-96b9-493c-a58e-34b7caa6dc05,Buddy,Real Life S**t,Buddy - Real Life S**t,,,Real Life S**t,Buddy,2018-07-20,109946,buddy,real-life-st,ANUsIymrCBQ,2018-07-01,0,2026-04-29T13:50:42.310074+00:00
4ac32bfb-c132-4c47-a685-cdce9aa5aab2,Buddy,Shameless,Buddy - Shameless,,,Shameless (feat. Guapdad 4000),"Buddy, Guapdad 4000",2018-07-20,109931,buddy,shameless-2,P_xRboVrYKU,2018-11-01,0,2026-04-29T13:50:40.179615+00:00
da361249-a8c6-403f-8701-7e4d5727ceb4,Buddy,The Blue,Buddy - The Blue,,,The Blue (feat. Snoop Dogg),"Buddy, Snoop Dogg",2018-07-20,109936,buddy,the-blue,skvwN8BVeHw,2018-07-01,0,2026-04-29T13:50:46.868717+00:00
57d94f5c-6f5d-4b5d-b37e-301b03511c6a,Buddy,Trippin',Buddy - Trippin',,,Trippin' (feat. Khalid),"Buddy, Khalid",2018-07-20,109911,buddy,trippin-2,KDYWFSAgn-A,2018-07-01,0,2026-04-29T13:50:50.425953+00:00
f12a4fb3-cd31-4a99-af55-89b62e9b5728,Buddy,Trouble On Central,Buddy - Trouble On Central,,,Trouble On Central,Buddy,2018-07-20,109941,buddy,trouble-on-central-2,kMcawQWipSM,2018-07-01,0,2026-04-29T13:50:44.765728+00:00
7b9a9545-7fcf-41aa-94da-65d420fa13ed,Buddy Guy,Last Man Standing,Buddy Guy - Last Man Standing,,,Last Man Standing,"Buddy Guy, Switchfoot",2025-02-21,91583,buddy-guy,last-man-standing-2,r6Rz5PvPUjA,2025-02-01,0,2026-04-28T18:05:55.008981+00:00
1606330c-1f99-4bc6-9f04-2c170c0a872b,Bun B,Trail Ride,Bun B - Trail Ride,,,Trail Ride (feat. Bun B & Jeter Jones),"Mike Clark Jr, Bun B, Jeter Jones",2025-08-27,110119,bun-b,trail-ride,zQiGb1ZuoIU,2025-07-01,0,2026-04-29T05:13:55.749109+00:00
43594754-95ba-43c8-91a9-013f7d8380e7,Bunt.,Only Friends,Bunt. - Only Friends,,,Only Friends,BUNT.,2025-03-14,93501,bunt,only-friends,3KFPGWIfLnM,2025-03-01,0,2026-04-28T18:06:32.986637+00:00
4ce2baa7-0c20-4eb5-8b4a-52e5e244b0c5,Burna Boy,For Everybody,Burna Boy - For Everybody,,,,,,127684,burna-boy,for-everybody,jUkcAa_IBU0,2026-01-01,0,2026-04-28T18:06:39.715436+00:00
4f52f175-f013-4aae-a4f0-dedb6c7f6c3a,Burna Boy,Update,Burna Boy - Update,,,Update,Burna Boy,2025-02-19,91558,burna-boy,update,qR8-uQ5LixE,2025-02-01,0,2026-04-28T18:06:45.296173+00:00
a9fc9431-eb63-4356-a93b-bc6704cede31,Bury Tomorrow,Let Go,Bury Tomorrow - Let Go,,,Let Go,ベリー・トゥモロー,2025-01-24,90003,bury-tomorrow,let-go-8,5uTE09KwQ1o,2025-01-01,0,2026-04-28T18:06:52.716665+00:00
a06e15ef-6c80-4cd7-b7e0-faafba68733d,Bush,60 Ways To Forget People,Bush - 60 Ways To Forget People,,,60 Ways to Forget People,Bush,2025-04-17,97637,bush,60-ways-to-forget-people,CXk3jX0ykf4,2025-04-01,0,2026-04-28T18:07:00.078502+00:00
eeabfff0-3190-4343-8c90-67e7edefe824,Bush,I Beat Loneliness,Bush - I Beat Loneliness,,,I Beat Loneliness,Bush,2025-07-23,109436,bush,i-beat-loneliness,mFDXzTSgvFc,2025-09-01,0,2026-04-28T18:06:56.509848+00:00
3eab1bd3-8ac9-4910-8301-ce17902b7814,Busta Rhymes,Letter To My Children,Busta Rhymes - Letter To My Children,,,Letter to My Children,Busta Rhymes,2025-01-17,92912,busta-rhymes,letter-to-my-children,DrJV12Byr5g,2025-02-01,0,2026-04-28T18:07:07.551734+00:00
58469fcf-2eb1-439a-b4c7-8308f30f335c,Busta Rhymes,Treasure And Gold,Busta Rhymes - Treasure And Gold,,,Treasure & Gold,"Busta Rhymes, YG Marley",2025-01-16,92507,busta-rhymes,treasure-and-gold,Ctukohf4Z_k,2025-01-01,0,2026-04-28T18:07:08.749029+00:00
800cf0fc-fcd3-4460-8682-33ce96e6726d,c j co,We Got Our Own Thing,c j co - We Got Our Own Thing,,,,,,76723,c-j-co,we-got-our-own-thing,Crib_iuBdew,1977-01-01,0,2026-04-28T18:07:30.481595+00:00
f78ca93d-2eef-40fb-8942-e5d6612bf55b,Cacks,Remedy,Cacks - Remedy,,,Remedy,The Cacks,2025-03-21,94612,cacks,remedy-3,uUjqW1mgBGo,2025-03-01,0,2026-04-28T18:07:32.883191+00:00
3fdeadcc-3a5d-45b7-b335-dd4b89b0d21e,cafune,The Moment,cafune - The Moment,,,The Moment,Cafuné,2025-09-12,108513,cafune,the-moment,dZRHlazdtH0,2025-09-01,0,2026-04-28T18:07:34.096517+00:00
cc2327bb-8f9a-4191-b45e-9eb2382c8834,Caitlynne Curtis,Amen,Caitlynne Curtis - Amen,,,Amen,Caitlynne Curtis,2025-08-15,106149,caitlynne-curtis,amen-3,_pelt3cxsgU,2025-08-01,0,2026-04-28T18:07:44.886533+00:00
0b0e5168-bcba-4e75-9eac-a6a9c50c439d,Calum Hood,Don't Forget You Love Me,Calum Hood - Don't Forget You Love Me,,,Don't Forget You Love Me,Calum Hood,2025-04-10,95207,calum-hood,dont-forget-you-love-me,qyAXCqD8rCs,2025-04-01,0,2026-04-28T18:07:55.946272+00:00
89f270fe-7304-438b-bdac-017831548cff,Calum Scott,I Wanna Dance With Somebody,Calum Scott - I Wanna Dance With Somebody,,,I Wanna Dance With Somebody (Who Loves Me),"Calum Scott, Whitney Houston",2025-09-11,108310,calum-scott,i-wanna-dance-with-somebody-who-loves-me,mHg8Kdt18kw,2025-09-01,0,2026-04-28T18:07:58.455714+00:00
16b6a527-20ce-406b-bd06-4c16d16b64e7,Calvin Harris,Ocean,Calvin Harris - Ocean,,,Ocean,"Calvin Harris, Jessie Reyez",2025-09-05,107628,calvin-harris,ocean-4,Tz8ullZfVvo,2025-09-01,0,2026-04-28T18:08:11.969719+00:00
ff836d77-d821-4459-88b6-ab979c8df1ce,Calvin Harris,Smoke The Pain Away,Calvin Harris - Smoke The Pain Away,,,SMOKE THE PAIN AWAY,Calvin Harris,2025-03-14,93402,calvin-harris,smoke-the-pain-away,5E-1YilJoU8,2025-03-01,0,2026-04-28T18:08:14.375319+00:00
9ee395b7-4de8-42b2-9bca-fbd534e2c1bf,Camden Cox,Weightless,Camden Cox - Weightless,,,Weightless,"KREAM, Camden Cox",2025-03-28,94869,camden-cox,weightless-3,kUkmeu5t_Zc,2025-03-01,0,2026-04-28T20:01:30.103981+00:00
e0d77349-b57b-4d3c-bd6b-78a7966bd3b0,Camel Power Club,Can I Tell You A Secret?,Camel Power Club - Can I Tell You A Secret?,,,Can I Tell You a Secret,Camel Power Club,2025-01-29,92970,camel-power-club,can-i-tell-you-a-secret,Ct9cbY8_M8U,2025-03-01,0,2026-04-28T18:08:24.385982+00:00
1de2dd4c-fbae-4b57-8bb3-a0eab225db52,Camila Cabello,Havana,Camila Cabello - Havana,,,undefined,,,105440,camila-cabello,havana,HCjNJDNzw8Y,2017-08-01,0,2026-05-01T09:38:18.033409+00:00
b511c1ec-847d-4a5a-b47b-e47f99060268,Capital Cities,Safe And Sound,Capital Cities - Safe And Sound,,,,,,,,,,,1,2026-04-25T04:24:03.481414+00:00
f6ad40d6-a339-4401-a420-7242a6d8d232,Capri Everitt,Ping Pong,Capri Everitt - Ping Pong,,,Ping Pong,Capri Everitt,2025-09-29,109995,capri-everitt,ping-pong,Pj8OhkxOpdU,2025-09-01,0,2026-04-28T18:08:53.145309+00:00
a15655fd-00f4-4324-a777-0ca9a0e06168,Caravan Palace,City Cook,Caravan Palace - City Cook,,,City Cook,Caravan Palace,2024-03-01,93344,caravan-palace,city-cook,Vye-eCM-BbU,2025-03-01,0,2026-04-28T18:08:59.182345+00:00
51d5e7c7-7712-4453-92be-630e69226357,Caravan Palace,Jolie Coquine,Caravan Palace - Jolie Coquine,,,Jolie coquine,Caravan Palace,2008-10-20,107507,caravan-palace,jolie-coquine,9BoaOsvZmpw,2009-10-01,1,2026-04-10T16:42:19.456036+00:00
eb636b00-2048-4890-9b66-821fd0cbacd7,Cardi B,Imaginary Playerz,Cardi B - Imaginary Playerz,,,Imaginary Playerz,Cardi B,2025-08-15,105850,cardi-b,imaginary-playerz,cg2MY3F2iAk,2025-08-01,0,2026-04-28T18:09:08.37562+00:00
54f8618a-5054-4a81-b4f8-118e99f6aecb,Cardi B,Like What,Cardi B - Like What,,,,,,62970,cardi-b,like-what,GcNC7YnlhKc,2024-03-01,0,2026-04-28T18:09:12.084404+00:00
1e0fda9f-825b-4993-be41-0b65e679ca1d,Cardi B,Pick It Up,Cardi B - Pick It Up,,,Pick It Up (feat. Selena Gomez),"Cardi B, Selena Gomez",2025-09-19,109664,cardi-b,pick-it-up,zW4wmU8OuyM,2025-09-01,0,2026-04-28T18:09:06.011372+00:00
91a3f5b7-3ced-4aef-83c6-a7bf3760738e,Cardi B,Safe,Cardi B - Safe,,,Safe (feat. Kehlani),"Cardi B, Kehlani",2025-09-18,108839,cardi-b,safe-3,E_0y8bmIATM,2025-09-01,0,2026-04-28T18:09:07.191178+00:00
bd9de970-a495-43e3-890a-84a4665d1786,Cardi B,Toot It Up,Cardi B - Toot It Up,,,Toot It Up,"Pardison Fontaine, Cardi B",2025-02-07,91342,cardi-b,toot-it-up,3OZN3FiA58c,2025-02-01,0,2026-04-30T11:00:42.240464+00:00
f498a443-da2c-4fb3-be62-9f5d3862d2a9,Cardinal Black,Keep On Running,Cardinal Black - Keep On Running,,,Keep On Running,Cardinal Black,2025-03-12,93480,cardinal-black,keep-on-running-2,58rQDtISIJ8,2025-03-01,0,2026-04-28T18:09:28.788069+00:00
5cdf80e1-5225-4ad8-ad55-9be4d9f81abe,Cardo Got Wings,Gotta Be Love,Cardo Got Wings - Gotta Be Love,,,Gotta Be Love,"Larry June, Cardo Got Wings",2025-07-11,106217,cardo-got-wings,gotta-be-love,Jslf1wpO5so,2025-08-01,0,2026-04-30T11:01:03.705955+00:00
a1cca145-3724-4d57-b549-f0f46bf58868,Carly Rae Jepsen,Almost Said It,Carly Rae Jepsen - Almost Said It,,,,,,44013,carly-rae-jepsen,almost-said-it,aR8zxu6CV3A,2012-12-01,0,2026-05-01T01:58:49.364758+00:00
8bd8b45b-97e4-4703-93d1-9333ce675bec,Carly Rae Jepsen,Guardian Angel,Carly Rae Jepsen - Guardian Angel,,,Guardian Angel,Carly Rae Jepsen,2025-09-16,108749,carly-rae-jepsen,guardian-angel-2,1bfxVSysSvA,2025-09-01,0,2026-04-28T18:09:35.049017+00:00
c48fe086-c6f6-4e46-981b-43cbbee981e4,Carly Rae Jepsen,More,Carly Rae Jepsen - More,,,More,Carly Rae Jepsen,2025-08-20,106059,carly-rae-jepsen,more-2,R92Wti_j-3Y,2025-08-01,0,2026-04-28T18:09:36.272724+00:00
5b8eb2fe-2f2c-4c87-8113-ac03ea5603ea,Caroline Byrne,Run It Back,Caroline Byrne - Run It Back,,,Run It Back (feat. Caroline Byrne),"Gorgon City, Caroline Byrne",2025-04-18,98074,caroline-byrne,run-it-back,iWiqAePgAuo,2025-04-01,0,2026-04-28T19:15:31.265343+00:00
aaf1cc06-430e-4b78-987b-a0428892d0ee,Carpenters,Rainy Days And Mondays.,Carpenters - Rainy Days And Mondays.,,,,,,,,,,,1,2026-04-02T00:47:24.806128+00:00
78c405a2-c687-4a2a-9dc4-8e7e3022cb17,Carpetman,Shades Of Gray,Carpetman - Shades Of Gray,,,Shades Of Gray,"Carpetman, Scott Rill",2025-03-21,94052,carpetman,shades-of-gray,My9dmBZeNRs,2025-03-01,0,2026-04-28T18:10:22.265042+00:00
be7b257e-7c5e-4111-8e0f-aeb3bd60a50b,Carpetman,Smoking Cherry,Carpetman - Smoking Cherry,,,Smoking Cherry,Carpetman,2025-01-24,90067,carpetman,smoking-cherry,KHLVe7F7BKU,2025-01-01,0,2026-04-28T18:10:23.469032+00:00
4357c874-f1ac-497b-ad76-4ee54afd2e07,Carter Vail,Madeline,Carter Vail - Madeline,,,Madeline,Carter Vail,2025-09-11,108282,carter-vail,madeline-2,NMV3O7ARoVs,2025-09-01,0,2026-04-28T18:10:38.25802+00:00
a26e69ff-06e0-4227-a97c-5b99f7327c65,Cascada,Everytime We Touch,Cascada - Everytime We Touch,,,Everytime We Touch,"Cascada, Steve Aoki",2025-09-12,108180,cascada,everytime-we-touch-2,4Z260ojNQPA,2025-09-01,0,2026-04-28T18:10:39.490363+00:00
4261f8b5-02e1-4a6b-af77-a2d9f4c0b499,Cash Cobain,Pack U Up,Cash Cobain - Pack U Up,,,Pack U Up,"French Montana, Cash Cobain",2025-08-22,106391,cash-cobain,pack-u-up,2xt5HnAB9Y8,2025-08-01,0,2026-04-28T19:05:56.877281+00:00
a97abd64-5ac1-43b5-8258-20c5d37e1649,Cash Cobain,Somebody Loves Me Pt. 2,Cash Cobain - Somebody Loves Me Pt. 2,,,SOMEBODY LOVES ME PT. 2,"PARTYNEXTDOOR, Drake, Cash Cobain",2025-09-04,107793,cash-cobain,somebody-loves-me-pt-2,covlWWrrRhE,2025-09-01,0,2026-04-29T06:17:07.463565+00:00
108a3c86-9ac0-4648-8aa2-dfca420dffa8,Cassandra Jenkins,Richardson,Cassandra Jenkins - Richardson,,,Richardson (feat. Cassandra Jenkins),"Shura, Cassandra Jenkins",2025-02-26,91931,cassandra-jenkins,richardson,ZOV_T6B8UQ8,2025-02-01,0,2026-04-29T07:45:15.050439+00:00
fb427acf-4dd6-41f3-b5be-df2b7242255c,Cassidy Paris,Getting Better,Cassidy Paris - Getting Better,,,Getting Better,Cassidy Paris,2025-09-08,108574,cassidy-paris,getting-better,toJRfpQbT70,2025-09-01,0,2026-04-28T18:10:56.212625+00:00
2dcc8770-3ea5-4708-84f8-73b60acf0819,casso,Guestlist,casso - Guestlist,,,Guestlist (feat. SACHA),"cassö, SACHA",2025-09-26,109689,casso,guestlist,S6QQJkGBqvQ,2025-09-01,0,2026-04-28T18:10:57.432172+00:00
a5c04b79-57d8-4339-9acb-5322a4ec07af,Cast,I'm So Lonely,Cast - I'm So Lonely,,,,,,7394,cast,im-so-lonely,_3pCH_cXuE,1997-11-01,0,2026-04-28T18:11:15.376775+00:00
fe100943-31fd-452e-9f0f-4c30f54a1691,Castle Rat,Wolf I,Castle Rat - Wolf I,,,WOLF I,Castle Rat,2025-07-16,109154,castle-rat,wolf-i,rWRmjkPgZkY,2025-09-01,0,2026-04-28T18:11:02.333232+00:00
28532020-df4b-480e-bed9-e9be637a5f07,Cat Burns,All This Love,Cat Burns - All This Love,,,All This Love,Cat Burns,2025-08-15,105873,cat-burns,all-this-love-2,96Mutizlyd8,2025-08-01,0,2026-04-28T18:11:16.603783+00:00
ecba3a82-9d26-427c-baf4-4b163d04114c,Cat Burns,Girls!,Cat Burns - Girls!,,,GIRLS!,Cat Burns,2025-01-29,92797,cat-burns,girls-8,5iDqNAuPF0o,2025-02-01,0,2026-04-28T18:11:17.786275+00:00
a1c3dbd1-3e67-4d5c-97a1-38178d210ece,Cautious Clay,Art Museum,Cautious Clay - Art Museum,,,Art Museum (2am),Cautious Clay,2025-09-12,108346,cautious-clay,art-museum-2am,WFwk9GYoA6o,2025-09-01,0,2026-04-28T18:11:41.578929+00:00
0610bb6c-9846-4633-9b59-1fb546113997,Cavetown,Baby Spoon,Cavetown - Baby Spoon,,,Baby Spoon,Cavetown,2025-08-08,105798,cavetown,baby-spoon,9DiJJVfZXUk,2025-08-01,0,2026-04-28T18:11:45.363914+00:00
f2afd020-b1b2-419b-a89c-51d64982c3f1,Cavetown,Rainbow Gal,Cavetown - Rainbow Gal,,,Rainbow Gal,Cavetown,2025-09-12,108369,cavetown,rainbow-gal,VgYjOc4FMjk,2025-09-01,0,2026-04-28T18:11:44.155529+00:00
6ff7cea6-2eb3-44df-ac02-323737b1b8e5,CeeLo Green,Atlanna,CeeLo Green - Atlanna,,,Atlanna,"Jermaine Dupri, CeeLo Green",2025-09-12,108277,ceelo-green,atlanna,oByprwq7p68,2025-09-01,0,2026-04-30T11:02:58.785322+00:00
d8282b01-9852-419a-861b-d55695ac7c27,Central Cee,Limitless,Central Cee - Limitless,,,Limitless,Central Cee,2025-01-24,89953,central-cee,limitless-2,Ag2fJaNbw3Q,2025-01-01,0,2026-04-28T18:12:27.414071+00:00
b9058074-7ce0-4932-83b3-705ea5324554,Chace,Keep Me Warm,Chace - Keep Me Warm,,,Keep Me Warm,Chace,2025-02-07,92572,chace,keep-me-warm,LRqzSx7T9ns,2025-02-01,0,2026-04-28T18:12:41.196817+00:00
5f3a8e53-c049-43f6-836c-6004f13648c5,Chad Kroeger,Ragdoll,Chad Kroeger - Ragdoll,,,Ragdoll,"The Lottery Winners, Chad Kroeger",2025-03-19,94163,chad-kroeger,ragdoll,wP_GTzOHl4M,2025-03-01,0,2026-04-30T11:03:31.246612+00:00
b022296f-903d-4af0-a79d-719873784340,Chaka Khan,I Feel For You,Chaka Khan - I Feel For You,,,,,,,,,,,1,2026-04-15T04:26:36.421883+00:00
35ca75e6-0e0d-4840-bef9-526a569456a6,Chance The Rapper,Buried Alive,Chance The Rapper - Buried Alive,,,,,,66141,chance-the-rapper,buried-alive,8BjfkpgbAEY,2024-04-01,0,2026-04-28T18:13:04.543781+00:00
da7ff987-8aa0-464d-b1f4-211a97277abe,Chandler Leighton,Supermodel,Chandler Leighton - Supermodel,,,SUPERMODEL,Chandler Leighton,2025-08-01,106537,chandler-leighton,supermodel-3,Rmpz8htoPPo,2025-08-01,0,2026-04-28T18:13:05.89307+00:00
bc7fd60b-02c5-4de0-8c43-626e164d167f,Chanel West Coast,Lil Bit Country,Chanel West Coast - Lil Bit Country,,,Lil Bit Country,Chanel West Coast,2025-04-11,97748,chanel-west-coast,lil-bit-country,ScJDbQ6cndM,2025-04-01,0,2026-04-28T18:13:08.407722+00:00
f84261f3-5baf-436c-9cdd-109983b11d39,Chappell Roan,The Giver,Chappell Roan - The Giver,,,The Giver,Chappell Roan,2025-03-13,93248,chappell-roan,the-giver,DubtPdXXjew,2025-03-01,0,2026-04-28T18:13:32.856069+00:00
0bf49c28-f6a8-40aa-894f-090941d5cc56,Charli Xcx,0:29 / 2:51   Here I Go,Charli Xcx - 0:29 / 2:51   Here I Go,,,undefined,,,87604,charli-xcx,029-251-here-i-go,kHwpS0LakeU,2024-11-01,0,2026-04-28T18:14:01.664351+00:00
e9289861-ee71-46af-905e-c84100af2800,Charlie Sexton,Beat's So Lonely.,Charlie Sexton - Beat's So Lonely.,,,Beat's So Lonely,Charlie Sexton,1985-01-01,90092,charlie-sexton,beats-so-lonely,uCRtHVEroQ0,1985-01-01,1,2026-04-26T13:05:46.779987+00:00
3add368c-026d-40bc-87b0-209084c4c987,Charlotte Lawrence,Dog,Charlotte Lawrence - Dog,,,Dog,Charlotte Lawrence,2025-02-28,91927,charlotte-lawrence,dog,8KNhDOaaAek,2025-02-01,0,2026-04-28T18:14:36.204683+00:00
23ef3772-94a2-41be-a30d-1025a3b1bb90,Chase Atlantic,Church,Chase Atlantic - Church,,,Church,Chase Atlantic,2017-01-27,105651,chase-atlantic,church-2,vmM7h2fKdAY,2017-01-01,0,2026-05-01T02:07:56.24225+00:00
c0c4bb1c-7828-4af0-9648-a2fe00772805,Chase Atlantic,Facedown,Chase Atlantic - Facedown,,,FACEDOWN,Chase Atlantic,2025-08-14,105830,chase-atlantic,facedown,FBE_BANaR4w,2025-08-01,0,2026-04-28T18:15:07.851268+00:00
5548ae9b-6cd8-4375-a38c-0586f64bca45,Chase Atlantic,Friends,Chase Atlantic - Friends,,,Friends,Chase Atlantic,2015-02-21,91830,chase-atlantic,friends,nT8O_mP2x6Y,2025-02-01,0,2026-04-28T18:15:10.285446+00:00
26b91f76-2677-4dc7-8131-6f2d1992889d,Chase Atlantic,Heaven And Back,Chase Atlantic - Heaven And Back,,,HEAVEN AND BACK,Chase Atlantic,2019-06-28,105646,chase-atlantic,heaven-and-back,ZFiWQodimPA,2019-07-01,0,2026-04-28T18:15:17.694462+00:00
fb0cc93f-c21d-4f99-8f7d-c8a4a2223d6d,Chase Atlantic,Into It,Chase Atlantic - Into It,,,Into It,Chase Atlantic,2017-10-04,105661,chase-atlantic,into-it,TkBi4hZlV8U,2017-04-01,0,2026-05-01T02:07:54.450618+00:00
13b859ce-30de-460c-8e07-7dc4330292ae,Chase Atlantic,Remind Me,Chase Atlantic - Remind Me,,,REMIND ME,Chase Atlantic,2025-09-12,108299,chase-atlantic,remind-me-2,0HRRTLGUiws,2025-09-01,0,2026-04-28T18:15:06.660757+00:00
ed9618c8-cbbf-4cee-b4b6-e4c179175d4a,Chase Atlantic,Swim,Chase Atlantic - Swim,,,Swim,Chase Atlantic,2017-10-04,105641,chase-atlantic,swim-3,mC9v5FaLt84,2018-02-01,0,2026-05-01T02:07:50.932179+00:00
5588c617-5347-464d-8c25-9b2676c70779,Chase Atlantic,Triggered,Chase Atlantic - Triggered,,,Triggered,Chase Atlantic,2017-10-04,105656,chase-atlantic,triggered,JcOCAmj3fDs,2017-04-01,0,2026-05-01T02:07:52.692426+00:00
ae0f309d-cf58-43c1-9fac-61bfce4d628f,Cheap Perfume,Probably It's Capitalism,Cheap Perfume - Probably It's Capitalism,,,Probably It's Capitalism,Cheap Perfume,2025-10-03,110321,cheap-perfume,probably-its-capitalism,ZjRFDrwhduI,2025-10-01,0,2026-04-28T18:15:33.867204+00:00
a9fcfbdd-034d-449a-bd4f-2d3f4da902fe,Cheap Trick,Mighty Wings,Cheap Trick - Mighty Wings,,,,,,,,,,,3,2026-04-05T13:22:02.648651+00:00
4cadbcc2-1215-48c7-936c-63844eaff8de,Cheap Trick,Twelve Gates,Cheap Trick - Twelve Gates,,,Twelve Gates,Cheap Trick,2025-08-22,106353,cheap-trick,twelve-gates,X32ywBBarno,2025-08-01,1,2026-04-18T13:56:36.567914+00:00
c1d97eb3-1603-4b9e-8f91-2f4f150b4fab,Cheat Codes,Carnival,Cheat Codes - Carnival,,,Carnival,"Cheat Codes, Öwnboss",2025-02-28,92223,cheat-codes,carnival-3,xb-K_9QDzKg,2025-03-01,0,2026-04-28T18:15:42.235321+00:00
d448f4d4-06a7-4f3c-9edd-10c9f232d7a3,Cheat Codes,Don't Leave,Cheat Codes - Don't Leave,,,Don't Leave,チート・コーズ,2025-01-31,90924,cheat-codes,dont-leave,chasHj6aP_8,2025-02-01,0,2026-04-28T18:15:43.427087+00:00
db629d1f-6386-4197-9f8f-aed28b3307ce,Chee,Tomb Of The Scorpion,Chee - Tomb Of The Scorpion,,,,,,85190,chee,tomb-of-the-scorpion,cqEhaYYOuoM,2024-08-01,0,2026-04-28T18:15:49.35971+00:00
1d895158-5487-4db1-a8b8-6133b31695b8,Cher,Believe,Cher - Believe,,,,,,,,,,,1,2026-03-21T16:04:46.460885+00:00
b5c5a9e8-2546-42ec-ab74-40e6899427e5,Cher Lloyd,Green Light,Cher Lloyd - Green Light,,,Green Light,Cher Lloyd,2025-04-04,94824,cher-lloyd,green-light,ybxm5RX755U,2025-04-01,0,2026-04-28T18:16:09.884774+00:00
aa895140-7193-48cd-8f31-c39c61797717,Cher Lloyd,Head Down,Cher Lloyd - Head Down,,,Head Down,シェール・ロイド,2025-01-17,89708,cher-lloyd,head-down-3,7kLg_lg2lo0,2025-01-01,0,2026-04-28T18:16:11.0803+00:00
b5063400-8708-47c7-90c2-495d697fe386,Chet Faker,Inefficient Love,Chet Faker - Inefficient Love,,,Inefficient Love,Chet Faker,2025-09-10,108161,chet-faker,inefficient-love,49pPZk707EY,2025-09-01,0,2026-04-28T18:16:32.2874+00:00
1e1a9fda-5a2c-4f18-96ad-90484d14ce1d,Chevy Woods,One Hundred / Business Meetings,Chevy Woods - One Hundred / Business Meetings,,,undefined,,,92857,chevy-woods,one-hundred-business-meetings,Ojz22PGB6p8,2025-02-01,0,2026-04-28T18:16:35.925164+00:00
710a0637-f561-4354-877b-10fc69bb9e5c,Chez Kane,Alone,Chez Kane - Alone,,,Alone,Erik Grönwall,2025-02-28,85798,chez-kane,alone-9,r7aeHHiZEGU,2023-03-01,0,2026-04-28T18:16:38.411248+00:00
e26fda42-4da2-469b-ba32-8922dd563085,Chic,Good Times,Chic - Good Times,,,,,,,,,,,1,2026-04-25T05:04:30.886376+00:00
c1351323-45c8-41d0-8685-281161e6626e,Chic,Good Times Bite The Dust,Chic - Good Times Bite The Dust,,,undefined,,,69180,chic,good-times-bite-the-dust,0wDku5hMH-U,2010-11-01,0,2026-04-28T18:16:51.188752+00:00
b8cc8a7d-9f91-4996-9a8f-73b226deb0cb,Chicago,25 Or 6 To 4,Chicago - 25 Or 6 To 4,,,25 or 6 to 4 - 2002 Remaster,Chicago,1970-01-26,97796,chicago,25-or-6-to-4,8A3HZvGN0qs,1970-06-01,0,2026-04-28T18:16:44.550278+00:00
89abac8a-1da1-4ece-8428-04ccc4119cda,Chicago,Beginnings,Chicago - Beginnings,,,Beginnings - 2002 Remaster,Chicago,1969-04-28,97813,chicago,beginnings,lI-BMDnti4c,1969-10-01,0,2026-04-28T18:16:47.507377+00:00
02537282-e86d-4d4f-b976-2f4ded9c9f50,Chicago,Does Anybody Really Know What Time It Is?,Chicago - Does Anybody Really Know What Time It Is?,,,Does Anybody Really Know What Time It Is?,Chicago,1975-11-10,97801,chicago,does-anybody-really-know-what-time-it-is,9FzCWLOHUes,1970-10-01,0,2026-04-28T18:16:43.180717+00:00
fd023dc0-16d0-4a88-b110-43b406a5de42,Chicago,Free,Chicago - Free,,,Call to Muster and Battle Cry Of Freedom,"John Williams, Chicago Symphony Orchestra",2012-11-02,97805,chicago,free-3,5VK77V4hWTo,1971-02-01,0,2026-04-28T18:16:41.947399+00:00
b2d6ab79-1840-4d16-9012-18bfa7842f7c,Chicago,Look Away,Chicago - Look Away,,,,,,,,,,,1,2026-03-20T13:32:52.35655+00:00
20619ce8-0a68-43a4-8f2a-7cbb8d6570b7,Chicago,Lowdown,Chicago - Lowdown,,,Lowdown - 2002 Remaster,Chicago,1971-01-11,97809,chicago,lowdown,6LlZCBbeZTk,1971-04-01,3,2026-03-26T07:43:02.865536+00:00
9e53ffdf-7bb9-48ae-9931-ca4eb68f2c75,Chicago,Make Me Smile,Chicago - Make Me Smile,,,Make Me Smile (Single Version) - 2002 Remaster,Chicago,1970-01-26,97792,chicago,make-me-smile,nMk-Qdajf3M,1970-03-01,0,2026-04-28T18:16:46.000001+00:00
771a49f0-c10d-4f20-8aec-53f01e634895,Chicago,Questions 67 And 68,Chicago - Questions 67 And 68,,,Questions 67 and 68 - 2002 Remaster,Chicago,1969-04-28,97788,chicago,questions-67-and-68,0TKaFqhmmg4,1969-07-01,0,2026-04-28T18:16:48.689242+00:00
a46dd2cd-a817-45ff-86bc-e6523a62b9e1,Chicane,Saltwater,Chicane - Saltwater,,,undefined,,,98171,chicane,saltwater-2,_uuk3i_eGMc,2025-04-01,0,2026-04-30T11:07:04.548204+00:00
3f3d3751-1ab4-48e9-9892-d89253d8fd23,Childish Gambino,Feels Like Summer,Childish Gambino - Feels Like Summer,,,,,,,,,,,1,2026-04-21T11:56:16.843091+00:00
de7db6bb-a851-4b87-be76-73dbb70d8d07,China Moses,The Other Way Round,China Moses - The Other Way Round,,,The Other Way Round,"Gabin, China Moses",2011-12-23,107392,china-moses,the-other-way-round,82zMe6vYY6g,2011-11-01,0,2026-04-28T19:08:14.672728+00:00
5e47b0c3-d46e-47ee-a63e-0ba2cbe26342,Chloe Qisha,21st Century Cool Girl,Chloe Qisha - 21st Century Cool Girl,,,21st Century Cool Girl,Chloe Qisha,2025-01-22,92946,chloe-qisha,21st-century-cool-girl,M20-Dm-5OBM,2025-01-01,0,2026-04-28T18:17:17.615672+00:00
408fd513-70cc-458a-a040-058e249de54e,Chloe Qisha,"Sex, Drugs & Existential Dread","Chloe Qisha - Sex, Drugs & Existential Dread",,,"Sex, Drugs, Etc.",Beach Weather,2023-03-03,92941,chloe-qisha,sex-drugs-existential-dread,flyqRjoWr3s,2025-03-01,0,2026-04-28T18:17:16.408637+00:00
68942c04-4a5d-4e1a-b924-47b8d31c9b45,Chloe Slater,Fig Tree,Chloe Slater - Fig Tree,,,Fig Tree,Chloe Slater,2024-11-29,91135,chloe-slater,fig-tree,D31tsWwYe7g,2024-11-01,0,2026-04-28T18:17:22.445219+00:00
0e574b7c-0c40-42a2-81e5-37da84fb09fa,Chloe Slater,Sucker,Chloe Slater - Sucker,,,Sucker,Chloe Slater,2025-02-04,91130,chloe-slater,sucker-3,eFX96TYYwLo,2025-02-01,0,2026-04-28T18:17:21.249642+00:00
e1944454-4712-4fca-8aeb-aa1e1c15fdd8,Chris Brown,Another One,Chris Brown - Another One,,,Another One (feat. Chris Brown),"Elevation Worship, Chris Brown",2024-02-09,62460,chris-brown,another-one,q6LJWkw_vls,2024-02-01,0,2026-04-30T11:08:00.618228+00:00
6eaa1d35-660c-43e6-9aa2-d30ea99b15cc,Chris Brown,Residuals,Chris Brown - Residuals,,,Residuals,クリス・ブラウン,2024-04-11,89957,chris-brown,residuals,46p-IxAVJ74,2025-01-01,0,2026-04-28T18:17:32.443721+00:00
21c255ec-e11f-4b2f-bd1c-3b6619f238ce,Chris Brown,Welcome To The Party,Chris Brown - Welcome To The Party,,,undefined,,,107055,chris-brown,welcome-to-the-party,9fE7g8xGJM0,2025-08-01,0,2026-04-28T18:17:30.139025+00:00
958a895b-a361-4857-b449-859bf0879e51,Chris Daughtry,Freefall,Chris Daughtry - Freefall,,,FREEFALL (feat. Chris Daughtry),"NOTHING MORE, Chris Daughtry",2025-03-28,94779,chris-daughtry,freefall-2,JbG4J79CcGE,2025-03-01,0,2026-04-29T05:53:05.920715+00:00
ade38d49-2ba4-4625-a99d-674dbdbb95a4,Chris Grey,If I Had You...,Chris Grey - If I Had You...,,,IF I HAD YOU...,Chris Grey,2025-01-24,104333,chris-grey,if-i-had-you,BL-rAzdfNso,2025-01-01,0,2026-04-28T18:17:42.312223+00:00
855bdd81-f4c5-4504-8286-4e7a7eb68cb7,Chris Webby,In My Baggie,Chris Webby - In My Baggie,,,In My Baggie,"Chris Webby, Scott Storch",2025-09-03,107623,chris-webby,in-my-baggie,TNxP8_huxyQ,2025-09-01,0,2026-04-28T18:17:55.778516+00:00
613b0b3e-82ba-410d-ba8a-c2a04fe06553,Chrissie Hynde,Me & Mrs Jones,Chrissie Hynde - Me & Mrs Jones,,,Me & Mrs Jones (feat. k.d. lang),"Chrissie Hynde, k.d. lang",2025-09-16,108879,chrissie-hynde,me-mrs-jones,u57Lwt162Io,2025-09-01,0,2026-04-28T18:18:10.450731+00:00
696d6974-5e8b-436a-9cbd-55e2128611f3,Chrissy Chlapecka,Passionfruit,Chrissy Chlapecka - Passionfruit,,,Passionfruit,Chrissy Chlapecka,2025-09-26,110267,chrissy-chlapecka,passionfruit,pgJOwe55l8Y,2025-09-01,0,2026-04-28T18:18:14.175635+00:00
7994747e-e131-46ad-9523-c6968fda17cb,Christina Aguilera,Someday At Christmas,Christina Aguilera - Someday At Christmas,,,Someday at Christmas - Live from the Eiffel Tower,Christina Aguilera,2025-12-11,124789,christina-aguilera,someday-at-christmas,gQvLDt898dU,2025-12-01,0,2026-04-28T18:18:26.647129+00:00
9d582f40-61fd-4b65-bfdb-ab0532f50c7e,Christina Perri,A Thousand Years,Christina Perri - A Thousand Years,,,,,,,,,,,1,2026-04-21T13:33:06.92668+00:00
a28a148a-9137-4428-8db9-acb1934559fd,Christine and the Queens,5 Dollars,Christine and the Queens - 5 Dollars,,,5 dollars,Christine and the Queens,2018-09-21,108665,christine-and-the-queens,5-dollars,v8eulIH7tU0,2018-09-01,0,2026-04-29T14:00:26.958284+00:00
cad6ba46-d022-48c1-8ceb-f5b41b230950,Christine and the Queens,Doesn't Matter,Christine and the Queens - Doesn't Matter,,,Doesn't matter (voleur de soleil),Christine and the Queens,2018-09-21,108660,christine-and-the-queens,doesnt-matter-2,UCwD5f1APTY,2018-07-01,0,2026-04-29T14:00:29.149282+00:00
9d60a3bb-55f8-41e5-bdfd-e91e727cc4df,Christine and the Queens,Girlfriend,Christine and the Queens - Girlfriend,,,Girlfriend,"Christine and the Queens, DāM-FunK",2018-09-21,108655,christine-and-the-queens,girlfriend-7,S0NMTuz9Duo,2018-05-01,0,2026-04-29T14:00:31.313839+00:00
d6ab1e7b-0aa8-47f5-9281-4315cd51d92e,Christine And The Queens,Gone,Christine And The Queens - Gone,,,Gone,"Charli xcx, Christine and the Queens",2019-09-13,108670,charli-xcx,gone-3,chSZCtLrgz8,2019-07-01,0,2026-04-30T11:09:41.777836+00:00
c0b6c01b-60aa-4a7a-ae0b-4c85ac88fc59,Christine and the Queens,"People, I've Been Sad","Christine and the Queens - People, I've Been Sad",,,"People, I've been sad",Christine and the Queens,2020-02-27,108675,christine-and-the-queens,people-ive-been-sad,uNGguudoLVs,2020-02-01,0,2026-04-28T18:18:39.01688+00:00
4748f2b8-93b5-471a-bbcb-f27d7f00d85c,Christine and the Queens,Tilted,Christine and the Queens - Tilted,,,Tilted,Christine and the Queens,2016-08-19,108649,christine-and-the-queens,tilted,9RBzsjga73s,2015-11-01,0,2026-04-29T14:00:33.545306+00:00
08ef6b28-5f9c-472b-b7c8-70decee5d64f,Christopher,Lose A You,Christopher - Lose A You,,,Lose A You,Christopher,2025-01-31,90393,christopher,lose-a-you,gn2q8oOL4z4,2025-02-01,0,2026-04-28T18:18:43.786941+00:00
f432bd8a-c041-4c17-9936-122387c2b3ca,Chumbawamba,Farewell To The Crown,Chumbawamba - Farewell To The Crown,,,,,,70573,chumbawamba,farewell-to-the-crown,4XmNNb63TVo,1997-09-01,0,2026-04-28T18:19:05.923234+00:00
4f89a0ab-ca84-445e-8d01-be7fd889a163,Chumbawamba,Her Majesty,Chumbawamba - Her Majesty,,,undefined,,,70592,chumbawamba,her-majesty,u2d4FD9SRww,2002-05-01,0,2026-04-28T18:19:01.084277+00:00
be1ac8aa-17c1-49f4-9972-9e1316f94563,CHVRCHES,The Killing Moon,CHVRCHES - The Killing Moon,,,,,,40782,chvrches,the-killing-moon-2,vE4f1VoRp2s,2021-08-01,0,2026-04-28T18:19:14.323554+00:00
2e6400d1-e364-442f-87cc-2e77865a2a75,Cian Ducrot,Who’s Making You Feel It,Cian Ducrot - Who’s Making You Feel It,,,Who’s Making You Feel It,Cian Ducrot,2025-01-17,89845,cian-ducrot,whos-making-you-feel-it,BJOyIs31qBc,2025-01-01,0,2026-04-28T18:19:22.854351+00:00
a111f6f0-94e5-4793-8e3a-2aa3f2021247,Ciara,Dance With Me,Ciara - Dance With Me,,,Dance With Me,"Ciara, Tyga",2025-08-22,106378,ciara,dance-with-me-4,tGLuMoaVG1E,2025-08-01,0,2026-04-28T18:19:28.84169+00:00
51a3cb33-5de1-4b15-9995-18ef29bff5f0,Ciara,Low,Ciara - Low,,,Low,"Ciara, Diamond Platnumz",2025-08-25,106723,ciara,low-4,LBdAQaV1oQo,2025-08-01,0,2026-04-28T18:19:27.69527+00:00
fc14bc25-a26b-4d82-b363-07b06eeb0fec,Ciara,Sk8,Ciara - Sk8,,,,,,,,,,2025-10-01,0,2026-04-28T19:41:52.253151+00:00
5d867cc8-9fa9-46b6-af24-11e71b23d63b,Cil,Loser,Cil - Loser,,,Loser,Cil,2025-03-21,94301,cil,loser-5,FuAsBr4_5dk,2025-03-01,0,2026-04-28T18:19:41.259248+00:00
57199f6d-49e0-4f55-9bd6-f904a637a2ab,Cil,One More Shot,Cil - One More Shot,,,One More Shot,Cil,2023-03-03,94312,cil,one-more-shot,q2qmpAfgkMY,2023-06-01,0,2026-04-28T18:19:43.751628+00:00
203b678a-bd00-4a23-9047-8a86130cf4ef,Cil,You're A Liar,Cil - You're A Liar,,,You're a Liar (You Love Me),Cil,2025-02-07,94307,cil,youre-a-liar,uCMoXhN1gPo,2025-02-01,0,2026-04-28T18:19:42.480243+00:00
30d79d48-b793-4517-9398-c450675cda39,Cissy Houston,You're The Fire,Cissy Houston - You're The Fire,,,,,,76969,cissy-houston,youre-the-fire,lw79gkbHQ_c,1980-01-01,0,2026-04-28T18:19:53.92161+00:00
c9fed7eb-5519-42cf-9b80-b9f33554d3b5,Citizen Queen,Crush,Citizen Queen - Crush,,,Crush,Citizen Queen,2025-02-14,90766,citizen-queen,crush-7,UJ2gdZcsyY0,2025-02-01,0,2026-04-28T18:19:57.514319+00:00
fab51e72-33dc-4623-9660-89e4e80ef1d1,Citizen Soldier,Better Off Broken,Citizen Soldier - Better Off Broken,,,Better off Broken,Citizen Soldier,2025-04-16,97662,citizen-soldier,better-off-broken,vQJADFTaXVE,2025-04-01,0,2026-04-28T18:20:04.966376+00:00
16219bc6-9d73-452e-b524-957f23879d8c,Citizen Soldier,Too Loud,Citizen Soldier - Too Loud,,,Too Loud,Citizen Soldier,2025-08-20,106105,citizen-soldier,too-loud-3,k5IIc10QYKk,2025-08-01,0,2026-04-28T18:20:03.735378+00:00
72a721f4-4755-4f47-bc71-0c890e95471e,CIZA,Isaka,CIZA - Isaka,,,Isaka (6am),"CIZA, Jazzworx, Thukuthela",2025-04-11,107036,ciza,isaka,sel1mCYFJ8U,2025-05-01,0,2026-04-28T18:20:18.672094+00:00
5ec3727a-82b3-4b46-844e-cdf52f2e74ed,Claire Rosinkranz,Dancer,Claire Rosinkranz - Dancer,,,Dancer,Claire Rosinkranz,2025-08-15,105991,claire-rosinkranz,dancer-2,Q8vLXtVQ8FU,2025-08-01,0,2026-04-28T18:20:21.275236+00:00
4d9867dd-50a7-40dd-b9b1-1326782ec486,Claire Rosinkranz,Wes Anderson,Claire Rosinkranz - Wes Anderson,,,,,,58440,claire-rosinkranz,wes-anderson,l0pcyFwi5dQ,2023-09-01,0,2026-04-28T18:20:23.655708+00:00
28657b1a-ef02-4ca0-a277-7f90dd610b49,Clairo,In Love With A Memory,Clairo - In Love With A Memory,,,In Love With A Memory,"SASAMI, Clairo",2025-01-28,90140,clairo,in-love,uxBRKqZjwOQ,2025-01-01,0,2026-04-29T07:31:57.069131+00:00
c7fcdcce-54ac-4b65-bb22-805128dfb83d,Clairo,Terrapin,Clairo - Terrapin,,,Terrapin,Clairo,2024-07-12,90325,clairo,terrapin,YGZTSl_Uqf0,2025-02-01,0,2026-04-28T18:20:32.528475+00:00
7ec17565-f86f-4fe7-aeb4-73090df82b78,Claudia Valentina,When I'm High,Claudia Valentina - When I'm High,,,When I'm High,Claudia Valentina,2025-02-28,103447,claudia-valentina,when-im-high,4us6hJE7fJs,2025-02-01,0,2026-04-28T18:20:48.443868+00:00
8f7ce479-cb70-44cf-b69f-3bd1aa523d9b,Clementine Douglas,Come Find Me,Clementine Douglas - Come Find Me,,,Come Find Me (with Clementine Douglas),"MK, Clementine Douglas",2025-09-26,110220,clementine-douglas,come-find-me-2,6OW3iHBFbDs,2025-09-01,0,2026-04-30T11:12:46.385376+00:00
e5d9ab05-a9f3-451b-a9d9-ee2a93e9dcde,Clementine Douglas,Tell Me,Clementine Douglas - Tell Me,,,Tell Me,"Sonny Fodera, Clementine Douglas",2025-02-07,90548,clementine-douglas,tell-me-3,SJMLCyhYvCE,2025-02-01,0,2026-04-30T11:12:48.52953+00:00
83c75d4c-a36e-4ca4-8a3b-3f58ea43387a,clipping.,Body & Blood,clipping. - Body & Blood,,,Body & Blood,clipping.,2014-06-10,109125,clipping,body-blood,3ZAPtFRpuu8,2014-05-01,0,2026-04-28T18:21:21.924486+00:00
0030e3fc-6b8b-4738-bd3b-54ba37733491,clipping.,Mirrorshades Pt. 1,clipping. - Mirrorshades Pt. 1,,,Mirrorshades pt. 1,"clipping., Daveed Diggs, Jonathan Snipes, William Hutson",2025-09-19,109115,clipping,mirrorshades-pt-1,4NFoGxf5MZA,2025-09-01,0,2026-04-28T18:21:15.85351+00:00
e0f363f0-7c81-44a7-9061-fb34b5db21a1,clipping.,Nothing Is Safe,clipping. - Nothing Is Safe,,,Nothing is Safe,clipping.,2019-10-18,109135,clipping,nothing-is-safe,fIrpLBShe1A,2019-08-01,0,2026-04-28T18:21:19.504704+00:00
5b3ad165-73cf-4adf-b8b3-43c91adad692,clipping.,Shooter,clipping. - Shooter,,,Shooter,clipping.,2021-05-12,109130,clipping,shooter,nm65PCbUMZI,2016-11-01,0,2026-04-28T18:21:20.699902+00:00
a7bfe759-a4c6-49c2-921a-501be0fc2730,clipping.,Work Work,clipping. - Work Work,,,Work Work,"clipping., Cocc Pistol Cree",2014-06-10,109120,clipping,work-work,-2GozE6XEqg,2014-05-01,0,2026-04-28T18:21:23.118405+00:00
1dce7c5f-acdb-44f5-9f47-279c089274dc,Close Enemies,Sound Of A Train,Close Enemies - Sound Of A Train,,,Sound Of A Train,Close Enemies,2025-01-17,89890,close-enemies,sound-of-a-train,rUCVJqLE2D0,2025-01-01,0,2026-04-28T18:21:30.3846+00:00
7594ed63-3a31-4404-b430-dcb02958eb24,CLOVES,Focus,CLOVES - Focus,,,Focus (feat. CLOVES),"John Summit, CLOVES",2025-01-17,92517,cloves,focus-2,P6GPG_dpq0A,2025-01-01,0,2026-04-28T19:44:22.651368+00:00
b2580a34-9694-4b8f-85a3-951d1c0c20d4,Club des Belugas,Hip Hip Chin Chin,Club des Belugas - Hip Hip Chin Chin,,,Hip Hip Chin Chin - Yaziko Club Mix,Club des Belugas,2009-11-16,107384,club-des-belugas,hip-hip-chin-chin-yaziko-club-mix,rrcS9PzWCQg,2009-11-01,0,2026-04-28T18:21:36.390121+00:00
42cb2b73-0cbf-4446-ab14-06a2f7eec684,CMAT,Running/planning,CMAT - Running/planning,,,Running/Planning,CMAT,2025-03-25,94924,cmat,running-planning,hAvWMb-zoKM,2025-03-01,0,2026-04-28T18:21:42.756695+00:00
2de3006b-d9c9-4459-a593-ea77598302c2,CMAT,Stay For Something,CMAT - Stay For Something,,,Stay For Something,CMAT,2023-10-13,94929,cmat,stay-for-something,Msm7B15G0hY,2023-09-01,0,2026-04-28T18:21:44.051101+00:00
a02e9951-e029-46e0-bdc3-e107445ef553,CMAT,When A Good Man Cries,CMAT - When A Good Man Cries,,,When A Good Man Cries,CMAT,2025-08-27,106791,cmat,when-a-good-man-cries,ADfHrteW-QE,2025-08-01,0,2026-04-28T18:21:39.055348+00:00
d0d4abe8-d0ef-49a9-8f30-60313f8c81e4,Coast Contra,Don't Worry,Coast Contra - Don't Worry,,,DON'T WORRY,Coast Contra,2025-08-22,109830,coast-contra,dont-worry-3,NjRvXjSHze4,2025-10-01,0,2026-04-28T18:21:50.360181+00:00
273310dd-da9d-4de2-9454-d1c0b7c31e1a,Coco Jones,Taste,Coco Jones - Taste,,,Taste,Coco Jones,2025-02-21,91532,coco-jones,taste-3,hZ2nxrPHHe0,2025-02-01,0,2026-04-28T18:22:04.23737+00:00
fad0d02a-130d-44e4-8ecd-7ef6f57c13f4,Coco Steel & Lovebomb,Yachts,Coco Steel & Lovebomb - Yachts,,,Yachts - A Man Called Adam mix,Coco Steel Lovebomb,2000-10-31,107418,coco-steel-lovebomb,yachts-a-man-called-adam-mix,IpT83Ag7rAc,2000-10-01,0,2026-04-28T18:22:11.531302+00:00
8849ee9a-8db2-4c6b-bbf7-642b08f8c064,Cody Frost,Sometimesican'tfeelathing,Cody Frost - Sometimesican'tfeelathing,,,SOMETIMESICAN'TFEELATHING,Cody Frost,2025-09-12,108432,cody-frost,sometimesicantfeelathing,aMqs_odvezY,2025-09-01,0,2026-04-28T18:22:26.218825+00:00
28ea7826-ee94-4bc2-b160-c8e6e5b22917,Coheed and Cambria,Blind Side Sonny,Coheed and Cambria - Blind Side Sonny,,,Blind Side Sonny,Coheed and Cambria,2024-10-02,92990,coheed-and-cambria,blind-side-sonny,bb_hDngr8ao,2024-10-01,0,2026-04-28T18:22:40.555893+00:00
624c5495-1a55-428f-9809-938897734d42,Coheed and Cambria,"Goodbye, Sunshine","Coheed and Cambria - Goodbye, Sunshine",,,"Goodbye, Sunshine",Coheed and Cambria,2025-03-14,93308,coheed-and-cambria,goodbye-sunshine,kQoNcH7lZG0,2025-08-01,0,2026-04-28T18:22:34.413922+00:00
e8cf5fd1-8924-4723-85c6-ee209fe8a7bb,Coheed and Cambria,Searching For Tomorrow,Coheed and Cambria - Searching For Tomorrow,,,Searching for Tomorrow,Coheed and Cambria,2024-11-20,92994,coheed-and-cambria,searching-for-tomorrow,hDsYGLbmadg,2024-11-01,0,2026-04-28T18:22:39.385834+00:00
547f7cdd-2a65-4f08-aa9b-f2197064cb38,Coheed and Cambria,Someone Who Can,Coheed and Cambria - Someone Who Can,,,Someone Who Can,Coheed and Cambria,2025-01-14,89599,coheed-and-cambria,someone-who-can,mld4KuTNg0M,2025-01-01,0,2026-04-28T18:22:38.243669+00:00
eeaa5307-70ba-4a75-a5de-15651c232f24,Coi Leray,Act Like You Know,Coi Leray - Act Like You Know,,,Act Like You Know,"Coi Leray, Shoreline Mafia",2025-10-01,109784,coi-leray,act-like-you-know,3C2WlJaOihU,2025-10-01,0,2026-04-28T18:22:44.160518+00:00
19b06e17-3767-455f-8604-67a357b87643,Coi Leray,Get Loud,Coi Leray - Get Loud,,,,,,59580,coi-leray,get-loud,9rfI1Q7F0EQ,2023-06-01,0,2026-04-28T18:22:50.22121+00:00
7c18c0bf-8e74-40cf-a56e-0fe01b5f46bb,Coi Leray,Make My Day,Coi Leray - Make My Day,,,,,,59576,coi-leray,make-my-day,ut2yYv5EW68,2023-06-01,0,2026-04-29T14:10:13.606353+00:00
7d985dc0-b4d8-4f9b-aea6-42ed225cef9c,Coldplay,Aeterna,Coldplay - Aeterna,,,AETERNA,コールドプレイ,2024-10-04,90075,coldplay,aeterna-2,OtVnV_uIPaQ,2025-01-01,0,2026-04-28T18:23:08.216574+00:00
f9f8c9f0-6473-4558-a6b9-6099033d07dd,Coldplay,Man In The Moon,Coldplay - Man In The Moon,,,Man in The Moon,コールドプレイ,2024-10-03,90292,coldplay,man-in-the-moon,f9Jpualtehw,2025-02-01,0,2026-04-28T18:23:07.02647+00:00
803752ff-be39-42e8-b6ef-7abf0782fb75,Conan Gray,Bed Rest,Conan Gray - Bed Rest,,,Bed Rest,Conan Gray,2025-03-20,94093,conan-gray,bed-rest,-zoIL0n_9Vw,2025-03-01,0,2026-04-28T18:23:48.218856+00:00
2283e8de-3804-497a-9b3d-a8af51aa2da5,Conan Gray,Caramel,Conan Gray - Caramel,,,Caramel,Conan Gray,2025-08-15,105842,conan-gray,caramel-2,hYZk9Xz25AQ,2025-08-01,0,2026-04-28T18:23:44.641092+00:00
e0e39329-152a-4adb-8127-ea219745f9b7,Confidence Man,I Heart You,Confidence Man - I Heart You,,,I HEART YOU,"Confidence Man, Eliza Rose",2025-02-27,92043,confidence-man,i-heart-you,0NRCKP5KYnM,2025-02-01,0,2026-04-28T18:24:01.530164+00:00
40615192-0d8f-44d4-bfe0-a5ea00b65c34,Connor Price,By My Side,Connor Price - By My Side,,,By My Side,Connor Price,2025-08-29,108458,connor-price,by-my-side-2,1wsxKHQAw5M,2025-08-01,0,2026-04-28T18:24:18.06666+00:00
7fdaef01-e0ca-4399-bda1-b9094557e534,Connor Price,More Mentors,Connor Price - More Mentors,,,More Mentors,"Connor Price, Idris Elba",2025-09-26,109855,connor-price,more-mentors,VZcP6UGxgLU,2025-10-01,0,2026-04-28T18:24:14.255089+00:00
fba1b486-e49a-450d-b628-0fc3564d8b43,Connor Price,Push,Connor Price - Push,,,Push,"Connor Price, Nic D",2025-09-05,107763,connor-price,push,x3UZQe54qbk,2025-09-01,0,2026-04-28T18:24:16.832998+00:00
63f2175a-d0b9-4dcc-87d3-bc0a0af418c0,Connor Price,Runnin,Connor Price - Runnin,,,Runnin,Connor Price,2025-09-12,108833,connor-price,runnin-2,q3jKpm_zkT0,2025-09-01,0,2026-04-28T18:24:15.563172+00:00
00151477-cd2d-4330-af66-c2eaa87fd481,Connor Price,Too Easy,Connor Price - Too Easy,,,Too Easy,"Connor Price, Nic D",2025-01-24,101167,connor-price,too-easy-2,zOVkU-P3SyA,2025-01-01,0,2026-04-29T14:05:39.451388+00:00
6ab87495-cbbc-4b8b-ad39-1e785e5b6d45,Conor Maynard,Cherry On Top,Conor Maynard - Cherry On Top,,,Cherry On Top,Conor Maynard,2025-09-26,109421,conor-maynard,cherry-on-top-2,YGs60wR27_Q,2025-09-01,0,2026-04-28T18:24:19.533106+00:00
8b6b3504-4449-40a1-be2f-6831842cb42c,Coolio,Gangsta's Paradise,Coolio - Gangsta's Paradise,,,,,,,,,,,2,2026-03-21T15:15:42.65373+00:00
82ecff39-94f7-4b87-8f48-924d9655f055,Coolio,Lowdown,Coolio - Lowdown,,,Low Down,"Jimmy Sommers, Coolio",2001-03-15,107502,coolio,lowdown-2,fISjQ0M6NpQ,2010-08-01,0,2026-04-30T11:16:48.0055+00:00
71e22de4-e6a9-4c4b-b033-966219ec3cce,Corbin,Come Down,Corbin - Come Down,,,Come Down,Corbin,2025-03-12,93372,corbin,come-down-2,BUajChBavto,2025-03-01,0,2026-04-28T18:24:29.436045+00:00
de513a06-9b1b-41d3-ba03-cd3888007241,Corbyn Besson,Blink,Corbyn Besson - Blink,,,Blink (feat. TZUYU),"Corbyn Besson, TZUYU",2025-09-26,109380,corbyn-besson,blink-2,QcuV8h_I1y0,2025-09-01,0,2026-04-28T18:24:30.657484+00:00
a22cd99a-ced5-4380-8cf4-6cc7d59144aa,Corinne Bailey Rae,Put Your Records On,Corinne Bailey Rae - Put Your Records On,,,,,,,,,,,1,2026-04-01T14:21:58.339775+00:00
a1694e02-3f9d-4433-89eb-c9dbeaef40d0,Coroner,Renewal,Coroner - Renewal,,,Renewal,コロナー,2025-08-15,109164,coroner,renewal,3O8PtResaY8,2025-08-01,0,2026-04-28T18:24:52.864047+00:00
8e4aa8bf-d8de-4462-bab3-d849f38d79c1,Coroner,Symmetry,Coroner - Symmetry,,,Symmetry,コロナー,2025-09-17,109159,coroner,symmetry,zbVBf10fkts,2025-09-01,0,2026-04-28T18:24:51.635084+00:00
7f990971-99ca-4944-87e9-83edee19f1af,Corrina Greyson,You Don't Know,Corrina Greyson - You Don't Know,,,You Don't Know (feat. Corrina Greyson),"Lefties Soul Connection, Corrina Greyson",2011-11-11,107486,corrina-greyson,you-dont-know,QS7XfkuZWqk,2011-11-01,0,2026-04-30T11:17:11.40439+00:00
adec0c96-7c6a-47a9-9f8e-d6d081facb61,Cosmic Gate,I'm On Fire,Cosmic Gate - I'm On Fire,,,I'm On Fire,"Cosmic Gate, James French",2025-03-07,94888,cosmic-gate,im-on-fire,okEVip0RIR8,2025-03-01,0,2026-04-28T18:24:59.119848+00:00
703980e1-d7d7-46dc-bc02-245c18911756,Counting Crows,Big Yellow Taxi,Counting Crows - Big Yellow Taxi,,,Big Yellow Taxi,"Counting Crows, Vanessa Carlton",2002-01-01,91503,counting-crows,big-yellow-taxi-2,tvtJPs8IDgU,2002-11-01,0,2026-04-28T18:25:10.033099+00:00
d7351d92-c9f4-42fa-bfe6-80a431de00fb,Counting Crows,Spaceman In Tulsa,Counting Crows - Spaceman In Tulsa,,,Spaceman In Tulsa,Counting Crows,2025-02-21,91498,counting-crows,spaceman-in-tulsa,TplWUkNt0Dw,2025-02-01,0,2026-04-28T18:25:08.852679+00:00
9ca637ac-bdfa-49d6-8503-7ecf25bb34c2,Counting Crows,Under The Aurora,Counting Crows - Under The Aurora,,,Under The Aurora,Counting Crows,2025-04-04,94815,counting-crows,under-the-aurora,QMzFO8CAmK0,2025-04-01,0,2026-04-28T18:25:07.607184+00:00
6ecd451a-3da1-4dc2-8898-174e1974bfa8,Courage My Love,I Sell Comics,Courage My Love - I Sell Comics,,,,,,44210,courage-my-love,i-sell-comics,nnGesOIWnSM,2011-07-01,0,2026-05-01T02:23:18.04437+00:00
23e7fb52-ba89-49ae-8c37-8b953d31a866,Courage My Love,Paradise,Courage My Love - Paradise,,,,,,44033,courage-my-love,paradise,o4ysy7Istfs,2012-10-01,0,2026-04-28T18:25:22.7566+00:00
ff4a06e1-2c0b-42df-b6dc-f1a06b5e8752,Courtney LaPlante,My House,Courtney LaPlante - My House,,,My House - feat. Courtney LaPlante,"PVRIS, Courtney LaPlante",2025-02-18,91426,courtney-laplante,my-house-4,WlnW1KLTAHw,2025-02-01,0,2026-04-29T06:46:02.472525+00:00
14041175-2cd1-4758-a61d-b94dafb9bbed,Cowboy Killer,Day Dreams,Cowboy Killer - Day Dreams,,,undefined,,,60114,cowboy-killer,60114,YQelZom_MSc,2024-01-01,0,2026-04-28T18:25:30.415193+00:00
784d76a2-3a81-4feb-9904-4e4d3df7f701,CRADLE OF FILTH,White Hellebore,CRADLE OF FILTH - White Hellebore,,,White Hellebore,Cradle Of Filth,2025-03-11,93276,cradle-of-filth,white-hellebore,xJWD2MmxqFE,2025-03-01,0,2026-04-28T18:25:32.910855+00:00
c4bc1990-2338-4341-aa7a-6acb59aab2e7,Craig David,Commitment,Craig David - Commitment,,,Commitment,"Craig David, Tiwa Savage",2025-02-26,91904,craig-david,commitment,7PtkPjUGPLY,2025-02-01,0,2026-04-28T18:25:36.702187+00:00
223881e8-a641-45f3-9159-9dda5e6c4e27,Craig David,Sos,Craig David - Sos,,,SOS,クレイグ・デイヴィッド,2025-01-17,89619,craig-david,sos-4,r5UIfP6KCyY,2025-01-01,0,2026-04-28T18:25:37.932693+00:00
f277c00f-8db0-4de5-89bb-23e2fea85872,Craig David,Wake Up,Craig David - Wake Up,,,Wake Up,Craig David,2025-04-16,97647,craig-david,wake-up-6,2OrZ8a1PMuA,2025-04-01,0,2026-04-28T18:25:35.487197+00:00
5dfe134e-275b-4f6e-b7e9-d7e0ebc71c3f,Crazy Lixx,Hunt For Danger,Crazy Lixx - Hunt For Danger,,,Hunt for Danger,クレイジー・リックス,2025-01-20,89894,crazy-lixx,hunt-for-danger,N2ek6RhktVQ,2025-01-01,0,2026-04-28T18:26:32.261147+00:00
aaf66ac2-fd7d-4e88-b4a4-adb1e42c7dbc,Cristale,G.o.a.t,Cristale - G.o.a.t,,,G.O.A.T (feat. Cristale) - Sky 25 Mix,"Kasabian, Cristale",2025-08-15,105889,cristale,g-o-a-t-sky-25-mix,GFmg1fvRjMw,2025-08-01,0,2026-04-28T19:52:05.686842+00:00
a261faba-cdc4-4f2c-9691-1a4c25c56383,Crowder,The Rock,Crowder - The Rock,,,THE ROCK,"Forrest Frank, Crowder",2025-08-22,106585,crowder,the-rock,GyVBooq7ht4,2025-08-01,0,2026-04-28T19:03:53.660724+00:00
b97da930-c559-4c22-b8fc-9972dce276db,Cuco,My 45,Cuco - My 45,,,My 45 (with Jean Carter),"Cuco, Jean Carter",2025-03-14,93496,cuco,my-45,vEv1qv88W-8,2025-03-01,0,2026-04-28T18:27:25.553784+00:00
f3666a2a-f7f7-4fd8-9580-9f9c8ddc5730,Culture Wars,Typical Ways,Culture Wars - Typical Ways,,,Typical Ways,Culture Wars,2025-03-28,95004,culture-wars,typical-ways,rFj2zExDYck,2025-03-01,0,2026-04-28T18:27:46.812921+00:00
880180c5-a662-4ac1-853b-ec3ac3f8e6de,Cyn,Hard To Love,Cyn - Hard To Love,,,Hard To Love,Cyn,2024-11-29,92199,cyn,hard-to-love,idPKfkplLCA,2025-01-01,0,2026-04-28T18:28:31.384924+00:00
64ea5ddd-ade7-41ce-b28a-f0414f283604,Cyn,Love You Like I Want To,Cyn - Love You Like I Want To,,,Love You Like I Want To,Cyn,2024-11-29,92194,cyn,love-you-like-i-want-to,r5wxb_MFjiQ,2025-02-01,0,2026-04-28T18:28:28.867362+00:00
e3817c8c-60fb-4ee1-89d2-b10640daf810,Cyn,The Smiths,Cyn - The Smiths,,,The Smiths,Cyn,2024-11-29,92204,cyn,the-smiths,lYn_Oa9tcLI,2025-02-01,0,2026-04-28T18:28:30.105677+00:00
2b8db97d-8374-4617-b4da-1e67709ddc2b,Cynthia Erivo,Replay,Cynthia Erivo - Replay,,,Replay,Cynthia Erivo,2025-02-28,92228,cynthia-erivo,replay,0GpFGJqx7BI,2025-02-01,0,2026-04-28T18:28:26.439099+00:00
9d603891-ef57-4c7c-953e-3dfa7f2eb14e,CYRIL,The Sound Of Silence,CYRIL - The Sound Of Silence,,,The Sound of Silence - CYRIL Remix,"Disturbed, CYRIL",2024-02-02,97987,cyril,the-sound-of-silence-cyril-remix,uIBJJ3M76Mg,2024-02-01,0,2026-04-28T18:42:02.282933+00:00
e7fc3327-a3c1-430f-af2c-431aad0a089f,D.c.j,♪となりのトトロ/井上あずみ,D.c.j - ♪となりのトトロ/井上あずみ,,,,,,,,,,,1,2026-03-30T15:59:46.028185+00:00
91df3ed6-d358-4243-aa5b-f4b43e5c1bcc,d4vd,Crashing,d4vd - Crashing,,,Crashing (with Kali Uchis),"d4vd, Kali Uchis",2025-02-28,91894,d4vd,crashing,TLwgq6ae_Dc,2025-02-01,0,2026-04-28T18:29:01.871378+00:00
c1701dd0-843b-4332-ac33-1daa6806a5f5,d4vd,Locked & Loaded,d4vd - Locked & Loaded,,,Locked & Loaded (Official Fortnite Anthem),d4vd,2025-09-03,107831,d4vd,locked-loaded,r-o7gu1DLTg,2025-09-01,0,2026-04-28T18:28:54.54762+00:00
593d3f80-c5e4-4c90-8d5d-14fdcf495ff7,d4vd,One More Dance,d4vd - One More Dance,,,One More Dance,d4vd,2025-02-07,90384,d4vd,one-more-dance,DPBuJWUNQEM,2025-02-01,0,2026-04-28T18:29:03.109507+00:00
f6fc5f37-2a98-46d4-b4d4-773254b2017a,d4vd,What Are You Waiting For,d4vd - What Are You Waiting For,,,What Are You Waiting For,d4vd,2025-03-28,95071,d4vd,what-are-you-waiting-for,-XwQwynG7Nc,2025-04-01,0,2026-04-28T18:29:00.660549+00:00
0b249e7f-05ce-48b8-8748-8e5aec07d95c,Dababy,Ima Hoe Too,Dababy - Ima Hoe Too,,,IMA HOE TOO (with Yung Miami),"DaBaby, Yung Miami",2025-02-14,90963,dababy,ima-hoe-too,uc0fD6hEVxw,2025-02-01,0,2026-04-28T18:29:13.01979+00:00
c112ab04-3db2-42ff-979c-e00c82f9c466,Dababy,Not Like Us,Dababy - Not Like Us,,,undefined,,,86485,dababy,not-like-us-2,aC75Bkk25l8,2024-05-01,0,2026-04-28T18:29:15.582173+00:00
ba6d01c8-0f8d-41ba-a18d-681ae9301b58,Dababy,Save Me,Dababy - Save Me,,,Save Me,"Goldiie Lux, DaBaby",2025-08-29,109303,dababy,save-me-7,Pozk2fI6CGE,2025-09-01,0,2026-04-28T18:29:11.817632+00:00
04eb1ea3-9886-4b87-8d77-f21b8baf5f5b,Dabin,I See You,Dabin - I See You,,,I See You,"Dabin, NURKO, Skylar Grey",2025-02-14,92142,dabin,i-see-you,G8cSlhD66QM,2025-02-01,0,2026-04-28T18:29:18.124111+00:00
527d4f14-26a4-4c3a-84d3-828fea66169e,Daedric,Undone,Daedric - Undone,,,Undone,Daedric,2025-07-18,107290,daedric,undone-3,c-HCQqXBvzI,2025-07-01,0,2026-04-28T18:29:30.701755+00:00
8040a05a-003f-43ea-9a28-8f35e4502926,Daft Punk,Get Lucky,Daft Punk - Get Lucky,,,,,,,,,,,2,2026-03-30T17:52:52.422613+00:00
900bc722-3707-4405-b381-62b263e75054,Daft Punk,Sterbinszky And Coddie Mashup,Daft Punk - Sterbinszky And Coddie Mashup,,,undefined,,,69200,daft-punk,sterbinszky-and-coddie-mashup,MgmRLgxAJ1s,2013-09-01,0,2026-04-28T18:29:33.234744+00:00
752e0718-a05a-45c5-8d73-d3f362bcc94a,Daisy the Great,Ballerina,Daisy the Great - Ballerina,,,Ballerina,Daisy the Great,2025-03-05,92644,daisy-the-great,ballerina,2bCAQ9rSCM8,2025-03-01,0,2026-04-28T18:29:46.39062+00:00
842658b0-44d9-4129-87e3-d2f032ed51ae,Dame Tu Cosita,"El Chombo, Dancing Green Alien Ft. Cutty Ranks","Dame Tu Cosita - El Chombo, Dancing Green Alien Ft. Cutty Ranks",,,,,,,,,,,1,2026-03-31T00:27:12.565351+00:00
9922289f-8549-4f35-b280-785a8f064b0c,Damiano David,Die With A Smile,Damiano David - Die With A Smile,,,,,,86562,damiano-david,die-with-a-smile-lady-gaga-bruno-mars-cover,DeBYBD7E-Zg,2024-11-01,0,2026-04-28T18:30:00.227303+00:00
a8273930-ac34-4824-9ef4-e77df9a4b118,Damiano David,Next Summer,Damiano David - Next Summer,,,Next Summer,Damiano David,2025-02-28,91839,damiano-david,next-summer,EFqvVSqh6R8,2025-02-01,0,2026-04-28T18:29:56.657033+00:00
f8383323-8e98-4f0b-886a-1f1b7f17797e,Damiano David,Nothing Breaks Like A Heart,Damiano David - Nothing Breaks Like A Heart,,,Nothing Breaks Like a Heart - Spotify Singles,Damiano David,2025-01-29,90604,damiano-david,nothing-breaks-like-a-heart,kGmJQn3MLQU,2025-02-01,0,2026-04-28T18:29:57.862231+00:00
8ad766aa-47b4-438b-9f58-d304d7ed7ad6,Damiano David,Talk To Me,Damiano David - Talk To Me,,,"Talk to Me (feat. Tyla, Nile Rodgers)","Damiano David, Tyla, Nile Rodgers",2025-09-12,108141,damiano-david,talk-to-me-6,PLTJeyrvdaA,2025-09-01,0,2026-04-28T18:29:50.618822+00:00
069f94bd-ae2a-47b7-8ca9-e7230bdf4562,DAMNED,Neat Neat Neat,DAMNED - Neat Neat Neat,,,Neat Neat Neat,"Motörhead, The Damned",2025-09-10,108268,damned,neat-neat-neat,YG8UQVY5WNk,2025-09-01,0,2026-04-30T11:19:56.546608+00:00
a51cca5e-df27-4d78-970b-1a82588e5600,Dan Hartman,Waiting To See You,Dan Hartman - Waiting To See You,,,,,,77084,dan-hartman,waiting-to-see-you,vPgRwbwvvxI,1986-01-01,0,2026-04-28T18:30:12.274941+00:00
53571f7d-07e1-4502-8e48-f2bc2df95466,Daniel Caesar,Rearrange My World,Daniel Caesar - Rearrange My World,,,Rearrange My World,"Daniel Caesar, Rex Orange County",2025-02-14,90833,daniel-caesar,rearrange-my-world,mZOf5_rIfK4,2025-02-01,0,2026-04-28T18:31:17.672689+00:00
4999fe5d-4567-4b37-9df5-99a38c0f56a8,Daniel Sahuleka,Everybody Feel The Groove,Daniel Sahuleka - Everybody Feel The Groove,,,undefined,,,77094,daniel-sahuleka,everybody-feel-the-groove,OrAw2R-TdWw,1981-01-01,0,2026-04-28T18:31:23.621834+00:00
69b01636-5ebc-425f-83e1-6fedc1410bc6,Daniel Sahuleka,We'll Go Out Tonight,Daniel Sahuleka - We'll Go Out Tonight,,,undefined,,,77097,daniel-sahuleka,well-go-out-tonight,n-gqTF45K00,1981-01-01,0,2026-04-28T18:31:22.427012+00:00
6418c1b1-bf81-416b-a88a-7f014680a45b,Daniel Seavey,Lose Me Like You Mean It,Daniel Seavey - Lose Me Like You Mean It,,,Lose Me Like You Mean It,Daniel Seavey,2025-03-07,92966,daniel-seavey,lose-me-like-you-mean-it,pIyCqSkb3mE,2025-03-01,0,2026-04-28T18:31:26.05973+00:00
7119dd86-4ce3-4b09-a6a6-cbf2716bf660,Danko Jones,What You Need,Danko Jones - What You Need,,,What You Need,Danko Jones,2025-04-04,106575,danko-jones,what-you-need-3,mgHtnecVT8o,2025-04-01,0,2026-04-28T18:31:33.244261+00:00
b6eb8405-080c-4c1d-accd-0b5af8f61e23,Darci,Code Red,Darci - Code Red,,,Code Red,Darci,2023-08-25,99709,darci,code-red,eDQtHP7zfeE,2025-02-01,0,2026-04-28T18:31:50.65638+00:00
0f289dcb-9aeb-4e42-9469-4033cec8bbb0,Darci,High Grade,Darci - High Grade,,,High Grade,Darci,2024-11-08,99719,darci,high-grade,8EVVO7jD55Q,2024-11-01,0,2026-04-28T18:31:53.154763+00:00
965f2ee4-aa92-4a6b-a2a8-86f9fc0780ff,Darci,Throwback,Darci - Throwback,,,Throwback,Darci,2024-12-13,99714,darci,throwback,MMPaHVcwFqM,2024-12-01,0,2026-04-28T18:31:51.895448+00:00
63ad4360-19e6-43af-a1b1-91131b76c389,Darci,Won't,Darci - Won't,,,Won't - Skeler Remix,"Darci, Skeler",2024-06-21,99724,darci,wont-skeler-remix,L7_oSfyWU_0,2024-06-01,0,2026-04-28T18:31:54.377623+00:00
ee167c5f-56b9-4968-8240-d2c4e8384df9,DARKSIDE,S.n.c,DARKSIDE - S.n.c,,,S.N.C,DARKSIDE,2025-01-08,89370,darkside,s-n-c,fKiS9DPARDg,2025-01-01,0,2026-04-28T18:32:06.947798+00:00
bd2f1f30-863c-4ef0-8286-4fa95e78c458,Dasha,Like It Like That,Dasha - Like It Like That,,,Like It Like That,Dasha,2025-08-22,106313,dasha,like-it-like-that,4Zy_y-h74rM,2025-08-01,0,2026-04-28T18:32:40.033147+00:00
c46598d1-7c01-49ee-8854-bec1664a1899,Dave East,Let's Wrap About It: Christmas Special,Dave East - Let's Wrap About It: Christmas Special,,,,,,125643,dave-east,lets-wrap-about-it-christmas-special,1xevEHIAbfI,2025-12-01,0,2026-04-30T11:21:37.066492+00:00
0a88bc0a-3542-4391-ac6f-e337138be6d1,DAVE PIKE SET,Mathar,DAVE PIKE SET - Mathar,,,Mathar,Dave Pike Set,2014-01-31,107537,dave-pike-set,mathar,CVzepkiNmQU,1969-01-01,0,2026-04-28T18:32:59.012855+00:00
e4933bcd-487e-426c-b187-3dbdd6907df8,David Archuleta,Crème Brulée,David Archuleta - Crème Brulée,,,Crème Brulée,David Archuleta,2025-03-21,94251,david-archuleta,creme-brulee-2,0U8cNV2IjXQ,2025-03-01,0,2026-04-28T18:33:09.351217+00:00
3d78a938-0970-4e69-8da5-0c18f3e93c33,David Bowie,Ashes To Ashes,David Bowie - Ashes To Ashes,,,Ashes to Ashes - 2017 Remaster,David Bowie,1980,93824,david-bowie,still-gonna-love-you,SN1ZwjRICDU,1980-08-01,0,2026-04-28T18:33:22.880303+00:00
3fefd846-2042-44e4-abfe-5585d53ca149,David Bowie,Blue Jean,David Bowie - Blue Jean,,,Blue Jean - 2018 Remaster,David Bowie,1984-09-29,93615,david-bowie,blue-jean,U5Q221yhd2o,1984-09-01,0,2026-04-28T18:33:16.636541+00:00
513a974d-94e0-4dc0-9265-144ebd395c67,David Bowie,China Girl,David Bowie - China Girl,,,China Girl - 2018 Remaster,David Bowie,1983-04-14,93826,david-bowie,china-girl,_YC3sTbAPcU,1983-05-01,0,2026-04-28T18:33:19.127831+00:00
9584d8eb-b8d0-470b-b564-15dbc1b3afd7,David Bowie,Drive-in Saturday,David Bowie - Drive-in Saturday,,,Drive-In Saturday - 2013 Remaster,David Bowie,1973-04-13,92450,david-bowie,drive-in-saturday,WABWNOEwC9A,1973-04-01,0,2026-04-29T14:09:28.109032+00:00
3c768ab3-30e0-4ce3-a890-c238a5250340,David Bowie,Fashion,David Bowie - Fashion,,,Fashion - 2017 Remaster,David Bowie,1980,93846,david-bowie,fashion,F-z6u5hFgPk,1980-10-01,0,2026-04-28T18:33:21.653144+00:00
146efeb9-db42-447e-9188-1619a465c71d,David Bowie,Heroes,David Bowie - Heroes,,,Heroes - 2017 Remaster,David Bowie,1977,93869,david-bowie,heroes-3,lXgkuM2NhYI,1977-09-01,0,2026-04-28T18:33:24.161958+00:00
9ff3c2cf-e727-4cfd-bda4-4f5814d378e2,David Bowie,"John, I'm Only Dancing","David Bowie - John, I'm Only Dancing",,,"John, I'm Only Dancing - 2002 Remaster",David Bowie,2002-10-21,92442,david-bowie,john-im-only-dancing,lmVVyhpuFRc,1972-09-01,0,2026-04-29T14:09:33.236436+00:00
1d09b69f-5282-4c18-a594-401d7d60de1b,David Bowie,Let's Dance,David Bowie - Let's Dance,,,Let's Dance - 2018 Remaster,David Bowie,1983-04-14,93825,david-bowie,lets-dance-2,VbD_kBJc_gI,1983-03-01,0,2026-04-28T18:33:20.359856+00:00
dd7841aa-b588-4865-a0b0-268a96e95b37,David Bowie,Life On Mars?,David Bowie - Life On Mars?,,,Life on Mars? - 2015 Remaster,David Bowie,1971-12-17,92455,david-bowie,life-on-mars,AZKcl4-tcuo,1973-06-01,1,2026-04-25T12:07:50.482726+00:00
59725e21-b727-44b4-870f-b7c58aee3196,David Bowie,Modern Love,David Bowie - Modern Love,,,Modern Love - 2018 Remaster,David Bowie,1983-04-14,93836,david-bowie,modern-love,HivQqTtiHVw,1983-09-01,0,2026-04-28T18:33:17.882655+00:00
0ccc1f4a-ca9f-4197-ba84-e40336d4130f,David Bowie,Rebel Rebel,David Bowie - Rebel Rebel,,,Rebel Rebel - 2016 Remaster,David Bowie,1974-05-24,92464,david-bowie,rebel-rebel,DJxCsVcZL2I,1974-02-01,0,2026-04-29T14:09:20.984149+00:00
229a0d00-caad-4452-8dd3-782142cab841,David Bowie,Sorrow,David Bowie - Sorrow,,,Sorrow - 2015 Remaster,David Bowie,1973-10-19,92460,david-bowie,sorrow-2,RmQ2OJgzkMg,1973-09-01,0,2026-04-29T14:09:23.137218+00:00
0df263d9-5116-4a22-9d99-dbe47631b90d,David Bowie,Sound And Vision,David Bowie - Sound And Vision,,,Sound and Vision - 2017 Remaster,David Bowie,1977,93875,david-bowie,sound-and-vision,ZV_UsQPTBy4,2018-04-01,1,2026-04-08T15:32:19.142851+00:00
94b23494-01ef-408a-98ca-58935abe4200,David Bowie,Space Oddity,David Bowie - Space Oddity,,,Space Oddity - 2015 Remaster,David Bowie,1969-11-04,92433,david-bowie,space-oddity,iYYRH4apXDo,1969-07-01,0,2026-04-29T14:09:37.547805+00:00
18888b4d-a394-40aa-8e40-d1e6d51b54b6,David Bowie,Starman,David Bowie - Starman,,,Starman - 2012 Remaster,David Bowie,1972-06-06,92437,david-bowie,starman,t365MuktYQs,1972-04-01,1,2026-03-26T13:39:01.857152+00:00
9a87249e-8f33-40d1-8976-ca3b7c0bf70c,David Bowie,The Jean Genie,David Bowie - The Jean Genie,,,The Jean Genie - 2013 Remaster,David Bowie,1973-04-13,92446,david-bowie,the-jean-genie,kMYg_Ra4cr8,1972-11-01,0,2026-04-29T14:09:30.275233+00:00
47d3b130-8786-4efb-9a3d-f61c65aa96c4,David Bowie,This Is Not America,David Bowie - This Is Not America,,,,,,,,,,,1,2026-04-05T14:46:29.579614+00:00
1819121e-cad9-48f6-acbb-f1a207f365a1,David Byrne,What Is The Reason For It?,David Byrne - What Is The Reason For It?,,,What Is The Reason For It?,"David Byrne, Ghost Train Orchestra, Hayley Williams",2025-09-03,107854,david-byrne,what-is-the-reason-for-it,6Hq4yFSMZbQ,2025-09-01,0,2026-04-28T18:33:27.824548+00:00
a819d5bd-bb9f-4bca-aeb0-b60cb2509f1e,David Guetta,After You,David Guetta - After You,,,After You (feat. FAANGS),"David Guetta, Kiko, Olivier Giacomotto, FAANGS",2025-09-12,108324,david-guetta,after-you-2,veFcip3T1bg,2025-09-01,0,2026-04-28T18:33:43.826455+00:00
2e307d87-b53b-49a7-8bc5-716645cf9c36,David Guetta,Beautiful People,David Guetta - Beautiful People,,,Beautiful People - Extended,"David Guetta, Sia",2025-03-07,92365,david-guetta,beautiful-people-3,S2fSojJqyNY,2025-03-01,0,2026-04-29T14:09:51.136699+00:00
3e28530a-2329-4dc0-a3ff-c7c884fcad84,David Guetta,Gone Gone Gone,David Guetta - Gone Gone Gone,,,Gone Gone Gone,"David Guetta, Teddy Swims, Tones And I",2025-10-10,110398,david-guetta,gone-gone-gone-2,_kwiNpRZlDI,2025-10-01,0,2026-04-28T18:33:42.555011+00:00
826c07f4-fd06-439f-85cf-82fa0883498e,David Guetta,Jennifer Lopez & David Guetta - Save Me Tonight,David Guetta - Jennifer Lopez & David Guetta - Save Me Tonight,,,,,,,,,,,0,2026-03-20T05:12:49.759674+00:00
f20c0fe4-3600-4ccb-8ac4-69f5ff02edbd,David Guetta,My Life,David Guetta - My Life,,,"My Life (ft. Swae Lee, PnB Rock, KABU)","Steve Aoki, David Guetta, Swae Lee, PnB Rock, KABU",2025-01-31,90558,david-guetta,my-life-2,zbKOYBVpnOQ,2025-01-01,0,2026-04-29T08:15:54.261199+00:00
e44edc81-d106-412b-b467-e492499a1def,David Guetta,Shout,David Guetta - Shout,,,Shout,"Nicky Romero, David Guetta",2025-02-14,90785,david-guetta,shout-2,ni74_0L91r8,2025-02-01,0,2026-04-29T05:43:11.348812+00:00
12e2dcbc-ad44-4b83-985f-d106a28958ea,David Kushner,Love Worth Saving,David Kushner - Love Worth Saving,,,Love Worth Saving,David Kushner,2025-02-14,90902,david-kushner,love-worth-saving,nMne7URJgFA,2025-02-01,0,2026-04-28T18:33:49.160112+00:00
f9db0718-ab60-4521-a0ac-20a865e53359,David Lee Roth,Yankee Rose,David Lee Roth - Yankee Rose,,,Yankee Rose,デイヴィッド・リー・ロス,1986,90610,david-lee-roth,yankee-rose,65o3MFsb0BY,1986-01-01,0,2026-04-28T18:33:57.873588+00:00
83947546-3e75-4e10-8c5f-c8f2833d1aaf,Dax,Blueprint 2,Dax - Blueprint 2,,,undefined,,,63680,dax,jay-z-blueprint-2-remix,WZddPZUhbhg,2024-03-01,0,2026-05-01T02:37:00.603726+00:00
b650a9f5-5ff7-4170-b1e1-fb5056931d73,Dax,Diary Of An Alcoholic,Dax - Diary Of An Alcoholic,,,Diary Of An Alcoholic (10 Shots),Dax,2025-09-26,109616,dax,diary-of-an-alcoholic,0XMFwdfMQmQ,2025-09-01,0,2026-04-28T18:34:19.02095+00:00
a1d441c3-b089-4890-86d2-71ef153aa9f0,Dax,Houdini,Dax - Houdini,,,,,,77820,dax,houdini-3,zyefOCRZMpA,2024-08-01,0,2026-04-28T18:34:27.782368+00:00
e3d442c0-5440-4dca-bedd-793d9528d4bb,Dax,I Hate That I Love You,Dax - I Hate That I Love You,,,i hate that i love you,Dax,2024-12-06,92852,dax,i-hate-that-i-love-you,yKMrdBDb80w,2025-03-01,0,2026-04-28T18:34:21.542987+00:00
a49a3eb2-f8f2-4ace-a9d1-fcdfab084d75,Dax,Took My Heart Out,Dax - Took My Heart Out,,,Took My Heart Out,Dax,2024-12-06,90474,dax,took-my-heart-out,LTlfl4M-GX0,2025-02-01,0,2026-04-28T18:34:22.812969+00:00
2cd9cbe9-6a43-40e4-b239-090b7dde1337,Dax,You're The Problem,Dax - You're The Problem,,,You're The Problem,Dax,2024-12-06,107778,dax,youre-the-problem,-kA2ReyByZU,2025-09-01,0,2026-04-28T18:34:20.312113+00:00
ea96e041-d5c6-4490-b90c-e02a97e29e7e,Daxlin Veylo,"I’m Falling For You, Can’t You See","Daxlin Veylo - I’m Falling For You, Can’t You See",,,undefined,,,100477,daxlin-veylo,im-falling-for-you-cant-you-see,45RTt5F_EiY,2025-05-01,0,2026-04-28T18:34:13.852902+00:00
346543fc-0feb-4957-b1a2-3570c19ed696,Daya,Dreamin,Daya - Dreamin,,,Dreamin (feat. Daya),"Dom Dolla, Daya",2025-02-07,90553,daya,dreamin-2,C3uhKNDCbZA,2025-02-01,0,2026-04-28T18:43:32.908655+00:00
4ba944b7-3c34-414f-bbb1-4c314ce41a8d,Dayseeker,Shapeshift,Dayseeker - Shapeshift,,,Shapeshift,Dayseeker,2025-08-22,106457,dayseeker,shapeshift,i54TDDW4CmY,2025-08-01,0,2026-04-28T18:34:40.49117+00:00
673baae7-cf98-4914-978d-3cfa2e62a77d,Dayton,Comin To Get My Love,Dayton - Comin To Get My Love,,,,,,74632,dayton,comin-to-get-my-love,4JWkpBPjfyk,1985-01-01,0,2026-04-28T18:34:50.432384+00:00
09785587-a145-4c52-ac42-3d24e5dea8d6,Dayton,I've Got Me,Dayton - I've Got Me,,,,,,74627,dayton,ive-got-me,9JiXaJVCG8o,1985-01-01,0,2026-04-28T18:34:51.651513+00:00
8c0a9634-8556-4b84-be2c-f5a513415d95,De Phazz,The Mambo Craze,De Phazz - The Mambo Craze,,,The Mambo Craze,De-Phazz,2003-02-03,107414,de-phazz,the-mambo-craze,WsHY_4RW0_Y,1999-07-01,0,2026-04-28T18:35:22.961649+00:00
a392ea87-d167-445e-87ed-ab6e8a9c5e47,Deacon Blue,The Great Western Road,Deacon Blue - The Great Western Road,,,The Great Western Road,Deacon Blue,2025-03-21,94044,deacon-blue,the-great-western-road,iewzh012viM,2025-03-01,0,2026-04-28T18:35:25.559954+00:00
9f1ad566-5d8b-4dc6-8bb6-07d5f8d3f398,Deacon Blue,Wait On Me,Deacon Blue - Wait On Me,,,Wait on Me,Deacon Blue,2025-03-21,97833,deacon-blue,wait-on-me,yiz_Q4OQdjw,2025-04-01,0,2026-04-28T18:35:24.291526+00:00
b5b461ea-1177-4b3a-a0ff-5b7f9ffb3663,Deadlands,Kundalini,Deadlands - Kundalini,,,Kundalini,"Deadlands, Pretty Wild",2025-02-07,91001,deadlands,kundalini,jaskiDsbKkw,2025-02-01,0,2026-04-28T18:36:20.001569+00:00
29529f7b-c308-4f0d-8e96-c9ac0269f7bf,Dean Lewis,I Hate That It's True,Dean Lewis - I Hate That It's True,,,I Hate That It's True,Dean Lewis,2025-04-10,95246,dean-lewis,i-hate-that-its-true,tiXhXpbqwSo,2025-04-01,0,2026-04-28T18:36:35.558528+00:00
f55715f2-96d7-4c6b-b58c-e80df2d9d317,Dean Lewis,With You,Dean Lewis - With You,,,With You,Dean Lewis,2025-01-09,89393,dean-lewis,with-you-5,GurljGjfrVs,2025-03-01,0,2026-04-28T18:36:36.783946+00:00
35eb69a5-c93c-42c4-9670-7437db995826,dearALICE,Ariana,dearALICE - Ariana,,,Ariana,dearALICE,2025-02-21,92219,dearalice,ariana,bBkX2hCQXEM,2025-03-01,0,2026-04-28T18:36:41.590618+00:00
a4cff8a0-ee5c-4b80-94c6-001367758945,Death Of Heather,Horoscope,Death Of Heather - Horoscope,,,Horoscope,"Death Of Heather, torrayot",2025-08-15,107270,death-of-heather,horoscope,95sFkNsfE68,2025-08-01,0,2026-04-28T18:36:56.283603+00:00
0c32e374-25d1-47c1-941b-aa9e26bab84d,DeathByRomy,Pray To Me,DeathByRomy - Pray To Me,,,PRAY TO ME,"DeathbyRomy, Palaye Royale",2025-03-07,92688,deathbyromy,pray-to-me,NZzht9MRk50,2025-03-01,0,2026-04-28T18:37:02.560422+00:00
fee8d9d5-4cc2-4535-9a46-9aecadc0912c,Deathless Legacy,Miserere,Deathless Legacy - Miserere,,,Miserere,Deathless Legacy,2025-01-16,89809,deathless-legacy,miserere,f6Whs8NsXBQ,2025-01-01,0,2026-04-28T18:37:10.251972+00:00
eb189a7e-5c54-4f10-a5a8-18c8a5183b15,Deathless Legacy,Sanctified,Deathless Legacy - Sanctified,,,Sanctified,Deathless Legacy,2025-02-27,92387,deathless-legacy,sanctified-2,DS0CfBY2GZE,2025-02-01,0,2026-04-28T18:37:08.984891+00:00
ec678dba-1dbf-4c16-816c-0f83c367e7db,Debbie Gibson,Legendary,Debbie Gibson - Legendary,,,Legendary - Me&Lee Mix,Debbie Gibson,2025-08-29,106669,debbie-gibson,legendary-melee-mix,AInY25kRDqQ,2025-08-01,0,2026-04-28T18:37:14.048246+00:00
213ac630-382c-4186-88f4-5de42da07beb,Debbii Dawson,You Killed The Music,Debbii Dawson - You Killed The Music,,,You Killed The Music,Debbii Dawson,2025-02-21,91800,debbii-dawson,you-killed-the-music,aFLh58plBYg,2025-02-01,0,2026-04-28T18:37:19.652891+00:00
07de6bcf-068b-4416-941e-12079ba20539,Dee Dee Bridgewater,Flying Saucer,Dee Dee Bridgewater - Flying Saucer,,,Flying Saucer,"United Future Organization, Dee Dee Bridgewater",1999,107345,dee-dee-bridgewater,flying-saucer,EriES7708OI,2001-01-01,0,2026-04-29T09:17:44.57072+00:00
1a1e5087-2a19-4a42-858a-451a8e94df27,Dee Dee Bridgewater,Into My Soul,Dee Dee Bridgewater - Into My Soul,,,Into My Soul,"Gabin, Dee Dee Bridgewater",2011-12-23,107494,dee-dee-bridgewater,into-my-soul,X9wA-5nM2B8,2011-12-01,0,2026-04-28T19:08:13.413655+00:00
a9bfaa57-b523-4c46-8bfa-5ede2aafabb3,Deep Forest,Sing With The Birds,Deep Forest - Sing With The Birds,,,Sing with the Birds,Deep Forest,2016-06-10,109900,deep-forest,sing-with-the-birds,6tf8iua8zL0,2015-10-01,0,2026-04-28T18:37:31.145132+00:00
606c2ee8-62b4-4d9c-bf09-4e6e23a4d111,Deep Sea Diver,Let Me Go,Deep Sea Diver - Let Me Go,,,Let Me Go (feat. Madison Cunningham),"Deep Sea Diver, Madison Cunningham",2025-02-04,90704,deep-sea-diver,let-me-go-3,MmQq7TUEhos,2025-02-01,0,2026-04-28T18:37:38.810927+00:00
62fe190c-ce84-4f67-9825-c1c21c1a96cf,Deep Sea Diver,Shovel,Deep Sea Diver - Shovel,,,Shovel,Deep Sea Diver,2025-01-07,89880,deep-sea-diver,shovel,ocrJUAI85LA,2025-01-01,0,2026-04-28T18:37:40.072734+00:00
6f13feb8-2973-403c-8b91-761b911221dc,Deep Sea Diver,What Do I Know,Deep Sea Diver - What Do I Know,,,What Do I Know,Deep Sea Diver,2025-02-26,92113,deep-sea-diver,what-do-i-know,hokGuFIw1PQ,2025-02-01,0,2026-04-28T18:37:37.479945+00:00
12e54c1f-6b0e-4434-ac14-0ae861d98b68,Def Leppard,Stand By Me,Def Leppard - Stand By Me,,,Stand By Me,デフ・レパード,2025-01-31,90301,def-leppard,stand-by-me-4,NfRGGVMqMrY,2025-02-01,0,2026-04-28T18:37:43.660297+00:00
160518a0-00d8-4553-97fe-5e22ed0c83e2,Deftones,Departing The Body,Deftones - Departing The Body,,,departing the body,Deftones,2025-08-22,106424,deftones,departing-the-body,zGQBsLWhfK0,2025-08-01,0,2026-04-28T18:37:58.330682+00:00
bc557288-a93f-41eb-b477-350143f727d0,Deftones,I Think About You All The Time,Deftones - I Think About You All The Time,,,i think about you all the time,Deftones,2025-08-22,106813,deftones,i-think-about-you-all-the-time,b09HHmPvliw,2025-08-01,0,2026-04-28T18:37:57.151217+00:00
db2b9014-fd9d-48be-ac05-8c4182de71e2,Deftones,Infinte Source,Deftones - Infinte Source,,,undefined,,,106072,deftones,infinte-source,U_uVVO7eGic,2025-08-01,0,2026-04-28T18:37:55.967285+00:00
bdf3fbb1-ba19-4bde-a186-24926e08a971,Delegation,Welcome To My World,Delegation - Welcome To My World,,,undefined,,,76171,delegation,welcome-to-my-world,goYvIbqAoYw,1980-04-01,0,2026-04-28T18:38:14.267801+00:00
c753975e-0066-4cb4-89b8-6fbb1d264193,Demi Lovato,Here All Night,Demi Lovato - Here All Night,,,Here All Night,Demi Lovato,2025-09-12,108126,demi-lovato,here-all-night,AeJZe6eHBEA,2025-09-01,0,2026-04-28T18:38:49.5581+00:00
0a65a006-5922-40b2-be22-560fb339df3a,DESTIN CONRAD,Kissing In Public,DESTIN CONRAD - Kissing In Public,,,KISSING IN PUBLIC,DESTIN CONRAD,2025-04-16,97579,destin-conrad,kissing-in-public,8j3xtd78Lxw,2025-04-01,0,2026-04-28T18:39:29.30566+00:00
4c092575-f331-4cfb-a46c-52faeb4bd125,DESTIN CONRAD,The Last Time,DESTIN CONRAD - The Last Time,,,THE LAST TIME,"DESTIN CONRAD, Teezo Touchdown",2025-04-02,95342,destin-conrad,the-last-time-2,uWTZxVPWxLQ,2025-04-01,0,2026-04-28T18:39:30.48629+00:00
e58a8f68-af1d-4504-bcc5-8cf93030c0cd,DESTIN CONRAD,Wash U Away,DESTIN CONRAD - Wash U Away,,,wASH U AWAY,"DESTIN CONRAD, Terrace Martin",2025-08-28,108969,destin-conrad,wash-u-away,VDsvI75T-OA,2025-09-01,0,2026-04-28T18:39:26.919545+00:00
669d4e6a-af15-4621-857d-6345160e1a79,Destroy Lonely,Jumanji,Destroy Lonely - Jumanji,,,jumanji,Destroy Lonely,2025-09-10,108492,destroy-lonely,jumanji,NAY8rl3YL90,2025-09-01,0,2026-04-28T18:39:47.29646+00:00
63f0bdc4-0525-4406-b1a8-d0e68aee1c66,Destroy Lonely,Not The Mayor,Destroy Lonely - Not The Mayor,,,not the mayor,Destroy Lonely,2025-09-22,109495,destroy-lonely,not-the-mayor,6M1rd4n9e44,2025-07-01,0,2026-04-28T18:39:48.484566+00:00
0dfe3001-6c4d-49a0-96e8-e1d530baee50,Destroy Lonely,Screwed Up,Destroy Lonely - Screwed Up,,,screwed up,Destroy Lonely,2025-09-22,109385,destroy-lonely,screwed-up,hG64Cc9VkTw,2025-09-01,0,2026-04-28T18:39:46.102248+00:00
0d7d14c6-4650-4272-8c02-58e50b6d0447,Devin Malik,Back N Love,Devin Malik - Back N Love,,,undefined,"ScHoolboy Q, Devin Malik",,61872,devin-malik,back-n-love,Q3vuOP5iY1A,2024-02-01,0,2026-04-29T07:34:36.338962+00:00
6a6dae67-3c93-42f3-bec3-dbf1234c6e54,DEVO,Satisfaction,DEVO - Satisfaction,,,(I Can't Get No) Satisfaction,DEVO,1978,108634,devo,satisfaction-2,ip-BMGK9bVg,1978-04-01,0,2026-04-28T18:40:16.286055+00:00
b3fe35aa-50e3-4372-8ac8-355f3829ac47,DEVO,Whip It,DEVO - Whip It,,,Whip It,DEVO,1980,108628,devo,whip-it,3bXEHGUvVrA,1980-08-01,1,2026-03-17T16:22:10.415881+00:00
855b54bc-c83f-47bd-9165-120f5b1f3022,Devon Thompson,Devon Thompson- Wishing,Devon Thompson - Devon Thompson- Wishing,,,Wishing,Devon Thompson,2025-09-12,108696,devon-thompson,devon-thompson-wishing,IIbXsQcxdHo,2025-09-01,0,2026-04-28T18:40:12.790764+00:00
6b317e9d-3b46-4048-a481-8f0a3c4ee0e3,Dewa19,Arjuna,Dewa19 - Arjuna,,,,,,,,,,,2,2026-04-18T14:46:19.329111+00:00
b611f119-1320-4ee8-a6e8-b597b76d6942,Diamond Platnumz,Happy,Diamond Platnumz - Happy,,,Happy,Diamond Platnumz,2026-03-20,131537,diamond-platnumz,happy-6,fBOvfOpR39E,2026-03-01,0,2026-04-28T18:40:40.558168+00:00
7c7e9b27-c349-48dc-afcd-6e9d4efe62c9,DIANNE,The Elders' Call,DIANNE - The Elders' Call,,,The Elders' Call,"DIANNE, Dianne van Giersbergen",2025-04-17,97692,dianne,the-elders-call,X8O9IbmMvc0,2025-04-01,0,2026-04-28T18:40:43.144394+00:00
5e3a4708-b0f1-4d54-b83f-9486f1df4a39,Dido,Here With Me,Dido - Here With Me,,,Here With Me,Dido,1999,99222,dido,here-with-me-4,9YPS_HOdbHc,2000-01-01,0,2026-04-28T18:40:47.112131+00:00
ce365d44-40ec-49ae-96b5-aa010db36591,Die Spitz,Punishers,Die Spitz - Punishers,,,Punishers,Die Spitz,2025-08-27,106800,die-spitz,punishers,bf9VTxCF1fw,2025-08-01,0,2026-04-28T18:40:52.150231+00:00
acb71a18-8f18-42be-999e-db94593ad742,Dino Jelusick,Just Before The Dawn,Dino Jelusick - Just Before The Dawn,,,,,,,,,,,1,2026-04-04T17:19:47.944053+00:00
e2113872-705c-4382-83d5-1631d5babff5,Dino Jelusick,"Vocals, Keyboards, Acoustic Guitars","Dino Jelusick - Vocals, Keyboards, Acoustic Guitars",,,,,,,,,,,1,2026-03-29T14:45:22.120261+00:00
0104e5d9-5d64-43a4-82b3-513d0f4ae3fe,"Dino Jelusick, Mike Portnoy",Jane,"Dino Jelusick, Mike Portnoy - Jane",,,,,,,,,,,1,2026-04-11T08:05:59.930554+00:00
3828ce88-0951-46f1-a07b-a2bf7bc3088d,Dinosaur Pile-Up,Bout To Lose It,Dinosaur Pile-Up - Bout To Lose It,,,'Bout To Lose It,Dinosaur Pile-Up,2025-03-13,93538,dinosaur-pile-up,bout-to-lose-it,3bu5mVbAM3o,2025-03-01,0,2026-04-28T18:41:15.905726+00:00
a8d61687-8e07-4809-9980-12b9274a9532,Dinosaur Pile-Up,My Way,Dinosaur Pile-Up - My Way,,,My Way,Dinosaur Pile-Up,2025-04-10,95384,dinosaur-pile-up,my-way-4,-_HbBDo9P-o,2025-04-01,0,2026-04-28T18:41:14.698838+00:00
146493fd-01c0-46ed-97ee-2265d23e4382,Dionnewarwick,That's What Friends Are For,Dionnewarwick - That's What Friends Are For,,,,,,,,,,,1,2026-03-20T12:10:59.309968+00:00
e3a9b099-2bc5-49fa-b00e-46a269a0b972,DIRKSCHNEIDER,Winter Dreams,DIRKSCHNEIDER - Winter Dreams,,,Winter Dreams,"DIRKSCHNEIDER, Doro Pesch",2025-02-06,90516,dirkschneider,winter-dreams,6AxQKqzL_Fs,2025-02-01,0,2026-04-28T18:41:42.032498+00:00
925b2500-74ab-4419-9c18-5152e65868ec,Disclosure,Latch Ft. Sam Smith,Disclosure - Latch Ft. Sam Smith,,,,,,,,,,,1,2026-04-21T11:47:48.148495+00:00
bb4ca5b9-ca2c-409a-b30e-84b36734f53c,Disturbed,I Will Not Break,Disturbed - I Will Not Break,,,I Will Not Break,Disturbed,2025-02-21,91437,disturbed,i-will-not-break,9YICpjeGsbE,2025-02-01,0,2026-04-28T18:42:01.114621+00:00
033c00cd-2975-4b18-be62-8f3602be8816,DJ Cummerbund,We Like It Tricky,DJ Cummerbund - We Like It Tricky,,,,,,38136,dj-cummerbund,we-like-it-tricky,0EmLmtps2HI,2022-12-01,0,2026-04-28T18:42:13.877564+00:00
5763562e-29f2-441a-b0c9-630cf6d7de36,Dj Dark,(It Goes Like) Nanana,Dj Dark - (It Goes Like) Nanana,,,,,,63792,dj-dark,it-goes-like-nanana-dj-dark-remix,hQ-rx3TPH2g,2023-07-01,0,2026-04-29T06:20:48.632415+00:00
a7b90caf-6227-4690-b9a2-5e0682171b48,DJ Khaled,Stay Golden,DJ Khaled - Stay Golden,,,undefined,,,102074,dj-khaled,stay-golden-2,5nNQ4QsvxD4,2025-06-01,0,2026-04-28T18:42:21.373953+00:00
9de5802b-29fb-4ff1-bc8d-57f11ee657de,DJ Kool Herc,B-boy Boogie,DJ Kool Herc - B-boy Boogie,,,undefined,,,73713,dj-kool-herc,b-boy-boogie,2_2CHTE975Q,1980-01-01,0,2026-04-28T18:42:26.206507+00:00
540e41ac-bdfd-4356-963c-f67140a1ecbf,DJ Quik,Take Your Time Get Paid,DJ Quik - Take Your Time Get Paid,,,Take Your Time Get Paid - feat. DJ Quik,"Wiz Khalifa, DJ Quik",2025-04-18,105954,dj-quik,take-your-time-get-paid,JEe_N6myrQk,2025-08-01,0,2026-04-29T09:43:05.888833+00:00
00612159-7548-4a5d-8f2e-fa6bd78d23fa,DJ Snake,Something Wrong,DJ Snake - Something Wrong,,,Something Wrong (with Don Toliver),"DJ Snake, Don Toliver",2025-08-29,109405,dj-snake,something-wrong,U_vai_a2bzk,2025-09-01,0,2026-04-28T18:42:31.002229+00:00
0486d4be-1a41-4d73-b1df-9b7431366a46,DJ.Fresh,Red Eye,DJ.Fresh - Red Eye,,,Red Eye,"The Musalini, DJ.Fresh",2025-05-23,103357,dj-fresh-2,red-eye-2,uiBKmoPm3ms,2025-04-01,0,2026-04-30T11:30:57.16631+00:00
159f6ae8-5e4d-4d9e-a106-1e77e804c656,Djo,Basic Being Basic,Djo - Basic Being Basic,,,Basic Being Basic,Djo,2025-01-24,89997,djo,basic-being-basic,3AYJJQEMHwo,2025-01-01,0,2026-04-28T18:42:39.842806+00:00
34df4e75-d3c9-463c-9c3f-9d6b50369c8b,Djo,Delete Ya,Djo - Delete Ya,,,Delete Ya,Djo,2025-02-27,92053,djo,delete-ya,rBXRMEZCNJA,2025-02-01,0,2026-04-28T18:42:38.632195+00:00
bf3798ba-12b2-4852-88e1-6196b3c7efd5,Djo,Potion,Djo - Potion,,,Potion,Djo,2025-04-02,95109,djo,potion-2,WPm2McTVwrw,2025-04-01,0,2026-04-28T18:42:37.394628+00:00
fb77ccd8-162c-47cb-af94-9085ab6599fd,Doechii,Nosebleeds,Doechii - Nosebleeds,,,Nosebleeds,Doechii,2025-02-03,91337,doechii,nosebleeds,AcIqoSLeATs,2025-02-01,0,2026-04-28T18:42:53.081684+00:00
918b2772-a56e-402a-8bb6-0d2588754730,Doja Cat,Born Again,Doja Cat - Born Again,,,Born Again (feat. Doja Cat & RAYE),"LISA, Doja Cat, RAYE",2025-02-06,91331,doja-cat,born-again-3,kbEC-AGr9n0,2025-02-01,0,2026-04-28T20:13:52.286298+00:00
85c23d40-4cbe-4532-be92-73c96103c177,Doja Cat,Cards,Doja Cat - Cards,,,Cards,Doja Cat,2025-09-26,109694,doja-cat,cards,4DMsvCygTaE,2025-09-01,0,2026-04-28T18:43:08.302513+00:00
0cc1a78b-7962-4a88-b85e-6e6ffbe5db3e,Doja Cat,Gorgeous,Doja Cat - Gorgeous,,,Gorgeous,Doja Cat,2025-09-26,109400,doja-cat,gorgeous-6,nBJRaflBDBg,2025-09-01,0,2026-04-28T18:43:05.899029+00:00
115ecc2e-e76b-45fe-ac0c-a86dcd54a084,Doja Cat,Jealous Type,Doja Cat - Jealous Type,,,Jealous Type,Doja Cat,2025-08-21,106016,doja-cat,jealous-type,lv1MwS56aCo,2025-08-01,0,2026-04-28T18:43:09.489044+00:00
0d042eb1-380b-42d1-8406-aede356e27fd,Doja Cat,Just Us,Doja Cat - Just Us,,,Just Us (feat. Doja Cat),"Jack Harlow, Doja Cat",2025-03-21,93991,doja-cat,just-us-3,OPK14FrnjO0,2025-03-01,0,2026-04-28T19:34:03.422243+00:00
e2b92b35-ba8c-4283-9ac1-414c695f28de,Doja Cat,Stranger,Doja Cat - Stranger,,,Stranger,Doja Cat,2025-09-26,109763,doja-cat,stranger-2,U-124RmcV7I,2025-09-01,0,2026-04-28T18:43:04.674221+00:00
a9f634ef-bcdc-4903-bf58-6c86532073fa,Doja Cat,Take Me Dancing,Doja Cat - Take Me Dancing,,,Take Me Dancing (feat. SZA),"Doja Cat, SZA",2025-09-26,109669,doja-cat,take-me-dancing,XO9WzFvi2bI,2025-09-01,0,2026-04-28T18:43:07.105706+00:00
6a517026-fe24-452c-ae09-04bddba86d9e,DOKKEN,Saving Grace,DOKKEN - Saving Grace,,,Saving Grace,Dokken,2023-10-27,91913,dokken,saving-grace-2,P9uSK7RzOcs,2025-02-01,0,2026-04-28T18:43:13.333256+00:00
6d758c92-ecd5-46b9-95e9-ebde03266e6d,Dollheads,Burger King Is Hiring,Dollheads - Burger King Is Hiring,,,Burger King Is Hiring,The Dollheads,2025-07-25,105945,dollheads,burger-king-is-hiring,VTA8F3PG4hE,2025-08-01,0,2026-04-28T18:43:20.811387+00:00
9124a6fd-15cb-4b61-a051-712e8e652d3b,Domani,Ms. Jackson,Domani - Ms. Jackson,,,,,,129738,domani,ms-jackson-2,dzMrgneToTo,2026-02-01,0,2026-04-28T18:43:39.070307+00:00
ce0198a3-9fd4-47fd-965f-db7fccbb6fd2,DOMi & JD BECK,Smile,DOMi & JD BECK - Smile,,,Smile,Dominic Fike,2025-08-15,105694,domi-jd-beck,smile-5,SmRppchB8vs,2022-04-01,0,2026-04-28T18:43:42.824738+00:00
c96cea05-e904-479a-a6bc-067053f0c302,DOMi & JD BECK,Sniff,DOMi & JD BECK - Sniff,,,SNiFF,DOMi & JD BECK,2022-07-29,105702,domi-jd-beck,sniff,T_GVKklw_ZU,2022-07-01,0,2026-04-28T18:43:40.322138+00:00
a43c82d9-cade-47c4-abc0-17dca3b40106,DOMi & JD BECK,Whatup,DOMi & JD BECK - Whatup,,,WHATUP,DOMi & JD BECK,2022-07-29,105690,domi-jd-beck,whatup,_pXw_ViZoWI,2022-06-01,0,2026-04-28T18:43:41.622243+00:00
78dc204a-a0b7-423e-a582-56a3ba1e7943,Dominic Fike,Great Pretender,Dominic Fike - Great Pretender,,,Great Pretender,Dominic Fike,2025-08-22,106396,dominic-fike,great-pretender,n6vvklfV7zI,2025-08-01,0,2026-04-28T18:43:44.163319+00:00
9b0f7f40-00c1-400b-b330-ecc70293feef,Dominic Fike,Love Hangover,Dominic Fike - Love Hangover,,,Love Hangover (feat. Dominic Fike),"JENNIE, Dominic Fike",2025-01-31,90320,dominic-fike,love-hangover,23urWKmHS6o,2025-01-01,0,2026-04-28T19:39:37.801811+00:00
a2fe8e4a-f613-4214-a36f-e3be5ef31dbe,Dominic Fike,Think Fast,Dominic Fike - Think Fast,,,,,,51398,dominic-fike,think-fast,MFkw_-YbX-0,2023-08-01,0,2026-04-29T09:34:47.924005+00:00
5ca681ed-d5cc-4326-a5a4-cda8a19eabe1,DOMIZIANA,Unsterblich Sein,DOMIZIANA - Unsterblich Sein,,,Unsterblich sein (*) feat. Domiziana,"Kraftklub, Domiziana",2025-09-25,109679,domiziana,unsterblich-sein,4vt9-leCVhw,2025-09-01,0,2026-04-28T20:01:10.453041+00:00
de514b53-0ffb-4d3c-b46d-75fe9363c251,Don Diablo,Lose Control,Don Diablo - Lose Control,,,Lose Control,Don Diablo,2025-09-19,109641,don-diablo,lose-control-3,GeBWSqwEIEs,2025-09-01,0,2026-04-28T18:43:58.269139+00:00
5e88fb47-e9dd-468f-bcbe-17865720ff59,Don Diablo,Remember Me,Don Diablo - Remember Me,,,Remember Me,"Don Diablo, Qobra",2025-03-28,95443,don-diablo,remember-me,aLYnoDvOmwI,2025-03-01,0,2026-04-28T18:44:02.075311+00:00
330ee4a1-419c-46c8-98db-d91df2f1a3f0,Don Diablo,The Way I Are,Don Diablo - The Way I Are,,,The Way I Are,Don Diablo,2025-02-28,92082,don-diablo,the-way-i-are,4H4XSuyUoSE,2025-03-01,0,2026-04-28T18:44:03.300378+00:00
b120883d-ffc4-4802-9b73-d29ebbc39639,Don Louis,Xo,Don Louis - Xo,,,XO,Don Louis,2025-02-07,90948,don-louis,xo,UtDYSrIWhxg,2025-02-01,0,2026-04-28T18:44:09.761267+00:00
6277a1de-2bce-46c9-ba6d-544cf608e3b5,Don Toliver,Joni,Don Toliver - Joni,,,Joni (feat. Don Toliver),"SZA, Don Toliver",2025-02-09,90470,don-toliver,joni,5yFcj9s8Uac,2025-02-01,0,2026-04-29T08:35:21.572415+00:00
037fc2e6-99de-4184-a11c-0e9fad10f202,Don Toliver,Lv Bag,Don Toliver - Lv Bag,,,LV Bag (feat. j-hope of BTS & Pharrell Williams),"Don Toliver, Speedy, j-hope, Pharrell Williams",2025-02-21,91771,don-toliver,lv-bag,LFy4BL_FeuQ,2025-02-01,0,2026-04-29T14:18:29.11642+00:00
85ee6b13-09a5-4a19-8ae4-ebc414c40596,Don Toliver,Tiramisu,Don Toliver - Tiramisu,,,Tiramisu,Don Toliver,2025-09-04,107842,don-toliver,tiramisu,KlhuSz0HbcE,2025-09-01,0,2026-04-28T18:44:17.319946+00:00
186be290-af8e-4abf-aab2-a3c3f71ec827,Don Toliver,Tore Up,Don Toliver - Tore Up,,,TORE UP,Don Toliver,2024-06-14,92004,don-toliver,tore-up,PvtQwxZJmL8,2025-02-01,0,2026-04-28T18:44:21.002581+00:00
e9fa6746-120a-4761-be2d-6aabcfc6eb2f,Donavon Frankenreiter,I'll Come A-runnin',Donavon Frankenreiter - I'll Come A-runnin',,,I'll Come A-Runnin' (OurVinyl Sessions),"Donavon Frankenreiter, OurVinyl",2025-04-07,95281,donavon-frankenreiter,ill-come-a-runnin,BWFb6hcue88,2025-04-01,0,2026-04-28T18:44:23.606383+00:00
62192b74-1b35-4428-9524-4afcf6af58db,Doobie,Beauty In The Boogeyman,Doobie - Beauty In The Boogeyman,,,Beauty in the Boogeyman,Doobie,2025-05-30,110075,doobie,beauty-in-the-boogeyman,9Pt8pE2R_9A,2025-10-01,0,2026-04-28T18:44:34.724732+00:00
fcc32667-f2db-41ad-92c3-5a762679d297,DOPE LEMON,Sugarcat,DOPE LEMON - Sugarcat,,,Sugarcat,DOPE LEMON,2025-03-27,94721,dope-lemon,sugarcat,141homvXcro,2025-03-01,0,2026-04-28T18:44:39.714617+00:00
7da4d14a-364a-4190-aa65-ab8be7d4c230,Dorothy,Tombstone Town,Dorothy - Tombstone Town,,,TOMBSTONE TOWN (feat. Slash),"Dorothy, Slash",2025-01-24,90026,dorothy,tombstone-town,rf684IRPWGo,2025-01-01,0,2026-04-28T18:44:50.58087+00:00
6732f9c2-82a2-4d85-8668-649b03838093,Dove Cameron,Still,Dove Cameron - Still,,,,,,57814,dove-cameron,still,Dhol4FWdZZQ,2023-12-01,0,2026-04-28T18:45:08.898815+00:00
f727c0ed-d169-41a5-a7c7-8f4ed59af575,Dove Cameron,Too Much,Dove Cameron - Too Much,,,Too Much,Dove Cameron,2025-02-21,91402,dove-cameron,too-much-6,DEEL9nvxwsc,2025-02-01,0,2026-04-28T18:45:06.476641+00:00
3a7903b8-eeea-48a8-be83-79c608036ae0,Dove Cameron,Whatever You Like,Dove Cameron - Whatever You Like,,,Whatever You Like,Dove Cameron,2025-09-19,108903,dove-cameron,whatever-you-like-2,7jVI0-yg--Q,2025-09-01,0,2026-04-28T18:45:02.85968+00:00
43652db6-3165-4239-a19a-d2f8e612e79e,DOWN,"Right Place, Wrong Time","DOWN - Right Place, Wrong Time",,,,,,129158,down,right-place-wrong-time,ZSDmgI5TmaI,2026-02-01,0,2026-04-28T18:45:12.619864+00:00
7b48332b-959c-4be1-b404-234f7986c023,Dragonette,Dreams,Dragonette - Dreams,,,Dreams,"The Knocks, Dragonette",2025-04-18,97777,dragonette,dreams-5,juWI_aaPBLQ,2025-04-01,0,2026-04-28T20:00:07.761119+00:00
f5f82f8b-8af3-44b2-8c32-37951b957200,Dragonette,Foolish Pleasure,Dragonette - Foolish Pleasure,,,Foolish Pleasure,"The Knocks, Dragonette",2025-03-21,93916,dragonette,foolish-pleasure,waxkbeqt1p8,2025-03-01,0,2026-04-28T20:00:09.004692+00:00
0fc26676-60d8-4052-8844-2ce570cc3fa3,Dragonette,Revelation,Dragonette - Revelation,,,Revelation,"Knocks, Dragonette",2025-01-31,90116,dragonette,revelation,wSJZjGRn_pw,2025-01-01,0,2026-04-28T20:00:11.464803+00:00
73fa8418-da0e-4fec-80cf-9c16403f647b,Dragonette,The Hero,Dragonette - The Hero,,,The Hero,"The Knocks, Dragonette",2025-02-26,91886,dragonette,the-hero,WdzddX7--vM,2025-02-01,0,2026-04-28T20:00:10.231754+00:00
14ab2562-b059-4847-b4e7-3887e2a35715,Dragonforce,Gluz - Burning Heart,Dragonforce - Gluz - Burning Heart,,,,,,,,,,,3,2026-03-29T14:59:01.352884+00:00
78c41b2b-13c4-4cb0-8d6a-5a4bb633f4d1,Drake,Cn Tower,Drake - Cn Tower,,,CN TOWER,"PARTYNEXTDOOR, Drake",2025-02-14,91754,drake,cn-tower,E2nnWFkJQss,2025-02-01,0,2026-04-29T06:17:12.062812+00:00
65762bfb-0aec-4074-9879-5235c538c40e,Drake,Die Trying,Drake - Die Trying,,,DIE TRYING,"PARTYNEXTDOOR, Drake, Yebba",2025-02-14,91749,drake,die-trying,lW2xfg2Cr6Q,2025-02-01,0,2026-04-29T06:17:09.548567+00:00
a509d79d-72de-40b6-bfb3-8a8f77a4c4e1,Drake,Dog House,Drake - Dog House,,,DOG HOUSE (feat. Julia Wolf & Yeat),"Drake, Julia Wolf, Yeat",2025-09-09,108295,drake,dog-house,NESMSBcqfVI,2025-09-01,0,2026-04-28T18:45:38.005117+00:00
dc1158f0-e284-4361-94e4-ce6d8a7040d0,Drake,God’s Plan,Drake - God’s Plan,,,,,,,,,,,1,2026-03-22T13:26:02.957689+00:00
2ef4aea0-176f-48ff-81b1-94d719f993b7,Drake,Nokia,Drake - Nokia,,,NOKIA,Drake,2025-02-14,94978,drake,nokia,8ekJMC8OtGU,2025-04-01,0,2026-04-28T18:45:40.570158+00:00
9c5e65fb-9fe4-4529-b175-06e478c183d4,Drake,Somebody Loves Me,Drake - Somebody Loves Me,,,SOMEBODY LOVES ME,"PARTYNEXTDOOR, Drake",2025-02-14,91744,drake,somebody-loves-me,fb_aMi2em7w,2025-02-01,0,2026-04-29T06:17:14.327604+00:00
539b133f-ec85-4128-bd17-885c8250163e,Drama B,Shaolin Style,Drama B - Shaolin Style,,,,,,130426,drama-b,shaolin-style,5PHX57KF7tg,2026-03-01,0,2026-04-28T18:45:43.329583+00:00
0ec96847-d498-4e0a-a223-036395df1a89,Dream Theater,Bend The Clock,Dream Theater - Bend The Clock,,,Bend the Clock,Dream Theater,2025-02-07,107636,dream-theater,bend-the-clock,JuZ2zp-6lLY,2025-09-01,0,2026-04-28T18:45:50.780713+00:00
cda5eded-6196-4906-8058-d1e4c5fc388e,Dream Theater,Midnight Messiah,Dream Theater - Midnight Messiah,,,Midnight Messiah,ドリーム・シアター,2025-01-22,89987,dream-theater,midnight-messiah,JwOjMJB0Q2k,2025-01-01,0,2026-04-28T18:45:52.010031+00:00
4a733e42-1b30-47bf-999a-9227227a4203,Dreams Come True,決戦は金曜日,Dreams Come True - 決戦は金曜日,,,,,,,,,,,1,2026-03-22T04:59:32.749939+00:00
9def3fc1-621e-4c89-91bb-4a95c0375527,Dropkick Murphys,Chesterfields And Aftershave,Dropkick Murphys - Chesterfields And Aftershave,,,Chesterfields and Aftershave,Dropkick Murphys,2025-07-04,108037,dropkick-murphys,chesterfields-and-aftershave,9Jrm0bc8MbU,2025-09-01,0,2026-04-28T18:46:23.843788+00:00
9b93eecf-f969-4e9c-b3e0-d33318bb72f2,Dropkick Murphys,Cold Like This,Dropkick Murphys - Cold Like This,,,Cold Like This,"Rumjacks, Dropkick Murphys",2025-01-17,89802,dropkick-murphys,cold-like-this,LAS3hnlzSH8,2025-01-01,0,2026-04-29T07:24:38.61895+00:00
28d25a7e-2c1b-4b0f-ae0a-e09a799f1d02,Dua Lipa,Handlebars,Dua Lipa - Handlebars,,,Handlebars (feat. Dua Lipa),"JENNIE, Dua Lipa",2025-03-06,92557,dua-lipa,handlebars,seARsMwjbEU,2025-03-01,0,2026-04-28T19:39:36.583285+00:00
1cf78c2e-2066-4b06-aef5-6f39987fcf3e,Duckwrth,Toxic Romantic,Duckwrth - Toxic Romantic,,,Toxic Romantic,Duckwrth,2025-02-14,90897,duckwrth,toxic-romantic,rJcvnpduzu0,2025-02-01,0,2026-04-28T18:46:55.195439+00:00
3969eb13-1333-416f-b287-b1bf1ed1a324,Duke Dumont,Ocean Drive,Duke Dumont - Ocean Drive,,,,,,,,,,,1,2026-04-21T11:26:13.479482+00:00
133b61fd-4d3f-4ef8-af83-8d7d18744b0f,Durand Bernarr,Impact,Durand Bernarr - Impact,,,Impact,Durand Bernarr,2025-01-28,91699,durand-bernarr,impact,b48eIpvO3OY,2025-01-01,0,2026-04-28T18:47:21.839797+00:00
b9f67856-9397-4ebd-a857-665a307c5a96,Durand Bernarr,Overqualified,Durand Bernarr - Overqualified,,,Overqualified,Durand Bernarr,2025-02-18,91694,durand-bernarr,overqualified,QvoV85Yask8,2025-02-01,0,2026-04-28T18:47:20.641639+00:00
d2ba0bec-b4fb-43ce-8140-bc98518f248e,Durand Jones & The Indications,Been So Long,Durand Jones & The Indications - Been So Long,,,Been So Long,"Durand Jones & The Indications, Aaron Frazer",2025-03-19,94269,durand-jones-the-indications,been-so-long,FVmtLopTBFw,2025-03-01,0,2026-04-28T18:47:24.32485+00:00
390b8427-cbd6-4cdd-aed6-942fdd09248c,Durand Jones & The Indications,Flower Moon,Durand Jones & The Indications - Flower Moon,,,Flower Moon,"Durand Jones & The Indications, Aaron Frazer",2025-04-22,98228,durand-jones-the-indications,flower-moon,EiAjOPM1IpA,2025-04-01,0,2026-04-28T18:47:23.072281+00:00
5073b02d-ac8d-4cb6-ad6e-e14f82e6064e,Durry,Dead Media,Durry - Dead Media,,,Dead Media,DURRY,2025-09-19,109140,durry,dead-media,h7gC2tEVhEU,2025-09-01,0,2026-04-28T18:47:25.551971+00:00
6bdbf57d-4a74-435b-9991-84d8b95fb237,Dynazty,Call Of The Night,Dynazty - Call Of The Night,,,Call of the Night,Dynazty,2025-01-09,89406,dynazty,call-of-the-night,CyOSaDCvKV4,2025-01-01,1,2026-03-21T15:34:01.048546+00:00
4035562f-559c-4eb4-ba1a-edbc4b9cc165,Dynazty,Fire To Fight,Dynazty - Fire To Fight,,,Fire to Fight,Dynazty,2025-02-14,90624,dynazty,fire-to-fight,xSAI8FWuX1o,2025-02-01,0,2026-04-28T18:47:53.503976+00:00
e5782b50-a32e-4315-b140-9bd8fbf63f56,E Wata,Pondeggi,E Wata - Pondeggi,,,Pondeggi,"Yaeji, E Wata",2025-03-05,92383,e-wata,pondeggi,Vi9j9ogqr4E,2025-03-01,0,2026-04-29T09:46:46.469901+00:00
af7c6433-82fe-46ff-879e-86f199776ca3,Eagles,One Of These Nights,Eagles - One Of These Nights,,,,,,,,,,,1,2026-04-26T14:08:29.67593+00:00
c995e770-cf7d-4210-af64-b4df5172b923,Eagles,Tequila Sunrise,Eagles - Tequila Sunrise,,,,,,,,,,,1,2026-04-26T13:46:48.03355+00:00
ce354b84-40ad-4e81-92f0-523136a4bb7d,"Earth, Wind &Amp; Fire",I Was Made For Boogie Wonderland,"Earth, Wind &Amp; Fire - I Was Made For Boogie Wonderland",,,,,,69177,earth-wind-fire,i-was-made-for-boogie-wonderland,qMZIg0btqMU,2023-06-01,0,2026-04-28T19:59:35.334053+00:00
9f390406-df26-48c2-9bdd-dc5b821d4914,EarthGang,Collide,EarthGang - Collide,,,Collide - From Queen & Slim: The Soundtrack,"Tiana Major9, EARTHGANG",2020-12-18,106244,earthgang,collide-2,qZVeEp7DKAM,2019-10-01,0,2026-04-29T08:54:18.066689+00:00
809e9835-05f3-4d08-ba81-f9d86f6111d7,EASY FREAK,Sunshine,EASY FREAK - Sunshine,,,Sunshine,EASY FREAK,2025-06-27,110165,easy-freak,sunshine-8,59squDy-69s,2025-07-01,0,2026-04-28T18:48:15.669571+00:00
95d886c1-f71d-475a-a4e8-f9aa1935cea1,Ecca Vandal,Cruising To Self Soothe,Ecca Vandal - Cruising To Self Soothe,,,CRUISING TO SELF SOOTHE,Ecca Vandal,2025-02-27,92391,ecca-vandal,cruising-to-self-soothe,pccffwLPRSw,2025-02-01,0,2026-04-28T18:48:32.264268+00:00
f36a08ae-8a21-4791-9bea-47b9d02ca9bf,Eclipse,"""Roses On Your Grave""","Eclipse - ""Roses On Your Grave""",,,,,,,,,,,1,2026-04-11T15:55:44.235835+00:00
162ffe01-40a2-4103-99aa-2d8621be2c69,Ed Sheeran,Azizam,Ed Sheeran - Azizam,,,Azizam,Ed Sheeran,2025-04-04,94751,ed-sheeran,azizam,MI9ZpIKgyf0,2025-04-01,0,2026-04-28T18:48:53.330831+00:00
e85468a6-af9f-4cc6-b6dc-1ed120301ffd,Ed Sheeran,Camera,Ed Sheeran - Camera,,,Camera,Ed Sheeran,2025-09-12,108146,ed-sheeran,camera,O8WXFI_MSAI,2025-09-01,0,2026-04-28T18:48:48.582454+00:00
4a54d7db-4f52-40ba-a5c7-07e5ee988588,Ed Sheeran,Shape Of You,Ed Sheeran - Shape Of You,,,,,,,,,,,2,2026-03-22T13:21:46.006855+00:00
9a116907-7be7-4bac-9cfc-97a90de61be6,Ed Sheeran,Thinking Out Loud,Ed Sheeran - Thinking Out Loud,,,,,,,,,,,1,2026-03-31T02:00:58.356061+00:00
38244c94-2c04-4c8d-ab4e-ee3ab17038e7,Eddie Benjamin,Driving,Eddie Benjamin - Driving,,,DRIVING,Eddie Benjamin,2025-08-01,106000,eddie-benjamin,driving-2,yWcYGKfdKlM,2025-08-01,0,2026-04-28T18:48:55.848387+00:00
81f361cb-159d-4326-b8f8-1c68db850de3,Edwin starr,Whatever Makes Our Love Grow,Edwin starr - Whatever Makes Our Love Grow,,,undefined,,,75072,edwin-starr,whatever-makes-our-love-grow,UySKpA20OaQ,1987-01-01,0,2026-04-28T18:49:20.423478+00:00
3e60b1f8-2b58-4b1d-8ac8-a49b702903eb,EJ Jones,Gas Station Love,EJ Jones - Gas Station Love,,,Gas Station Love,EJ Jones,2025-09-26,110170,ej-jones,gas-station-love,lnivej3RMlc,2025-09-01,0,2026-04-28T18:49:39.673688+00:00
6840c5b5-b1f9-430b-9a9f-870c1be4b1df,Ekko,Shed Your Light,Ekko - Shed Your Light,,,Shed Your Light - Radio Mix,"Paul van Dyk, Paul Thomas, Ekko",2025-03-14,95433,ekko,shed-your-light,SZteZH6uZ9A,2025-03-01,0,2026-04-29T06:19:03.33751+00:00
9fefc88b-3bfb-4d40-b105-466c824596ab,El Presidente,100 Mph,El Presidente - 100 Mph,,,,,,9723,el-presidente,100-mph,PT_OETJosPw,2005-05-01,0,2026-04-28T18:49:48.633538+00:00
a5a17e0a-ce60-454f-89e4-7e94ffc4c4bf,El Presidente,Rocket,El Presidente - Rocket,,,,,,9722,el-presidente,rocket-2,60qKgMvlnkQ,2005-01-01,0,2026-04-28T18:49:49.816825+00:00
17972334-cb45-4bc7-a87a-692c887bb494,El Presidente,Turn This Thing Around,El Presidente - Turn This Thing Around,,,,,,9728,el-presidente,turn-this-thing-around,N-4pp2AQy2k,2006-02-01,0,2026-04-28T18:49:46.215501+00:00
f59290d6-0966-45bc-9c51-372068ff1f2e,El Presidente,Without You,El Presidente - Without You,,,,,,9726,el-presidente,without-you,JLs4BKAWt-Y,2005-07-01,0,2026-04-28T18:49:47.442906+00:00
24e8387c-5b18-44cc-9ca7-fd64b7ffa397,Elastica,Car Song,Elastica - Car Song,,,Car Song,Elastica,1995-01-01,94542,elastica,car-song,djjw3BKUV28,1996-01-01,0,2026-04-28T18:49:51.059203+00:00
e685d8ed-039a-44e2-9bbd-ac6f7799d868,Elastica,Connection,Elastica - Connection,,,Connection,Elastica,1995-01-01,94528,elastica,connection-2,ilKcXIFi-Rc,1994-10-01,0,2026-04-28T18:49:53.449543+00:00
d5b0a0db-196a-4b1b-b3cc-04d46d1d2cbd,Elastica,Stutter,Elastica - Stutter,,,Stutter,Elastica,1995-01-01,94537,elastica,stutter-2,0ie4x8hWYYE,1993-11-01,0,2026-04-28T18:49:54.684146+00:00
8d9875f1-2bd9-4030-9a6e-d8d888e19f63,Elastica,Waking Up,Elastica - Waking Up,,,Waking Up,Elastica,1995-01-01,94532,elastica,waking-up,WlOje4ly4hg,1995-02-01,0,2026-04-28T18:49:52.275073+00:00
d2b79288-c24a-4a58-be72-384cd6b1a7ac,Elderbrook,Moments,Elderbrook - Moments,,,Moments,Elderbrook,2025-02-14,90872,elderbrook,moments,z-EBakVC-Ws,2025-02-01,0,2026-04-28T18:49:58.303809+00:00
167ac11a-2a84-4d0f-89b0-8a01663ee794,Electric Callboy,Elevator Operator,Electric Callboy - Elevator Operator,,,Elevator Operator,Electric Callboy,2025-01-24,89948,electric-callboy,elevator-operator,BiP0FpY88E4,2025-01-01,0,2026-04-28T18:50:11.753606+00:00
d937161f-208a-4924-95e8-a69cac95d4cb,Electric Callboy,Still Waiting,Electric Callboy - Still Waiting,,,Still Waiting,"Electric Callboy, FRANK ZUMMO",2025-08-22,106100,electric-callboy,still-waiting,wPZnearOJbM,2025-08-01,0,2026-04-28T18:50:09.317221+00:00
0d271569-4eda-41bd-a9b2-adec5929ff94,Elephant Man,Work Out,Elephant Man - Work Out,,,undefined,,,77501,elephant-man,work-out-2,jnIpVrF1NBo,2024-05-01,0,2026-04-28T18:50:43.228031+00:00
605b093d-a691-41d2-a9ed-9387460bd384,ELETTRA STORM,Blue Phoenix,ELETTRA STORM - Blue Phoenix,,,undefined,,,108618,elettra-storm,blue-phoenix,RlCicH4KblQ,2025-09-01,0,2026-04-28T18:50:45.750661+00:00
35ef9af3-e0b4-48ab-b5f9-b6dde6f3612b,elijah woods,Could You Love Me?,elijah woods - Could You Love Me?,,,Could You Love Me?,elijah woods,2025-02-28,92616,elijah-woods,could-you-love-me,hfqgskRyoLY,2025-02-01,0,2026-04-28T18:50:58.503243+00:00
a2d41117-6c59-476c-8037-b04c7d6c808b,Ella Eyre,Hell Yeah,Ella Eyre - Hell Yeah,,,hell yeah,Ella Eyre,2025-09-30,109732,ella-eyre,hell-yeah,KP3GLSNPcdU,2025-09-01,0,2026-04-28T18:51:15.500961+00:00
c561fe29-87a1-44e8-9e4d-086d56664814,Ella Henderson,Glitterball,Ella Henderson - Glitterball,,,Glitterball,"Sigma, Ella Henderson",2015-12-04,107137,ella-henderson,glitterball,DQF5aHVOW5s,2015-06-01,0,2026-04-29T07:47:04.272752+00:00
f96a4592-6c40-4bf4-b0f9-ee10303ce490,Ella Langley,Weren't For The Wind,Ella Langley - Weren't For The Wind,,,weren't for the wind,Ella Langley,2024-10-04,94654,ella-langley,werent-for-the-wind,U4NPZi2b0aQ,2025-03-01,0,2026-04-28T18:51:33.358955+00:00
b40e82d9-7cbb-41f6-a386-a806c497bc48,Ella Mai,Tell Her,Ella Mai - Tell Her,,,Tell Her,Ella Mai,2025-08-29,106925,ella-mai,tell-her,q4Q3npj-A4U,2025-08-01,0,2026-04-28T18:51:39.459814+00:00
887e9cbc-3f62-45af-b178-b8d193e31b93,Ella Red,Put Your Money Where Your Mouth Is,Ella Red - Put Your Money Where Your Mouth Is,,,Put Your Money Where Your Mouth Is,Ella Red,2023-05-26,102029,ella-red,put-your-money-where-your-mouth-is,cyfR0ZcBar8,2023-08-01,0,2026-04-28T18:51:53.010577+00:00
12c85562-ae84-4113-9bba-efb0be8e4525,Ella Rosa,Weapon,Ella Rosa - Weapon,,,Weapon,Ella Rosa,2025-07-25,106979,ella-rosa,weapon-2,KZq4HKJXTRU,2025-08-01,0,2026-04-28T18:51:54.311233+00:00
60fd90c2-8e45-46b6-895f-7914b5a1831b,Ellefson-Soto,Ellefson-soto Unbreakable,Ellefson-Soto - Ellefson-soto Unbreakable,,,undefined,,,103182,ellefson-soto,ellefson-soto-unbreakable,S6mNNTuB5_o,2025-07-01,0,2026-04-28T18:52:00.606001+00:00
70d5d564-c71f-4b4b-a272-91f620085044,Elley Duhe,Midnight Oil,Elley Duhe - Midnight Oil,,,,,,56667,elley-duhe,midnight-oil,3Xd6neiOkdA,2023-10-01,0,2026-04-30T11:44:05.684561+00:00
e51b52c0-9c46-447c-9d92-923f5ff5587f,Ellie Goulding,Halcyon Blue,Ellie Goulding - Halcyon Blue,,,Halcyon,Ellie Goulding,2012-01-01,106826,ellie-goulding,halcyon-blue,7l_ptrvmHHY,2012-01-01,0,2026-04-29T14:26:14.345103+00:00
f687eb3e-75e1-4390-8d8d-8d0b2b14e0cd,Ellie Goulding,Hypnotized,Ellie Goulding - Hypnotized,,,Hypnotized (feat. Ellie Goulding),"Anyma, LAWRENT",2025-01-10,89321,anyma,hypnotized,Z92JGegBYm0,2025-01-01,0,2026-04-30T11:44:39.666616+00:00
1b3a7839-d0ac-4a32-abc2-132da5350dfb,Ellie Goulding,Lights,Ellie Goulding - Lights,,,,,,,,,,,1,2026-04-29T14:46:36.363816+00:00
cce9046b-973f-4d52-a84c-44ecaa3ad75d,Elmiene,Useless,Elmiene - Useless,,,Useless (Without You),Elmiene,2025-08-14,108578,elmiene,useless-without-you,4jburGgvQ1Q,2025-08-01,0,2026-04-28T18:52:34.035489+00:00
bcc123ac-01d3-4af6-a66c-8c22bf84e773,Eluveitie,Awen,Eluveitie - Awen,,,Awen,Eluveitie,2025-03-07,92579,eluveitie,awen,dxdoR67p4BU,2025-03-01,0,2026-04-28T18:52:57.895014+00:00
962da1cb-efc4-41c8-b026-c83b731cb2a3,ELVENKING,Gone Epoch,ELVENKING - Gone Epoch,,,Gone Epoch,Elvenking,2025-04-11,100723,elvenking,gone-epoch,ZHzWX_J6jNo,2025-02-01,0,2026-04-28T18:52:59.276824+00:00
414fa155-f4b4-4dd6-8836-5e842f51d8cb,ELVENKING,Luna,ELVENKING - Luna,,,Luna,Elvenking,2025-04-11,100728,elvenking,luna-2,vJAGvBf94yg,2025-01-01,0,2026-04-28T18:53:00.555871+00:00
9e7e2c47-652c-462d-b21d-ecb07fe56e72,Elwood Stray,Evolve,Elwood Stray - Evolve,,,Evolve,Elwood Stray,2024-11-14,104162,elwood-stray,evolve-2,B2zt-D48wW0,2024-11-01,0,2026-04-28T18:53:06.92103+00:00
f1504e41-4e2d-4d4c-b7b7-a6f8f9edd39b,Elwood Stray,Shattered,Elwood Stray - Shattered,,,Shattered,Elwood Stray,2025-04-11,104157,elwood-stray,shattered,0w1WnGEARQs,2025-04-01,0,2026-04-28T18:53:05.604716+00:00
8c8ba643-1bb7-428c-b5a6-82ce2b255624,Em Beihold,Hot Goblin,Em Beihold - Hot Goblin,,,Hot Goblin,Em Beihold,2025-09-05,107743,em-beihold,hot-goblin,uSEeIwzr3o0,2025-09-01,0,2026-04-28T18:53:10.704231+00:00
0823dee9-6b63-42bd-9d86-e7461663f59f,Emarosa,The Edge,Emarosa - The Edge,,,The Edge,Emarosa,2025-09-04,107803,emarosa,the-edge-3,rFUo04pr-4w,2025-09-01,0,2026-04-28T18:53:16.608823+00:00
e4ef44a7-4f77-4b85-bbe1-f718e6e036c1,"Emerson, Lake","Nut Rocker - Live In Switzerland, 1970","Emerson, Lake - Nut Rocker - Live In Switzerland, 1970",,,,,,,,,,,1,2026-04-04T20:27:12.166057+00:00
5faea53b-836c-4abf-881e-fd14f517bae0,Emily Makis,Danger Zone,Emily Makis - Danger Zone,,,Danger Zone,"Lens, Emily Makis",2025-02-14,101770,emily-makis,danger-zone,LdO6tIsi6uc,2025-02-01,0,2026-04-30T11:47:39.947342+00:00
dd402840-d693-44d2-b3bc-58c73865410b,Eminem,Everybody’s Looking At Me,Eminem - Everybody’s Looking At Me,,,Everybody’s Looking At Me,Eminem,2025-08-25,106733,eminem,everybodys-looking-at-me,IKU-yswi8HU,2025-08-01,0,2026-04-28T18:53:38.933728+00:00
279807c8-9c95-44dc-8e3b-c0f980aa57c6,Eminem,I'm So Alone,Eminem - I'm So Alone,,,,,,38196,eminem,im-so-alone,VKnJct6_k4Y,2022-12-01,0,2026-04-29T14:28:57.19182+00:00
8092d825-c3ee-44cf-a3b0-ad8e1c9e0fdc,Eminem,No Shady,Eminem - No Shady,,,,,,85287,eminem,no-shady,JWvMOlQUiZo,2024-11-01,0,2026-04-29T07:59:21.172463+00:00
bdf895b3-1da7-4026-abc6-f2963ea04fce,Eminem,Oil Up,Eminem - Oil Up,,,,,,83339,eminem,oil-up,IkCvakTrB4c,2024-10-01,0,2026-04-28T18:53:45.320608+00:00
b88af5da-1550-498f-bd6e-e58b50a09654,Emma Bunton,2 Become 1,Emma Bunton - 2 Become 1,,,,,,87774,emma-bunton,2-become-1,-0NIc7l43Ws,2024-12-01,0,2026-04-28T18:53:46.712197+00:00
ec5a672c-2757-4708-b0c4-a0dacc2d3a29,Emma Louise,Monsoon,Emma Louise - Monsoon,,,Monsoon,"Emma Louise, Flume",2025-08-22,106055,emma-louise,monsoon-2,758p-cCYI2E,2025-08-01,0,2026-04-28T18:53:49.339523+00:00
2f97958b-09dc-45bf-be79-aa92e054b4c3,Empire Of The Sun,Dark Secrets,Empire Of The Sun - Dark Secrets,,,Dark Secrets,Empire Of The Sun,2025-01-24,90149,empire-of-the-sun,dark-secrets,Po9kFkWwB4w,2025-01-01,0,2026-04-28T18:53:51.974022+00:00
cecd3d48-f1e4-49f9-8aaf-1009e611c218,Empire Of The Sun,Somebody's Son,Empire Of The Sun - Somebody's Son,,,Somebody's Son (feat. Lindsey Buckingham),"Empire Of The Sun, Lindsey Buckingham",2025-01-24,89977,empire-of-the-sun,somebodys-son,reoMaOO_YIQ,2025-01-01,0,2026-04-28T18:53:53.16276+00:00
40589100-514e-4b8c-b570-7c2c80f7cc7f,End It,Could You Love Me?,End It - Could You Love Me?,,,Could You Love Me?,End It,2025-08-20,106130,end-it,could-you-love-me-2,M0oVsC-PexA,2025-08-01,0,2026-04-28T18:54:02.916875+00:00
82f6c62b-d289-4f05-999d-d60002c4d9eb,Ennaria,Jealous,Ennaria - Jealous,,,Jealous,Ennaria,2025-01-15,90680,ennaria,jealous-2,D-y7DsDj6io,2025-02-01,0,2026-04-28T18:54:22.773923+00:00
2f6632e1-a61a-4afc-9ccf-e52c730e76d2,Enya,Only Time,Enya - Only Time,,,,,,,,,,,1,2026-04-04T08:27:40.895615+00:00
61f4d964-d8bb-4eac-adf0-a1ad8c4f01c7,Epica,Cross The Divide,Epica - Cross The Divide,,,Cross the Divide,エピカ,2025-01-30,90521,epica,cross-the-divide,fXeGXZqckF8,2025-01-01,0,2026-04-28T18:54:48.193429+00:00
15310a85-ef96-401b-84f9-adb8a53a806c,Epica,Fight To Survive,Epica - Fight To Survive,,,Fight to Survive - The Overview Effect -,Epica,2025-04-11,95232,epica,fight-to-survive,hccXTr_AJSc,2025-04-01,0,2026-04-28T18:54:45.824756+00:00
68f14b1e-052a-4e59-a977-72beb2b7b0a0,Epica,T.i.m.e.,Epica - T.i.m.e.,,,T.I.M.E.,Epica,2025-03-12,93281,epica,t-i-m-e,ux1f_jGIkho,2025-03-01,0,2026-04-28T18:54:47.021141+00:00
e61f5099-fb35-4024-a88f-a00166844cdd,Eric Carmen,Hungry Eyes,Eric Carmen - Hungry Eyes,,,,,,,,,,,1,2026-04-24T16:10:58.846875+00:00
157fa14f-c8e0-46a6-a842-9687873fb308,Erik Grönwall,18 And Life,Erik Grönwall - 18 And Life,,,18 and Life,Erik Grönwall,2009-12-21,85808,erik-gronwall,18-and-life-skid-row-cover,_cthGs8EsrM,2021-08-01,0,2026-05-01T03:14:50.638362+00:00
a80768ff-6988-4762-afef-12bc06f5e55c,Erik Grönwall,A Whiter Shade Of Pale,Erik Grönwall - A Whiter Shade Of Pale,,,,,,103316,erik-gronwall,a-white-shade-of-pale-3,yEkHS_U-W7E,2025-07-01,0,2026-04-28T18:55:24.002768+00:00
5266301a-4e47-4ed2-aae8-a931c421061d,Erik Grönwall,All By Myself,Erik Grönwall - All By Myself,,,All By Myself,Erik Grönwall,2024-10-11,85852,erik-gronwall,all-by-myself-celine-dion-challenge,AMAkX9d9nYc,2024-09-01,0,2026-05-01T03:14:43.89163+00:00
46913ed0-3f5a-4eb4-9699-db55ef9d402f,Erik Grönwall,Angels,Erik Grönwall - Angels,,,undefined,,,105159,erik-gronwall,angels-2,-YiDrckRPwU,2025-08-01,0,2026-05-01T08:50:20.085079+00:00
46fc2724-41cb-47d8-9f09-61c6a1d66301,Erik Grönwall,Bad Bones,Erik Grönwall - Bad Bones,,,,,,,,,,,1,2026-04-04T18:20:00.920072+00:00
5257795d-f5bb-4854-aba0-ccdab8be7d3e,Erik Grönwall,Black Velvet,Erik Grönwall - Black Velvet,,,undefined,,,106713,erik-gronwall,black-velvet-2,xVUOuJ7-CQU,2025-08-01,0,2026-04-28T18:55:21.644878+00:00
c99e487b-739d-4d18-8144-82f7d95fb8db,Erik Grönwall,Dreamer,Erik Grönwall - Dreamer,,,undefined,,,106011,erik-gronwall,dreamer-4,uEc1LDoaFpU,2025-08-01,0,2026-04-28T18:55:22.841096+00:00
52ff9ca9-24c5-4ed7-9771-6eb6e1ff9384,Erik Grönwall,Forever Young,Erik Grönwall - Forever Young,,,,,,98036,erik-gronwall,forever-young-rock-version,HtG0jEFDoy0,2025-04-01,0,2026-04-28T18:55:27.503263+00:00
cfd3d7d2-754e-4b30-89ea-05e856888293,Erik Grönwall,Hallelujah,Erik Grönwall - Hallelujah,,,undefined,,,92424,erik-gronwall,hallelujah-3,7RKwScAU1ng,2025-03-01,0,2026-04-28T18:55:28.662204+00:00
05bb0868-207a-4680-b38f-79a199c45d64,Erik Grönwall,I Will Always Love You,Erik Grönwall - I Will Always Love You,,,I Will Always Love You,Erik Grönwall,2024-10-18,85855,erik-gronwall,i-will-always-love-you-dolly-parton-whitney-houston-cover,1Hse-9Jv500,2024-04-01,0,2026-05-01T03:14:45.675112+00:00
c8b6ca08-e472-4b6c-a0e8-c85b3e8612a3,Erik Grönwall,My Way,Erik Grönwall - My Way,,,,,,109452,erik-gronwall,my-way-5,sb87QH35ymc,2025-09-01,0,2026-04-28T18:55:20.453501+00:00
b018172a-0fa6-407a-8a2b-15d72f1258ec,Erik Grönwall,Oh Holy Night,Erik Grönwall - Oh Holy Night,,,,,,87171,erik-gronwall,oh-holy-night,cVKcej20-uk,2024-12-01,0,2026-05-01T03:14:40.184838+00:00
91ba2db3-d053-46d8-80fa-9ec2e033a434,Erik Grönwall,Poison,Erik Grönwall - Poison,,,,,,99304,erik-gronwall,poison-4,2vj5qvOcOk4,2025-05-01,0,2026-04-28T18:55:26.35925+00:00
b2d12de5-af8a-45bf-b4db-0713da8744f7,Erik Grönwall,Stairway To Heaven,Erik Grönwall - Stairway To Heaven,,,undefined,,,90492,erik-gronwall,stairway-to-heaven-3,2xThFUYDV3s,2025-02-01,0,2026-05-01T03:14:36.619582+00:00
2e6c42e9-499a-4512-add5-9b9cfc226b90,Erik Grönwall,The Final Countdown,Erik Grönwall - The Final Countdown,,,,Neville Kaye,,90508,erik-gronwall,the-final-countdown-2,GgNB-RTZQ8c,2024-12-01,0,2026-05-01T03:14:38.415181+00:00
4b4cf0d3-f1c3-473e-b3b6-3832eb6806d1,Erik Grönwall,Wasted Years,Erik Grönwall - Wasted Years,,,,,,100030,erik-gronwall,wasted-years-iron-maiden-cover,rf2chd0lttk,2025-05-01,0,2026-04-28T18:55:25.182123+00:00
b42c9188-2c3d-4016-a7e0-b3688f6803b0,Erik Grönwall,Without You,Erik Grönwall - Without You,,,Without You,Erik Grönwall,2025-02-28,85804,erik-gronwall,without-you-mariah-carey-rock-cover,gx56MPUF3bU,2023-11-01,0,2026-05-01T03:14:47.44199+00:00
3c5ef3e3-536c-4393-a9b5-0a45ae82d74a,Erika de Casier,Me Walking On The Beach,Erika de Casier - Me Walking On The Beach,,,undefined,,,60254,erika-de-casier,me-walking-on-the-beach,rZOKYZtERFQ,2024-01-01,0,2026-04-28T18:55:29.876219+00:00
77d02660-e728-4ebd-b54b-e1dbe3b3a459,Erin LeCount,Silver Spoon,Erin LeCount - Silver Spoon,,,Silver Spoon,Erin LeCount,2025-02-07,91061,erin-lecount,silver-spoon,fr4_7LAVCdE,2025-02-01,0,2026-04-28T18:55:40.727368+00:00
493483f5-9377-43a2-973d-ad082125866d,ERNEST,Gettin' Gone,ERNEST - Gettin' Gone,,,Gettin' Gone (feat. Snoop Dogg),"ERNEST, Snoop Dogg",2025-04-09,97599,ernest,gettin-gone,3RYxP9W-V7U,2025-04-01,0,2026-04-28T18:55:42.00258+00:00
d77425ea-bc00-404b-a382-dd2e982dc447,Espiritu,Always Something There To Remind Me,Espiritu - Always Something There To Remind Me,,,undefined,,,107430,espiritu,always-something-there-to-remind-me-2,-CPm4oJg8gs,1994-01-01,0,2026-04-28T18:55:48.387754+00:00
b9be1689-18a3-4ee9-8880-e7cc6ff777b1,Europe,The Final Countdown,Europe - The Final Countdown,,,,,,,,,,,1,2026-03-17T07:33:20.86531+00:00
4dbbaf94-d11f-4d04-b99d-109f2fbb5782,Experience Unlimited,Buck Wild,Experience Unlimited - Buck Wild,,,undefined,,,77109,experience-unlimited,buck-wild,iNXtQDi6gCM,1989-01-01,0,2026-04-28T18:56:46.434083+00:00
5127d5cd-aafd-4c7c-a83a-65d056dfc287,Experience Unlimited,I Confess,Experience Unlimited - I Confess,,,undefined,,,77117,experience-unlimited,i-confess,aCArDcHSQa8,1990-01-01,0,2026-04-28T18:56:44.053951+00:00
357d1f37-9bd0-467f-acc5-6f269a1df479,Experience Unlimited,Taste Of Your Love,Experience Unlimited - Taste Of Your Love,,,undefined,,,77113,experience-unlimited,taste-of-your-love,990Laeh_ZIc,1989-01-01,0,2026-04-28T18:56:45.234092+00:00
8ae8597e-7f5a-471d-aebb-73cf578dfca9,Extreme,X Out,Extreme - X Out,,,X OUT,Extreme,2023-06-07,108701,extreme,x-out,ZDm6EhYadEw,2025-09-01,0,2026-04-28T18:56:51.324614+00:00
3ca82289-cfad-40ac-ae25-82afa79caf70,Fabolous,Snooze Freestyle,Fabolous - Snooze Freestyle,,,,,,60458,fabolous,snooze-freestyle,vTaHW8Q7xys,2024-01-01,0,2026-04-28T18:57:23.261882+00:00
e5ba41c5-a9be-49f5-82fc-1a31393fd6ea,faerybabyy,Jabbermouth,faerybabyy - Jabbermouth,,,jabbermouth,Faerybabyy,2025-02-14,91352,faerybabyy,jabbermouth,_Gce_4Z9Qmg,2025-02-01,0,2026-04-28T18:57:24.714432+00:00
c789ef6a-f67f-4af3-8959-57f9f84b5baf,Faith Hill,"""Breathe""","Faith Hill - ""Breathe""",,,,,,,,,,,1,2026-03-21T16:09:38.587886+00:00
b2d664bf-0b04-492a-a7eb-a1a4a84fa1aa,Fake music,The Number Of The Beast,Fake music - The Number Of The Beast,,,The Number of the Beast (Funk/Soul),FAKE MUSIC,2025-09-06,108508,fake-music,the-number-of-the-beast-2,0odOCvJMJXk,2025-09-01,0,2026-04-28T18:57:40.378731+00:00
d62d2c69-05f3-4f5e-8ad4-07b484b27ac0,Fall Out Boy,"Sugar, We're Goin Down","Fall Out Boy - Sugar, We're Goin Down",,,,,,,,,,,1,2026-04-29T13:42:06.113392+00:00
0601b359-27cb-4ea7-9c71-d7ff5ba62948,Fantasy Bgm,Eyes On Meアイズオンミー◆フェイウォンff8日本語歌詞 Faye Wong ファイナルファンタジー8lyrics和訳付き,Fantasy Bgm - Eyes On Meアイズオンミー◆フェイウォンff8日本語歌詞 Faye Wong ファイナルファンタジー8lyrics和訳付き,,,,,,,,,,,1,2026-03-30T16:53:21.369962+00:00
f7bdf693-79c4-45fb-b765-37cab95b08c9,Faouzia,Peace & Violence,Faouzia - Peace & Violence,,,PEACE & VIOLENCE,Faouzia,2025-09-26,109375,faouzia,peace-violence,HTM-Xp1dzs4,2025-09-01,0,2026-04-28T18:58:11.356203+00:00
9fe7594e-0802-4ce8-89ec-cde83679ce38,Faouzia,Porcelain,Faouzia - Porcelain,,,Porcelain,Faouzia,2025-04-11,95261,faouzia,porcelain,tg95iQIm3NA,2025-04-01,0,2026-04-28T18:58:13.842691+00:00
10ed2eb6-988a-4002-85b5-4bc7d4cb842b,Father Of Peace,Enemy,Father Of Peace - Enemy,,,Enemy,Father Of Peace,2024-09-20,104279,father-of-peace,enemy-2,wcfO9ENSYAQ,2024-08-01,0,2026-04-28T18:59:04.757644+00:00
2a3139ab-687c-45f9-b1a7-04959fac8fe0,Faye Wong,Mung Zung Yan,Faye Wong - Mung Zung Yan,,,,,,,,,,,1,2026-03-30T16:55:56.137572+00:00
700f369e-8948-4f46-805b-7c0f38d69b72,Feargal Sharkey,I've Got News For You,Feargal Sharkey - I've Got News For You,,,,,,3110,feargal-sharkey,ive-got-news-for-you,9-b0u02pbTM,1991-02-01,0,2026-04-28T18:59:23.385185+00:00
b6df3237-efb1-474c-81a5-c797345afb25,Feargal Sharkey,Listen To Your Father,Feargal Sharkey - Listen To Your Father,,,,,,48468,feargal-sharkey,listen-to-your-father,jBZ25uUDhsI,1984-09-01,0,2026-04-28T18:59:27.066988+00:00
6b0827b1-083a-4634-bc3d-0eaee8d9e92d,Feine Sahne Fischfilet,Wir Kommen In Frieden,Feine Sahne Fischfilet - Wir Kommen In Frieden,,,Wir kommen in Frieden,Feine Sahne Fischfilet,2025-01-23,90016,feine-sahne-fischfilet,wir-kommen-in-frieden,PBcW_Yz1fe4,2025-01-01,0,2026-04-28T18:59:29.491946+00:00
270bbfdc-9ce0-4581-84a4-328a5b980013,FiFi ZHANG,Where U R,FiFi ZHANG - Where U R,,,WHERE U R (angel with no feathers),FiFi Zhang,2025-06-25,109243,fifi-zhang,where-u-r,Dxk1TVwslHM,2025-06-01,0,2026-04-28T19:00:05.288234+00:00
28ef01e3-5337-4d62-96e1-a7ed6940831e,FiFi ZHANG,You Ain't In Love,FiFi ZHANG - You Ain't In Love,,,You Ain't in Love,FiFi Zhang,2025-09-05,109237,fifi-zhang,you-aint-in-love,BOozOWwFQdM,2025-09-01,0,2026-04-28T19:00:04.064971+00:00
244bc013-7d8f-4b9e-9cb7-6ccf888d6562,Finn Wolfhard,Choose The Latter,Finn Wolfhard - Choose The Latter,,,Choose the latter,Finn Wolfhard,2025-03-06,98637,finn-wolfhard,choose-the-latter,J4P4GTNIr84,2025-03-01,0,2026-04-28T19:00:22.895378+00:00
ae217a79-1b51-4e74-bdac-682d94d5f98e,Finn Wolfhard,Trailers After Dark,Finn Wolfhard - Trailers After Dark,,,Trailers after dark,Finn Wolfhard,2025-04-11,98642,finn-wolfhard,trailers-after-dark,Jgjm_bw-8Po,2025-04-01,0,2026-04-28T19:00:21.693274+00:00
9fd8bbb2-7888-4b89-92af-dee225217deb,Fireboy DML,Ecstasy,Fireboy DML - Ecstasy,,,ecstasy (feat. Seun Kuti),"Fireboy DML, Seun Kuti",2024-08-28,89830,fireboy-dml,ecstasy-2,Kg32FmXhC94,2025-01-01,0,2026-04-28T19:00:34.947188+00:00
47354273-871c-4172-b7c2-b19082439bf1,Fireboy DML,Original Don,Fireboy DML - Original Don,,,Original Don,"Sub Focus, Fireboy DML, IRAH",2025-09-19,109658,fireboy-dml,original-don,6-cUGj05OAc,2025-09-01,0,2026-04-29T08:26:13.286832+00:00
895879d7-ca12-409f-9235-e7e5f9cf9bbf,Fishbone,A Friendly Psychosis,Fishbone - A Friendly Psychosis,,,,,,11824,fishbone,a-friendly-psychosis,WPxU9I81oes,2002-02-01,0,2026-04-28T19:00:51.505578+00:00
82712a0d-d52b-4d54-816f-fc2e8cd6adce,Fishbone,Crazy Baldheads,Fishbone - Crazy Baldheads,,,,,,11819,fishbone,crazy-baldheads,PNr18FUUMWY,1997-01-01,0,2026-04-28T19:00:55.130664+00:00
64267e1f-beed-47e2-a21f-27937609ed8d,Fisher,Stay,Fisher - Stay,,,Stay,FISHER,2025-03-21,94524,fisher,stay-7,wUvrLsPVRss,2025-03-01,0,2026-04-28T19:01:00.022309+00:00
78771860-2b62-4328-b971-d19b533f2882,Five Finger Death Punch,To Be Alone,Five Finger Death Punch - To Be Alone,,,To Be Alone,Five Finger Death Punch,2020-02-28,92072,five-finger-death-punch,to-be-alone,xF6FybfInvY,2025-03-01,0,2026-04-28T19:01:09.94424+00:00
12d8ce5e-52e8-4755-a312-bb7cdda6d2f4,FKA twigs,Cheap Hotel,FKA twigs - Cheap Hotel,,,Cheap Hotel,FKA twigs,2025-09-25,109320,fka-twigs,cheap-hotel,4cIrq-MXDQU,2025-09-01,0,2026-04-28T19:01:35.407049+00:00
0e851492-b0a9-4059-890d-f8ca84e95539,FKA twigs,Childlike Things,FKA twigs - Childlike Things,,,Childlike Things,"FKA twigs, North West",2025-01-24,91069,fka-twigs,childlike-things,EjchyxshPNw,2025-01-01,0,2026-04-28T19:01:38.957311+00:00
e1ec526a-4652-452d-aff1-a05f84509a1c,FKA twigs,Girl Feels Good,FKA twigs - Girl Feels Good,,,Girl Feels Good,FKAツイッグス,2025-01-24,90973,fka-twigs,girl-feels-good,vssRKoGhD9Y,2025-01-01,0,2026-04-28T19:01:40.153375+00:00
7478daa7-0475-48d6-9f18-a6e0e36f3bf8,FKA twigs,Striptease,FKA twigs - Striptease,,,Striptease,FKAツイッグス,2025-01-24,90053,fka-twigs,striptease,wZ2njttY3BA,2025-01-01,0,2026-04-28T19:01:37.780982+00:00
b82efc56-d8a3-4397-b3e7-8696406fbdc2,FLAT BLACK,Sideways,FLAT BLACK - Sideways,,,,,,70217,flat-black,sideways,XHXrDMFJ4kY,2024-06-01,0,2026-04-28T19:01:44.164811+00:00
1064ef05-35bc-4afc-abb3-966089db66bb,Flawed Mangoes,Surreal,Flawed Mangoes - Surreal,,,Surreal,Flawed Mangoes,2025-04-23,99784,flawed-mangoes,surreal,rNOyDoymyNs,2025-04-01,0,2026-04-28T19:01:48.437529+00:00
e0a0013f-eed6-46d6-953d-d30aa2310d44,Fleet Foxes,Don't Put It All On Me,Fleet Foxes - Don't Put It All On Me,,,Don't Put It All On Me (feat. Fleet Foxes),"Noah Cyrus, Fleet Foxes",2025-03-19,93975,fleet-foxes,dont-put-it-all-on-me,05y2eFNXnrQ,2025-03-01,0,2026-04-29T05:49:20.971727+00:00
6fe9c2b4-2432-4501-acec-16fe75338408,Fleetwood Mac,Go Your Own Way,Fleetwood Mac - Go Your Own Way,,,,,,,,,,,1,2026-04-24T01:48:42.634104+00:00
9b4e25a7-bf59-4d8e-a8d4-b77b6244558a,Fleshwater,Last Escape,Fleshwater - Last Escape,,,Last Escape,Fleshwater,2025-08-13,105937,fleshwater,last-escape,X8nI97FLqBM,2025-08-01,0,2026-04-28T19:01:52.161615+00:00
81836ab4-ec48-4b29-90a7-724ec9dfb894,Florence + The Machine,Everybody Scream,Florence + The Machine - Everybody Scream,,,Everybody Scream,Florence + The Machine,2025-08-20,106025,florence-the-machine,everybody-scream,03iBgkXb1EE,2025-08-01,0,2026-04-28T19:02:25.870052+00:00
523bdec1-8625-4a92-a309-344bbffcb640,Florence + The Machine,One Of The Greats,Florence + The Machine - One Of The Greats,,,One of the Greats,Florence + The Machine,2025-09-24,109330,florence-the-machine,one-of-the-greats,t7XL4ehHoE0,2025-09-01,0,2026-04-28T19:02:24.688286+00:00
c9c1d30f-518a-4a09-b875-a1ba93ca93c2,Florence Road,Break The Girl,Florence Road - Break The Girl,,,Break the Girl,Florence Road,2025-09-01,108523,florence-road,break-the-girl,tKUO7x27nw4,2025-09-01,0,2026-04-28T19:02:19.881594+00:00
ebdadef2-a68b-4a6d-8cfe-d265f97c11f5,Florence Road,Goodnight,Florence Road - Goodnight,,,Goodnight,Florence Road,2025-06-20,107045,florence-road,goodnight,pzlhFHTALAg,2025-06-01,0,2026-04-28T19:02:21.074142+00:00
8a54b465-4339-4e35-ac43-8372254086fa,Florence Road,Heavy,Florence Road - Heavy,,,Heavy,Florence Road,2025-03-14,107041,florence-road,heavy-4,7r_RsmbeYUY,2025-03-01,0,2026-04-28T19:02:22.284665+00:00
863a16bb-7617-499d-8ad7-cf1411ef759c,Florentenes,Fuel For The Flame,Florentenes - Fuel For The Flame,,,Fuel for The Flame,Florentenes,2025-03-07,92976,florentenes,fuel-for-the-flame,7mr-7W5TBeM,2025-03-01,0,2026-04-28T19:02:31.920033+00:00
9dc0d376-a5cf-4056-a854-d25895fabed4,flowerovlove,I'm Your First,flowerovlove - I'm Your First,,,I'm your first,flowerovlove,2025-09-05,108448,flowerovlove,im-your-first,ZeAPAlpGVKY,2025-09-01,0,2026-04-28T19:02:48.214431+00:00
6e22f633-2d94-4207-8e89-532733202578,Folamour,Easy To Love,Folamour - Easy To Love,,,Easy To Love,"Folamour, Kabusa Oriental Choir",2025-03-26,98940,folamour,easy-to-love,PnnkeNc5Cqc,2025-03-01,0,2026-04-28T19:03:19.999056+00:00
e13a08b6-dc67-497b-ac20-ad870afe478d,Fontaines D.C.,Before You I Just Forget,Fontaines D.C. - Before You I Just Forget,,,Before You I Just Forget,Fontaines D.C.,2025-04-16,97763,fontaines-d-c,before-you-i-just-forget,k3FYY5L_bQA,2025-04-01,0,2026-04-28T19:03:23.84341+00:00
48a08857-98cf-431e-97ac-9d680c2da465,Foo Fighters,All My Life,Foo Fighters - All My Life,,,All My Life,Foo Fighters,2002-10-22,93679,foo-fighters,all-my-life-5,xQ04WbgI9rg,2002-09-01,0,2026-05-01T03:27:06.938944+00:00
b1d01c31-4803-4e48-8c9c-7b4cb39057ce,Foo Fighters,Best Of You,Foo Fighters - Best Of You,,,Best of You,Foo Fighters,2005-06-14,93692,foo-fighters,best-of-you,h_L4Rixya64,2005-05-01,0,2026-05-01T03:27:01.370522+00:00
b8103bd4-acb1-43d7-8478-ae792d91432f,Foo Fighters,Big Me,Foo Fighters - Big Me,,,Big Me,Foo Fighters,1995-07-04,93636,foo-fighters,big-me,pLdJQFTnZfA,1996-02-01,0,2026-05-01T03:27:25.252089+00:00
539dbfee-1b41-4ebc-81f7-643bf190e231,Foo Fighters,Breakout,Foo Fighters - Breakout,,,Breakout,Foo Fighters,1999-11-02,93667,foo-fighters,breakout-2,4eNBM17tkjI,2000-09-01,0,2026-05-01T03:27:12.480704+00:00
5285d89f-8c6c-4a93-8f60-5cd93efce5b7,Foo Fighters,Bridge Burning,Foo Fighters - Bridge Burning,,,Bridge Burning,Foo Fighters,2011-04-12,93738,foo-fighters,bridge-burning,PbdRBLabJWU,2012-06-01,0,2026-05-01T03:26:42.709881+00:00
ec2f7771-bc69-4c62-94e1-44eb8c36a29e,Foo Fighters,Congregation,Foo Fighters - Congregation,,,Congregation,Foo Fighters,2014-11-09,93749,foo-fighters,congregation,AZHtZrfFuhU,2014-10-01,0,2026-05-01T03:26:38.973008+00:00
edf0c1c7-46ef-47fb-9db2-dd9d3fad63c2,Foo Fighters,Doa,Foo Fighters - Doa,,,DOA,Foo Fighters,2005-06-14,93697,foo-fighters,doa,_5loypOaRdA,2005-09-01,0,2026-05-01T03:26:59.52001+00:00
85c27cec-edaa-416d-89a0-0554c846db90,Foo Fighters,Everlong,Foo Fighters - Everlong,,,Everlong,Foo Fighters,1997-05-20,93644,foo-fighters,everlong,eBG7P-K-r1Y,1997-08-01,0,2026-05-01T03:27:21.687155+00:00
222fcd85-2453-4ca3-bd83-7278eb286df7,Foo Fighters,I'll Stick Around,Foo Fighters - I'll Stick Around,,,I'll Stick Around,Foo Fighters,1995-07-04,93632,foo-fighters,ill-stick-around,X_rTTsZZ9KE,1995-09-01,0,2026-05-01T03:27:27.033696+00:00
bfc70011-993f-4587-b223-6492107abe66,Foo Fighters,Learn To Fly,Foo Fighters - Learn To Fly,,,Learn to Fly,Foo Fighters,1999-11-02,93657,foo-fighters,learn-to-fly,1VQ_3sBZEm0,1999-10-01,0,2026-05-01T03:27:16.109205+00:00
871e2964-43ed-45e4-8378-dfafdb8fafdc,Foo Fighters,Let It Die,Foo Fighters - Let It Die,,,Let It Die,Foo Fighters,2007-09-25,93716,foo-fighters,let-it-die,cXT7DBeVxA4,2008-06-01,0,2026-05-01T03:26:52.18727+00:00
08c4adc4-e47f-40f7-be43-5fc0f0e25198,Foo Fighters,Long Road To Ruin,Foo Fighters - Long Road To Ruin,,,Long Road To Ruin,Foo Fighters,2007-09-25,93712,foo-fighters,long-road-to-ruin,308KpFZ4cT8,2007-12-01,0,2026-05-01T03:26:54.012158+00:00
f90c283e-0b24-4a63-bf11-0c37f6250691,Foo Fighters,Love Dies Young,Foo Fighters - Love Dies Young,,,Love Dies Young,Foo Fighters,2021-02-05,93794,foo-fighters,love-dies-young,eT_FJHM-Qhs,2021-11-01,0,2026-05-01T03:26:18.971293+00:00
ae9d1357-a41c-4c49-aaa8-187b8c4b23ef,Foo Fighters,Low,Foo Fighters - Low,,,Low,Foo Fighters,2002-10-22,93688,foo-fighters,low-3,ySlZdASmGCM,2003-06-01,0,2026-05-01T03:27:03.245351+00:00
fc52b619-e457-40cd-918d-0cba91b7e52d,Foo Fighters,Making A Fire,Foo Fighters - Making A Fire,,,Making A Fire,Foo Fighters,2021-02-05,93789,foo-fighters,making-a-fire,gfbJCzaEdps,2021-06-01,0,2026-05-01T03:26:20.784254+00:00
510b40c0-4ba1-42e4-ab2b-0752e068d9aa,Foo Fighters,Monkey Wrench,Foo Fighters - Monkey Wrench,,,Monkey Wrench,Foo Fighters,1997-05-20,93640,foo-fighters,monkey-wrench,I7rCNiiNPxA,1997-04-01,0,2026-05-01T03:27:23.482081+00:00
fd15a362-29e8-4c5a-87a1-cb6bd46133aa,Foo Fighters,My Hero,Foo Fighters - My Hero,,,My Hero,Foo Fighters,1997-05-20,93649,foo-fighters,my-hero,EqWRaAF6_WY,1998-01-01,0,2026-05-01T03:27:19.905912+00:00
ae6b1337-0967-4367-b763-cc85e57e9fde,Foo Fighters,Next Year,Foo Fighters - Next Year,,,Next Year,Foo Fighters,1999-11-02,93671,foo-fighters,next-year,j1qQuSuQaHY,2000-12-01,0,2026-05-01T03:27:10.628499+00:00
f360ced2-c0f8-440f-ba39-f99597867816,Foo Fighters,No Son Of Mine,Foo Fighters - No Son Of Mine,,,No Son Of Mine,Foo Fighters,2021-02-05,93780,foo-fighters,no-son-of-mine,xAVfdoovrIU,2021-01-01,0,2026-05-01T03:26:24.352443+00:00
b8aa2a67-ef24-4ef6-abf7-131319ac1936,Foo Fighters,No Way Back,Foo Fighters - No Way Back,,,No Way Back,Foo Fighters,2005-06-14,93702,foo-fighters,no-way-back,fTaOlBWcl48,2006-03-01,0,2026-05-01T03:26:57.69964+00:00
135a94ac-61da-40a3-b6b3-b281cde34971,Foo Fighters,Outside,Foo Fighters - Outside,,,Outside,Foo Fighters,2014-11-09,93754,foo-fighters,outside-3,dV7c6ThfXvs,2015-08-01,0,2026-05-01T03:26:37.111968+00:00
5a5eb9fc-c0d0-4891-be41-45458266b04a,Foo Fighters,Rescued,Foo Fighters - Rescued,,,Rescued,Foo Fighters,2023-06-02,93799,foo-fighters,rescued,j3S8wdJhgac,2023-04-01,0,2026-05-01T03:26:17.171846+00:00
4bac8d32-4f26-4dfd-a5de-beba96779c78,Foo Fighters,Rope,Foo Fighters - Rope,,,Rope,Foo Fighters,2011-04-12,93724,foo-fighters,rope,kbpqZT_56Ns,2011-03-01,0,2026-05-01T03:26:48.544198+00:00
7b03e722-f6f3-455a-bf25-bcf3dd98abce,Foo Fighters,Run,Foo Fighters - Run,,,Run,Foo Fighters,2017-09-15,93762,foo-fighters,run-9,ifwc5xgI3QM,2017-06-01,0,2026-05-01T03:26:33.443836+00:00
92f16400-869a-4df2-a1b5-c4c57dc12559,Foo Fighters,Saint Cecilia,Foo Fighters - Saint Cecilia,,,Saint Cecilia,Foo Fighters,2015-11-23,93758,foo-fighters,saint-cecilia,XjBUBFKb5zY,2015-11-01,0,2026-05-01T03:26:35.278153+00:00
e1d370ec-9a57-4325-9ae8-947265252c21,Foo Fighters,Shame Shame,Foo Fighters - Shame Shame,,,Shame Shame,Foo Fighters,2021-02-05,93776,foo-fighters,shame-shame,R1G6-RUz3OA,2020-11-01,0,2026-05-01T03:26:27.943904+00:00
e9fe500d-895f-43d0-97c7-85057b2be674,Foo Fighters,Something From Nothing,Foo Fighters - Something From Nothing,,,Something from Nothing,Foo Fighters,2014-11-09,93744,foo-fighters,something-from-nothing,V_YlZ1JdcVk,2014-10-01,0,2026-05-01T03:26:40.795804+00:00
145d97d8-ac14-4a5a-82cf-3dd5b98846bb,Foo Fighters,Stacked Actors,Foo Fighters - Stacked Actors,,,Stacked Actors,Foo Fighters,1999-11-02,93662,foo-fighters,stacked-actors,kqmTxasTnio,2000-01-01,0,2026-05-01T03:27:14.30293+00:00
f61347eb-275d-4fcc-8568-54fbf3c23109,Foo Fighters,The Line,Foo Fighters - The Line,,,The Line,Foo Fighters,2017-09-15,93771,foo-fighters,the-line-2,8TsNkgW2ox0,2018-05-01,0,2026-05-01T03:26:29.764632+00:00
9cb12e93-2f5d-4829-938c-fbdd891803c5,Foo Fighters,The One,Foo Fighters - The One,,,Times Like These,Foo Fighters,2002-10-22,93675,foo-fighters,the-one-6,-uT9LfvGx5I,2002-03-01,0,2026-05-01T03:27:08.750973+00:00
5a029bf9-f2d1-4581-9d7c-bff7a199095c,Foo Fighters,The Pretender,Foo Fighters - The Pretender,,,The Pretender,Foo Fighters,2007-09-25,93707,foo-fighters,the-pretender,SBjQ9tuuTJQ,2007-08-01,0,2026-05-01T03:26:55.861212+00:00
77c42a3b-80a6-4721-b53d-c7561f9a0a6c,Foo Fighters,The Sky Is A Neighborhood,Foo Fighters - The Sky Is A Neighborhood,,,The Sky Is A Neighborhood,Foo Fighters,2017-09-15,93766,foo-fighters,the-sky-is-a-neighborhood,TRqiFPpw2fY,2017-08-01,0,2026-05-01T03:26:31.602109+00:00
e7c7eca5-a1a6-4d25-9160-0f554d36f6da,Foo Fighters,The Teacher,Foo Fighters - The Teacher,,,The Teacher,Foo Fighters,2023-06-02,93811,foo-fighters,the-teacher,6MF6trC529M,2023-05-01,0,2026-04-28T19:03:42.722071+00:00
84bcf4db-902e-4633-b539-2b0780d3332c,Foo Fighters,These Days,Foo Fighters - These Days,,,These Days,Foo Fighters,2011-04-12,93734,foo-fighters,these-days-2,YDVAQI-4lto,2011-11-01,0,2026-05-01T03:26:44.510555+00:00
0f40caad-17b9-43d6-8f11-9f5a86eb203a,Foo Fighters,This Is A Call,Foo Fighters - This Is A Call,,,This Is a Call,Foo Fighters,1995-07-04,93628,foo-fighters,this-is-a-call,h-Rnr3wTX9I,1995-06-01,0,2026-05-01T03:27:28.830908+00:00
b0531a4b-180c-4677-9e5c-83cc1d9f7e93,Foo Fighters,Times Like These,Foo Fighters - Times Like These,,,Times Like These,Foo Fighters,2002-10-22,93684,foo-fighters,times-like-these-2,rhzmNRtIp8k,2003-01-01,0,2026-05-01T03:27:05.11411+00:00
4cfcaa69-4e38-4f60-ba95-a306298ce593,Foo Fighters,Under You,Foo Fighters - Under You,,,Under You,Foo Fighters,2023-06-02,93804,foo-fighters,under-you,seok6lO1n-8,2023-05-01,0,2026-04-28T19:03:45.047146+00:00
b611cbf6-7f29-4d53-a8c3-d5091c14e726,Foo Fighters,Waiting On A War,Foo Fighters - Waiting On A War,,,Waiting On A War,Foo Fighters,2021-02-05,93784,foo-fighters,waiting-on-a-war,CJd82T1_o1A,2021-01-01,0,2026-05-01T03:26:22.572374+00:00
f6306135-2229-4fc2-8a03-c961442d71e4,Foo Fighters,Walk,Foo Fighters - Walk,,,Walk,Foo Fighters,2011-04-12,93729,foo-fighters,walk-2,4PkcfQtibmU,2011-06-01,0,2026-05-01T03:26:46.33838+00:00
52aaf9da-216e-4edf-ac18-fb6305f1ac84,Foo Fighters,Walking After You,Foo Fighters - Walking After You,,,Walking After You,Foo Fighters,1997-05-20,93653,foo-fighters,walking-after-you,TNwkN9vrUYY,1998-08-01,0,2026-05-01T03:27:17.96342+00:00
3ada0dc8-d955-4f99-8a9e-d098c84977b6,Foo Fighters,Wheels,Foo Fighters - Wheels,,,Wheels,Foo Fighters,2009-11-03,93720,foo-fighters,wheels,eZIjxGY3Kok,2009-09-01,0,2026-05-01T03:26:50.370012+00:00
91ae20bc-d70a-431a-97e7-adf9638e470c,for KING + COUNTRY,World On Fire,for KING + COUNTRY - World On Fire,,,WORLD ON FIRE,"for KING & COUNTRY, Taylor Hill",2025-10-03,110295,for-king-country-2,world-on-fire-2,Dnfbpu7iSGU,2025-10-01,0,2026-04-30T11:55:04.76722+00:00
08b51c9a-7258-4333-baf6-6f812641ba52,Foster The People,Pumped Up Kicks,Foster The People - Pumped Up Kicks,,,,,,,,,,,1,2026-04-25T04:19:48.789879+00:00
db30f82c-dcaf-4cf2-ae42-6a74a56db486,Fountains Of Wayne,Stacy's Mom,Fountains Of Wayne - Stacy's Mom,,,,,,,,,,,1,2026-04-12T03:56:56.614896+00:00
45b82578-973b-499a-b4da-d742245d52b7,Four Witches of the Apocalypse,Escape From Salem,Four Witches of the Apocalypse - Escape From Salem,,,,,,73923,four-witches-of-the-apocalypse,escape-from-salem,8ZxJ6tEKUqs,2024-06-01,0,2026-04-28T19:04:11.926455+00:00
ccad5576-1f05-4088-bb48-f8d78579b6e4,Fox Stevenson,Exile Is A Habit,Fox Stevenson - Exile Is A Habit,,,Exile Is A Habit,Fox Stevenson,2025-04-04,94859,fox-stevenson,exile-is-a-habit,znNwAaHoWCs,2025-04-01,0,2026-04-28T19:04:16.963724+00:00
74555f6a-0f48-4e0f-bcf3-1a8c9de846fc,Foxy Brown,Candy,Foxy Brown - Candy,,,Candy,"Foxy Brown, Kelis",2001-01-01,109519,foxy-brown,candy-3,wwCvKC9kNGo,2025-09-01,0,2026-04-28T19:04:43.929268+00:00
f73e8f06-7d3e-4d54-9a9f-edc435eebb96,Francesco Yates,Sugar,Francesco Yates - Sugar,,,Sugar (feat. Francesco Yates),"Robin Schulz, Francesco Yates",2015-09-25,110017,francesco-yates,sugar-7,bvC_0foemLY,2015-07-01,1,2026-04-10T18:08:59.324101+00:00
49543540-3ef9-47db-a8cf-e1e81799a970,Frank Johnson,Believe Em,Frank Johnson - Believe Em,,,Believe Em,"Frank Johnson, King George",2025-09-24,110154,frank-johnson,believe-em,GOMDNd1lN2E,2025-09-01,0,2026-04-28T19:04:51.484002+00:00
b8ecba68-4bdd-494a-9738-d4e8d9debb70,Frankie Grande,Rhythm Of Love,Frankie Grande - Rhythm Of Love,,,Rhythm of Love,Frankie Grande,2025-03-14,93438,frankie-grande,rhythm-of-love,_kHq7Gsd5YE,2025-03-01,0,2026-04-28T19:05:05.709163+00:00
28847419-6905-42a0-aa8f-8da8488ac84b,Frankie Smith,Yo-yo Champ,Frankie Smith - Yo-yo Champ,,,undefined,,,73736,frankie-smith,yo-yo-champ,hfpqmxlAU8A,1982-01-01,0,2026-04-28T19:05:06.960106+00:00
fb203bdb-8461-4057-8712-bed34490f5f1,Fray,Over My Head,Fray - Over My Head,,,Over My Head (Cable Car),The Fray,2005-09-13,91668,fray,over-my-head-cable-car,VBE0E9P_4yU,2025-02-01,0,2026-04-28T19:05:20.60976+00:00
b6eb0956-b07c-4a5d-b30a-316e2fea96f6,Freddie Gibbs,Carpinteria,Freddie Gibbs - Carpinteria,,,CARPINTERIA (feat. Freddie Gibbs),"Rae Khalil, Freddie Gibbs",2024-08-09,89486,freddie-gibbs,carpinteria,cIgntA9izvQ,2025-01-01,0,2026-04-30T11:55:41.833157+00:00
6b812666-cd84-43b4-9485-dfb85502aa4c,Freddie Gibbs,Off Road,Freddie Gibbs - Off Road,,,Off Road,"Rory, Masego, Freddie Gibbs",2025-06-13,108355,freddie-gibbs,off-road,3rtYvleSDbw,2025-09-01,0,2026-04-30T11:55:40.549842+00:00
88dd87f6-01d3-42b3-9ab8-ca84af2f8301,Fresno,Broken By You,Fresno - Broken By You,,,Broken By You (feat. Fresno),"McFly, Fresno",2023-07-28,49764,fresno,broken-by-you,3NmxHLxznbs,2023-07-01,0,2026-04-30T11:55:58.962863+00:00
4da79f7b-425b-45d8-8c50-e97115089b51,Freya Skye,Can't Fake It,Freya Skye - Can't Fake It,,,Can't Fake It,Freya Skye,2025-01-17,89840,freya-skye,cant-fake-it,QWP9swKl8p4,2025-01-01,0,2026-04-28T19:06:11.664259+00:00
ed92d0cc-865a-4ef3-8faf-beca60bcab0c,Freya Skye,Who I Thought I Knew,Freya Skye - Who I Thought I Knew,,,Who I Thought I Knew,Freya Skye,2025-02-28,92649,freya-skye,who-i-thought-i-knew,usqG6n6BWak,2025-03-01,0,2026-04-28T19:06:10.466603+00:00
e0bf505b-aa37-415a-ae1b-8e01466c9aa3,Fridayy,Below Zero,Fridayy - Below Zero,,,Below Zero,Fridayy,2025-08-29,107219,fridayy,below-zero,HkxY7V_Yp_4,2025-08-01,0,2026-04-28T19:06:14.145602+00:00
3ac1582a-b30c-4d86-9c39-ef7cc182f23c,Fridayy,Proud Of Me,Fridayy - Proud Of Me,,,Proud Of Me (feat. Meek Mill),"Fridayy, Meek Mill",2025-02-28,92531,fridayy,proud-of-me,tQg5-6DHxQY,2025-03-01,0,2026-04-28T19:06:15.399052+00:00
85131a01-db6b-4d2b-9439-5669ee3c383b,FROM FALL TO SPRING,Take The Pain Away,FROM FALL TO SPRING - Take The Pain Away,,,TAKE THE PAIN AWAY,From Fall to Spring,2025-02-21,92147,from-fall-to-spring,take-the-pain-away,KZQcD8ZDySE,2025-02-01,0,2026-04-28T19:06:52.491859+00:00
c996d1ab-f003-408d-ba63-b1d929268160,Frontiers Music Srl,"Kee Of Hearts ""Bridge To Heaven""","Frontiers Music Srl - Kee Of Hearts ""Bridge To Heaven""",,,,,,,,,,,1,2026-04-18T14:00:58.767184+00:00
7dc294cd-29ab-45dd-b83c-a08fb98716e9,Frost Children,Radio,Frost Children - Radio,,,RADIO (feat. Kim Petras),"Frost Children, Kim Petras",2025-09-12,108136,frost-children,radio-3,V5vGIz2tT-Q,2025-09-01,0,2026-04-28T19:06:54.922274+00:00
7345cd04-166e-4354-ac9e-ef28b4aa1341,FUENKA,Seven Seas / The Poem,FUENKA - Seven Seas / The Poem,,,Seven Seas / The Poem,"Paul van Dyk, Fuenka",2025-02-28,95428,fuenka,seven-seas-the-poem,k4hmnW76Zq8,2025-03-01,0,2026-04-29T06:19:05.461532+00:00
c8ab1003-ff73-43c2-8c87-b25882df2949,Fujii Kaze,Kirari,Fujii Kaze - Kirari,,,,,,,,,,,0,2026-04-12T03:47:13.585135+00:00
03c4a6aa-19cd-41e0-a7c2-a5a03b6e6bd8,Fujii Kaze,Matsuri（）,Fujii Kaze - Matsuri（）,,,,,,,,,,,1,2026-04-12T03:47:51.687166+00:00
45856355-a680-40e5-bf9a-228a0f6500e1,Fujii Kaze,Prema,Fujii Kaze - Prema,,,,,,,,,,,1,2026-05-03T13:04:32.117151+00:00
ae8170d3-7893-4aca-ac6c-71eda6bf585d,Fujii Kaze Cover⏐sting / Englishman In New York,2017/11/03,Fujii Kaze Cover⏐sting / Englishman In New York - 2017/11/03,,,,,,,,,,,1,2026-04-01T15:40:54.180962+00:00
cc3e82b4-a2f1-4634-81e7-8def5f2c71bc,FULL CIRCLE BOYS,Call My Name,FULL CIRCLE BOYS - Call My Name,,,Call My Name,Full Circle Boys,2024-08-16,91366,full-circle-boys,call-my-name-2,jeWEcHs3gqk,2025-02-01,0,2026-04-28T19:07:06.966037+00:00
588c28fd-cd0e-4893-a05a-c46975edb47f,FULL CIRCLE BOYS,Cgi,FULL CIRCLE BOYS - Cgi,,,CGI,Full Circle Boys,2025-09-05,109293,full-circle-boys,cgi,4X_xsHMqIoM,2025-09-01,0,2026-04-28T19:07:03.325031+00:00
266600ef-6887-4840-bb02-f89f4fa4e235,FULL CIRCLE BOYS,Skin,FULL CIRCLE BOYS - Skin,,,SKIN,Full Circle Boys,2025-03-14,94903,full-circle-boys,skin-4,ToGOfqsyaIE,2025-03-01,0,2026-04-28T19:07:05.748262+00:00
83cebc9a-b444-4d0f-843e-ee5c9dabff5f,Future,"Dum, Dumb, And Dumber","Future - Dum, Dumb, And Dumber",,,"Dum, Dumb, and Dumber (with Young Thug & Future)","Lil Baby, Young Thug, Future",2025-01-10,93267,future,dum-dumb-and-dumber,XoUaH0xzxEI,2025-03-01,0,2026-04-28T20:11:29.030153+00:00
12105ce7-83ea-4a06-954e-18b34bad2f7d,G Eazy,Hidden Hills,G Eazy - Hidden Hills,,,Hidden Hills,"Miles Minnick, G-Eazy",2025-08-29,108463,g-eazy,hidden-hills,S99ru5Wvtwg,2025-08-01,0,2026-04-30T11:56:42.279041+00:00
6c3dad5e-d05b-4fe6-8ea3-b11bfe15fe32,G Flip,Bed On Fire,G Flip - Bed On Fire,,,Bed on Fire,G Flip,2025-09-05,108569,g-flip,bed-on-fire,9bu17n7QITc,2025-09-01,0,2026-04-28T19:07:45.43699+00:00
6916a35e-3a2b-4f06-a032-66e53fffa666,G-eazy,Kiss The Sky,G-eazy - Kiss The Sky,,,Kiss The Sky,Gイージー,2025-02-06,90816,g-eazy,kiss-the-sky-2,TJPiyBd8Ne4,2025-02-01,0,2026-04-28T19:07:40.484218+00:00
76963cf5-75d0-459d-8aee-e0acbcf8c40f,gabi belle,Perfect Fantasy,gabi belle - Perfect Fantasy,,,PERFECT FANTASY,gabi belle,2025-07-17,106264,gabi-belle,perfect-fantasy,_06bgSr_3RY,2025-08-01,0,2026-04-28T19:07:59.946362+00:00
f6bd1c7b-f869-4d9c-ac4e-87cfa490c400,Gabi Sklar,Miami,Gabi Sklar - Miami,,,Miami,Gabi Sklar,2025-03-05,92736,gabi-sklar,miami,66g4pZr_1mY,2025-03-01,0,2026-04-28T19:08:02.508676+00:00
bcd3f990-6cab-464b-bd9e-3889405c9d1e,Gabin,"Doo Uap, Doo Uap, Doo Uap","Gabin - Doo Uap, Doo Uap, Doo Uap",,,"Doo Uap, Doo Uap, Doo Uap","Gabin, Stefano Di Battista",2011-06-30,107396,gabin,doo-uap-doo-uap-doo-uap,_FYZZoV3JHI,2011-06-01,0,2026-04-28T19:08:17.103889+00:00
16381335-795a-407f-9c5a-fec2ee5818f1,Gabin,Downtown,Gabin - Downtown,,,Ciao Ciao (Downtown) - Gabin Remix,"Piper, Gabin",2006-07-14,107456,gabin,downtown-gabin-remix,kcLIgjkhV8Y,2006-07-01,0,2026-04-30T11:57:08.090354+00:00
eb6aa0d2-68c5-4457-b5c0-cae8bcffd5bf,Gabin,Sweet Sadness,Gabin - Sweet Sadness,,,Sweet Sadness,Gabin,2011-06-30,107400,gabin,sweet-sadness,47lOyV_doh4,2011-06-01,0,2026-04-28T19:08:15.882362+00:00
eac049a6-8f86-46b2-9cbc-d4e9688dcb1f,Gabry Ponte,Tutta L'italia,Gabry Ponte - Tutta L'italia,,,Tutta L'Italia - Sanremo 2025,Gabry Ponte,2025-01-31,91592,gabry-ponte,tutta-litalia,iUC9eebtpvI,2025-02-01,0,2026-04-28T19:08:21.084557+00:00
fee656ff-ddc1-4e05-905f-31db6604ca66,GAME OVER,Neck Breaking Dance,GAME OVER - Neck Breaking Dance,,,Neck Breaking Dance,GAME OVER,2025-04-15,97712,game-over,neck-breaking-dance,PK77FK_2WNI,2025-04-01,0,2026-04-28T19:08:38.874762+00:00
080cc62d-626c-49ee-b47a-00e85a7ba6d6,Garbage,There's No Future In Optimism,Garbage - There's No Future In Optimism,,,There's No Future In Optimism,Garbage,2025-04-09,95129,garbage,theres-no-future-in-optimism,zRIdnuJZAqQ,2025-04-01,0,2026-04-28T19:08:58.985474+00:00
e0bc665f-4d24-4a98-be9e-917e48f75db5,GELO,Can You Please,GELO - Can You Please,,,Can You Please (feat. GloRilla),"GELO, GloRilla",2025-03-07,93589,gelo,can-you-please,UkDgPY9ApXY,2025-03-01,0,2026-04-28T19:09:51.603573+00:00
58d6f287-786e-4746-96ec-17fb85c17693,GELO,Tweaker,GELO - Tweaker,,,Tweaker,GELO,2025-01-03,90269,gelo,tweaker,2Mk7VTUwbck,2025-01-01,0,2026-04-28T19:09:52.824442+00:00
30e88a9d-36e7-4304-816b-9b57ac24358a,Gene Dunlap,Before You Break My Heart,Gene Dunlap - Before You Break My Heart,,,Before You Break My Heart,"Gene Dunlap, The Ridgeways",2012-01-01,108111,gene-dunlap,before-you-break-my-heart,EeMHDaNq--E,1981-01-01,0,2026-04-28T19:10:00.301237+00:00
5dd5133e-a69c-4879-9039-fbbf6db2288e,General Public,Dishwasher,General Public - Dishwasher,,,,,,69783,general-public,dishwasher,AEBf36HHAL0,1984-03-01,0,2026-04-28T19:10:05.472065+00:00
6051fd09-1cbf-4926-ad31-6eaef1edbdb0,General Public,Rainy Days,General Public - Rainy Days,,,,,,69797,general-public,rainy-days,40BWxhUAwHc,1995-05-01,0,2026-04-28T19:10:01.726963+00:00
48dd94bc-0749-4684-9c7a-9bb40eccd84c,Genesis,Mama,Genesis - Mama,,,,,,55597,genesis,mama-synthwave-version,CWYDvB1BUpc,2023-08-01,0,2026-04-28T19:10:13.130486+00:00
aac912ad-c96f-4cf0-928c-86066ff60118,Genius,"Xg ""Hypnotize""","Genius - Xg ""Hypnotize""",,,,,,,,,,,2,2026-03-22T06:22:21.724273+00:00
b6a9acb0-c97d-4a32-bf13-a8e4b8df4315,George Clinton,Erotic City,George Clinton - Erotic City,,,,,,74331,george-clinton,erotic-city-2,AkTtB60Ucms,1994-01-01,0,2026-04-28T19:10:30.334219+00:00
f80bee69-1cc6-4168-a92b-be384de581bd,George Clinton,Hollywood,George Clinton - Hollywood,,,,,,74324,george-clinton,hollywood-2,fNJV5-127UM,1993-10-01,0,2026-04-28T19:10:32.672501+00:00
fc0a1711-9d80-4b17-a996-bda9abcd62e6,George Clinton,Martial Law,George Clinton - Martial Law,,,undefined,,,74316,george-clinton,martial-law,qx0DjFw3ST8,1993-12-01,0,2026-04-28T19:10:31.493386+00:00
09ec65d8-97a1-408e-afa8-2fc4651e1d13,George Clinton,Paint The White House Black,George Clinton - Paint The White House Black,,,,,,74312,george-clinton,paint-the-white-house-black,7NltUHA22oQ,1993-09-01,0,2026-04-28T19:10:34.986628+00:00
67150299-b4a3-445e-917a-b351aaf03b2e,George Clinton,The Big Pump,George Clinton - The Big Pump,,,,,,74320,george-clinton,the-big-pump,Q9RLe1IiotE,1993-10-01,0,2026-04-28T19:10:33.825315+00:00
bb4dbb5a-1d4b-4512-ad50-d96ecd8aa89f,George Ezra,Come On Home For Christmas,George Ezra - Come On Home For Christmas,,,,,,,,,,,1,2026-03-22T07:53:22.968443+00:00
11beb8b1-542c-4e4f-8151-cbb573b45766,Gesaffelstein,A Palé,Gesaffelstein - A Palé,,,A Palé - Gesaffelstein Remix,Gesaffelstein,2019-11-01,105788,gesaffelstein,a-pale,RMiEG-4EGBg,2020-01-01,0,2026-04-28T19:10:57.921778+00:00
7e180bbb-d757-42ed-a78b-586b896348b7,Gesaffelstein,Blast Off,Gesaffelstein - Blast Off,,,Blast Off (feat. Pharrell Williams),"Gesaffelstein, Pharrell Williams",2019-03-01,105783,gesaffelstein,blast-off,HPTBaPZz27M,2019-04-01,0,2026-04-28T19:10:59.230934+00:00
9620a38a-10e4-44bb-be48-fc9de62c165e,Gesaffelstein,Conquistador,Gesaffelstein - Conquistador,,,Conquistador,"Jean-Michel Jarre, Gesaffelstein",2015-10-16,105769,gesaffelstein,conquistador,__j7cXOWZck,2015-07-01,0,2026-04-30T12:00:11.928083+00:00
17551086-161e-46cf-8990-d779a1d4fcec,Gesaffelstein,Control Movement,Gesaffelstein - Control Movement,,,Control Movement,Gesaffelstein,2011-11-21,105749,gesaffelstein,control-movement,FB58S5ywPm8,2011-11-01,0,2026-04-28T19:11:06.684261+00:00
6bee932d-0bed-4df6-b689-3ca7ec02d732,Gesaffelstein,Depravity,Gesaffelstein - Depravity,,,Depravity,Gesaffelstein,2012-07-09,105756,gesaffelstein,depravity,3boEAV4uUUU,2012-07-01,0,2026-04-28T19:11:05.442493+00:00
be4aa53e-4671-4483-8cb9-221aed91a321,Gesaffelstein,Hate Or Glory,Gesaffelstein - Hate Or Glory,,,Hate or Glory,Gesaffelstein,2013-10-28,105765,gesaffelstein,hate-or-glory,m7YSNbq2KcQ,2013-10-01,0,2026-04-28T19:11:02.991684+00:00
1c047f87-e99d-41d8-a0b6-746db26c0390,Gesaffelstein,Lost In The Fire,Gesaffelstein - Lost In The Fire,,,Lost in the Fire (feat. The Weeknd),"Gesaffelstein, The Weeknd",2019-03-08,105778,gesaffelstein,lost-in-the-fire,ZGDGdRIxvd0,2019-01-01,0,2026-04-28T19:11:00.495208+00:00
d90f5002-0b6c-4be0-bfe6-a87e1ed3af5b,Gesaffelstein,Pursuit,Gesaffelstein - Pursuit,,,Pursuit,Gesaffelstein,2013-10-28,105760,gesaffelstein,pursuit,oRSijEW_cDM,2013-06-01,0,2026-04-28T19:11:04.227438+00:00
1cf55696-c6f8-467d-8315-420d54af29eb,Gesaffelstein,Reset,Gesaffelstein - Reset,,,Reset,Gesaffelstein,2019-03-08,105774,gesaffelstein,reset,_3YPik6HTpw,2018-11-01,0,2026-04-28T19:11:01.687756+00:00
757f265a-0a14-41d2-99ef-bf2c8ed8302b,Gesaffelstein,The Operator,Gesaffelstein - The Operator,,,The Operator,Gesaffelstein,2009-11-30,105739,gesaffelstein,the-operator,8p4Rr8ttsrQ,2009-11-01,0,2026-04-29T14:37:07.949563+00:00
3e90087d-eba5-4b17-b6c2-fbcf019cafa0,Ghost,Bohemian Rhapsody,Ghost - Bohemian Rhapsody,,,,,,100039,ghost,bohemian-rhapsody-2,2aYsXuTCu2g,2025-05-01,0,2026-04-28T19:11:25.817505+00:00
85451e6e-f58c-473f-a364-abeb8e291cbf,Ghost,Lachryma,Ghost - Lachryma,,,Lachryma,Ghost,2025-04-11,95114,ghost,lachryma,DLG9oTH-ZbQ,2025-04-01,0,2026-04-28T19:11:28.303008+00:00
a1e6f769-e275-4837-a7f5-eefdc82c99a7,Ghost,Satanized,Ghost - Satanized,,,Satanized,Ghost,2025-03-05,92344,ghost,satanized,mGR2M2mBJXU,2025-03-01,0,2026-04-28T19:11:29.573348+00:00
88f2f11b-6375-48a5-ac34-7d1533741b99,Ghost,Umbra,Ghost - Umbra,,,Umbra,Ghost,2025-04-25,109515,ghost,umbra,s3czsWv4yRo,2025-09-01,0,2026-04-28T19:11:24.574314+00:00
8c7cd8a0-0fd1-4879-af5d-c9ca6eec8f47,Ghost Hounds,Before You Leave,Ghost Hounds - Before You Leave,,,Before You Leave (feat. Lainey Wilson),"Ghost Hounds, Lainey Wilson",2025-03-21,93965,ghost-hounds,before-you-leave,kPsfh-Vi8h8,2025-03-01,0,2026-04-28T19:11:10.507114+00:00
e312c800-b206-4e01-be05-2b4f09504e36,Ghost Hounds,She Runs Hot,Ghost Hounds - She Runs Hot,,,She Runs Hot,Ghost Hounds,2025-01-17,93354,ghost-hounds,she-runs-hot,UBwbyMoGV9w,2025-03-01,0,2026-04-28T19:11:11.766927+00:00
c02c9738-db54-445c-bcfa-62831803d9ab,Ghost In The Shell: Stand Alone Complex,Opening Theme - Get 9,Ghost In The Shell: Stand Alone Complex - Opening Theme - Get 9,,,,,,,,,,,1,2026-04-04T19:08:08.395483+00:00
6af96aae-e539-4941-8cd7-6f130eb152b9,ghost.,I See Colors,ghost. - I See Colors,,,I SEE COLORS,ghost.,2025-08-04,109500,ghost-2,i-see-colors,F0v60hzwPoI,2025-09-01,0,2026-04-28T19:11:07.981964+00:00
502313da-2d96-4850-9251-5d16a27a81c1,Ghostface Killah,Claudine,Ghostface Killah - Claudine,,,Claudine,"Wu-Tang Clan, Method Man, Ghostface Killah, Nicole Bus",2023-10-20,92502,ghostface-killah,claudine,PevDftElMQY,2023-10-01,0,2026-04-29T09:44:52.582322+00:00
43a4ce2e-352e-44f8-b76f-de5c75eda850,Ghostface Killah,Metaphysics,Ghostface Killah - Metaphysics,,,Metaphysics,Ghostface Killah,2025-08-22,109490,ghostface-killah,metaphysics,4-4dVG7B6TA,2025-09-01,0,2026-04-28T19:11:18.053917+00:00
c2c52c1e-4723-4c03-98ee-ace261864fa3,Gigi Perez,"At The Beach, In Every Life","Gigi Perez - At The Beach, In Every Life",,,"At The Beach, In Every Life",Gigi Perez,2025-04-25,106753,gigi-perez,at-the-beach-in-every-life,l7MtqPfPiGg,2025-08-01,0,2026-04-28T19:11:46.158488+00:00
a3fc9bc3-3848-4e7a-bc28-b4fa98ed8dbf,Gigi Perez,Chemistry,Gigi Perez - Chemistry,,,Chemistry,Gigi Perez,2025-02-28,92621,gigi-perez,chemistry,oVJF9PiJQ28,2025-03-01,0,2026-04-28T19:11:47.631167+00:00
8183d069-c868-44e6-aaca-d4ecb89805a8,Ginevra,Moonlight,Ginevra - Moonlight,,,Moonlight,Ginevra,2025-01-09,89458,ginevra,moonlight-4,x5LtFZNDr3c,2025-01-01,0,2026-04-28T19:12:00.068645+00:00
a18d8474-57fd-4924-924a-757453d55be6,girl in red,Homecoming,girl in red - Homecoming,,,,,,42381,girl-in-red,homecoming,2FIL44x_25M,2018-12-01,0,2026-05-01T03:41:06.897235+00:00
cb2eeea9-70a8-4516-ba24-fda95755cf00,girl in red,Maybe,girl in red - Maybe,,,,,,42489,girl-in-red,maybe,XmWyEbqNP2U,2018-10-01,0,2026-05-01T03:41:10.406846+00:00
4b594500-6b6e-4596-9116-44b3e39dfce0,girl in red,Rushed Lovers,girl in red - Rushed Lovers,,,,,,42273,girl-in-red,rushed-lovers,PGZzGWGijnY,2019-03-01,0,2026-05-01T03:41:01.365035+00:00
6a967b04-af4c-4fc5-a376-e6b3dcabaed5,girl in red,Talia,girl in red - Talia,,,,,,42624,girl-in-red,girl-in-red-talia,9xkCumQBn4w,2018-07-01,0,2026-05-01T03:41:14.762012+00:00
10cdf98f-8030-40f0-a8fd-3fa4ea7b869c,Girl Tones,Burnout,Girl Tones - Burnout,,,Burnout,Girl Tones,2025-10-03,110325,girl-tones,burnout-2,Zxvl50l8vKA,2025-10-01,0,2026-04-28T19:12:36.722007+00:00
8faaa0b9-b429-47c3-bd14-e973ce67a395,girlfriends,Garbage,girlfriends - Garbage,,,GARBAGE,girlfriends,2025-09-19,109990,girlfriends,garbage-2,_pWN-eTATJE,2025-09-01,0,2026-04-28T19:12:39.212642+00:00
e90900dc-b8c1-4c4f-8f45-dadf41f5be39,girlpuppy,I Just Do!,girlpuppy - I Just Do!,,,I Just Do!,girlpuppy,2025-02-04,93017,girlpuppy,i-just-do,Rp6jCtnhCDs,2025-02-01,0,2026-04-28T19:12:55.480111+00:00
a1d49f8d-2d5a-4929-b082-fd1b2112170f,girlpuppy,Since April,girlpuppy - Since April,,,Since April,girlpuppy,2025-03-05,93008,girlpuppy,since-april,gQ9eyfs-xrA,2025-03-01,0,2026-04-28T19:12:54.190903+00:00
62f1cbe6-0267-4fb8-b3ef-62d1fc8bb544,girlpuppy,Windows,girlpuppy - Windows,,,Windows,girlpuppy,2025-01-02,93012,girlpuppy,windows,34zL0lQrsDs,2025-01-01,0,2026-04-28T19:12:56.809368+00:00
ad69311b-cb79-4575-b183-c6a912789701,Girlschool,Please Don’t Touch,Girlschool - Please Don’t Touch,,,Please Don't Touch (feat. Motörhead),"Girlschool, Motörhead",2002-05-21,90851,girlschool,please-dont-touch,SSiMuKf9p3U,1981-04-01,0,2026-04-28T19:12:59.404448+00:00
b4681d5d-9e4c-42b6-afc0-6cf48ddf8fcf,GIVĒON,Are You Even Real,GIVĒON - Are You Even Real,,,Are You Even Real (feat. Givēon),"Teddy Swims, Giveon",2025-01-10,89397,giveon,are-you-even-real,XkS0n9n6Uyo,2025-01-01,0,2026-04-29T08:45:35.065465+00:00
a687de39-98d7-4515-b1d7-c4fd6f0efd4c,Glass Beams,One Raga To A Disco Beat,Glass Beams - One Raga To A Disco Beat,,,undefined,,,80131,glass-beams,one-raga-to-a-disco-beat,w_3hALBro5c,2024-08-01,0,2026-04-28T19:13:19.408777+00:00
80e90b47-dc9d-4857-bd11-14309bc173c6,GloRilla,Opp Shit,GloRilla - Opp Shit,,,Opp Shit,GloRilla,2024-04-05,95100,glorilla,opp-shit,ipqXPljsrPI,2025-04-01,0,2026-04-28T19:13:35.076377+00:00
9f58164b-a93d-4453-8c3d-087be505578f,GloRilla,Procedure,GloRilla - Procedure,,,PROCEDURE (feat. Latto),"GloRilla, Latto",2024-10-11,90349,glorilla,procedure,LOO3FJo1c2w,2025-02-01,0,2026-04-28T19:13:36.389753+00:00
a425b603-d6e8-49c9-a57e-e7f1ae42b4bf,GloRilla,Sticky,GloRilla - Sticky,,,"Sticky (feat. GloRilla, Sexyy Red & Lil Wayne)","Tyler, The Creator, GloRilla, Sexyy Red, Lil Wayne",2024-10-28,97976,glorilla,sticky,16KSivdIGjQ,2024-10-01,0,2026-04-28T19:13:38.937143+00:00
677568fa-5ad7-44ec-ad91-86c728f2c7bd,Gojira,Mea Culpa,Gojira - Mea Culpa,,,Mea Culpa (Ah! Ça ira!),"Gojira, Marina Viotti, Victor Le Masne",2024-08-30,90280,gojira,mea-culpa,5hTMYk7orHw,2024-12-01,0,2026-04-28T19:14:13.148997+00:00
40458efc-2155-40f2-81de-1ceb16fb6474,goldfrapp,You Never Know,goldfrapp - You Never Know,,,You Never Know - Goldfrapp Remix,Goldfrapp,2025-09-24,109310,goldfrapp,you-never-know,kxsOUJij49U,2025-09-01,0,2026-04-28T19:14:18.105661+00:00
f42493d7-79d9-4e90-95e4-1ea38edcd80e,Goldie Boutilier,Favorite Fear,Goldie Boutilier - Favorite Fear,,,Favorite Fear,Goldie Boutilier,2025-09-05,108453,goldie-boutilier,favorite-fear,sx9Ex0GqTms,2025-09-01,0,2026-04-28T19:14:29.228239+00:00
16db4349-5f3a-4c03-bd37-46eb718451e5,Goldie Boutilier,Goldie Montana,Goldie Boutilier - Goldie Montana,,,Goldie Montana,Goldie Boutilier,2025-07-23,106109,goldie-boutilier,goldie-montana,kXg4XFt7oTA,2025-08-01,0,2026-04-28T19:14:30.469576+00:00
b9b0f72c-acae-4f25-a3f0-2c6464d8c0cb,Goldie Boutilier,King Of Possibilities,Goldie Boutilier - King Of Possibilities,,,King of Possibilities,Goldie Boutilier,2025-03-05,92842,goldie-boutilier,king-of-possibilities,Ka_tHvcyD3k,2025-03-01,0,2026-04-28T19:14:31.715816+00:00
79647b9a-dd1a-411e-b3f1-2f6bea30ae4d,Good Charlotte,Mean,Good Charlotte - Mean,,,Mean,Good Charlotte,2025-08-08,109431,good-charlotte,mean-2,-DfXG1IozRU,2025-09-01,0,2026-04-28T19:14:49.436968+00:00
deb28c7b-bde6-4748-9fe4-176afc43aae3,Good Kid,Premier Inn,Good Kid - Premier Inn,,,Premier Inn,Good Kid,2024-03-27,97609,good-kid,premier-inn,p_IXiz0z6Qk,2025-04-01,0,2026-04-28T19:14:59.575699+00:00
72d63b63-41dc-4427-bc89-67abaf6c9712,Goodboys,Paradise,Goodboys - Paradise,,,Paradise,"Goodboys, KREAM",2025-02-21,92088,goodboys,paradise-9,6qHqYz1BYUI,2025-02-01,0,2026-04-28T19:15:09.768813+00:00
963aa12a-bede-454c-a891-0bfbda8fed82,Goose,Give It Time,Goose - Give It Time,,,Give It Time,Goose,2025-01-27,90180,goose,give-it-time,DF2QKZ823HY,2025-02-01,0,2026-04-28T19:15:27.522907+00:00
f49c5207-b288-45ea-a3a9-246a87de8118,Gorillaz,The Happy Dictator,Gorillaz - The Happy Dictator,,,The Happy Dictator (feat. Sparks),"Gorillaz, Sparks",2025-09-11,108060,gorillaz,the-happy-dictator,MG_npaLydKg,2025-09-01,0,2026-04-28T19:15:48.535668+00:00
97ce00b2-3d81-4fd9-a79e-1bdaf34b842a,Gotan Project,Diferente,Gotan Project - Diferente,,,Diferente,Gotan Project,2006,107474,gotan-project,diferente-2,DH76CZbqoqI,2006-03-01,0,2026-04-28T19:15:57.1858+00:00
6a9108c6-4631-4af0-b429-0bbdf72a74f5,Gotan Project,Rayuela,Gotan Project - Rayuela,,,Rayuela,Gotan Project,2010-01-01,107478,gotan-project,rayuela,xHBeF1HlBsM,2010-01-01,0,2026-04-28T19:15:56.069969+00:00
11e9b5da-ae90-4439-96f7-0f53fffa934e,Gotan Project,Triptico,Gotan Project - Triptico,,,Tríptico,Gotan Project,2001,107469,gotan-project,triptico,nAVHPM8Apr8,2000-01-01,0,2026-04-28T19:15:58.426609+00:00
03dddd67-f7d9-4030-951e-9c4fd6071272,GOTTHARD,Rusty Rose,GOTTHARD - Rusty Rose,,,Rusty Rose,Gotthard,2025-02-21,92552,gotthard,rusty-rose,_98qwErwJKA,2025-02-01,0,2026-04-28T19:16:00.854728+00:00
1c2d237f-505f-4daa-a108-2b12a24ada8a,Gotye,Somebody That I Used To Know,Gotye - Somebody That I Used To Know,,,,,,,,,,,1,2026-03-22T12:54:03.737231+00:00
90b4e930-c49d-450c-8c8d-59a2155c910f,grandson,Autonomous Delivery Robot,grandson - Autonomous Delivery Robot,,,AUTONOMOUS DELIVERY ROBOT,grandson,2025-09-05,107768,grandson,autonomous-delivery-robot,5o1c1MJb_Oc,2025-09-01,0,2026-04-28T19:17:02.658241+00:00
eda735f9-ae93-405a-aec1-6923a998f066,grandson,God Is An Animal,grandson - God Is An Animal,,,GOD IS AN ANIMAL,grandson,2025-08-15,105914,grandson,god-is-an-animal,SZE52BhtfUY,2025-08-01,0,2026-04-28T19:17:03.873792+00:00
05a94881-73f6-4580-977e-c4ddebbd054a,Greentea Peng,Green,Greentea Peng - Green,,,Green,Greentea Peng,2025-02-21,91734,greentea-peng,green,0E48c35ERtw,2025-02-01,0,2026-04-28T19:17:28.965599+00:00
c3aa921c-2ded-4d60-8499-0747d0831ad1,Greentea Peng,Stones Throw,Greentea Peng - Stones Throw,,,Stones Throw,Greentea Peng,2025-01-31,90243,greentea-peng,stones-throw,AyHiWgmw9-c,2025-01-01,0,2026-04-28T19:17:30.190841+00:00
ad6ddc58-6900-422d-92df-a395a4c35471,GREKAHN,Oh Na Na Eh,GREKAHN - Oh Na Na Eh,,,undefined,,,102492,grekahn,oh-na-na-eh,MTu0bZqqQps,2025-06-01,0,2026-04-28T19:17:42.910908+00:00
f653da9f-3e03-4509-a046-001ee7aa7dc6,grentperez,Dandelion,grentperez - Dandelion,,,Dandelion,"grentperez, Ruel",2025-01-15,89850,grentperez,dandelion,Rk6aQvlmsWo,2025-01-01,0,2026-04-28T19:17:45.407547+00:00
3d35c529-8efc-4cc8-81bb-a9a83c4928e5,grentperez,Movie Scene,grentperez - Movie Scene,,,Movie Scene,grentperez,2025-02-21,92668,grentperez,movie-scene,4L_t6JshCo8,2025-02-01,0,2026-04-28T19:17:44.212396+00:00
d9154a1d-2efa-4650-9c03-969e97f0e0e3,Grian Chatten,Better Way To Live,Grian Chatten - Better Way To Live,,,Better Way To Live,"KNEECAP, Grian Chatten",2024-06-14,63410,grian-chatten,better-way-to-live,KSnF7RaeoXE,2023-11-01,0,2026-04-28T20:00:04.046614+00:00
2eb802d9-e542-4be2-873d-041fcc062198,Gucci Mane,Only Time,Gucci Mane - Only Time,,,Only Time,Gucci Mane,2025-10-03,110190,gucci-mane,only-time,l7zB9rJKKRc,2025-10-01,0,2026-04-28T19:18:35.321261+00:00
c1e66398-c1c7-4df2-8686-059d9acf556a,Gucci Mane,Preference,Gucci Mane - Preference,,,Preference,グッチ・メイン,2025-02-11,91109,gucci-mane,preference,sULF4zrX6XA,2025-02-01,0,2026-04-28T19:18:36.555496+00:00
6aac4c4a-547d-41ec-8f9b-b6522f57ef9f,Gunna,5 Star,Gunna - 5 Star,,,5 Star - feat. Gunna,"Wiz Khalifa, Gunna",2025-04-18,97589,gunna,5-star,mLVYwb933ls,2025-04-01,0,2026-04-29T09:43:08.070849+00:00
77151cbb-e6cc-4ad7-b89c-e81c633e3c1d,Guns N' Roses,Absuяd,Guns N' Roses - Absuяd,,,ABSUЯD,Guns N' Roses,2021-08-06,92335,guns-n-roses,absu%d1%8fd,Qx3RfdAdCpQ,2021-08-01,0,2026-04-28T19:18:53.252699+00:00
daa20038-edf2-42b9-b630-9b369eb84e20,Guns N' Roses,Ain't It Fun,Guns N' Roses - Ain't It Fun,,,Ain't It Fun,Guns N' Roses,1993-11-23,92308,guns-n-roses,aint-it-fun-2,emRAZ9S86Us,1993-11-01,0,2026-05-01T03:52:55.110741+00:00
8827018b-3c94-4da6-af59-83c037a0368e,Guns N' Roses,Chinese Democracy,Guns N' Roses - Chinese Democracy,,,Chinese Democracy,Guns N' Roses,2008-11-23,92326,guns-n-roses,chinese-democracy,FfIZr38DLSg,2008-11-01,0,2026-04-28T19:18:55.664743+00:00
39e00c59-3b83-4da8-9587-e53389182797,Guns N' Roses,Civil War,Guns N' Roses - Civil War,,,Civil War,Guns N' Roses,1991-09-18,92304,guns-n-roses,civil-war,-ucDiz3GYrg,1993-05-01,0,2026-05-01T03:52:56.803968+00:00
c02363a1-ddf9-43ff-8945-bd1eb94212c6,Guns N' Roses,Don't Cry,Guns N' Roses - Don't Cry,,,Don't Cry (Original),Guns N' Roses,1991-09-17,92285,guns-n-roses,dont-cry-2,zRIbf6JqkNc,1991-09-01,0,2026-05-01T03:53:03.403617+00:00
c878ef79-84e6-442e-a64d-818e976dc349,Guns N' Roses,Estranged,Guns N' Roses - Estranged,,,Estranged,Guns N' Roses,1991-09-18,92312,guns-n-roses,estranged-2,dpmAY059TTY,1993-12-01,0,2026-05-01T03:52:53.383193+00:00
883838d8-4306-4876-9e5e-56788c947765,Guns N' Roses,Knockin' On Heaven's Door,Guns N' Roses - Knockin' On Heaven's Door,,,Knockin' On Heaven's Door,Guns N' Roses,1991-09-18,92275,guns-n-roses,knockin-on-heavens-door-2,k04tX2fvh0o,1990-06-01,0,2026-05-01T03:53:06.802229+00:00
fb31db31-660a-4155-8d63-029e3dab46fa,Guns N' Roses,Live And Let Die,Guns N' Roses - Live And Let Die,,,Live And Let Die,Guns N' Roses,1991-09-17,92290,guns-n-roses,live-and-let-die-2,6D9vAItORgE,1991-12-01,0,2026-05-01T03:53:01.677965+00:00
27636e6f-24c2-4bdf-b586-64753b48deda,Guns N' Roses,Nightrain,Guns N' Roses - Nightrain,,,Nightrain,Guns N' Roses,1987-07-21,92271,guns-n-roses,nightrain,VMDljoM5JFI,1989-07-01,0,2026-05-01T03:53:08.520448+00:00
73f48f2d-f5ef-48a2-8776-3a0dec674732,Guns N' Roses,"Paradise City. Youtube View Counts Pre-vevo: 3,424,935.","Guns N' Roses - Paradise City. Youtube View Counts Pre-vevo: 3,424,935.",,,Paradise City,Guns N' Roses,1987-07-21,92261,guns-n-roses,paradise-city,Rbm6GXllBiw,1989-01-01,1,2026-04-18T15:11:35.049879+00:00
33a7e45c-eed5-495d-a7ee-4ef07122bc98,Guns N' Roses,Patience,Guns N' Roses - Patience,,,Patience,Guns N' Roses,1987-07-21,92266,guns-n-roses,patience-3,ErvgV4P6Fzc,1989-03-01,0,2026-05-01T03:53:10.333374+00:00
22a288c1-8cd2-45e8-ab39-afa92b0f7c94,Guns N' Roses,Shadow Of Your Love,Guns N' Roses - Shadow Of Your Love,,,Shadow Of Your Love,Guns N' Roses,2018-05-04,92331,guns-n-roses,shadow-of-your-love,aHUmy5PvPjQ,2018-05-01,0,2026-04-28T19:18:54.46911+00:00
7fcff21a-cf4b-4009-acef-55ea40268302,Guns N' Roses,Since I Don't Have You,Guns N' Roses - Since I Don't Have You,,,Since I Don't Have You,Guns N' Roses,1993-11-23,92317,guns-n-roses,since-i-dont-have-you,IYOYlqOitDA,1994-03-01,0,2026-04-28T19:18:58.116191+00:00
5179f3ab-d9ba-4d29-adfc-302f76c0b087,Guns N' Roses,Sweet Child O' Mine,Guns N' Roses - Sweet Child O' Mine,,,Sweet Child O' Mine,Guns N' Roses,1987-07-21,92256,guns-n-roses,sweet-child-o-mine,1w7OgIMMRc4,1988-06-01,0,2026-05-01T03:53:13.537962+00:00
77eccfd7-937b-4b45-98fa-387e9ec6da97,Guns N' Roses,Sympathy For The Devil,Guns N' Roses - Sympathy For The Devil,,,Sympathy For The Devil,Guns N' Roses,2020-08-28,92321,guns-n-roses,sympathy-for-the-devil-2,ldCbVPMzyD4,1994-12-01,0,2026-04-28T19:18:56.867518+00:00
4fa647dd-7741-4a0f-83b0-1e681ff823ad,Guns N' Roses,Welcome To The Jungle,Guns N' Roses - Welcome To The Jungle,,,Welcome To The Jungle,Guns N' Roses,1987-07-21,92251,guns-n-roses,welcome-to-the-jungle,o1tj2zJ2Wvg,1987-09-01,0,2026-05-01T03:53:18.996581+00:00
39c2543f-a405-4055-9a24-af199c7b054d,Guns N' Roses,Yesterdays,Guns N' Roses - Yesterdays,,,Yesterdays,Guns N' Roses,1991-09-18,92300,guns-n-roses,yesterdays,NDOPlpH6NZM,1992-11-01,0,2026-05-01T03:52:58.504998+00:00
0d0a7a59-7553-42a2-a60e-2e83b178ddfa,Guns N' Roses,You Could Be Mine,Guns N' Roses - You Could Be Mine,,,You Could Be Mine,Guns N' Roses,1991-09-18,92280,guns-n-roses,you-could-be-mine,MXx9S2nDouY,1991-06-01,0,2026-05-01T03:53:05.100856+00:00
2a9f325f-a154-4578-b0c5-643ef8728b09,"Guns N' Roses From Their Third Studio Album, 'Use Your Illusion I.' Featured In Thor: Love",November Rain,"Guns N' Roses From Their Third Studio Album, 'Use Your Illusion I.' Featured In Thor: Love - November Rain",,,November Rain,Guns N' Roses,1991-09-17,92295,guns-n-roses,november-rain,8SbUC-UaAxE,1992-02-01,1,2026-04-11T15:07:27.790439+00:00
fb61c08d-3971-488e-83e2-ab7bf61e743b,Gyakie,No Bad Vibes,Gyakie - No Bad Vibes,,,No Bad Vibes (with Gyakie & Joshua Baraka),"Jazzy, Gyakie, Joshua Baraka, KILIMANJARO",2025-02-07,91045,gyakie,no-bad-vibes-2,IpxnnFWrfNk,2025-02-01,0,2026-04-28T19:38:59.522763+00:00
e36a5e7b-bee4-4998-9cf4-d960da23b066,H-Blockx,Straight_outta_nowhere,H-Blockx - Straight_outta_nowhere,,,STRAIGHT_OUTTA_NOWHERE,H-Blockx,2025-08-21,107235,h-blockx,straight_outta_nowhere,cTt5gftQx3o,2025-08-01,0,2026-04-28T19:19:49.305151+00:00
084f7a1a-ee60-4414-ad60-4f837457218d,H.E.A.T.,Bad Time For Love,H.E.A.T. - Bad Time For Love,,,,,,92409,heat,bad-time-for-love,P0jBn8vZ-e4,2025-03-01,0,2026-04-28T19:23:58.073041+00:00
f603f6a2-931f-4c9f-b44f-5071a7790062,H2o,Heaven Knows I'm Miserable Now,H2o - Heaven Knows I'm Miserable Now,,,,,,,,,,,2,2026-04-04T18:17:36.657984+00:00
892f84ce-2e6b-42cf-9c45-b2926777188d,HAAi,Can’t Stand To Lose,HAAi - Can’t Stand To Lose,,,Can't Stand To Lose,HAAi,2025-02-11,91655,haai,cant-stand-to-lose,od_KY_hjdtI,2025-02-01,0,2026-04-28T19:19:54.454954+00:00
05d0531e-4547-49e7-9def-91d9ead35c83,Hacienda,Late Lounge Lover,Hacienda - Late Lounge Lover,,,Late Lounge Lover,Hacienda,2000-09-20,107422,hacienda,late-lounge-lover,6Cf-GU1gM7c,2000-09-01,0,2026-04-28T19:19:57.029313+00:00
63a8f917-7838-4ff4-a2ad-5f6b23172d68,Hacienda,Sabor,Hacienda - Sabor,,,Sabor - Ralf Gum's Latin Flavour Mix,Hacienda,2000-01-11,107426,hacienda,sabor,v4cTU7SoK1c,2000-01-01,0,2026-04-28T19:19:58.316188+00:00
8db86657-9e55-4c33-9a2e-8354cc465987,Hailee Steinfeld,Dangerous,Hailee Steinfeld - Dangerous,,,Dangerous,"Hailee Steinfeld, Sinners Movie",2025-04-18,97783,hailee-steinfeld,dangerous-7,ukhnKPEefzw,2025-04-01,0,2026-04-28T19:20:01.989733+00:00
773a6318-95bc-4a90-8502-d45d986cc1b6,Hailey Kilgore,Dangerous Game,Hailey Kilgore - Dangerous Game,,,Dangerous Game,Hailey Kilgore,2025-04-17,97727,hailey-kilgore,dangerous-game,vpf-Nqb9Ztg,2025-04-01,0,2026-04-28T19:20:07.670607+00:00
4b7754b0-3cc1-49d9-8930-bc0dc05f0ec2,HAIM,Everybody's Trying To Figure Me Out,HAIM - Everybody's Trying To Figure Me Out,,,Everybody's trying to figure me out,HAIM,2025-04-04,94994,haim,everybodys-trying-to-figure-me-out,asma6AX62io,2025-04-01,0,2026-04-28T19:20:12.62743+00:00
39a153fa-3544-4c8c-a929-118b7538dfc0,HAIM,Relationships,HAIM - Relationships,,,Relationships,HAIM,2025-03-12,93271,haim,relationships,dOI_QTmK8Ks,2025-03-01,0,2026-04-28T19:20:13.833746+00:00
b9649ca9-84a8-4b81-a963-49b466312599,half•alive,R.i.p.,half•alive - R.i.p.,,,R.I.P.,"half•alive, The Walters",2025-03-21,94287,halfalive,r-i-p-2,xRL9-wjJGXY,2025-03-01,0,2026-04-28T19:20:25.288917+00:00
78d64418-ce1a-42c2-b34f-2ca0aff70274,Halflives,Immortals,Halflives - Immortals,,,Immortals,Halflives,2025-01-31,90104,halflives,immortals,tb_KvDl9fOQ,2025-01-01,0,2026-04-28T19:20:35.163855+00:00
94df4360-95bb-4f28-8a21-fa594e12c64f,Halflives,No Way Out,Halflives - No Way Out,,,No Way Out,Halflives,2025-03-07,92540,halflives,no-way-out,WmAQ9K0LGWY,2025-03-01,0,2026-04-28T19:20:33.984027+00:00
7a90d8eb-2824-4173-87c6-1c06c1abd799,Halle,Back And Forth,Halle - Back And Forth,,,Back and Forth,Halle,2025-02-14,91140,halle,back-and-forth,XGEs3GE3-VY,2025-02-01,0,2026-04-28T19:20:49.547226+00:00
dfd839b6-0a6d-4edc-b337-1cb8ed233118,Halsey,"Angel Ft. Halsey, G-eazy","Halsey - Angel Ft. Halsey, G-eazy",,,,,,50494,halsey,angel-ft-halsey,kY-u2qyJ1Wk,2023-01-01,0,2026-04-28T19:21:13.300612+00:00
d4927b8f-41e6-4e3c-b80e-6585ec0af843,Halsey,Carry The Weight,Halsey - Carry The Weight,,,,,,,,,,,1,2026-05-03T13:18:04.848382+00:00
22243588-e262-4b0c-b89e-a7c9602cfb04,Halsey,Gasoline,Halsey - Gasoline,,,Gasoline,Halsey,2015-08-28,106085,halsey,gasoline-4,zRHNi3QfFlE,2015-08-01,0,2026-05-01T03:57:52.11139+00:00
9b232adb-94f4-469e-b210-08ac2f886b0d,Halsey,Safeword,Halsey - Safeword,,,safeword,Halsey,2025-02-27,92214,halsey,safeword,pP28WjQW2Qk,2025-02-01,0,2026-04-28T19:21:05.098456+00:00
cb1e1f1a-8c28-4774-9135-c8d72ee9d728,Hana / My Body,Music Video,Hana / My Body - Music Video,,,,,,,,,,,1,2026-03-22T05:33:57.767904+00:00
d191c805-a3f3-4daf-b0dd-2edb94c30f1e,hannah bahng,Misunderstood,hannah bahng - Misunderstood,,,MISUNDERSTOOD,hannah bahng,2025-09-12,108364,hannah-bahng,misunderstood-3,4DFH5qYGuT0,2025-09-01,0,2026-04-28T19:21:24.477927+00:00
5a25ecc1-34a1-42cc-92a5-835b147b87fc,Hanoi Rocks,Tragedy,Hanoi Rocks - Tragedy,,,,,,,,,,,1,2026-04-04T18:59:17.930407+00:00
67844b5b-7312-4a7a-8c8b-3b15b5607089,Hardwell,Sanctuary,Hardwell - Sanctuary,,,Sanctuary,Hardwell,2025-04-11,95296,hardwell,sanctuary,MXS9Zgs2BjU,2025-04-01,0,2026-04-28T19:22:01.733008+00:00
e043badd-3a3b-44b0-b8f6-aa690cca1eb5,Hardy,Good Ole Boy,Hardy - Good Ole Boy,,,Good Ole Boy,HARDY,2025-09-29,110185,hardy,good-ole-boy,NCR5ehYjz5g,2025-09-01,0,2026-04-28T19:22:07.956631+00:00
9031cf45-0154-41b6-9a49-7152f8be7bd3,Harem Scarem,Better The Devil You Know,Harem Scarem - Better The Devil You Know,,,Better The Devil You Know,Harem Scarem,2025-03-27,94688,harem-scarem,better-the-devil-you-know-3,ZxuIMmHHudo,2025-03-01,0,2026-04-28T19:22:16.517556+00:00
951e19d1-a051-4a52-a000-6039c76e53b2,Harry Styles,Without You,Harry Styles - Without You,,,,,,50001,harry-styles,without-you-3,0NO2NLI7bkw,2023-02-01,0,2026-04-28T19:22:25.903836+00:00
0c81f174-2cdf-47a7-8d06-a978b768488a,Haute & Freddy,Fashion Over Function,Haute & Freddy - Fashion Over Function,,,Fashion Over Function,Haute & Freddy,2025-01-24,99530,haute-freddy,fashion-over-function,NiGBrrGJUng,2025-01-01,0,2026-04-28T19:22:50.210868+00:00
a3d9facc-4026-47a0-905b-bd1d9922e526,Havoc,You Know The Deal,Havoc - You Know The Deal,,,undefined,,,76513,havoc,you-know-the-deal,zn_HLtZj_rk,2024-07-01,0,2026-04-28T19:22:56.516226+00:00
6644ac12-f975-48de-8a5d-4a79bb908299,Hayes Warner,Oh!,Hayes Warner - Oh!,,,Oh!,Hayes Warner,2025-01-24,91631,hayes-warner,oh-2,dh4U9AFG4Ro,2025-01-01,0,2026-04-28T19:22:57.795413+00:00
911f837b-1744-4888-8deb-2a6bf869219d,Hayley Williams,Glum,Hayley Williams - Glum,,,Glum,Hayley Williams,2025-08-01,105904,hayley-williams,glum,iP3w2GvHNtw,2025-08-01,0,2026-04-28T19:23:09.440144+00:00
e217e27c-f7ab-4c88-986a-fcc5a43a8bd1,Hayley Williams,Parachute,Hayley Williams - Parachute,,,Parachute,Hayley Williams,2025-08-28,106817,hayley-williams,parachute,F5ZnVxpnn6k,2025-08-01,0,2026-04-28T19:23:08.230311+00:00
97e6de6c-fe6f-4c42-a179-cbef62d2093d,Heal The World,Music Travel Love & Friends,Heal The World - Music Travel Love & Friends,,,,,,,,,,,0,2026-03-19T04:08:43.481428+00:00
af126c53-2071-4963-a9d6-d07a5daca8dd,Heart,Stairway To Heaven,Heart - Stairway To Heaven,,,Stairway to Heaven (Live At The Kennedy Center Honors),ハート,2013-01-15,89505,heart,stairway-to-heaven-2,2cZ_EFAmj08,2012-12-01,0,2026-04-28T19:23:36.570529+00:00
f653c34d-ddac-4dae-96cb-809c58d87b2c,Heartworms,Extraordinary Wings,Heartworms - Extraordinary Wings,,,Extraordinary Wings,Heartworms,2025-01-09,89351,heartworms,extraordinary-wings,5htIIBUG0Es,2025-01-01,0,2026-04-28T19:23:28.22757+00:00
785e6949-109c-46aa-82e8-4ef8bbcde09b,Heidi Montag,I'll Do It,Heidi Montag - I'll Do It,,,I'll Do It,Heidi Montag,2010-01-11,89683,heidi-montag,ill-do-it,37tJCV4Vma4,2025-01-01,0,2026-04-28T19:24:18.081913+00:00
b8a9ed98-6155-4dd0-9b17-0eed17921aa8,Hell In The Club,"""Sidonie""","Hell In The Club - ""Sidonie""",,,,,,,,,,,1,2026-04-11T15:46:08.387942+00:00
ea597196-8488-466c-9051-0569ac2959b9,Hell In The Club,"""We'll Never Leave The Castle""","Hell In The Club - ""We'll Never Leave The Castle""",,,,,,,,,,,1,2026-03-29T14:31:31.074355+00:00
7f309161-7f23-4c5f-833a-9edae05de942,HELLACOPTERS,Do You Feel Normal,HELLACOPTERS - Do You Feel Normal,,,Do You Feel Normal,The Hellacopters,2025-01-10,89402,hellacopters,do-you-feel-normal,AlQ5XwmKdls,2025-01-01,0,2026-04-28T19:24:20.547825+00:00
e317ffeb-d5b6-4464-a525-e586bf45645d,Helloween,A Little Is A Little Too Much,Helloween - A Little Is A Little Too Much,,,A Little Is A Little Too Much,Helloween,2025-08-29,106664,helloween,a-little-is-a-little-too-much,8wcT6IkMOdw,2025-08-01,0,2026-04-28T19:24:25.51539+00:00
89626ca6-b6ca-45b4-b0c0-c01b24d2e5c4,Helloween,I Want Out,Helloween - I Want Out,,,,,,,,,,,2,2026-04-26T13:14:54.300701+00:00
271eff64-2201-40c8-a9e7-0c6e1258268f,Henry Moodie,If Viva La Vida Was Sad...,Henry Moodie - If Viva La Vida Was Sad...,,,,,,78259,henry-moodie,if-viva-la-vida-was-sad,1W3Sfoi5oFY,2023-01-01,0,2026-05-01T04:02:55.766615+00:00
154fb201-be61-4a9c-88b1-de222ddae69e,Henry Moodie,Mood Swings,Henry Moodie - Mood Swings,,,mood swings,Henry Moodie,2025-10-03,110210,henry-moodie,mood-swings-3,_-gQ5g8b-RU,2025-10-01,0,2026-04-28T19:24:33.775251+00:00
052b69d3-68e9-4444-af61-fdbd464fbec4,Herb Alpert,Diamonds Hd,Herb Alpert - Diamonds Hd,,,,,,,,,,,1,2026-03-30T18:17:23.72592+00:00
1d015bc6-b624-4991-8258-42959e29fb48,Hilltop Hoods,The Gift,Hilltop Hoods - The Gift,,,The Gift (feat. Marlon),"Hilltop Hoods, Marlon",2025-02-06,90498,hilltop-hoods,the-gift,AsYlzPJyYg4,2025-02-01,0,2026-04-28T19:25:24.061527+00:00
8abbdbc0-80c9-4bf5-a172-8a9cafa129a0,Hive,Ultrasonic Sound,Hive - Ultrasonic Sound,,,Ultrasonic Sound,Hive,1998-11-10,99116,hive,ultrasonic-sound,Zz_ApVGtIr0,1998-11-01,0,2026-04-28T19:25:59.655379+00:00
0375bc24-6d8d-499e-9572-6932d6b8c212,Ho99o9,Target Practice,Ho99o9 - Target Practice,,,Target Practice,Ho99o9,2025-09-09,108487,ho99o9,target-practice-2,TsSFytc7_8g,2025-09-01,0,2026-04-28T19:26:02.150281+00:00
5725f161-458f-45f8-ba64-1a280815c94b,HOAPROX,Afterglow,HOAPROX - Afterglow,,,Afterglow,"K-391, Nick Strand, Hoaprox",2025-03-14,93406,hoaprox,afterglow-3,6BreAMMNniA,2025-03-01,0,2026-04-28T19:49:41.868593+00:00
1b31ab66-e0bd-4397-aa7d-73e95ef3ad93,HolyBrune,Citylights,HolyBrune - Citylights,,,CityLights,HolyBrune,2025-09-19,109028,holybrune,citylights,xywFoc6xTLQ,2025-09-01,0,2026-04-28T19:26:46.480416+00:00
a8145cdb-05a7-44be-b6e8-3524dbc5c10e,HolyBrune,Do Me A Favor,HolyBrune - Do Me A Favor,,,Do Me A Favor,HolyBrune,2025-04-11,101323,holybrune,do-me-a-favor,VwSqDWEJKlA,2025-04-01,0,2026-04-28T19:26:48.965163+00:00
7f4c95f6-c603-43dd-99bf-bde4655a4bc3,HolyBrune,Fair Game,HolyBrune - Fair Game,,,Fair Game,HolyBrune,2025-02-13,101328,holybrune,fair-game-2,HieImHsiqps,2025-02-01,0,2026-04-28T19:26:50.163795+00:00
e976884b-aed6-4afc-a694-0abb2cb823b0,Honey Bxby,Left Eye,Honey Bxby - Left Eye,,,LEFT EYE,Honey Bxby,2024-10-04,93206,honey-bxby,left-eye,xQr-UDXg5rQ,2025-02-01,0,2026-04-28T19:27:21.40101+00:00
04ca66e6-376a-467e-898e-99c9629a758a,Honey Bxby,Right On Time,Honey Bxby - Right On Time,,,Right On Time,Honey Bxby,2025-02-28,93211,honey-bxby,right-on-time-2,AEl77F0rAro,2025-02-01,0,2026-04-28T19:27:20.1241+00:00
c9eba351-104e-4810-bca5-917b8c308fdd,Honey Bxby,Think I Might,Honey Bxby - Think I Might,,,Think I Might,Honey Bxby,2025-04-11,97569,honey-bxby,think-i-might,HCQ6I5wzA50,2025-04-01,0,2026-04-28T19:27:18.907887+00:00
ac8c22fa-2f47-47ad-a152-0629bd3c3237,Hoobastank,The Reason,Hoobastank - The Reason,,,,,,,,,,,3,2026-04-21T12:40:52.344808+00:00
678e85bd-954f-494d-8687-e7343c28b0a0,Hope Tala,A Story To Tell,Hope Tala - A Story To Tell,,,A Story To Tell/Where I Begin,Hope Tala,2025-02-28,92985,hope-tala,a-story-to-tell,_6mJ5QIWYUE,2025-03-01,0,2026-04-28T19:27:37.339695+00:00
b0723168-f2d2-43f3-8cab-23beade772cf,Hope Tala,Jumping The Gun,Hope Tala - Jumping The Gun,,,Jumping the Gun,Hope Tala,2025-02-28,92981,hope-tala,jumping-the-gun,2Eic52tSChA,2024-10-01,0,2026-04-28T19:27:38.53339+00:00
c955d00e-93bb-475b-b06c-a82cc8e241df,Horsegirl,Frontrunner,Horsegirl - Frontrunner,,,Frontrunner,Horsegirl,2025-02-11,90699,horsegirl,frontrunner,oLmxqJ_mRGI,2025-02-01,0,2026-04-28T19:27:44.712821+00:00
0441c692-4f9d-4f86-bb15-354b1b6f8bda,Horsegirl,Switch Over,Horsegirl - Switch Over,,,Switch Over,Horsegirl,2025-01-13,89699,horsegirl,switch-over,mC1v7Y7bIKs,2025-01-01,0,2026-04-28T19:27:45.882089+00:00
8f3ec824-6d85-48a2-aa0e-461863e25e13,Hot Milk,90 Seconds To Midnight,Hot Milk - 90 Seconds To Midnight,,,90 Seconds To Midnight,Hot Milk,2025-02-28,91994,hot-milk,90-seconds-to-midnight,oE8eUXseXIQ,2025-03-01,0,2026-04-28T19:27:57.947936+00:00
37c1f8f4-eb24-409f-b251-31c8a583b8f2,Hot Milk,Swallow This,Hot Milk - Swallow This,,,Swallow This,Hot Milk,2025-04-04,94790,hot-milk,swallow-this,PepiSvOOosQ,2025-04-01,0,2026-04-28T19:27:56.769903+00:00
34b36e5e-48d6-43f5-9cbf-2239bb51a0e6,Hot Mulligan,It Smells Like Fudge Axe In Here,Hot Mulligan - It Smells Like Fudge Axe In Here,,,It Smells Like Fudge Axe in Here,Hot Mulligan,2025-08-22,106126,hot-mulligan,it-smells-like-fudge-axe-in-here,z-LacaR40jg,2025-08-01,0,2026-04-28T19:28:06.377269+00:00
e7e3d669-7db2-4686-9bdc-e95478c0a51d,Hotel Lobby,Quavo & Takeoff,Hotel Lobby - Quavo & Takeoff,,,,,,,,,,,2,2026-03-22T06:51:50.783484+00:00
d00a9d8c-ed27-4ae4-8853-4d0c9eb564a2,House of Protection,Afterlife,House of Protection - Afterlife,,,Afterlife,House of Protection,2025-02-18,91493,house-of-protection,afterlife-7,aEVRByKVB7g,2025-02-01,0,2026-04-28T19:28:15.163695+00:00
aef70129-2c3f-452e-9208-fc2fc1894dfe,House of Protection,Godspeed,House of Protection - Godspeed,,,Godspeed,House of Protection,2025-05-23,109982,house-of-protection,godspeed-3,DHspLo61Az8,2025-08-01,0,2026-04-28T19:28:13.921618+00:00
2fcc56d7-168d-45e3-b6b1-ff228f722a21,Howard Jones,What Is Love,Howard Jones - What Is Love,,,,,,,,,,,1,2026-03-24T14:46:00.362883+00:00
9b5e7834-9e67-47c9-8dd9-f9c0b335fecd,Howard Jones,What Is Love • Toppop,Howard Jones - What Is Love • Toppop,,,,,,,,,,,2,2026-03-24T14:38:39.230774+00:00
40cfe40f-2a32-4580-ac88-5dc33d5e0305,Hudson Westbrook,Better Man Than Me,Hudson Westbrook - Better Man Than Me,,,Better Man Than Me,"Marshmello, Hudson Westbrook",2025-09-26,109720,hudson-westbrook,better-man-than-me,W79jD67_-fk,2025-09-01,0,2026-04-29T04:57:39.588994+00:00
f0b241da-4c73-4392-8ddc-917232c6e559,Huey Lewis & The News,The Power Of Love,Huey Lewis & The News - The Power Of Love,,,,,,,,,,,1,2026-03-20T10:55:26.434751+00:00
d21d15a3-a3a2-4263-bca6-c2829367cd39,I Kept On Loving You · Roger Nichols,Williams,I Kept On Loving You · Roger Nichols - Williams,,,,,,,,,,,1,2026-04-26T14:25:22.24504+00:00
b3f8c1d0-9c08-4f96-b043-ce32704c27e0,I Prevail,Annihilate Me,I Prevail - Annihilate Me,,,Annihilate Me,I Prevail,2025-08-15,106489,i-prevail,annihilate-me,ZUueA5DUPsU,2025-08-01,0,2026-04-28T19:29:12.729035+00:00
01a1d8cb-f41f-4544-87f6-152325c9f57f,I Prevail,Pray,I Prevail - Pray,,,Pray,I Prevail,2025-09-19,109032,i-prevail,pray-4,AytPEP2kW-E,2025-09-01,0,2026-04-28T19:29:11.539562+00:00
6518bbbc-1b7e-4e90-99ca-4a7c4781627f,Iam Tongi,Cool Down,Iam Tongi - Cool Down,,,Cool Down,Iam Tongi,2024-05-24,99039,iam-tongi,cool-down,DAh5IbcZVBI,2024-05-01,0,2026-04-28T19:29:27.116988+00:00
b43319ef-44d9-43f2-91c3-fa5ccc8b5443,Iam Tongi,Don't Let Go,Iam Tongi - Don't Let Go,,,Don't Let Go,Iam Tongi,2024-05-24,99045,iam-tongi,dont-let-go,P-KcNJ-fqc4,2024-05-01,0,2026-04-28T19:29:25.972485+00:00
4b84c878-6902-4bcf-90e1-b8c4bcbe9c1a,Iam Tongi,Road To Hana,Iam Tongi - Road To Hana,,,Road To Hana,Iam Tongi,2024-08-09,99051,iam-tongi,road-to-hana,BJJSxReyKBM,2024-08-01,0,2026-04-28T19:29:24.827569+00:00
d41f1131-eb74-419c-8aa0-5e1285619a1d,Iam Tongi,The Christmas Song,Iam Tongi - The Christmas Song,,,The Christmas Song,Iam Tongi,2023-11-24,99034,iam-tongi,the-christmas-song-2,yreFA-0qWyQ,2023-11-01,0,2026-04-28T19:29:28.264689+00:00
3469d012-8a23-46d4-890e-dbdcd83162c2,iann dior,Goodbye,iann dior - Goodbye,,,undefined,,,68790,iann-dior,goodbye-5,8cIOmG4HIiQ,2024-02-01,0,2026-04-29T15:20:52.184739+00:00
2badfde6-ec2c-4477-a7c9-6f6afd2bc808,iann dior,Six Feet,iann dior - Six Feet,,,SIX FEET,iann dior,2025-06-13,107198,iann-dior,six-feet,2V7wt7av51Q,2025-06-01,0,2026-04-28T19:29:35.177015+00:00
96656b44-372a-46b1-8ca3-bea5966765ba,iann dior,Tattoos & U,iann dior - Tattoos & U,,,Tattoos Together,Lauv,2020-03-06,107193,iann-dior,tattoos-u,SMHuXBjC6qo,2025-06-01,0,2026-04-28T19:29:34.021227+00:00
6416e8b0-81cb-44e2-bdf0-794f44e8d880,Ice Cube,Gangsta Olympics,Ice Cube - Gangsta Olympics,,,undefined,,,78874,ice-cube,gangsta-olympics,DOHAkMFYDG4,2024-08-01,0,2026-04-28T19:29:52.030621+00:00
84c32086-3bc6-4329-b3e2-252eb838f2a3,Ice Cube,Rollin' At Twilight,Ice Cube - Rollin' At Twilight,,,Rollin' At Twilight,Ice Cube,2024-11-22,90036,ice-cube,rollin-at-twilight,pa7aOBHxEF8,2025-01-01,0,2026-04-28T19:29:46.035124+00:00
9dae87a0-82c1-476a-b530-8317e8534682,Ice Cube,We Rollin',Ice Cube - We Rollin',,,undefined,,,87342,ice-cube,we-rollin,BLfo5CWZSy8,2024-11-01,0,2026-04-28T19:29:48.411795+00:00
14bed23b-1738-4168-af5b-a04bec51d7ca,Iconic,"""Nowhere To Run""","Iconic - ""Nowhere To Run""",,,,,,,,,,,1,2026-04-18T14:36:13.42781+00:00
21fee5b1-b9c0-4233-ab23-1e3dd7d02496,IDK,Clover,IDK - Clover,,,CLOVER,"IDK, Joey Valence & Brae",2025-03-21,94260,idk,clover,brsfopkIQvQ,2025-03-01,0,2026-04-28T19:30:32.458412+00:00
3bbd0323-b5ef-4946-8e12-f01f41a9e212,IGORRR,Adhd,IGORRR - Adhd,,,ADHD,Igorrr,2025-04-03,95218,igorrr,adhd-4,TGIvO4eh190,2025-04-01,0,2026-04-28T19:30:52.626309+00:00
cc11bc42-efa6-4951-a391-24b73d33c7bd,Ilsey,Headlights,Ilsey - Headlights,,,Headlights (feat. Ilsey),"Robin Schulz, Ilsey",2025-10-03,110027,ilsey,headlights-2,vAEwLvxHVVk,2015-04-01,0,2026-04-29T07:14:51.119281+00:00
99d59b17-0965-483f-92c4-573b24c078bb,Imagine Dragons,Dare U,Imagine Dragons - Dare U,,,Dare U,"NLE Choppa, Imagine Dragons",2025-01-16,89647,imagine-dragons,dare-u,NObExZCktuM,2025-01-01,0,2026-04-29T05:47:50.690193+00:00
ddcd1055-2cb3-48b7-83b7-530c80586dbd,Imagine Dragons,Monica,Imagine Dragons - Monica,,,Monica - Demo,イマジン・ドラゴンズ,2025-01-27,90158,imagine-dragons,monica,kR8LNI61UnU,2025-01-01,0,2026-04-28T19:31:05.76571+00:00
6e2a8212-179d-4544-b8b5-893deb6deb0d,Imminence,God Fearing Man,Imminence - God Fearing Man,,,God Fearing Man,Imminence,2025-03-07,92349,imminence,god-fearing-man,dEBsQTKZFOE,2025-03-01,0,2026-04-28T19:31:18.133857+00:00
d0d0a5a8-3d73-4b54-9d13-e9f3f277ad3a,In The End [Official Hd Music Video],Linkin Park,In The End [Official Hd Music Video] - Linkin Park,,,,,,,,,,,0,2026-03-19T04:33:49.7355+00:00
5bd8d9d4-b3bc-4654-8753-a3bee67cfc70,In This Moment,Creep,In This Moment - Creep,,,,,,39054,in-this-moment,creep-3,U8THGNfWYh0,2022-08-01,0,2026-04-28T19:31:26.90794+00:00
336ba4a8-afe9-4e38-9625-28d87c2279dc,Indeep,Last Night A Dj Saved My Life,Indeep - Last Night A Dj Saved My Life,,,,,,,,,,,1,2026-04-19T14:34:05.806632+00:00
d8e6bea8-d6be-46e6-a416-8de866224568,Indira Paganotto,Kalima,Indira Paganotto - Kalima,,,Kalima,Indira Paganotto,2025-03-13,98992,indira-paganotto,kalima,g-T8624a0h0,2025-03-01,0,2026-04-28T19:31:30.507688+00:00
302bd806-99c9-465c-a509-3629d2a91c8e,Induction,Set You Free,Induction - Set You Free,,,,,,,,,,,1,2026-04-26T14:59:16.663542+00:00
0bc7cfa0-992f-4d60-b04b-ff633f923a92,Inéz,Crystallized,Inéz - Crystallized,,,crystallized (feat. Inéz),"John Summit, Inéz",2025-09-12,108188,inez,crystallized-2,vo8SyrrTtsY,2025-09-01,0,2026-04-28T19:44:18.911102+00:00
4dc7998a-f127-490f-9dc1-84fc44f1d1de,Inéz,Light Years,Inéz - Light Years,,,light years (feat. Inéz),"John Summit, Inéz",2025-03-26,94874,inez,light-years-2,FNHfPqti1V8,2025-03-01,0,2026-04-28T19:44:21.444693+00:00
fe061b35-40e8-402b-9df7-99f8d23b1cbe,Infinite Coles,Dad & I,Infinite Coles - Dad & I,,,Dad & I,Infinite Coles,2025-09-17,110299,infinite-coles,dad-i,4-RzlYHlZ5k,2025-10-01,0,2026-04-28T19:31:56.767873+00:00
2a10da5f-321d-4d90-8399-5061d7bfada4,Infinite Coles,Sweetfacekillah,Infinite Coles - Sweetfacekillah,,,SweetFaceKillah,Infinite Coles,2025-09-17,109278,infinite-coles,sweetfacekillah,d2ZHgDmP28I,2025-09-01,0,2026-04-28T19:31:58.020274+00:00
0c89dc20-1ba8-4473-ae31-1043f16f5b5a,Infinity Song,Sinking Boat,Infinity Song - Sinking Boat,,,Sinking Boat,Infinity Song,2024-06-14,90436,infinity-song,sinking-boat,TNyr9xPgMRM,2025-02-01,0,2026-04-28T19:31:59.302658+00:00
b275d99b-7f55-43d7-b332-c3e49c644969,Inhaler,A Question Of You,Inhaler - A Question Of You,,,A Question of You,Inhaler,2025-01-17,89638,inhaler,a-question-of-you,6zJgbXOEsYw,2025-01-01,0,2026-04-28T19:32:08.171378+00:00
5d861c98-327a-4e38-8cb5-244d2f38c34f,Inhaler,Billy,Inhaler - Billy,,,Billy (Yeah Yeah Yeah),Inhaler,2025-02-05,90369,inhaler,billy,-kf_LJ69tTc,2025-02-01,0,2026-04-28T19:32:06.981672+00:00
ba1a8973-613a-420e-983e-b1343894ff1b,INJI,In A Mood,INJI - In A Mood,,,IN A MOOD,INJI,2025-09-12,108393,inji,in-a-mood,iXolob0tt-w,2025-09-01,0,2026-04-28T19:32:23.79127+00:00
91a75519-8aed-4bf5-aa02-2a9fe01a13a8,INNA,In Love,INNA - In Love,,,In Love,"Minelli, INNA",2025-08-22,106654,inna,in-love-2,scGJ221ubIs,2025-08-01,0,2026-04-29T05:17:18.391741+00:00
0ed2942b-2346-456a-a456-804d96385135,INNA,Let It Talk To Me,INNA - Let It Talk To Me,,,Let It Talk To Me,"Sean Paul, INNA",2025-02-28,93262,inna,let-it-talk-to-me,nkRyAVQdqAA,2025-03-01,0,2026-04-29T07:36:37.964057+00:00
0c3716c2-e64d-4280-b271-119cf474add1,IQ,No Dominion,IQ - No Dominion,,,No Dominion,IQ,2025-02-12,91488,iq,no-dominion,TEUzhZJvK_0,2025-02-01,0,2026-04-28T19:33:18.148209+00:00
d9591d3b-7e13-42cd-b659-ba2700d4adbd,Irene Cara,Flashdance What A Feeling,Irene Cara - Flashdance What A Feeling,,,,,,,,,,,1,2026-03-17T15:58:06.669746+00:00
02d0d457-743b-4309-96a9-7f20ea1f0b38,Iron Maiden,The Number Of The Beast,Iron Maiden - The Number Of The Beast,,,The Number of the Beast - 2015 Remaster,Iron Maiden,1982,108504,iron-maiden,the-number-of-the-beast,_WCCVqkTI9Q,1982-03-01,1,2026-03-26T07:17:31.609772+00:00
f86a1877-80cc-4b28-8825-5f2d8729e42d,Isaac Hayes,Theme From Shaft,Isaac Hayes - Theme From Shaft,,,Theme From Shaft - Remastered 2009,Isaac Hayes,1971,107482,isaac-hayes,theme-from-shaft,fTU_9T5ufzY,1971-10-01,0,2026-04-28T19:33:25.660108+00:00
b8eb071b-c154-4fa7-8810-527c2d24da7e,Isabel LaRosa,Cry For You,Isabel LaRosa - Cry For You,,,Cry For You,Isabel LaRosa,2025-03-21,94126,isabel-larosa,cry-for-you,WRg8IT-q8dY,2025-03-01,0,2026-04-28T19:33:28.167136+00:00
7c14e16c-9a8b-4571-8335-cee6b0cc325d,Isabel LaRosa,Home,Isabel LaRosa - Home,,,Home,Isabel LaRosa,2025-02-14,91056,isabel-larosa,home-9,Y38RsH-hG0A,2025-02-01,0,2026-04-28T19:33:29.401696+00:00
c36c6d3a-7b6d-4e89-9a53-66b513b54730,Isabella Lovestory,True Religion,Isabella Lovestory - True Religion,,,True Religion,"Shygirl, Isabella Lovestory, PinkPantheress",2025-01-22,91035,isabella-lovestory,true-religion,JAaqo2wonMk,2025-01-01,0,2026-04-29T07:45:34.086029+00:00
d0d2975f-7db6-4fb4-9685-1f45b8eb5ceb,Isaiah Falls,Butterflies,Isaiah Falls - Butterflies,,,BUTTERFLIES,"Isaiah Falls, Joyce Wrice",2024-10-11,97574,isaiah-falls,butterflies-6,iO9zh44EmsM,2025-04-01,0,2026-04-28T19:33:38.104219+00:00
e646f16c-5377-416a-b409-17b725b4baec,ivri,Tower Of Memories,ivri - Tower Of Memories,,,tower of memories,ivri,2025-07-10,106949,ivri,tower-of-memories,eD7tRv4A1FA,2025-07-01,0,2026-04-28T19:33:49.885344+00:00
d6dc628e-9544-4a8c-ad7a-c43720a469bb,IYAMAH,Want It,IYAMAH - Want It,,,Want It,"Pola & Bryson, IYAMAH",2025-03-21,101758,iyamah,want-it,5VdoQpk_n9Q,2025-03-01,0,2026-04-28T19:33:52.654937+00:00
61e29fdd-dd40-44d7-96fc-235183b3cfc8,Izzy Bizu,Lifeline,Izzy Bizu - Lifeline,,,Lifeline,"Jonas Blue, Izzy Bizu",2025-02-28,92209,izzy-bizu,lifeline-4,dYHqWTgNYl4,2025-02-01,0,2026-04-28T19:45:23.637645+00:00
63e337b9-5dda-4849-82cf-d7bd43f0b8ab,J&R Project,Keep It Up,J&R Project - Keep It Up,,,Keep It Up,"Salvatore Ganacci, J&R project",2025-09-26,109395,jr-project,keep-it-up-4,AogY1qj6CbA,2025-09-01,0,2026-04-29T07:28:46.287093+00:00
d48beb7b-0f05-485d-8d6f-4a5b17ce54a5,JAAS,Lonely Roads,JAAS - Lonely Roads,,,LONELY ROADS,"King Combs, North West, JAAS",2025-06-27,108978,jaas,lonely-roads,O_jdXcU2hSw,2025-09-01,0,2026-04-30T12:16:17.09472+00:00
6c90272c-95ed-4402-b5c1-f6936e58d4ec,Jack Harlow,Set You Free,Jack Harlow - Set You Free,,,Set You Free,Jack Harlow,2025-02-12,90823,jack-harlow,set-you-free-2,O7WaoGA_DQo,2025-02-01,0,2026-04-28T19:34:04.642721+00:00
2c8a72d5-f0ed-48cb-bb51-f5a80d5d75a1,Jackson Browne,Running On Empty,Jackson Browne - Running On Empty,,,,,,,,,,,2,2026-04-04T08:25:44.718804+00:00
e40851fd-4f33-4bfd-968a-14d79a917ec0,Jackson Wang,Gbad,Jackson Wang - Gbad,,,GBAD,Jackson Wang,2025-03-27,94707,jackson-wang,gbad,zeoRk6dDSFQ,2025-03-01,0,2026-04-28T19:34:40.803697+00:00
f03787a6-682c-4b26-be5d-4614c59722a8,Jackson Wang,High Alone,Jackson Wang - High Alone,,,High Alone,Jackson Wang,2025-02-12,90578,jackson-wang,high-alone,f2ILvf-JKBY,2025-02-01,0,2026-04-28T19:34:42.009143+00:00
3c9e8f01-42bf-4735-bb1d-e276f7439697,Jackson Wang,Let Loose,Jackson Wang - Let Loose,,,Let Loose,Jackson Wang,2025-09-12,108342,jackson-wang,let-loose,hrtYrPSI8Pw,2025-09-01,0,2026-04-28T19:34:37.213626+00:00
4ec195a1-7a16-40c7-ba5c-b4a386cfa931,Jadakiss,That's How We Do It,Jadakiss - That's How We Do It,,,undefined,,,78111,jadakiss,thats-how-we-do-it,wgI_N4MQcY8,2024-07-01,0,2026-04-28T19:35:00.522777+00:00
f0b8600e-b656-4bfe-a6ef-c71309a92948,JADE,Before You Break My Heart,JADE - Before You Break My Heart,,,Before You Break My Heart,JADE,2025-09-12,108106,jade,before-you-break-my-heart-1,eU0eVJPDxoE,2025-09-01,0,2026-04-28T19:35:17.374382+00:00
2d95b2fd-d106-4c16-9450-8360d3892a74,JADE,Fufn,JADE - Fufn,,,FUFN (Fuck You For Now),JADE,2025-03-14,93358,jade,fufn,Sakeg5oc0QU,2025-03-01,0,2026-04-28T19:35:23.200311+00:00
f5a8116a-5a8b-41c4-bf26-86dbfc5dc482,JADE,Self Saboteur,JADE - Self Saboteur,,,Self Saboteur,JADE,2025-09-12,108473,jade,self-saboteur,YVbipGXwi0o,2025-09-01,0,2026-04-28T19:35:16.140248+00:00
933c9efc-eb31-4bb2-a619-1e5efc5d0ef0,JADE,Unconditional,JADE - Unconditional,,,Unconditional,JADE,2025-09-10,108056,jade,unconditional,cu4--ehajz0,2025-09-01,0,2026-04-28T19:35:18.594126+00:00
7ff0af55-9f81-49d9-9f62-74951cc7c993,Jaden,Red Cloaks,Jaden - Red Cloaks,,,RED CLOAKS (feat. Rich The Kid),"Jaden, Rich The Kid",2025-09-19,108960,jaden,red-cloaks,q4vBoXIxd3o,2025-09-01,0,2026-04-28T19:35:01.755254+00:00
5c1a2b95-fdd9-4698-9661-e35cf88d6c9c,Jae Stephens,Afterbody,Jae Stephens - Afterbody,,,Afterbody,Jae Stephens,2025-08-22,106500,jae-stephens,afterbody,OPgpX94udm8,2025-08-01,0,2026-04-28T19:35:25.81266+00:00
4a9df6ee-e7bd-4da0-b935-9b178a7da31f,Jain,Tout Le Monde Est Fou,Jain - Tout Le Monde Est Fou,,,Tout le monde est fou,"Jain, Solomun",2025-02-28,91876,jain,tout-le-monde-est-fou,oKg125fcMH8,2025-02-01,0,2026-04-28T19:35:30.993175+00:00
03da57cb-8325-439b-8628-a0b1db55f36e,Jake Shears,Fire + Ice,Jake Shears - Fire + Ice,,,Fire & Ice (feat. Jake Shears),"Purple Disco Machine, Jake Shears",2025-09-05,107663,jake-shears,fire-ice,xv9CfAintE0,2025-09-01,0,2026-04-29T06:45:16.432817+00:00
a87efdf5-fe57-4e7a-9e32-cdc5281e4c9a,Jaki Graham,Don't Look Any Further,Jaki Graham - Don't Look Any Further,,,Don't Look Any Further,"Le Flex, Jaki Graham",2025-02-28,92241,jaki-graham,dont-look-any-further,tludght7aQM,2025-03-01,0,2026-04-28T20:08:02.986787+00:00
f1b67d53-957a-4160-97e8-2c3f827fd854,JAMES,She's A Star,JAMES - She's A Star,,,She's A Star,James,1997,92936,james,shes-a-star,21LGZPuKnHI,1997-02-01,0,2026-04-28T19:36:32.091235+00:00
f35eb4d2-02b9-446e-b530-33cb43c4ea52,James Alyn,Dim The Lights,James Alyn - Dim The Lights,,,,,,99432,james-alyn,dim-the-lights,-gT6U-zF6Cg,2025-05-01,0,2026-04-28T19:35:49.427483+00:00
e3482082-40ab-400b-8889-4abbad26a906,James Alyn,Show Me Your Love,James Alyn - Show Me Your Love,,,Show Me Your Love,James Alyn,2025-03-25,94908,james-alyn,show-me-your-love,xQwYvwoojsg,2025-03-01,0,2026-04-28T19:35:50.610035+00:00
b8670147-996d-4906-be4d-7b254fadc64d,James Arthur,Celebrate,James Arthur - Celebrate,,,Celebrate,ジェームズ・アーサー,2025-01-17,89658,james-arthur,celebrate-3,HA1IW21mbm8,2025-01-01,0,2026-04-28T19:35:54.233727+00:00
b6cbcdf7-ded3-4580-96da-4f931a83c862,James Arthur,Embers,James Arthur - Embers,,,Embers,ジェームズ・アーサー,2025-02-14,90746,james-arthur,embers-3,D4dOQODhZHc,2025-02-01,0,2026-04-28T19:35:53.051352+00:00
e5aa3ccd-ce65-4e2e-940f-63f918bcf52d,James Brown,Supa Good,James Brown - Supa Good,,,SUPA GOOD!!! (from Dog Man),"Yung Gravy, James Brown",2025-01-24,90527,james-brown,supa-good,b0fJnJkahUA,2025-02-01,0,2026-04-29T09:51:45.240067+00:00
8e27f59a-7fe2-4eb0-b788-fa8aa1d7018d,James Hype,Don't Wake Me Up,James Hype - Don't Wake Me Up,,,Don't Wake Me Up,James Hype,2025-03-21,94963,james-hype,dont-wake-me-up-2,Us-4C6Bz5nQ,2025-03-01,0,2026-04-28T19:36:13.917194+00:00
921932e5-507d-4e50-a148-9070f7233aca,James Marriott,Don't Blame Me,James Marriott - Don't Blame Me,,,Don't Blame Me,James Marriott,2023-11-10,90229,james-marriott,dont-blame-me,3HoPNyI1lt0,2023-10-01,0,2026-04-28T19:36:24.247316+00:00
86e7e5ce-f02c-42e8-9029-ac8cb0414b93,James Marriott,Grapes,James Marriott - Grapes,,,Grapes,James Marriott,2022-06-24,90215,james-marriott,grapes,-uk3GwgNc3o,2022-06-01,0,2026-04-28T19:36:27.854212+00:00
060079f0-0df8-4abb-ad29-70408a69c281,James Marriott,I Don't Want To Live Like This,James Marriott - I Don't Want To Live Like This,,,I Don't Want To Live Like This,James Marriott,2025-01-30,90210,james-marriott,i-dont-want-to-live-like-this,iKbPbC6CPgc,2025-01-01,0,2026-04-28T19:36:22.79511+00:00
e26f7e9a-3ab5-4058-b318-723937505749,James Marriott,Romanticise This,James Marriott - Romanticise This,,,Romanticise This,James Marriott,2023-11-10,90225,james-marriott,romanticise-this,9WJHQ1LoNQU,2023-07-01,0,2026-04-28T19:36:25.4522+00:00
abecc6ab-3472-48c7-acae-d2aa11d28b33,James Marriott,So Long,James Marriott - So Long,,,So Long,James Marriott,2023-11-10,90220,james-marriott,so-long,ZmKR6oPKkJ0,2023-06-01,0,2026-04-28T19:36:26.667707+00:00
3a6d0520-dca2-4320-b9c4-36151380144a,James Marriott,Toothache,James Marriott - Toothache,,,Toothache,James Marriott,2025-03-20,94098,james-marriott,toothache,GnF4fvJZjQc,2025-03-01,0,2026-04-28T19:36:21.622847+00:00
67c462b1-f5ea-4ca8-ad68-5f4feee8758f,James Taylor,You've Got A Friend,James Taylor - You've Got A Friend,,,,,,,,,,,1,2026-04-25T11:57:50.620527+00:00
c2aa8787-e40c-4a6b-b9bf-85baa9b646c0,Jamiroquai,Give Hate A Chance,Jamiroquai - Give Hate A Chance,,,(Don't) Give Hate a Chance,Jamiroquai,2005-06-15,99622,jamiroquai,give-hate-a-chance,ALQBSkV6QC4,2005-11-01,0,2026-04-29T14:49:30.639019+00:00
13cc4718-74a8-46c6-b3a9-9da702409767,JANE HANDCOCK,Can’t Let Go,JANE HANDCOCK - Can’t Let Go,,,Can’t Let Go,JANE HANDCOCK,2025-07-11,106748,jane-handcock,cant-let-go,_TluJGhFpKs,2025-08-01,0,2026-04-28T19:37:23.280344+00:00
dc0e7cb9-db2b-4f25-bd93-d36d4e92ad4b,Janet Jackson,Nothing,Janet Jackson - Nothing,,,,,,44334,janet-jackson,nothing,l_ZRnfbxusw,2010-05-01,0,2026-04-28T19:37:38.05787+00:00
a5a77841-f435-4ab6-977b-cc9736953c10,Japanese Breakfast,Be Sweet,Japanese Breakfast - Be Sweet,,,Be Sweet,Japanese Breakfast,2021-06-04,93027,japanese-breakfast,be-sweet,2ZfcZEIo6Bw,2021-03-01,0,2026-04-28T19:37:56.827034+00:00
2abd5586-b058-4612-a670-967a81c91771,Japanese Breakfast,Boyish,Japanese Breakfast - Boyish,,,Boyish,Japanese Breakfast,2017-07-14,93032,japanese-breakfast,boyish,t3bjPGUDl1k,2018-03-01,0,2026-05-01T04:23:35.714217+00:00
e41acb33-4fe3-4f47-ac2d-87723962aa39,Japanese Breakfast,Everybody Wants To Love You,Japanese Breakfast - Everybody Wants To Love You,,,Everybody Wants to Love You,Japanese Breakfast,2016-04-01,93052,japanese-breakfast,everybody-wants-to-love-you,KNT7wuqaykc,2016-09-01,0,2026-05-01T04:23:40.461848+00:00
cb62e0df-6d3f-4f8c-87c0-92f6a8b149c4,Japanese Breakfast,Glider,Japanese Breakfast - Glider,,,Glider - from Sable Original Video Game Soundtrack,Japanese Breakfast,2021-09-24,93062,japanese-breakfast,glider,ej5-CHAGr34,2021-08-01,0,2026-04-28T19:37:52.169476+00:00
4897f877-eb42-4498-8dfc-02e85c52df3a,Japanese Breakfast,Mega Circuit,Japanese Breakfast - Mega Circuit,,,Mega Circuit,Japanese Breakfast,2025-02-13,90943,japanese-breakfast,mega-circuit,BEJ_9veuPXI,2025-02-01,0,2026-04-28T19:37:48.713382+00:00
11a3d184-f8f5-42a4-8e52-d516f0649f69,Japanese Breakfast,Orlando In Love,Japanese Breakfast - Orlando In Love,,,Orlando in Love,Japanese Breakfast,2025-01-07,93022,japanese-breakfast,orlando-in-love,i9rcfX_t3nU,2025-01-01,0,2026-04-28T19:37:49.870847+00:00
d46e5e30-92e7-4838-b5a4-dfe6b2ebd453,Japanese Breakfast,Paprika,Japanese Breakfast - Paprika,,,Paprika,Japanese Breakfast,2021-06-04,93067,japanese-breakfast,paprika,aA5l2qsX_O8,2021-06-01,0,2026-04-28T19:37:53.32998+00:00
acbd8a65-d9df-4afd-b793-72f0ace67289,Japanese Breakfast,Picture Window,Japanese Breakfast - Picture Window,,,Picture Window,Japanese Breakfast,2025-03-21,93934,japanese-breakfast,picture-window,w2BY6y_LX5s,2025-03-01,0,2026-04-28T19:37:47.580948+00:00
3d40a538-866c-4b9e-ae66-da356b1a425c,Japanese Breakfast,Posing In Bondage,Japanese Breakfast - Posing In Bondage,,,Posing In Bondage,Japanese Breakfast,2021-06-04,93037,japanese-breakfast,posing-in-bondage,q2pQIqR-m_w,2021-04-01,0,2026-04-28T19:37:55.652414+00:00
81812b58-8cda-44cd-8ef2-f74857ffe453,Japanese Breakfast,Road Head,Japanese Breakfast - Road Head,,,Road Head,Japanese Breakfast,2017-07-14,93042,japanese-breakfast,road-head,cCmLjb-ocPY,2017-07-01,0,2026-05-01T04:23:38.877019+00:00
0c052231-6f96-404a-89a1-df26112cae29,Japanese Breakfast,Savage Good Boy,Japanese Breakfast - Savage Good Boy,,,Savage Good Boy,Japanese Breakfast,2021-06-04,93057,japanese-breakfast,savage-good-boy,mcoC5ZgaFjY,2021-05-01,0,2026-04-28T19:37:54.485779+00:00
b88d4456-92cf-4dac-8acd-6c248b362701,Japanese Breakfast,The Ballad Of The Witches' Road,Japanese Breakfast - The Ballad Of The Witches' Road,,,The Ballad of the Witches' Road (Pop Version) - From Agatha All Along/Soundtrack Version,Japanese Breakfast,2024-10-18,93072,japanese-breakfast,the-ballad-of-the-witches-road,TkylJEIXx5w,2024-10-01,0,2026-04-28T19:37:51.030076+00:00
7948b230-a8d4-44ab-aca1-b2e2806b79fe,Japanese Breakfast,The Body Is A Blade,Japanese Breakfast - The Body Is A Blade,,,The Body Is a Blade,Japanese Breakfast,2017-07-14,93047,japanese-breakfast,the-body-is-a-blade,KmXnuD-JpOs,2017-10-01,0,2026-05-01T04:23:37.296259+00:00
094bf1ad-b38e-4207-ac92-9451033ae868,Jason Derulo,Who Hurt You,Jason Derulo - Who Hurt You,,,Who Hurt You,Jason Derulo,2025-10-03,109870,jason-derulo,who-hurt-you,_ZLDwC2nHj0,2025-10-01,0,2026-04-28T19:38:10.504946+00:00
0ac08a61-3e78-45e1-8154-385993c8da8e,JayDon,Lullaby,JayDon - Lullaby,,,Lullaby,"JayDon, Paradise",2025-02-14,99202,jaydon,lullaby-3,gt4fxrwlStI,2025-02-01,0,2026-04-28T19:38:45.910362+00:00
7b288455-0bd0-42e1-bea2-b16dae68b7ac,JayDon,The Way You Move,JayDon - The Way You Move,,,The Way You Move,JayDon,2025-08-22,106254,jaydon,the-way-you-move-2,JT9YexJ6pUQ,2025-08-01,0,2026-04-28T19:38:43.461295+00:00
026ae45b-b954-4f19-b41d-0c23cb380fe2,Jazzy,Hypnotic,Jazzy - Hypnotic,,,Hypnotic,Jazzy,2025-09-12,109091,jazzy,hypnotic-2,KNcF6yq7OL8,2025-09-01,0,2026-04-28T19:38:56.973908+00:00
967ed752-9105-41fc-aae3-3da1c40a9760,Jeangu Macrooy,Independent Girls & Nasty Evil Gays,Jeangu Macrooy - Independent Girls & Nasty Evil Gays,,,Independent Girls & Nasty Evil Gays,Jeangu Macrooy,2025-07-04,106323,jeangu-macrooy,independent-girls-nasty-evil-gays,GOQFWGiJqWI,2025-07-01,0,2026-04-28T19:39:07.114299+00:00
090790f0-b3db-4541-bab5-280b3056ae59,Jeff Satur,Ride Or Die,Jeff Satur - Ride Or Die,,,Ride or Die,Jeff Satur,2025-01-10,89672,jeff-satur,ride-or-die-3,vMqrGS9z0hQ,2025-01-01,0,2026-04-28T19:39:09.405809+00:00
b4457d87-695b-4e40-8955-2a711e7973c7,Jelly Roll,Haunted,Jelly Roll - Haunted,,,Haunted,"Kane Brown, Jelly Roll",2025-01-24,89944,jelly-roll,haunted-3,SCMhRwppbQM,2025-01-01,0,2026-04-28T19:51:31.08746+00:00
e4e5960d-efb0-41e1-b221-6aececa82adc,Jelly Roll,Last Dance With Mary Jane,Jelly Roll - Last Dance With Mary Jane,,,Last Dance With Mary Jane (feat. Tom Petty & Jelly Roll),"Snoop Dogg, Tom Petty, Jelly Roll",2024-12-13,97878,jelly-roll,last-dance-with-mary-jane,rseqmSGH7xk,2025-04-01,0,2026-04-29T07:59:07.610529+00:00
493065ed-03eb-4781-857f-f52e6a2ead57,Jem Cooke,Blue Symphony,Jem Cooke - Blue Symphony,,,Blue Symphony,"KREAM, Jem Cooke",2025-01-17,89583,jem-cooke,blue-symphony,ktPmR8JUghk,2025-01-01,0,2026-04-29T15:10:09.550014+00:00
29782ae2-22a9-432b-bee8-c3e98c2d77bc,Jennifer Lopez,Step Into My World,Jennifer Lopez - Step Into My World,,,,,,93555,jennifer-lopez,step-into-my-world-2,wh5OBJxaAlc,2025-03-01,0,2026-05-02T02:46:40.324008+00:00
2106ef8f-631a-4adb-a737-c3f0836267f5,Jesse & Joy,Human,Jesse & Joy - Human,,,Human (feat. Jesse & Joy),"Robbie Williams, Jesse & Joy",2025-08-21,106289,jesse-joy,human-7,UmLqdSF29OM,2025-08-01,0,2026-04-29T07:13:50.226952+00:00
93317b66-b8ff-4c5c-8199-3867503b7837,Jessica Baio,Radio,Jessica Baio - Radio,,,"Radio (feat. Trippie Redd, Jessica Baio & KABU)","Steve Aoki, Trippie Redd, Jessica Baio, KABU",2025-02-28,93594,jessica-baio,radio-2,BunBnT4Vvo4,2025-03-01,0,2026-04-29T08:15:52.096284+00:00
16c8ae47-88a7-49ce-a891-cde61849fd84,Jessica Simpson,Blame Me,Jessica Simpson - Blame Me,,,Blame Me,Jessica Simpson,2025-03-21,94839,jessica-simpson,blame-me,AgVCO1seD-U,2025-04-01,0,2026-04-28T19:40:41.043367+00:00
0faae60b-cef9-45ec-a6c7-3965f0d629db,Jessica Simpson,Leave,Jessica Simpson - Leave,,,Leave,Jessica Simpson,2025-03-07,93293,jessica-simpson,leave,pLAV3VEPF-c,2025-03-01,0,2026-04-28T19:40:42.263562+00:00
c128345b-9f84-4a56-b7b7-b89386265f40,Jessica Winter,L.o.v.e.,Jessica Winter - L.o.v.e.,,,L.O.V.E.,Jessica Winter,2025-02-10,91626,jessica-winter,l-o-v-e-3,UCuJNQQLbwk,2025-02-01,0,2026-04-28T19:40:45.730657+00:00
4970a54d-1f3a-463b-95b7-01e98c1c3127,Jessie Frye,Haven In The Woods,Jessie Frye - Haven In The Woods,,,Haven in the Woods,Jessie Frye,2025-02-28,92415,jessie-frye,haven-in-the-woods,WFY72ALGruQ,2025-02-01,0,2026-04-28T19:40:48.269017+00:00
d831581c-55c4-48cf-8a87-32edb7fa6ccc,Jessie J,Believe In Magic,Jessie J - Believe In Magic,,,Believe in Magic,Jessie J,2025-08-29,106821,jessie-j,believe-in-magic,VdEldeYtVe4,2025-08-01,0,2026-04-28T19:40:55.146101+00:00
5fc9d4d1-fb2f-41f7-98cd-9be3ad988713,Jessie Reyez,Goliath,Jessie Reyez - Goliath,,,GOLIATH,Jessie Reyez,2025-01-31,90503,jessie-reyez,goliath,rmbrzRTczy8,2025-02-01,0,2026-04-28T19:41:13.316575+00:00
a35fa3af-9f8c-4661-8e3d-ae064496f0f2,Jessie Reyez,Nyb,Jessie Reyez - Nyb,,,**NYB**,Jessie Reyez,2025-03-28,94630,jessie-reyez,nyb,wwuLy4MW8Yc,2025-03-01,0,2026-04-28T19:41:10.967586+00:00
3acf8386-45b3-4c49-b533-5adee859b37f,Jessie Reyez,Psilocybin & Daisies,Jessie Reyez - Psilocybin & Daisies,,,PSILOCYBIN & DAISIES,Jessie Reyez,2025-03-07,92717,jessie-reyez,psilocybin-daisies,GtK16LsXsvE,2025-03-01,0,2026-04-28T19:41:12.163304+00:00
df14a247-e3e7-4dce-b0fb-76b82950b399,Jessy Blakemore,Recognize,Jessy Blakemore - Recognize,,,Recognize,"Russ, Jessy Blakemore",2025-08-29,107214,jessy-blakemore,recognize,vg5cWuxo-sc,2025-08-01,0,2026-04-29T07:24:53.290671+00:00
6e87f9cf-93b1-4280-bc0d-db8708266e2b,Jethro Tull,The Tipu House,Jethro Tull - The Tipu House,,,The Tipu House,ジェスロ・タル,2025-02-06,90335,jethro-tull,the-tipu-house,LnAYn2Ff58E,2025-02-01,0,2026-04-28T19:41:44.659497+00:00
892280df-ea69-47db-82c4-d37cfd5a56c7,Jhené Aiko,Can't Hide It,Jhené Aiko - Can't Hide It,,,Can't Hide It (feat. Jhené Aiko),"Lil Durk, Jhené Aiko",2025-03-21,94082,jhene-aiko,cant-hide-it,sRF9P3BAmvo,2025-03-01,0,2026-04-28T20:18:41.301541+00:00
661030ea-bb9e-4a4e-9de8-2884768c45fd,Jill Scott,Pum Pum Jump,Jill Scott - Pum Pum Jump,,,Pum Pum Jump (feat. Jill Scott & Tyla),"Teyana Taylor, Jill Scott, Tyla",2025-08-22,106212,jill-scott,pum-pum-jump,gUB5UXJqkwc,2025-08-01,0,2026-04-29T08:49:38.944668+00:00
f87028e9-fc19-41dd-b014-a502a6cffee9,JINJER,Duél,JINJER - Duél,,,Duél,Jinjer,2025-01-29,90167,jinjer,duel-2,hEt3MajR0cU,2025-01-01,0,2026-04-28T19:42:25.802109+00:00
3456976d-3b38-4864-814c-09269fb9108f,JISOO,Earthquake,JISOO - Earthquake,,,earthquake,JISOO,2025-02-14,91094,jisoo,earthquake,2V6lvCUPT8I,2025-02-01,0,2026-04-28T19:42:28.363838+00:00
c616a020-013c-458c-bca9-4dfae3aa31db,JISOO,Your Love,JISOO - Your Love,,,Your Love,JISOO,2025-02-14,91089,jisoo,your-love-3,FMQMi_mh1SA,2025-02-01,0,2026-04-28T19:42:29.61751+00:00
e9df6d37-97f9-4b90-9419-78f2f272342d,JMSN,Dirty Dog,JMSN - Dirty Dog,,,Dirty Dog,JMSN,2025-09-18,109055,jmsn,dirty-dog,M0LAqZW9-8g,2025-09-01,0,2026-04-28T19:42:34.567729+00:00
a941080f-dbef-4cef-b60a-52688531aeec,Joan Jett,Eye To Eye,Joan Jett - Eye To Eye,,,Eye to Eye,Joan Jett & the Blackhearts,1994-06-14,102167,joan-jett,eye-to-eye,CFRuqL8PAz8,1994-06-01,0,2026-04-28T19:42:42.993119+00:00
b89dfdae-7e5a-455a-bec9-236214dc42c6,Joan Jett,Have You Ever Seen The Rain?,Joan Jett - Have You Ever Seen The Rain?,,,Have You Ever Seen the Rain?,Joan Jett & the Blackhearts,1990-01-16,98981,joan-jett-blackhearts,have-you-ever-seen-the-rain-2,rp6FdwSv9m8,1990-01-01,1,2026-04-04T12:41:28.609372+00:00
feb13829-343c-4e4d-874b-e64cf905ba43,Jody Watley,Looking For A New Love,Jody Watley - Looking For A New Love,,,,,,,,,,,1,2026-04-15T06:11:42.788087+00:00
57cc5e4d-cd03-4bc2-a352-51bef3a0a2db,Joe Bonamassa,You Don't Own Me,Joe Bonamassa - You Don't Own Me,,,You Don't Own Me,Joe Bonamassa,2025-07-18,106787,joe-bonamassa,you-dont-own-me,nelx-tkbwJA,2025-08-01,0,2026-04-28T19:42:52.92021+00:00
04cef3b7-cd62-42cb-88a9-0c7177e79d78,Joe Satriani,Always,Joe Satriani - Always,,,"Always with Me, Always with You",Joe Satriani,1987,98731,joe-satriani,always,VI57QHL6ge0,1987-10-01,0,2026-04-28T19:43:12.266695+00:00
6970f2ed-ec7e-4887-8ff1-c1abedec5312,Joe Satriani,Crowd Chant,Joe Satriani - Crowd Chant,,,,,,,,,,,0,2026-03-29T10:43:13.841596+00:00
fd05734b-d521-41be-ba34-2ee922291354,Joel Fletcher,"1,2 Step","Joel Fletcher - 1,2 Step",,,"1,2 Step",Joel Fletcher,2025-09-26,110272,joel-fletcher,12-step,6NSpnB6kPfU,2025-09-01,0,2026-04-28T19:43:20.778697+00:00
d970a504-a0cb-4dd4-a825-d58030d267b3,Joel Fletcher,Hustlr,Joel Fletcher - Hustlr,,,HUSTLR,"Will Sparks, Joel Fletcher, Luciana",2025-02-28,92038,joel-fletcher,hustlr,z0MJj8OZwus,2025-02-01,0,2026-04-29T09:39:59.52415+00:00
f332ed4e-fd27-4486-bda2-c73113ff36c4,Joesatriani,Joe Satriani - Crowd Chant,Joesatriani - Joe Satriani - Crowd Chant,,,Crowd Chant,Joe Satriani,2006-03-14,98736,joe-satriani,crowd-chant,dyPIyghjEec,2006-03-01,2,2026-03-29T10:43:14.379819+00:00
fa9d4216-c07a-4077-a627-89abdeef8083,Joey Bada,My Town,Joey Bada - My Town,,,undefined,,,99594,joey-bada,my-town,lIxThTF_vzI,2025-05-01,0,2026-04-30T12:28:02.478283+00:00
35c49b84-9738-4e2e-8fe7-d706481bd1fa,Joey Bada$$,Crash Dummy,Joey Bada$$ - Crash Dummy,,,undefined,,,99764,joey-bada,crash-dummy,yuWXpOW9Kyo,2025-05-01,0,2026-04-28T19:43:26.899123+00:00
e6403dfb-b69d-4856-9345-76dd0326bb20,Joey Bada$$,Dark Aura,Joey Bada$$ - Dark Aura,,,DARK AURA,Joey Bada$$,2025-08-18,106221,joey-bada,dark-aura,52ToK1R1kzI,2025-08-01,0,2026-04-28T19:43:25.696902+00:00
ef040098-c869-4403-93b2-d8b5b999e394,Joey McIntyre,Freedom,Joey McIntyre - Freedom,,,Freedom,Joey McIntyre,2025-01-24,90915,joey-mcintyre,freedom-9,aQTdYCOVoJM,2025-02-01,0,2026-04-28T19:43:29.904377+00:00
40587e98-3f88-4372-ba3c-9e115b392e48,John 5,Fiend,John 5 - Fiend,,,undefined,,,99334,john-5,fiend,oyrvpND-_Vw,2025-05-01,0,2026-04-30T12:28:25.188252+00:00
d8ea7d26-8496-4c0c-ae6e-90c0bd93af6a,John Butler,Trippin On You,John Butler - Trippin On You,,,Trippin On You,"John Butler, John Butler Trio",2025-04-08,99549,john-butler,trippin-on-you,zccVGbRbjII,2025-04-01,0,2026-04-28T19:43:37.859838+00:00
2a3bebd9-1f73-4368-827b-882120b05db9,John Davis and the Monster Orchestra,You're The One,John Davis and the Monster Orchestra - You're The One,,,,,,75953,john-davis-and-the-monster-orchestra,youre-the-one,GOD-UfCT9bg,1977-01-01,0,2026-04-28T19:43:46.410474+00:00
003abf3f-8c57-47ba-8d79-9a6a21f91135,John Legend,All Of Me,John Legend - All Of Me,,,,,,,,,,,1,2026-04-21T13:42:45.805053+00:00
37fbf805-2b52-43a1-b43c-eb655ea538e3,John Legend,Never Let Go,John Legend - Never Let Go,,,Never Let Go (feat. John Legend),"Offset, John Legend",2025-08-22,106095,john-legend,never-let-go,vJavU2QSihM,2025-08-01,0,2026-04-29T05:58:24.560485+00:00
41e3486d-5cea-49e6-9c2c-d201df195399,John Legend,Tomorrow,John Legend - Tomorrow,,,,,,,,,,,0,2026-05-01T07:56:59.114036+00:00
436daa66-3637-4302-bc24-3b19244e30d9,Johnny Huynh,Hell On Me,Johnny Huynh - Hell On Me,,,HELL ON ME,Johnny Huynh,2025-01-10,89662,johnny-huynh,hell-on-me,_hRmoi2EiBs,2025-01-01,0,2026-04-28T19:44:34.223551+00:00
b3fe9390-8f2a-45f4-8413-54d6adcec38c,Johnny Marr & The Healers,All Out Attack,Johnny Marr & The Healers - All Out Attack,,,,,,75290,johnny-marr-the-healers,johnny-marr-the-healers-all-out-attack,Cqk0WYdhbUg,2024-07-01,0,2026-04-28T19:44:35.447389+00:00
4915c106-56ff-4c60-b2ce-cc8ca2906bf5,JoJo,Ready To Love,JoJo - Ready To Love,,,Ready To Love,JoJo,2025-01-24,90071,jojo,ready-to-love,TFC-OfPqynE,2025-01-01,0,2026-04-28T19:44:55.300557+00:00
121c13f2-c71b-4117-ad9c-ddebc53e2e33,Jon Bellion,Wash,Jon Bellion - Wash,,,WASH,Jon Bellion,2025-03-21,93926,jon-bellion,wash,4uS4DOHNXvg,2025-03-01,0,2026-04-28T19:45:08.157827+00:00
bef8e22d-d953-42ff-8eb6-8fa7e0774a83,Jonas Blue,Edge Of Desire,Jonas Blue - Edge Of Desire,,,Edge of Desire,"Jonas Blue, Malive",2025-07-18,109880,jonas-blue,edge-of-desire,Y1HUL-TALoE,2025-10-01,0,2026-04-28T19:45:22.449113+00:00
62251b61-fe2f-4856-993d-84bbe85e3fd8,Jonita Gandhi,Hello,Jonita Gandhi - Hello,,,Hello,"Sigala, Leigh-Anne, Jonita Gandhi",2025-10-03,110011,jonita-gandhi,hello-6,_u42ADhD9-I,2025-10-01,0,2026-04-29T07:46:42.910214+00:00
e9513a4a-bc66-4d97-ae28-6fac4780199a,Jordan Davis,Ain’t Enough Road,Jordan Davis - Ain’t Enough Road,,,Ain't Enough Road,Jordan Davis,2025-08-15,105986,jordan-davis,aint-enough-road,sAtpE50pEBw,2025-08-01,0,2026-04-28T19:45:46.709618+00:00
b40eeb6b-48da-4caa-a0c0-0514e74bfa0d,Jordan Ward,Juicy,Jordan Ward - Juicy,,,JUICY,Jordan Ward,2025-09-10,108350,jordan-ward,juicy-2,ZE8w-eEs1Vc,2025-09-01,0,2026-04-28T19:45:53.11784+00:00
dd73295f-ebe2-494e-958b-f315083bf2aa,Jorja Smith,Down For You,Jorja Smith - Down For You,,,Down For You,"Mobb Deep, Nas, Jorja Smith",2025-10-09,110457,jorja-smith,down-for-you,NROwKJIw6Jc,2025-10-01,0,2026-04-29T05:19:03.971892+00:00
df6dc17e-a443-4c4b-a83b-17a7bc6b89ba,Jorja Smith,Myself,Jorja Smith - Myself,,,Myself (feat. Jorja Smith),"Venna, Jorja Smith",2025-09-03,108022,jorja-smith,myself,WrH_8ncdFqw,2025-09-01,0,2026-04-28T19:46:03.259767+00:00
46d85864-6cdc-4691-9ba1-0817d0fcec2c,Jorja Smith,Stay Another Day,Jorja Smith - Stay Another Day,,,,,,58770,jorja-smith,stay-another-day,dkAxr-srF0g,2023-12-01,0,2026-04-29T14:57:28.008794+00:00
ca227f56-b430-4901-9f6c-d817ed737cad,Jorja Smith,Wifey Riddim,Jorja Smith - Wifey Riddim,,,Wifey Riddim,"Shygirl, Club Shy, Jorja Smith, SadBoi",2025-02-26,92048,jorja-smith,wifey-riddim,4sHewaTwNiA,2025-02-01,0,2026-04-29T07:45:32.064885+00:00
6f0b16cc-1340-4faa-8585-bcedf20668c8,Joseph David-Jones,Castles In The Sky,Joseph David-Jones - Castles In The Sky,,,Castles in the Sky,Joseph David-Jones,2025-03-21,103509,joseph-david-jones,castles-in-the-sky-2,ictIGMiH_cA,2025-03-01,0,2026-04-28T19:46:08.364136+00:00
1e960c7a-3fd0-498c-9691-61cf5edd1ff8,Josiah Queen,Watch Your Mouth,Josiah Queen - Watch Your Mouth,,,Watch Your Mouth,Josiah Queen,2025-08-22,106158,josiah-queen,watch-your-mouth,lNVqKwzW7cc,2025-08-01,0,2026-04-28T19:46:23.122263+00:00
ef51e288-e43e-4dbc-a368-463d8797688f,Joy Crookes,I Know You'd Kill,Joy Crookes - I Know You'd Kill,,,I Know You'd Kill,Joy Crookes,2025-03-20,94013,joy-crookes,i-know-youd-kill,cG4EJnVmCV4,2025-03-01,0,2026-04-28T19:46:45.042196+00:00
213f68c9-37e6-4db8-9061-cabb8586af60,Joy Crookes,Mathematics,Joy Crookes - Mathematics,,,Mathematics (feat. Kano),"Joy Crookes, Kano",2025-02-05,90583,joy-crookes,mathematics,c7rpPrjWzJA,2025-02-01,0,2026-04-28T19:46:46.209598+00:00
4777440c-c607-4a7b-9b94-2a5204fe9f0e,Joy Crookes,Pass The Salt,Joy Crookes - Pass The Salt,,,Pass the Salt (feat. Vince Staples),"Joy Crookes, Vince Staples",2025-01-10,89389,joy-crookes,pass-the-salt,CDTAyyKsjiE,2025-01-01,0,2026-04-28T19:46:47.378465+00:00
1ccb8f67-0b96-4411-88cd-0cc0b25315f6,Joy Crookes,Somebody To You,Joy Crookes - Somebody To You,,,,,,108738,joy-crookes,somebody-to-you-2,-ec22jTkz-Y,2025-09-01,0,2026-04-28T19:46:40.937586+00:00
99a33b3c-1706-4091-b424-0686b083da42,Joyce Manor,All My Friends Are So Depressed,Joyce Manor - All My Friends Are So Depressed,,,All My Friends Are So Depressed,Joyce Manor,2025-08-18,106964,joyce-manor,all-my-friends-are-so-depressed,NDmJDdFl_jI,2025-08-01,0,2026-04-28T19:46:58.156854+00:00
41f7f7e9-2531-4af2-b060-276dee539b04,JP Saxe,Safe,JP Saxe - Safe,,,Safe,JP Saxe,2025-01-24,91074,jp-saxe,safe,4VA-_3QJAD0,2025-01-01,0,2026-04-28T19:47:10.573097+00:00
4157f27e-f722-4db2-9556-9c9126130caa,Jubël,Dancing In The Moonlight,Jubël - Dancing In The Moonlight,,,Dancing in the Moonlight (feat. NEIMY),"Jubël, NEIMY",2018-06-22,108588,jubel,dancing-in-the-moonlight,rWnTZh3yxTY,2018-11-01,0,2026-04-28T19:47:26.648924+00:00
901758f0-c908-4a97-a731-2158e51383fe,Jubël,Dumb,Jubël - Dumb,,,Dumb,Jubël,2021-05-14,108613,jubel,dumb-3,WNqq_nsNfnA,2021-05-01,0,2026-04-28T19:47:20.608287+00:00
eb033fbd-72b7-440d-8f5f-49e2e2527460,Jubël,On The Beach,Jubël - On The Beach,,,On the Beach,Jubël,2020-03-27,108593,jubel,on-the-beach-3,8Ki7_lewfYI,2019-05-01,0,2026-04-28T19:47:25.448714+00:00
b2d92324-f1ea-404e-9482-f1e481c606cc,Jubël,Running Out Of Love,Jubël - Running Out Of Love,,,Running Out of Love,Jubël,2020-03-27,108598,jubel,running-out-of-love,D6KsGlWWK3s,2019-09-01,0,2026-04-28T19:47:24.260147+00:00
ca5f847d-c976-4c13-908a-4d5b908f9341,Jubël,Someone,Jubël - Someone,,,Someone,Jubël,2020-03-27,108603,jubel,someone-2,jqNF-8TGXOM,2020-03-01,0,2026-04-28T19:47:23.048198+00:00
1ce31d86-d95d-4296-b816-5af2f84bc46f,Jubël,Triple A,Jubël - Triple A,,,Triple A (feat. NLE Choppa),"Jubël, NLE Choppa",2023-06-02,108583,jubel,triple-a,JC9YxUw59dU,2023-06-01,0,2026-04-28T19:47:19.421286+00:00
5ed51844-7bee-4a48-85b0-79f5a471211c,Jubël,Weekend Vibe,Jubël - Weekend Vibe,,,Weekend Vibe,Jubël,2021-01-15,108608,jubel,weekend-vibe,9dSha9wzenM,2021-01-01,0,2026-04-28T19:47:21.820244+00:00
23661a7f-34d1-4a22-8f1b-f7543bcd7b72,Judas Priest,War Pigs,Judas Priest - War Pigs,,,,,,102142,judas-priest,war-pigs-2,IB6jbWoGtlA,2025-07-01,0,2026-04-28T19:47:30.566566+00:00
42bb2f2d-e532-495b-af48-6d4340aff0ec,Juicy J,Fit The Mode,Juicy J - Fit The Mode,,,Fit The Mode (feat. Project Pat),"Juicy J, Project Pat",2024-12-20,89355,juicy-j,fit-the-mode,yWWNOTGDQLM,2025-01-01,0,2026-04-28T19:47:54.758279+00:00
2e71e45b-6751-4426-849a-5096858bf721,Julia Church,Back To Life,Julia Church - Back To Life,,,Back To Life (feat. Julia Church),"Wilkinson, Julia Church",2025-03-03,101785,julia-church,back-to-life,Qty8xfZbYpw,2025-03-01,0,2026-04-29T09:39:30.773265+00:00
74850166-b43d-4b6b-a148-09b26f7e5c3d,Julia Church,Magnetic,Julia Church - Magnetic,,,MAGNETIC,"Sigma, Julia Church",2025-08-01,107117,julia-church,magnetic-2,mKumNTF2hvk,2025-08-01,0,2026-04-29T07:46:57.146138+00:00
29b5e7c1-d5b9-4a1b-87a7-f05cd4f36a0c,Julia Mestre,Sou Fera,Julia Mestre - Sou Fera,,,Sou Fera,Julia Mestre,2025-01-30,90233,julia-mestre,sou-fera,8EPcTZyWTZc,2025-01-01,0,2026-04-28T19:47:59.696385+00:00
e2e7321d-e0d8-4aed-bbd3-22a5da2cef01,Julia Michaels,Gfy,Julia Michaels - Gfy,,,GFY,Julia Michaels,2025-03-07,92482,julia-michaels,gfy,r96u1DOxVCs,2025-03-01,0,2026-04-28T19:48:03.384722+00:00
8d9bae1a-d971-4c6a-80e0-b2fdac9348e8,Julia Michaels,No Heartbreak's Killed Me Yet,Julia Michaels - No Heartbreak's Killed Me Yet,,,No Heartbreak's Killed Me Yet,ジュリア・マイケルズ,2025-09-19,109180,julia-michaels,no-heartbreaks-killed-me-yet,oE99t2nI2QA,2025-09-01,0,2026-04-28T19:48:01.007308+00:00
7daae0b7-94d7-462e-9024-667f92264c07,Julia Michaels,Scissors,Julia Michaels - Scissors,,,Scissors,"Julia Michaels, Maren Morris",2025-01-10,89344,julia-michaels,scissors,0kxyE34B_rw,2025-01-01,0,2026-04-28T19:48:04.572487+00:00
d3b0df2d-88bf-492d-b69f-67a06f425a29,Julia Sanina,Higher Calling,Julia Sanina - Higher Calling,,,Higher Calling,"Korolova, Julia Sanina",2025-03-28,94879,julia-sanina,higher-calling,H9lb_c8OQoc,2025-03-01,0,2026-04-28T20:00:52.958496+00:00
e70ac5f8-98f4-4963-9ed2-02206d65b950,Julia Westlin,Beautiful,Julia Westlin - Beautiful,,,Beautiful,"Paul van Dyk, Julia Westlin",2025-04-11,95423,julia-westlin,beautiful-2,0BpZJzzPvuc,2025-04-01,0,2026-04-29T06:19:01.212851+00:00
a969b1b0-be74-4db9-9135-91a731e5a5c1,Julia Wolf,In My Room,Julia Wolf - In My Room,,,In My Room,Julia Wolf,2024-03-22,106984,julia-wolf,in-my-room-2,AhaISeg6zpE,2025-05-01,0,2026-04-28T19:48:08.564431+00:00
a920fe8d-4757-44ed-bdbf-edbf14b291d6,Julien Baker,Sylvia,Julien Baker - Sylvia,,,Sylvia,"Julien Baker, TORRES",2025-01-29,91145,julien-baker,sylvia,P0MhFvH-eTU,2025-01-01,0,2026-04-28T19:48:19.534913+00:00
19986361-7c83-4798-964f-f664a7e81507,june,A Little Messed Up,june - A Little Messed Up,,,A Little Messed Up,june,2019-11-15,101205,june,a-little-messed-up,IHoj7qvNmwk,2019-11-01,0,2026-04-28T19:48:33.385624+00:00
e309b811-4a9a-4d4c-8188-5fe66d1c8e03,june,Cross Bridges,june - Cross Bridges,,,Cross Bridges,june,2025-06-06,101200,june,cross-bridges,cQ99P_8TCdM,2024-01-01,0,2026-04-28T19:48:29.58638+00:00
0d66cb5c-6adc-49d9-8ad5-f98e62b13715,june,Something To Lose,june - Something To Lose,,,Something To Lose,june,2021-03-12,101215,june,something-to-lose,2hWXowWKhmM,2021-03-01,0,2026-04-28T19:48:32.041891+00:00
d8cc6f10-8ae5-4026-8f91-920750125aa9,june,Wanna Be Her,june - Wanna Be Her,,,Wanna Be Her,june,2021-06-11,101210,june,wanna-be-her,PlzegsqA-6c,2021-06-01,0,2026-04-28T19:48:30.832168+00:00
24bcda26-ddc5-41c1-8818-8470eb067100,JUNGLE,Keep Me Satisfied,JUNGLE - Keep Me Satisfied,,,Keep Me Satisfied,Jungle,2025-01-15,89667,jungle,keep-me-satisfied,fwq5sT-zLLk,2025-01-01,0,2026-04-28T19:48:35.916139+00:00
9e1acf57-9e23-4268-844b-6766ea33c278,Just Mustard,We Were Just Here,Just Mustard - We Were Just Here,,,WE WERE JUST HERE,Just Mustard,2025-08-12,105810,just-mustard,we-were-just-here,1vM2DMmsekE,2025-08-01,0,2026-04-28T19:48:53.167759+00:00
824a1597-aeb0-472c-891f-6e235b67b8d9,Justice,Wake Me Up,Justice - Wake Me Up,,,Wake Me Up (feat. Justice),"Weeknd, Justice",2025-01-31,91084,justice,wake-me-up-4,QNGCMgvcbpA,2025-01-01,0,2026-04-29T09:34:13.166119+00:00
0c295816-b547-4771-adcf-fea01413d28a,Justin Bieber,Heaven,Justin Bieber - Heaven,,,,,,87936,justin-bieber,heaven-8,Cbl-IR2G4y4,2020-08-01,0,2026-04-29T14:59:08.424582+00:00
dca43f9a-835b-42fb-aff6-b8faf07fa9be,Justin Bieber,Love Yourself,Justin Bieber - Love Yourself,,,,,,,,,,,1,2026-03-22T13:18:31.903224+00:00
a2fa0600-e9aa-436f-bda9-df6e230629bb,Justin Bieber,Sorry,Justin Bieber - Sorry,,,,,,,,,,,1,2026-03-31T01:43:41.600867+00:00
a52c3b0d-aaa4-4865-8be7-254e81af3d03,Justin Bieber,Speed Demon,Justin Bieber - Speed Demon,,,SPEED DEMON,Justin Bieber,2025-09-05,109283,justin-bieber,speed-demon,4WcD2ncHMVs,2025-09-01,0,2026-04-28T19:49:04.289544+00:00
075e93b2-9960-4042-ba52-bb313932c1e7,Justin Timberlake,Can't Stop The Feeling!,Justin Timberlake - Can't Stop The Feeling!,,,,,,,,,,,1,2026-04-25T04:37:44.967495+00:00
37defa69-7a36-4ce5-abb0-de7b27a80a74,Jutes,Rot,Jutes - Rot,,,ROT,"WesGhost, Jutes",2024-12-27,90987,jutes,rot,UeV2zOXd2PY,2025-01-01,0,2026-04-29T09:36:58.654419+00:00
227913a7-f292-4d3f-9f93-be7e774e18dc,JVKE,Oh To Be Loved,JVKE - Oh To Be Loved,,,oh to be loved,JVKE,2025-08-22,106173,jvke,oh-to-be-loved,cYOV5i85fsw,2025-08-01,0,2026-04-28T19:49:30.83522+00:00
d06a0e51-7276-440e-b1d9-67f0419b7a76,JVKE,Pretty,JVKE - Pretty,,,pretty,JVKE,2025-02-28,91867,jvke,pretty,9kTyUFi3G1A,2025-02-01,0,2026-04-29T14:59:47.190433+00:00
66850a44-e7ea-4be4-8540-b3e8fdbdd4d4,JVKE,Seasons,JVKE - Seasons,,,seasons,"JVKE, Maki",2025-08-13,105918,jvke,seasons-3,KfwrKN4SiaY,2025-08-01,0,2026-04-28T19:49:32.023046+00:00
b945eefb-03fd-4b4d-9fec-20d53c73b9ae,JVKE,This Is What Floating Feels Like,JVKE - This Is What Floating Feels Like,,,this is what floating feels like,"JVKE, Tori Kelly",2025-04-18,97564,jvke,this-is-what-floating-feels-like,1xilBEySPAA,2025-04-01,0,2026-04-28T19:49:36.772688+00:00
89d4a1c6-2cd7-4494-b0c3-bc723aca84ca,K. Ch,ゴジラ,K. Ch - ゴジラ,,,,,,,,,,,1,2026-03-30T16:03:11.36616+00:00
63c46663-8b0e-4585-a3d6-0b6b5941e527,Käärijä,Raveyard,Käärijä - Raveyard,,,Raveyard (feat. Käärijä),"Lord Of The Lost, Käärijä",2025-09-03,107711,kaarija,raveyard,QNRTEJYCXGM,2025-09-01,0,2026-04-28T20:16:11.140726+00:00
2d11c897-db2a-4a37-943d-a64b85e01052,Kacey Musgraves,Kansas City Star,Kacey Musgraves - Kansas City Star,,,,,,42591,kacey-musgraves,kansas-city-star,Mbbl8W1IeSo,2018-08-01,0,2026-04-29T15:01:20.187892+00:00
19193f47-4e01-4d77-b65d-35ba96e2ca2c,Kae Tempest,Statue In The Square,Kae Tempest - Statue In The Square,,,Statue In The Square,Kae Tempest,2025-03-19,98517,kae-tempest,statue-in-the-square,aTDOFaAcEyc,2025-03-01,0,2026-04-28T19:50:16.315842+00:00
caa79648-6c6f-411c-aa0c-37f67ca943d2,Kah-Lo,Take Your Vibes And Go,Kah-Lo - Take Your Vibes And Go,,,take your vibes and go,"Kito, Kah-Lo, brazy, Baauer",2024-08-14,89755,kah-lo,take-your-vibes-and-go,YUUcxDsd9GU,2024-08-01,0,2026-04-28T20:24:20.133299+00:00
74d1f128-96a7-4b9e-a439-c0fd3a053d1d,Kalax,Come Back To Me,Kalax - Come Back To Me,,,Come Back to Me,Kalax,2025-08-25,106841,kalax,come-back-to-me-2,OaVhz7E8QEk,2025-08-01,0,2026-04-28T19:50:53.04547+00:00
a714eada-00cb-4df6-916b-c65969658050,Kalax,Sealed My Fate,Kalax - Sealed My Fate,,,Sealed My Fate (Out of Time: Part II),Kalax,2025-08-25,106836,kalax,sealed-my-fate,YdP3A-7BT1Y,2025-08-01,0,2026-04-28T19:50:51.824383+00:00
8b46e259-a4b1-484c-9114-8d3bd351fc92,KALEO,Back Door,KALEO - Back Door,,,Back Door,KALEO,2025-02-21,91781,kaleo,back-door,Qk5OYSxFXFY,2025-02-01,0,2026-04-28T19:50:55.516805+00:00
14212ee3-5ead-4853-bde9-163f1b95d5c5,Kali Uchis,Cry About It!,Kali Uchis - Cry About It!,,,Cry about it! (feat. Ravyn Lenae),"Kali Uchis, Ravyn Lenae",2025-09-11,108286,kali-uchis,cry-about-it,RE09AIMKRmo,2025-09-01,0,2026-04-28T19:50:58.033657+00:00
5123fec0-463f-4800-8f2b-ef46212deed5,Kali Uchis,Sunshine & Rain...,Kali Uchis - Sunshine & Rain...,,,Sunshine & Rain...,Kali Uchis,2025-03-27,94659,kali-uchis,sunshine-rain,yc8_dYPx4ao,2025-03-01,0,2026-04-28T19:51:01.662766+00:00
b54597ff-73f9-4b81-925d-60b55bc20e26,Kali Uchis,Te Mata,Kali Uchis - Te Mata,,,Te Mata,Kali Uchis,2024-01-12,55899,kali-uchis,te-mata,PVx4TQoIc-o,2023-10-01,0,2026-04-28T19:51:06.567208+00:00
f4f9f10e-6d5a-4f94-8b50-58e713224c18,Kalki,Navajo,Kalki - Navajo,,,undefined,,,76304,kalki,navajo,IfpzA6W1YdI,2016-06-01,0,2026-04-28T19:51:11.520462+00:00
d80c930c-1c96-48fc-a7f1-96292deb9459,Kamasi Washington,Vortex,Kamasi Washington - Vortex,,,Vortex,Kamasi Washington,2025-04-11,98574,kamasi-washington,vortex-3,z-nXegyTyuI,2025-03-01,1,2026-04-04T19:55:31.001559+00:00
0f86cd00-adbc-4985-8dd0-cc749784e85b,KAMAUU,Anthem,KAMAUU - Anthem,,,ANTHEM,KAMAUU,2025-02-27,91966,kamauu,anthem-3,0ra6rzz0zaI,2025-02-01,0,2026-04-28T19:51:22.486131+00:00
e6a072f3-7627-44df-ab14-37139e37794b,Kanine,Feel The Vibration,Kanine - Feel The Vibration,,,Feel The Vibration,Kanine,2025-04-17,101780,kanine,feel-the-vibration,Hjw86NcG8Bo,2025-04-01,0,2026-04-28T19:51:39.578658+00:00
36071855-0cf1-4b99-940f-5e67af1029ac,Kansas,Dust In The Wind,Kansas - Dust In The Wind,,,,,,,,,,,1,2026-03-17T14:38:27.591581+00:00
6e7d63b4-a17e-4d6f-8c67-97d520a892e8,Kansy,Moonlight,Kansy - Moonlight,,,Moonlight,Kansy,2025-01-31,91065,kansy,moonlight-5,Bl_aQ6HlrQI,2025-02-01,0,2026-04-28T19:51:42.140586+00:00
072eab17-1065-4fd1-bfa8-dcb3e129300e,Kaonashi,Straycations,Kaonashi - Straycations,,,Straycations,Kaonashi,2024-06-28,73913,kaonashi,straycations,3hd0d4dldRY,2024-06-01,0,2026-04-28T19:51:53.230571+00:00
b1ad64de-2a92-4c3d-9b51-b20e9b3a3a65,Karley Scott Collins,Girlfriend,Karley Scott Collins - Girlfriend,,,Girlfriend,Karley Scott Collins,2025-08-15,106279,karley-scott-collins,girlfriend-6,Pr_xqPG1wtU,2025-08-01,0,2026-04-28T19:51:59.530698+00:00
23f7c614-1062-40bd-8d79-35f270a46685,Karolina Rose,Good Girl,Karolina Rose - Good Girl,,,Good Girl,Karolina Rose,2025-09-19,109447,karolina-rose,good-girl,DDu2qfjmmak,2025-09-01,0,2026-04-28T19:52:02.107136+00:00
e34a6be2-c522-49e4-8095-c79e5ffa87a6,KAS:ST,2084,KAS:ST - 2084,,,2084,KAS:ST,2023-05-05,102337,kasst,2084,CuDmPLrFTMM,2023-05-01,0,2026-04-28T19:52:26.432547+00:00
3eabda26-d22e-4d00-8b6d-68148e73798e,KAS:ST,Are We Truly Free?,KAS:ST - Are We Truly Free?,,,Are We Truly Free?,KAS:ST,2024-10-25,102362,kasst,are-we-truly-free,drjcIKotYhE,2024-10-01,0,2026-04-28T19:52:22.673349+00:00
f8568c0b-2c90-46e3-927d-4c599d6e9a0c,KAS:ST,Children Of Chaos,KAS:ST - Children Of Chaos,,,CHILDREN OF CHAOS,KAS:ST,2023-11-15,102352,kasst,children-of-chaos,dV44t4eS8B4,2023-11-01,0,2026-04-28T19:52:25.194809+00:00
5c399b4b-f91f-48e8-a1bd-506d35932ef2,KAS:ST,Dgaf,KAS:ST - Dgaf,,,DGAF,KAS:ST,2024-09-20,102357,kasst,dgaf,0HZMgKBgyMc,2024-09-01,0,2026-04-28T19:52:23.935863+00:00
9e484d32-bb24-45cb-a935-2a6173af22f3,KAS:ST,Next To U,KAS:ST - Next To U,,,Next to U,KAS:ST,2025-10-02,109840,kasst,next-to-u,oBKsm41tcXA,2025-10-01,0,2026-04-28T19:52:17.101308+00:00
1707e4eb-2918-487e-a0c5-2f1fbe04222f,KAS:ST,Sound Of The Soul,KAS:ST - Sound Of The Soul,,,Sound Of The Soul,KAS:ST,2025-04-11,102347,kasst,sound-of-the-soul,lbnnS3s11jc,2025-04-01,0,2026-04-28T19:52:21.270956+00:00
5bc3a950-f033-4f96-afcd-1f437bdd50ca,Kasabian,Hippie Sunshine,Kasabian - Hippie Sunshine,,,Hippie Sunshine,Kasabian,2025-09-22,109254,kasabian,hippie-sunshine,RHb-BPpZWoU,2025-09-01,2,2026-03-19T05:02:26.874833+00:00
45b7ee6d-0239-4994-92cc-74c22b16df48,KATATONIA,Lilac,KATATONIA - Lilac,,,Lilac,Katatonia,2025-04-08,95228,katatonia,lilac,MisZzZzELSw,2025-04-01,0,2026-04-28T19:52:36.523063+00:00
11cb8028-6b2b-471e-bc75-bf64ce97727d,Kate Bush,Running Up That Hill Kream Remix,Kate Bush - Running Up That Hill Kream Remix,,,,,,39342,kate-bush,running-up-that-hill-kream-remix,4m73Cm2H0xM,2022-06-01,0,2026-04-28T19:52:37.814669+00:00
759c1814-9c1d-45c5-8cdf-abda156045f6,Kate Hudson,Right On Time,Kate Hudson - Right On Time,,,Right On Time,Kate Hudson,2025-02-14,90929,kate-hudson,right-on-time,pS7iLkwTlT8,2025-02-01,0,2026-04-28T19:52:40.340045+00:00
41a2adff-d8c2-4ca1-8a54-408ecadc92ef,Katie Gavin,Reminds Me,Katie Gavin - Reminds Me,,,Reminds Me (feat. Katie Gavin),"Sarah McLachlan, Katie Gavin",2025-09-16,108885,katie-gavin,reminds-me,Reqyu7vYDBs,2025-09-01,0,2026-04-29T07:31:43.67512+00:00
605b68d5-f130-446a-a5e5-112c52532e72,Katseye,Gnarly,Katseye - Gnarly,,,,,,,,,,,1,2026-03-22T07:38:38.003486+00:00
1bbbb8bb-2773-4f34-b2e1-d88798a157e3,Katy Perry,Dark Horse,Katy Perry - Dark Horse,,,,,,,,,,,1,2026-03-31T01:33:41.993783+00:00
cc6ab1df-50f9-4da4-a286-62fcc1dc95fe,Katy Perry,Firework.,Katy Perry - Firework.,,,,,,,,,,,1,2026-04-26T07:51:32.32542+00:00
3c9a8536-1b58-4c82-b13b-40b405725790,Katy Perry,Roar,Katy Perry - Roar,,,,,,,,,,,1,2026-03-31T01:00:15.007765+00:00
1414a901-8305-4bf2-bf92-0e5688a3a5fd,Ke$ha,Tik Tok,Ke$ha - Tik Tok,,,,,,,,,,,1,2026-03-21T16:55:07.236021+00:00
c9364537-4df9-4180-b25f-bfb74687230e,Kehlani,Folded Remix,Kehlani - Folded Remix,,,undefined,,,107020,kehlani,folded-remix,YpffP4zB7sc,2025-08-01,0,2026-04-28T20:26:30.245359+00:00
19ff5959-f21f-4ec6-b2b6-e953b0fc5e58,Kehlani,Worst Behaviour,Kehlani - Worst Behaviour,,,worst behaviour (feat. Kehlani),"kwn, ケラーニ",2025-02-14,90770,kehlani,worst-behaviour,VHsJCGh4gr4,2025-02-01,0,2026-04-30T12:46:53.64998+00:00
284ae0df-c3be-4fe1-bde9-d08df7028abc,Keke Palmer,The Master,Keke Palmer - The Master,,,The Master,Keke Palmer,2024-11-01,84700,keke-palmer,the-master,F4sZ9QZXYNo,2024-11-01,0,2026-04-28T19:53:47.204978+00:00
6e06ec82-1f51-4e9f-bcd7-a119603ae7af,Kelela,Idea 1,Kelela - Idea 1,,,,,,131934,kelela,idea-1,U2IpeDPmjFo,2026-04-01,0,2026-04-28T19:53:54.856029+00:00
7bcebf6b-3c15-4edc-b367-ac1c541e5f5a,Kelly Clarkson,Don't Waste Your Time,Kelly Clarkson - Don't Waste Your Time,,,,,,5932,kelly-clarkson,dont-waste-your-time,NjM9nTd9Jnc,2007-09-01,0,2026-04-29T15:06:13.575744+00:00
7b67ed4a-0e1d-4804-bd05-46cbe49dfb09,Kelly Clarkson,I'm Movin' On,Kelly Clarkson - I'm Movin' On,,,I’m Movin’ On,"Rascal Flatts, Kelly Clarkson",2025-03-14,93416,kelly-clarkson,im-movin-on,KKfEDZ8Htjk,2025-03-01,0,2026-04-30T12:47:28.651205+00:00
81e5a3d8-f7e9-4b4b-9f44-4e4235be8fba,Kelly Price,Mama,Kelly Price - Mama,,,Mama,"Trina, Kelly Price",2019-06-21,99392,kelly-price,mama-2,rJGS9krqyO8,2019-06-01,0,2026-04-30T12:49:04.013745+00:00
463818a0-305e-4a25-854a-602f29a5d067,Kenneth Bager,Fragment Eight,Kenneth Bager - Fragment Eight,,,Fragment Eight... The Sound of Swing (feat. The Hellerup Cool School Choir),"Kenneth Bager, The Hellerup Cool School Choir",2016-09-16,107410,kenneth-bager,fragment-eight-the-sound-of-swing,GP2741d52XQ,2016-09-01,0,2026-04-28T19:54:32.947542+00:00
3b232a9c-fec9-4f40-9977-3057bed627c7,Kenny Beats,Daria,Kenny Beats - Daria,,,Daria,"Toro y Moi, Kenny Beats",2025-02-12,90892,kenny-beats,daria,sIeHCFz4QP0,2025-02-01,0,2026-04-29T09:03:19.135556+00:00
65dc78e0-83b3-432d-8e79-a63ffd9f1ecd,Kenny Loggins,Danger Zone,Kenny Loggins - Danger Zone,,,,,,,,,,,1,2026-04-24T15:25:32.375511+00:00
3d4e5c3d-05a5-4563-878f-0b7429115daf,KENNY MASON,Angel Eyes,KENNY MASON - Angel Eyes,,,ANGEL EYES,Kenny Mason,2024-11-20,92122,kenny-mason,angel-eyes-2,WDu1grkCISY,2025-02-01,0,2026-04-28T19:54:35.173449+00:00
07233fd9-510d-4003-a4b5-7c5ae155aab7,KennyHoopla,Northern Lights,KennyHoopla - Northern Lights,,,NORTHERN LIGHTS//,KennyHoopla,2025-04-16,97732,kennyhoopla,northern-lights-2,F4SAdrURg5w,2025-04-01,0,2026-04-28T19:54:46.591825+00:00
2d5d437f-879b-4fdb-9ac0-41de9bcbce48,KennyHoopla,Orphan,KennyHoopla - Orphan,,,orphan//,KennyHoopla,2025-08-04,105941,kennyhoopla,orphan,hcyfQkRj6NA,2025-08-01,0,2026-04-28T19:54:45.312255+00:00
490b8caa-5cd5-48cc-a8bc-685f1721cbaa,kenzie,Tan Lines,kenzie - Tan Lines,,,tan lines,kenzie,2025-08-22,108175,kenzie,tan-lines,3kzlLFdn_vw,2025-09-01,0,2026-04-28T19:55:01.412793+00:00
da72c145-b0a9-495c-99b7-f5e7498b2ffd,Kesha,Tennessee,Kesha - Tennessee,,,Tennessee,"Kesha, Orville Peck, Hudson Mohawke, Tayla Parx",2025-09-11,108320,kesha,tennessee-2,ksYFsRMH3kk,2025-09-01,0,2026-04-28T19:55:12.698766+00:00
e89aa495-e166-46cd-836c-14a6ea7da0d8,Kesha,Yippee-ki-yay.,Kesha - Yippee-ki-yay.,,,YIPPEE-KI-YAY. (feat. T-Pain),"Kesha, T-Pain",2025-03-27,94712,kesha,yippee-ki-yay,hqf9cajQKtE,2025-03-01,0,2026-04-28T19:55:17.465256+00:00
f5688ee0-c508-4e66-a5e3-90c73e39fe42,keshi,Inside Out,keshi - Inside Out,,,Inside Out,keshi,2025-02-07,90388,keshi,inside-out-3,A1h7DeR3eic,2025-02-01,0,2026-04-28T19:55:21.252308+00:00
7aecd28f-80f8-431c-ae55-c908e48fbee1,Kevin Gates,Super General,Kevin Gates - Super General,,,,,,86506,kevin-gates,super-general,TpAVV9-CnMw,2022-06-01,0,2026-04-28T19:55:41.297057+00:00
79688585-b975-4d54-a6a6-f5e9c80ee6a4,Kevin Powers,Move On,Kevin Powers - Move On,,,Move On,"Kevin Powers, Shaboozey",2025-09-19,108908,kevin-powers,move-on-2,VgWoSykpKWA,2025-09-01,0,2026-04-28T19:55:47.598231+00:00
7d888815-68ba-46e3-8fac-112d14a36030,Key Glock,She Ready,Key Glock - She Ready,,,She Ready,Key Glock,2025-05-02,106940,key-glock,she-ready,-MVC093fIwo,2025-08-01,0,2026-04-28T19:55:51.478191+00:00
d9dda80b-952e-49ce-9200-d55dcd5802c5,Khalid,All I Know,Khalid - All I Know,,,All I Know,"Rudimental, Khalid",2025-04-04,94854,khalid,all-i-know,SN5dhslfqLs,2025-04-01,0,2026-04-29T07:23:23.090666+00:00
53f81861-beff-4be0-b322-87d901698e91,Khalid,In Plain Sight,Khalid - In Plain Sight,,,in plain sight,Khalid,2025-08-15,105854,khalid,in-plain-sight,fBif-MlukZ0,2025-08-01,0,2026-04-28T19:56:01.45423+00:00
6624e62e-602f-4ffd-b15e-d53c11af329e,Khalid,Out Of Body,Khalid - Out Of Body,,,out of body,Khalid,2025-09-26,109365,khalid,out-of-body-2,jrXXgp8XP1E,2025-09-01,0,2026-04-28T19:56:00.238628+00:00
7bc1b31b-c5f5-4e20-9dfd-de91d3b6c3f9,Khantrast,Man Of The Year,Khantrast - Man Of The Year,,,Man of the Year,Khantrast,2025-03-28,95271,khantrast,man-of-the-year,Yv24Ipxa628,2025-03-01,0,2026-04-28T19:56:10.193565+00:00
14ad7625-0d66-42b7-b466-64cd97ccc138,Khantrast,Word Is Bond,Khantrast - Word Is Bond,,,,,,84918,khantrast,word-is-bond,AgxVvfxW5Yw,2024-11-01,0,2026-04-28T19:56:11.459868+00:00
f050ebdc-89db-4001-9e01-6f7964587eaf,Khruangbin,Pon Pón,Khruangbin - Pon Pón,,,Pon Pón,Khruangbin,2024-04-05,89604,khruangbin,pon-pon,mpEp2roKSjI,2025-01-01,0,2026-04-28T19:56:13.861462+00:00
9ae5241d-7b36-419c-84cd-290ca6a490cb,Kid Cudi,Mr. Miracle,Kid Cudi - Mr. Miracle,,,Mr. Miracle,Kid Cudi,2025-08-18,106383,kid-cudi,mr-miracle,k6PFBT2WEUg,2025-08-01,0,2026-04-28T19:56:20.185661+00:00
307a8353-0a1e-405c-843f-425c7e7ce492,Kid Laroi,A Cold Play,Kid Laroi - A Cold Play,,,A COLD PLAY,The Kid LAROI,2025-09-05,107812,kid-laroi,a-cold-play,y_2E_Gl_X54,2025-09-01,0,2026-04-28T19:56:43.763517+00:00
4bee7833-1937-45e7-a47c-dab997bf360a,Kid Laroi,I Know Love,Kid Laroi - I Know Love,,,I know love (feat. The Kid LAROI),"Tate McRae, The Kid LAROI",2025-02-21,91785,kid-laroi,i-know-love,VuVEQl5IKUI,2025-02-01,0,2026-04-29T08:39:59.501584+00:00
ce075c57-dc3d-4e67-8ee6-31dc207c0ff6,Kid Laroi,She Don't Need To Know,Kid Laroi - She Don't Need To Know,,,SHE DON'T NEED TO KNOW,The Kid LAROI,2025-08-29,106635,kid-laroi,she-dont-need-to-know,ATYVBqs488s,2025-08-01,0,2026-04-28T19:56:45.902238+00:00
169797f5-55da-48d4-8069-8495b4b79e3f,Kid Laroi,Winning,Kid Laroi - Winning,,,,,,42019,kid-laroi,winning,z7shq4Mm0fs,2019-08-01,0,2026-05-01T04:56:03.282247+00:00
c95c011e-d31e-4cc2-bd25-20eb5ffa65f1,Killing In The Name,Rage Against The Machine,Killing In The Name - Rage Against The Machine,,,,,,,,,,,1,2026-04-04T17:57:57.368471+00:00
9e916043-4a86-4d8b-a914-894437bd6c95,Killswitch Engage,I Believe,Killswitch Engage - I Believe,,,I Believe,キルスウィッチ・エンゲイジ,2025-01-24,89968,killswitch-engage,i-believe-3,LgS-fkFOsRA,2025-01-01,0,2026-04-28T19:57:40.318057+00:00
b19e64fc-1a30-4c54-8840-5537bd858009,Kilo Kish,Negotiate,Kilo Kish - Negotiate,,,negotiate,"Kilo Kish, Miguel",2025-04-17,107821,kilo-kish,negotiate,srRBycqVWmg,2025-04-01,0,2026-04-28T19:57:42.832215+00:00
62d22eca-3610-4817-9a40-5b0c3378ca44,Kilo Kish,Reprogram,Kilo Kish - Reprogram,,,reprogram,Kilo Kish,2025-02-27,107826,kilo-kish,reprogram,qVPte9wGAZA,2025-02-01,0,2026-04-28T19:57:44.06452+00:00
5ac6d179-cee5-480e-b8f0-3f5b670e8751,Kim Deal,Big Ben Beat,Kim Deal - Big Ben Beat,,,Big Ben Beat,Kim Deal,2024-11-22,91569,kim-deal,big-ben-beat,f-rFrdF6NzQ,2025-02-01,0,2026-04-28T19:57:51.273511+00:00
52868767-b417-4f8d-92cf-efe43e38bd9b,King Gizzard & The Lizard Wizard,Deadstick,King Gizzard & The Lizard Wizard - Deadstick,,,Deadstick,King Gizzard & The Lizard Wizard,2025-04-15,97768,king-gizzard-the-lizard-wizard,deadstick,H7t2FL1SRaE,2025-04-01,0,2026-04-28T19:58:31.194683+00:00
7c7534bb-69c8-48f5-84f8-4942d065bcc3,King Gnu,Aizo,King Gnu - Aizo,,,,,,,,,,,0,2026-03-22T05:13:50.369084+00:00
97c56ebd-eb6d-4464-9c3f-e5b395687c8a,King Gnu Official Youtube Channel,King Gnu - Aizo,King Gnu Official Youtube Channel - King Gnu - Aizo,,,,,,,,,,,1,2026-03-22T05:13:50.894723+00:00
c78ff814-63e2-44cc-835c-47fbbcc1e4be,King Gnu Official Youtube Channel,King Gnu - So Bad,King Gnu Official Youtube Channel - King Gnu - So Bad,,,,,,,,,,,1,2026-03-22T05:29:56.26244+00:00
1bd5c364-20d9-400c-9107-b21c3159caa5,King Princess,Girls,King Princess - Girls,,,Girls,King Princess,2025-08-13,105818,king-princess,girls-9,LhcVJhdy1zM,2025-08-01,0,2026-04-28T19:58:49.529634+00:00
17f52d0c-fb63-4459-b627-ea04a3c9466e,Kings Of Leon,We're Onto Something,Kings Of Leon - We're Onto Something,,,We're Onto Something (feat. Zach Bryan),"Kings of Leon, Zach Bryan",2025-08-22,106163,kings-of-leon,were-onto-something,ZJdHNwUgsPI,2025-08-01,0,2026-04-28T19:59:07.582092+00:00
1307a46f-13df-42ee-8a56-f3e2b48ff06c,Kirk Hammett,Satan,Kirk Hammett - Satan,,,Satan,"Orbital, Kirk Hammett",1997-07-29,98888,kirk-hammett,satan,Wo29_EjE-1Q,1997-09-01,0,2026-04-29T06:08:24.052719+00:00
6b060388-4c10-483e-ade7-968c2e8ddd22,Kito,Hocus Pocus,Kito - Hocus Pocus,,,Hocus Pocus,"Mallrat, Kito",2024-10-23,89750,kito,hocus-pocus,vxYFZ92P4_s,2024-10-01,0,2026-04-28T20:24:23.865961+00:00
95224f04-9318-4749-97cb-30f821181686,KNEECAP,Sayōnara,KNEECAP - Sayōnara,,,Sayōnara,"KNEECAP, Paul Hartnoll",2025-09-02,107613,kneecap,sayonara-2,fLt03BAQG0M,2025-09-01,0,2026-04-28T19:59:56.583743+00:00
3594efce-4ec3-4999-ae34-59debf04cb5a,Knuckle Puck,Who's Laughing Now,Knuckle Puck - Who's Laughing Now,,,Who's Laughing Now,"Mayday Parade, Knuckle Puck",2025-04-17,97672,knuckle-puck,whos-laughing-now-2,hqRPh_h8Za0,2025-04-01,0,2026-04-29T05:01:39.581723+00:00
3cf55a6e-683f-42b0-84e2-31092e34e559,Kodak Black,All Of Us,Kodak Black - All Of Us,,,,,,94088,kodak-black,all-of-us,2_n11Xfld4U,2025-03-01,0,2026-04-28T20:00:25.792441+00:00
7f6eb43f-949d-4487-990e-1c36492beb3a,Kodak Black,Cyber Truck,Kodak Black - Cyber Truck,,,Cyber Truck,Kodak Black,2024-11-29,89415,kodak-black,cyber-truck,O9x1QBbB7QM,2025-01-01,0,2026-04-28T20:00:27.073763+00:00
85c3ff2c-d733-4bfa-a5de-640bc702244d,Kodak Black,Imma Shoot,Kodak Black - Imma Shoot,,,Imma Shoot,Kodak Black,2025-08-15,106373,kodak-black,imma-shoot,yPA1fiNhmbw,2025-08-01,0,2026-04-28T20:00:24.591221+00:00
ad7ac5be-a754-4605-a319-6c3ef821b356,Kodak Black,Rain Snow,Kodak Black - Rain Snow,,,Rain Snow,"Rich The Kid, Kodak Black",2025-02-21,92908,kodak-black,rain-snow,7OaQCsbXe6k,2025-02-01,0,2026-04-29T08:33:00.147221+00:00
1c209c56-892a-4d73-ae85-7bfae1e128db,Kodak Black,Smile Body Pretty Face,Kodak Black - Smile Body Pretty Face,,,SMILE BODY PRETTY FACE (feat. Kodak Black & YG),"Ty Dolla $ign, Kodak Black, YG",2025-09-26,109789,kodak-black,smile-body-pretty-face,Q4glPR5Ebc0,2025-09-01,0,2026-04-29T09:49:26.314539+00:00
65269eef-3524-4310-abce-1b52d1704fc6,"Kool, The Gang",Celebration,"Kool, The Gang - Celebration",,,,,,,,,,,1,2026-04-27T01:38:23.93074+00:00
04cd6607-64f7-423b-a6f3-94850cec5ddc,Koop,Relaxin At Club F****n,Koop - Relaxin At Club F****n,,,Relaxin at Club F****n,Koop,2001-01-01,107553,koop,relaxin-at-club-fn,P2Zy_V5ssK0,2001-01-01,0,2026-04-28T20:00:48.773389+00:00
a5f7ea50-c657-4ea6-84d2-b094cf646bb2,Korine,Twist The Knife,Korine - Twist The Knife,,,Twist The Knife,Korine,2025-03-06,92663,korine,twist-the-knife,hF8AdLbyfcs,2025-03-01,0,2026-04-28T20:00:50.056032+00:00
5ed6cb3e-a04d-4a4b-96da-8a3d2c5354b9,Korpiklaani,Kalmisto,Korpiklaani - Kalmisto,,,Kalmisto,Korpiklaani,2024-04-05,91006,korpiklaani,kalmisto,S_LvU0lTYCM,2025-02-01,0,2026-04-28T20:00:58.068499+00:00
68c0e452-125c-4d09-9837-47369e0d8653,Kota Banks,Ice U Out,Kota Banks - Ice U Out,,,Ice u out,"Ninajirachi, Kota Banks",2024-05-15,103995,kota-banks,ice-u-out,KmnBVtosVik,2025-02-01,0,2026-04-29T05:46:11.924363+00:00
ac2edf2e-6e3b-4980-8315-6cd8512e2598,KREAM,Arrakis,KREAM - Arrakis,,,undefined,,,64172,kream,arrakis,QQZnnM68rKQ,2024-03-01,0,2026-04-29T15:10:22.802812+00:00
29ccecef-8d0d-4190-a861-eb9026751f68,KREAM,Arrival,KREAM - Arrival,,,Arrival (ABGT613) - Mixed,Kream,2025-02-01,90121,kream,arrival,zGO142zWkIs,2025-02-01,0,2026-04-29T15:10:07.740048+00:00
41023612-d009-4ea2-8c3d-8d7f8a5361aa,KREAM,Dis Side,KREAM - Dis Side,,,undefined,,,88310,kream,dis-side,nG_Ls2EkOko,2024-12-01,0,2026-04-29T15:10:11.255645+00:00
1f8a6c41-605f-46df-8bf8-403d4349a047,KREAM,Interstellar,KREAM - Interstellar,,,Interstellar,KREAM,2024-11-29,89588,kream,interstellar-2,0XSfLsABRdo,2024-11-01,0,2026-04-29T15:10:12.984434+00:00
28c95f59-111e-47b9-9a95-94a1f230e69a,KREAM,Subelo,KREAM - Subelo,,,Subelo,KREAM,2025-08-29,107107,kream,subelo,4Bf3MO6UR18,2025-08-01,0,2026-04-28T20:01:26.499743+00:00
85c298d9-8533-44eb-a31f-2f6c62e6ff99,KREATOR,Seven Serpents,KREATOR - Seven Serpents,,,Seven Serpents,Kreator,2025-09-26,109360,kreator,seven-serpents,xPRvLYHKD-I,2025-09-01,0,2026-04-28T20:01:36.685251+00:00
af544e38-6d40-4f97-b16a-2dc73ec4bcac,Kristen Stewart,Who Laughs Last,Kristen Stewart - Who Laughs Last,,,Who Laughs Last (feat. Kristen Stewart),"Lord Huron, Kristen Stewart",2025-01-24,89972,kristen-stewart,who-laughs-last,1828lQRbK5o,2025-01-01,0,2026-04-28T20:16:06.063248+00:00
24165cf6-cf6d-4700-9d4c-2d4814bcc341,Kristin Starkey,Mama I’m Coming Home,Kristin Starkey - Mama I’m Coming Home,,,undefined,,,105164,kristin-starkey,mama-im-coming-home-ozzy-osbourne-tribute,K-A-x-RoVJ0,2025-08-01,0,2026-04-28T20:01:44.323454+00:00
8778250f-7f71-459e-a003-02d04fa4ed5b,Kruder & Dorfmeister,A Tune For Us,Kruder & Dorfmeister - A Tune For Us,,,,,,86737,kruder-dorfmeister,a-tune-for-us,menglfQtbfY,1996-01-01,0,2026-04-28T20:01:49.479772+00:00
18652816-b2af-4dd6-bfcf-565f6a3cf6eb,Kula Shaker,Christmas Time,Kula Shaker - Christmas Time,,,,,,44280,kula-shaker,christmas-time-is-here-again,Viql1ojP6H4,2010-12-01,0,2026-05-01T05:04:18.677733+00:00
da167605-dc1b-4f26-bc76-36a61ceae0c2,Kula Shaker,Drink Tea,Kula Shaker - Drink Tea,,,,,,7088,kula-shaker,drink-tea-for-the-love-of-god,O5jTXdiBwas,2007-12-01,0,2026-05-01T05:04:21.997565+00:00
e101c0c4-2c59-46d5-a732-b674cda9a00e,Kula Shaker,Good Money,Kula Shaker - Good Money,,,Good Money,Kula Shaker,2025-09-16,108691,kula-shaker,good-money,0hO17c4lB1E,2025-09-01,0,2026-04-28T20:02:24.840505+00:00
8a0b0550-dd8d-4aca-916b-a1384199f666,Kungs,Light Me Up,Kungs - Light Me Up,,,Light Me Up,"Kungs, PNAU",2025-09-12,108964,kungs,light-me-up,Li4NsxrXR5M,2025-09-01,0,2026-04-28T20:02:38.342226+00:00
1f86e27f-748f-4e61-b8e3-b20afa69bef1,Kurt Maloo,The Captain Of Her Heart,Kurt Maloo - The Captain Of Her Heart,,,The Captain Of Her Heart (Radio Version),Kurt Maloo,2008,107511,kurt-maloo,the-captain-of-her-heart,XNPYHwZwb5I,1985-09-01,0,2026-04-28T20:02:49.954218+00:00
3a7c0d55-0caf-4aa8-a980-7d925499538c,Kurtis Wells,She,Kurtis Wells - She,,,She (feat. Kurtis Wells),"Rich Brian, Kurtis Wells",2025-08-15,107209,kurtis-wells,she-2,tFGMly8YDwI,2025-08-01,0,2026-04-29T07:06:43.740501+00:00
f6fdbc31-1217-4654-aff1-31c2f32c3d48,Kwick,I Want To Dance With You,Kwick - I Want To Dance With You,,,,,,75022,kwick,i-want-to-dance,ce16Ih91cUc,1980-07-01,0,2026-04-28T20:03:10.907008+00:00
1f98b95d-6c20-45db-b116-22d299950c7b,Kwick,I've Been Watching You,Kwick - I've Been Watching You,,,undefined,,,75029,kwick,ive-been-watching-you,hZDWUpXsBro,1983-01-01,0,2026-04-28T20:03:04.826984+00:00
f5535ba0-bd97-4444-ad47-d9c5535aa2f4,Kwick,Nightlife,Kwick - Nightlife,,,,,,75019,kwick,nightlife,zkGjaOx_RdU,1981-01-01,0,2026-04-28T20:03:06.059224+00:00
9a480594-baa3-4add-b985-0ec5206a5e11,Kwick,Serious Business,Kwick - Serious Business,,,,,,75026,kwick,serious-business,kyhNpwYySjc,1980-01-01,0,2026-04-28T20:03:12.098572+00:00
eafbb153-7aa0-4e85-a9c9-99014e24b57c,Kwick,Shake Till Your Body Break,Kwick - Shake Till Your Body Break,,,,,,75016,kwick,shake-till-your-body-break,b38KINJLu08,1981-01-01,0,2026-04-28T20:03:07.267371+00:00
b2862648-ca9d-4abf-85ac-014ed5ed30f1,Kwick,Split Decision,Kwick - Split Decision,,,,,,75013,kwick,split-decision,UvkfBaL0kTY,1981-01-01,0,2026-04-28T20:03:08.484917+00:00
81ea51fa-81a1-4d13-bbfc-8359d7ff9895,Kwick,Stuck Up,Kwick - Stuck Up,,,,,,75032,kwick,stuck-up,Mohhb3yJuZg,1983-01-01,0,2026-04-28T20:03:03.626698+00:00
e34ea18e-cb03-415b-9180-ed259db40a06,Kwick,We Ought To Be Dancing,Kwick - We Ought To Be Dancing,,,undefined,,,75007,kwick,we-ought-to-be-dancing,mdXRyNvFfCE,1980-01-01,0,2026-04-28T20:03:13.315512+00:00
674c1463-fef9-4686-b4e9-54238c03cfa5,Kwick,You're The Kind Of Girl I Like,Kwick - You're The Kind Of Girl I Like,,,,,,75010,kwick,youre-the-kind-of-girl-i-like,ya83JAd8ZkQ,1981-01-01,0,2026-04-28T20:03:09.696767+00:00
5c99002e-29e9-4255-83c4-5e0c28f142ee,Kygo,Chasing Paradise,Kygo - Chasing Paradise,,,Chasing Paradise,"Kygo, OneRepublic",2025-01-24,89992,kygo,chasing-paradise,ArTEKXEQqyw,2025-01-01,0,2026-04-28T20:03:20.877773+00:00
706b3c50-3fc8-4992-8ea5-c745e171692f,Kyle Alessandro,Model,Kyle Alessandro - Model,,,Model,Kyle Alessandro,2025-09-26,109646,kyle-alessandro,model,iAU-IAfIFgM,2025-09-01,0,2026-04-28T20:03:27.703052+00:00
dad3b342-1abe-4f51-a870-ed8d8bac2052,Kylie Cantrall,Boy For A Day,Kylie Cantrall - Boy For A Day,,,Boy For a Day,Kylie Cantrall,2025-05-07,101629,kylie-cantrall,boy-for-a-day,FFUum8KMHcw,2024-11-01,0,2026-04-28T20:03:33.797443+00:00
00bff690-f351-4b7a-9e00-e5d58d38b0f3,Kylie Cantrall,Denim,Kylie Cantrall - Denim,,,Denim,Kylie Cantrall,2025-05-07,101624,kylie-cantrall,denim-2,RZBP4EiXA_E,2025-04-01,0,2026-04-28T20:03:31.40938+00:00
4582bc14-0144-4c95-8445-8afc7654bb47,Kylie Cantrall,Goodie Bag,Kylie Cantrall - Goodie Bag,,,Goodie Bag,Kylie Cantrall,2025-02-14,90742,kylie-cantrall,goodie-bag,08Hpb8ZQCSE,2025-02-01,0,2026-04-28T20:03:32.616995+00:00
95d09d35-c626-46ef-a60e-c039c3446a2b,Kylie Minogue,Can't Get You Out Of My Head,Kylie Minogue - Can't Get You Out Of My Head,,,,,,,,,,,1,2026-04-18T13:05:34.429845+00:00
6081c52b-0ea9-4ad9-a6aa-16ed9567d674,Kylie Minogue,Someone For Me,Kylie Minogue - Someone For Me,,,Someone For Me,"カイリー・ミノーグ, YouNotUs",2025-01-17,89899,kylie-minogue,someone-for-me,Q8HAbqUWfXg,2025-01-01,0,2026-04-28T20:03:40.130789+00:00
4c89bbb4-ad6e-405d-91e6-71c9569bea4d,Kyndle Wylde,Pour Some Sugar On Me,Kyndle Wylde - Pour Some Sugar On Me,,,undefined,,,55905,kyndle-wylde,pour-some-sugar-on-me-2,ilClbWTYgfw,2023-11-01,0,2026-04-28T20:03:45.358283+00:00
2a1050fe-1f69-4213-9929-51e4470da947,L.A. Guns,Lucky Motherfucker,L.A. Guns - Lucky Motherfucker,,,Lucky Motherfucker,L.A. Guns,2025-03-06,92877,l-a-guns,lucky-motherfucker,15jvJExDjJ8,2025-03-01,0,2026-04-28T20:03:47.900743+00:00
7f6257de-40c7-4dcc-9205-82b0a4d6ece2,L.A. Guns,Taste It,L.A. Guns - Taste It,,,Taste It,L.A. Guns,2025-04-04,90398,l-a-guns,taste-it,6Lj3pD7H5rM,2025-02-01,0,2026-04-28T20:03:49.125169+00:00
4245e6e3-c57a-4600-961f-11998cf9878f,Lacrosse,No More Lovesongs,Lacrosse - No More Lovesongs,,,,,,,,,,,1,2026-04-25T04:44:46.92871+00:00
adbfe1c7-49fe-493b-9c50-c08e671a7bd9,Lacuna Coil,Gravity,Lacuna Coil - Gravity,,,Gravity,Lacuna Coil,2025-01-09,89334,lacuna-coil,gravity-8,O1npCRnErxw,2025-01-01,0,2026-04-28T20:04:00.626962+00:00
fe081ff2-85d7-40c0-86ec-b0a4771e671d,Lacuna Coil,I Wish You Were Dead,Lacuna Coil - I Wish You Were Dead,,,I Wish You Were Dead,Lacuna Coil,2025-02-11,90648,lacuna-coil,i-wish-you-were-dead,H86cL4NBZRg,2025-02-01,0,2026-04-28T20:03:59.380965+00:00
e4e2b1bc-66c8-420e-ab91-e778941f0344,Ladi6,Go Get It,Ladi6 - Go Get It,,,Go Get It - Ac Slater Remix,"Sepalot, Ladi6, AC Slater",2009-04-28,107372,ladi6,go-get-it,yM_JAEXr-C0,2008-08-01,0,2026-04-29T07:38:19.353891+00:00
11840362-4036-4558-86e4-b72d41bff69b,Lady Gaga,Abracadabra,Lady Gaga - Abracadabra,,,Abracadabra,レディー・ガガ,2025-02-03,90287,lady-gaga,abracadabra,vBynw9Isr28,2025-02-01,0,2026-04-28T20:04:09.601952+00:00
f7fdac88-23bd-4e10-90e6-8681ed50159c,Lady Gaga,Bad Romance.,Lady Gaga - Bad Romance.,,,,,,,,,,,1,2026-04-26T07:46:17.703963+00:00
3e54858e-8c88-4551-ab22-14e8aeba4c97,Lady Gaga,Garden Of Eden,Lady Gaga - Garden Of Eden,,,Garden Of Eden,Lady Gaga,2025-03-07,92359,lady-gaga,garden-of-eden,tep9uGsVzK4,2025-03-01,0,2026-04-28T20:04:06.927469+00:00
4fe0fc7f-cb3e-45bd-99dc-101fc6701d8b,Lady Gaga,Moth Into Flame (Dress Rehearsal) At The 59th Grammy Awards 2017,Lady Gaga - Moth Into Flame (Dress Rehearsal) At The 59th Grammy Awards 2017,,,,,,,,,,,1,2026-04-18T14:27:26.849788+00:00
67dc68b7-94a0-49df-8d12-0ae40c482684,Lady Gaga,Perfect Celebrity,Lady Gaga - Perfect Celebrity,,,Perfect Celebrity,Lady Gaga,2025-03-07,93243,lady-gaga,perfect-celebrity,tDZ6bi-YguU,2025-03-01,0,2026-04-28T20:04:05.699015+00:00
a1ecbb53-0536-4bc0-9cee-afb8e638f6df,Lady Gaga,The Beast,Lady Gaga - The Beast,,,The Beast,Lady Gaga,2025-03-07,92871,lady-gaga,the-beast,GMIIpxW-7Zw,2025-03-01,0,2026-04-28T20:04:08.150046+00:00
7f20acb2-41d2-477c-a286-d02f1001c325,Lady Gaga,The Dead Dance,Lady Gaga - The Dead Dance,,,The Dead Dance,Lady Gaga,2025-09-01,107581,lady-gaga,the-dead-dance,xGaZBfJOyAc,2025-09-01,0,2026-04-28T20:04:04.439804+00:00
d9a725e3-d4d1-456c-8135-61777fe910dd,Ladytron,I Believe In You,Ladytron - I Believe In You,,,I Believe in You,Ladytron,2025-09-04,109149,ladytron,i-believe-in-you-2,C1ZZagt0cDg,2025-09-01,0,2026-04-28T20:04:26.248253+00:00
3aabbec3-dc2d-4dfa-a7e7-593eb1b11812,Lainey Wilson,"Yesterday, All Day, Every Day","Lainey Wilson - Yesterday, All Day, Every Day",,,"Yesterday, All Day, Every Day",Lainey Wilson,2025-08-22,106510,lainey-wilson,yesterday-all-day-every-day,hFKewLS8bvQ,2025-08-01,0,2026-04-28T20:04:40.03653+00:00
e8d68b9a-2be4-445a-8baa-11a8b2ea3ff8,Lakeview,Name In A Song,Lakeview - Name In A Song,,,Name In A Song,Lakeview,2025-08-15,106484,lakeview,name-in-a-song,HL36OSMDV7E,2025-08-01,0,2026-04-28T20:04:57.402053+00:00
c78a9cc5-dafe-41f8-9979-4df079c6e247,Lambrini Girls,Cuntology 101,Lambrini Girls - Cuntology 101,,,Cuntology 101,Lambrini Girls,2025-01-10,89384,lambrini-girls,cuntology-101,20TDd19oA1Q,2025-01-01,0,2026-04-28T20:05:08.877862+00:00
ef5714d1-7a9d-423b-bce7-236c33bfcf83,Lambrini Girls,No Homo,Lambrini Girls - No Homo,,,No Homo,Lambrini Girls,2025-01-10,92033,lambrini-girls,no-homo,7aoE40OeyqA,2025-02-01,0,2026-04-28T20:05:07.618627+00:00
d7fd2690-d12c-403e-8d84-166f5f24f2e4,Lana Del Rey,Born To Die,Lana Del Rey - Born To Die,,,,,,,,,,,1,2026-04-21T13:27:03.392716+00:00
b088af00-92d2-4163-8f65-04908f5be05b,Lana Del Rey,"Henry, Come On","Lana Del Rey - Henry, Come On",,,"Henry, come on",Lana Del Rey,2025-04-11,95236,lana-del-rey,henry-come-on,nDYY3nJ7a0s,2025-04-01,0,2026-04-28T20:05:12.554199+00:00
2931c7ce-0749-47f4-86a2-48c54e41887c,Lana Del Rey,Summertime Sadness,Lana Del Rey - Summertime Sadness,,,,,,,,,,,1,2026-04-25T08:22:59.439545+00:00
60242341-8bed-4531-8214-ea29c3bf1c5c,LANDMVRKS,Blood Red,LANDMVRKS - Blood Red,,,Blood Red,LANDMVRKS,2025-02-13,97622,landmvrks,blood-red,wIaiMl4wHSE,2025-04-01,0,2026-04-28T20:05:17.685237+00:00
910b87ec-6815-4f4b-bec1-1873164711e1,Landon Cube,2much 2fast,Landon Cube - 2much 2fast,,,2Much 2Fast (feat. Landon Cube),"Lil Skies, Landon Cube",2025-02-28,92903,landon-cube,2much-2fast,2_9asEs7RH8,2025-02-01,0,2026-04-30T13:01:13.502584+00:00
c0dba2b5-d2e5-47ad-b854-4613ff46f8d4,Lanie Gardner,Buzzkill,Lanie Gardner - Buzzkill,,,Buzzkill,Lanie Gardner,2025-01-17,91636,lanie-gardner,buzzkill-2,8gcfLB_FHPM,2025-02-01,0,2026-04-28T20:05:27.579124+00:00
70806e3f-582b-494a-b4d2-98818e8d0208,LANY,Last Forever,LANY - Last Forever,,,Last Forever,LANY,2025-09-05,107725,lany,last-forever,-a-vbOxM-6s,2025-09-01,0,2026-04-28T20:05:33.971847+00:00
4909c8b1-7d43-49a7-99de-3a224d6f89d8,Larkin Poe,Easy Love Pt. 1,Larkin Poe - Easy Love Pt. 1,,,Easy Love Part 1,Larkin Poe,2025-01-22,89923,larkin-poe,easy-love-pt-1,kNTv5qHQMSM,2025-01-01,0,2026-04-28T20:05:38.944431+00:00
d1c46761-e3e8-446a-b33e-c185cd15a321,Latto,Blick Sum,Latto - Blick Sum,,,Blick Sum (feat. Playboi Carti),"Latto, Playboi Carti",2025-01-28,91099,latto,blick-sum,3oA8kt8685I,2025-01-01,0,2026-04-28T20:06:14.421841+00:00
85e12d31-fe0c-4aad-8221-fa911268fd26,Laufey,Forget-me-not,Laufey - Forget-me-not,,,Forget-Me-Not,Laufey,2025-08-22,106197,laufey,forget-me-not,Yr4tx6wPVhw,2025-08-01,0,2026-04-28T20:06:28.506086+00:00
6a19a6b7-f0dc-40c6-8627-8bf87ecc76c3,Laufey,Mr. Eclectic,Laufey - Mr. Eclectic,,,Mr. Eclectic,Laufey,2025-08-22,106358,laufey,mr-eclectic,kSNK3uGKav0,2025-08-01,0,2026-04-28T20:06:27.306691+00:00
21860697-4952-4d8b-ba8e-01825f8849be,Laufey,Silver Lining,Laufey - Silver Lining,,,Silver Lining,Laufey,2025-04-04,94756,laufey,silver-lining-2,wbzJB36Z1F4,2025-04-01,0,2026-04-28T20:06:32.198669+00:00
4ae7c129-b135-4ea6-9da8-002af804ceaf,Laura Brehm,Give Myself To You,Laura Brehm - Give Myself To You,,,Give Myself To You,"TheFatRat, Laura Brehm",2025-09-12,108244,laura-brehm,give-myself-to-you,4bRC9LSjwb8,2025-09-01,0,2026-04-29T08:50:21.352101+00:00
6e6d657c-cadb-42de-ba9a-e95a10904243,Lauren Spencer Smith,Pray,Lauren Spencer Smith - Pray,,,Pray,Lauren Spencer Smith,2025-01-24,91079,lauren-spencer-smith,pray-2,Qcm30ftquCI,2025-02-01,0,2026-04-28T20:07:11.233551+00:00
34f8bbd0-d22b-4002-a42a-f3e809acdd38,Lauren Spencer Smith,Thick Skin,Lauren Spencer Smith - Thick Skin,,,Thick Skin,Lauren Spencer Smith,2025-10-03,110205,lauren-spencer-smith,thick-skin,H1IaadCnFoE,2025-10-01,0,2026-04-28T20:07:08.79983+00:00
3f2f7892-5140-41ef-88e0-5fc4d64a26d5,Lay Bankz,Baddie Decisions,Lay Bankz - Baddie Decisions,,,Baddie Decisions,Lay Bankz,2025-02-21,91553,lay-bankz,baddie-decisions,ihR7aKlR7nA,2025-02-01,0,2026-04-28T20:07:42.359836+00:00
7dec8586-b083-496f-8a65-d44f9f4c59b7,Leah Kate,Just Because,Leah Kate - Just Because,,,Just Because,Leah Kate,2025-03-21,94116,leah-kate,just-because,TD2SAvy__Co,2025-03-01,0,2026-04-28T20:08:13.73127+00:00
b6ca78df-0e9d-41b5-a23b-d6af68b87735,Leah Kate,Talk About Love,Leah Kate - Talk About Love,,,Talk About Love (ft. Leah Kate),"Steve Aoki, Leah Kate",2025-06-27,109636,leah-kate,talk-about-love-2,5u4PAT5su74,2025-09-01,0,2026-04-29T08:15:44.96427+00:00
3995495e-51c6-48af-b0ac-9ef38c726929,LEAP,Over & Out,LEAP - Over & Out,,,Over The Moon,TOMORROW X TOGETHER,2024-11-04,107074,leap,over-out,Kx1_Zgvxows,2025-05-01,0,2026-04-28T20:08:24.977893+00:00
d551c2f0-ba0d-40ab-8014-9d54391cbd21,LEAP,Play Dead,LEAP - Play Dead,,,Play Dead,LEAP,2025-03-14,107065,leap,play-dead,Pdwjy1IVvCs,2025-03-01,0,2026-04-28T20:08:26.259985+00:00
238ff535-4e2b-4888-9228-e3c772442a46,LEAP,Sinking Feeling,LEAP - Sinking Feeling,,,Sinking Feeling,LEAP,2025-06-06,107060,leap,sinking-feeling,N96p3le3SeQ,2025-06-01,0,2026-04-28T20:08:23.716814+00:00
a6639668-f125-4ed8-a887-433a1b9adb03,LEAP,Waste Your Love,LEAP - Waste Your Love,,,Waste Your Love,LEAP,2025-07-18,107070,leap,waste-your-love,43T-oYyq1Hg,2025-07-01,0,2026-04-28T20:08:22.504808+00:00
bf574327-5141-43d2-8243-7c8fd5b1f233,Led Zeppelin,Babe I'm Gonna Leave You,Led Zeppelin - Babe I'm Gonna Leave You,,,Babe I'm Gonna Leave You - 1990 Remaster,Led Zeppelin,1969-01-12,108017,led-zeppelin,babe-im-gonna-leave-you,zX_wwlIZ6ko,1969-01-01,0,2026-04-28T20:08:39.509598+00:00
caa996c6-f024-45ad-9412-8239d6bce563,Led Zeppelin,Black Dog,Led Zeppelin - Black Dog,,,Black Dog - Remaster,Led Zeppelin,1971-11-08,107987,led-zeppelin,black-dog,2KPEHohJMuw,1971-12-01,0,2026-04-28T20:08:31.237613+00:00
72e85276-7cfa-4e8b-8965-a1b88ed829ea,Led Zeppelin,Dazed And Confused,Led Zeppelin - Dazed And Confused,,,Dazed and Confused - 1990 Remaster,Led Zeppelin,1969-01-12,108013,led-zeppelin,dazed-and-confused,w772GXG5LnE,1969-01-01,0,2026-05-01T05:14:11.24245+00:00
c4beaa83-ea83-42d3-ab8a-bcd763ac3c2b,Led Zeppelin,Gallows Pole,Led Zeppelin - Gallows Pole,,,Gallows Pole - Remaster,Led Zeppelin,1970,107991,led-zeppelin,gallows-pole,CmxaT37yeOs,1970-10-01,0,2026-04-28T20:08:35.782287+00:00
5ada8880-ecd8-4adc-ac9b-a7e7d533921e,Led Zeppelin,Immigrant Song,Led Zeppelin - Immigrant Song,,,Immigrant Song - Remaster,Led Zeppelin,1970,107982,led-zeppelin,immigrant-song,P3Y8OWkiUts,1970-11-01,1,2026-03-26T04:19:39.286629+00:00
44fac06d-c8ab-4cae-9c1d-d31d9dd935f4,Led Zeppelin,Over The Hills And Far Away,Led Zeppelin - Over The Hills And Far Away,,,Over the Hills and Far Away - Remaster,Led Zeppelin,1973-03-28,108000,led-zeppelin,over-the-hills-and-far-away,Am9gu4wkY9E,1973-05-01,0,2026-04-28T20:08:28.773513+00:00
a04410a3-3dc6-42e1-8a65-4ff6e712f821,Led Zeppelin,Ramble On,Led Zeppelin - Ramble On,,,Ramble On - 1990 Remaster,Led Zeppelin,1969-10-22,108004,led-zeppelin,ramble-on,LzGBQerkvWs,1969-10-01,0,2026-04-28T20:08:38.278219+00:00
f625859f-1255-4df0-bf0e-c261388a9785,Led Zeppelin,Rock And Roll,Led Zeppelin - Rock And Roll,,,Rock and Roll - Remaster,Led Zeppelin,1971-11-08,107995,led-zeppelin,rock-and-roll-2,D2lSwosw9xY,1972-02-01,0,2026-04-28T20:08:30.01966+00:00
789cf050-d169-46e7-a427-dff740f0d158,Led Zeppelin,Stairway To Heaven,Led Zeppelin - Stairway To Heaven,,,Stairway to Heaven - Remaster,レッド・ツェッペリン,1971-11-08,89512,led-zeppelin,stairway-to-heaven,QkF3oxziUI4,1971-11-01,1,2026-04-15T23:04:13.520071+00:00
d83290fd-6c37-4899-b884-ae9373e18c56,Led Zeppelin,When The Levee Breaks,Led Zeppelin - When The Levee Breaks,,,When the Levee Breaks - Remaster,Led Zeppelin,1971-11-08,108009,led-zeppelin,when-the-levee-breaks,JM3fodiK9rY,1971-11-01,0,2026-04-28T20:08:33.470492+00:00
895ccb76-fcaa-4908-b85d-c70232ac8b07,Led Zeppelin,Whole Lotta Love,Led Zeppelin - Whole Lotta Love,,,Whole Lotta Love - 1990 Remaster,Led Zeppelin,1969-10-22,107977,led-zeppelin,whole-lotta-love,HibBnC6SVk8,1969-11-01,0,2026-04-28T20:08:37.054262+00:00
bc29b11f-99ce-4c9f-81c1-0ad0b86db45a,Lee Jennings,Weirdo,Lee Jennings - Weirdo,,,Weirdo (feat. Lee Jennings of The Funeral Portrait),"The Rasmus, The Funeral Portrait",2025-09-12,108219,lee-jennings,weirdo-3,DyztNT2OEGA,2025-09-01,0,2026-04-29T06:54:26.749035+00:00
a681d4d4-ea9d-4f5d-9884-2faf911978c5,Leela James,Honest,Leela James - Honest,,,Honest,Leela James,2025-08-08,106519,leela-james,honest-2,zGrDzRtHxFs,2025-08-01,0,2026-04-28T20:08:44.660106+00:00
98907f17-2016-469d-974c-dbd67d859809,Leigh-Anne,Burning Up,Leigh-Anne - Burning Up,,,Burning Up,Leigh-Anne,2025-08-21,106207,leigh-anne,burning-up-3,1ly3AX4cBfI,2025-08-01,0,2026-04-28T20:08:54.748424+00:00
3e7e8350-527c-4267-86b9-4a0b6ef32133,Lenny Kravitz,Let It Ride,Lenny Kravitz - Let It Ride,,,Let It Ride - Jamie Jones Remix,"Lenny Kravitz, Jamie Jones, Alex Tepper",2025-04-04,94809,lenny-kravitz,let-it-ride,1G-n06bwEzI,2025-04-01,0,2026-04-28T20:09:26.268638+00:00
5bd1a1fc-e2f0-4cc2-9189-bb33fe137532,Leo Moracchioli,Blue Monday,Leo Moracchioli - Blue Monday,,,undefined,,,60720,leo-moracchioli,blue-monday-metal-cover,mcAVeZxYmEg,2024-01-01,0,2026-04-28T20:09:32.701404+00:00
db176f9e-d1d3-4ea0-8028-46fd3c02f234,Leon Thomas,"""Yes It Is"" (Live) - Spotify Outside","Leon Thomas - ""Yes It Is"" (Live) - Spotify Outside",,,,,,,,,,,1,2026-03-22T07:44:36.903061+00:00
c28976d0-ce89-43b1-9714-ecdca0127fea,Leon Thomas,Just How You Are,Leon Thomas - Just How You Are,,,Just How You Are,Leon Thomas,2025-10-02,109885,leon-thomas,just-how-you-are,wz11MaOpwbo,2025-10-01,0,2026-04-28T20:09:42.944757+00:00
0f0c93f6-926f-42aa-830d-faa03d05d560,Leon Thomas,Mutt,Leon Thomas - Mutt,,,MUTT,Leon Thomas,2024-09-27,94077,leon-thomas,mutt,ejEzHE5ZMT8,2024-08-01,0,2026-04-28T20:09:45.497103+00:00
59b0b4c6-4e26-4e12-93dd-3165d30b0dd0,Leonid & Friends,Overjoyed,Leonid & Friends - Overjoyed,,,undefined,,,106438,leonid-friends,overjoyed-2,nHSmRimI41M,2025-08-01,0,2026-04-28T20:09:50.567984+00:00
f68a6951-42bb-4690-a928-38c16ca002f1,Lewis Capaldi,Something In The Heavens,Lewis Capaldi - Something In The Heavens,,,Something In The Heavens,Lewis Capaldi,2025-09-18,109096,lewis-capaldi,something-in-the-heavens,LzB4yR62zR0,2025-09-01,0,2026-04-28T20:10:25.418631+00:00
095a6aa3-b524-4c7c-8a7e-c7d615c522c3,Lexie Liu,Pop Girl,Lexie Liu - Pop Girl,,,POP GIRL,Lexie Liu,2025-03-19,93605,lexie-liu,pop-girl,K5aF9hmnTxs,2025-03-01,0,2026-04-28T20:10:44.345305+00:00
3da7b0f3-cda2-4250-8ed9-cbd2a8fbf943,Lifehouse,Hanging By A Moment,Lifehouse - Hanging By A Moment,,,,,,,,,,,1,2026-03-21T16:13:42.992045+00:00
28fcd639-951f-4908-a20a-2cfa0312a1f9,Lights,Education,Lights - Education,,,EDUCATION,Lights,2025-09-19,109065,lights,education,0vNqXAwCBIs,2025-09-01,0,2026-04-28T20:11:19.992706+00:00
0d433a99-4c82-49fc-8f34-532e31a40dad,Lights,Surface Tension,Lights - Surface Tension,,,SURFACE TENSION,Lights,2025-04-04,95037,lights,surface-tension,52jbgLe8Q0s,2025-04-01,0,2026-04-28T20:11:22.498864+00:00
a4338832-7474-4ba5-a299-5331006e0107,Lil Man J,Life Is Good,Lil Man J - Life Is Good,,,Life Is Good,Lil Man J,2025-09-19,109298,lil-man-j,life-is-good-2,pEU9qMaWEx8,2025-09-01,0,2026-04-28T20:11:42.275301+00:00
23384b57-d22e-4b69-92ce-732bfef2a4d3,Lil Mosey,Anybody,Lil Mosey - Anybody,,,Anybody,Lil Mosey,2025-01-10,89411,lil-mosey,anybody-2,nToqFD_in1g,2025-01-01,0,2026-04-28T20:11:47.090124+00:00
51972bd3-30e6-4da9-8d36-05b6fc813cc2,Lil Nas X,Big Dummy!,Lil Nas X - Big Dummy!,,,BIG DUMMY!,Lil Nas X,2025-03-11,93443,lil-nas-x,big-dummy,9j2gFL-RE6I,2025-03-01,0,2026-04-28T20:11:53.031999+00:00
72611f94-93eb-4714-966c-30c72c4a69b2,Lil Nas X,Hotbox,Lil Nas X - Hotbox,,,HOTBOX,Lil Nas X,2025-03-14,94007,lil-nas-x,hotbox,VQ0UPCY5XZY,2025-03-01,0,2026-04-28T20:11:50.664538+00:00
25fc422e-5533-4aec-bafd-7426645716ab,Lil Nas X,Old Town Road,Lil Nas X - Old Town Road,,,,,,,,,,,1,2026-03-22T13:31:11.603043+00:00
50df5efd-35e0-471f-b3d3-4cd5926383cb,Lil Nas X,Right There!,Lil Nas X - Right There!,,,RIGHT THERE!,Lil Nas X,2025-03-13,93328,lil-nas-x,right-there,Wb1an6a8soM,2025-03-01,0,2026-04-28T20:11:51.845628+00:00
7e8a794b-3641-437a-a1c3-1f73c3212135,Lil Peep,Just In Case,Lil Peep - Just In Case,,,JUST IN CASE,Lil Peep,2025-03-28,94650,lil-peep,just-in-case,UGp1Lv333BQ,2025-03-01,0,2026-04-28T20:12:00.375603+00:00
0f01d679-4287-4d3f-81a0-6b3d04ba4552,Lil Tecca,Dark Thoughts,Lil Tecca - Dark Thoughts,,,Dark Thoughts,Lil Tecca,2025-03-14,94968,lil-tecca,dark-thoughts,Xtq_A2NnHKQ,2025-03-01,0,2026-04-28T20:12:09.194519+00:00
1b226339-7d55-4090-8994-7ec4b288843f,Lil Wayne,Love Is Like,Lil Wayne - Love Is Like,,,Love Is Like (feat. Lil Wayne),"Maroon 5, Lil Wayne",2025-08-15,105838,lil-wayne,love-is-like,B4u1nXhh5ck,2025-08-01,0,2026-04-29T04:55:57.269935+00:00
99c3c23f-23c4-46b8-94a0-93515d2496fb,Lil Wayne,Pop It Off,Lil Wayne - Pop It Off,,,Pop It Off,"Tyga, Lil Wayne",2025-01-24,90479,lil-wayne,pop-it-off,shNHgjCx0JE,2025-02-01,0,2026-04-29T09:11:10.524979+00:00
cb2a3374-3c4c-4e13-9457-35ea50fff41c,Lil Yachty,Can’t Be Crete Boy,Lil Yachty - Can’t Be Crete Boy,,,Can’t Be Crete Boy,"Lil Yachty, Veeze",2025-04-04,95087,lil-yachty,cant-be-crete-boy,d3wHC956WLk,2025-04-01,0,2026-04-28T20:12:28.538744+00:00
c0441420-ae4a-41d2-9bc2-fb4eca07c4c4,Lila Iké,Pressure Points,Lila Iké - Pressure Points,,,Pressure Points (feat. Lila Iké),"Mahalia, Lila Iké",2025-01-30,90248,lila-ike,pressure-points,1dOe7zvfqew,2025-01-01,0,2026-04-28T20:23:05.963341+00:00
5222e72d-0a94-4615-8426-9c3e707818b3,Lila Iké,Too Late To Lie,Lila Iké - Too Late To Lie,,,Too Late to Lie,Lila Iké,2025-02-28,92182,lila-ike,too-late-to-lie,gNxLHwVgVh4,2025-03-01,0,2026-04-28T20:12:32.585261+00:00
fe5433e7-54d4-49d9-acc9-68081f01f4ee,Lilly Wood and the Prick,Prayer In C,Lilly Wood and the Prick - Prayer In C,,,Prayer in C - Robin Schulz Radio Edit,"Lilly Wood and The Prick, Robin Schulz",2014-05-16,110051,lilly-wood-and-the-prick,prayer-in-c,fiore9Z5iUg,2014-05-01,1,2026-04-10T17:47:17.083742+00:00
c9ab63b7-9105-4128-b629-b6d89e612ab7,Limahl,Tell Me Why,Limahl - Tell Me Why,,,,,,1364,limahl,tell-me-why,ynTl4rh2DgQ,2006-05-01,0,2026-04-28T20:12:48.803377+00:00
7b4c7137-a651-440d-a516-89ad912e2937,Limp Bizkit,Making Love To Morgan Wallen,Limp Bizkit - Making Love To Morgan Wallen,,,Making Love to Morgan Wallen,Limp Bizkit,2025-09-12,108199,limp-bizkit,making-love-to-morgan-wallen,iCEGrHGmb1o,2025-09-01,0,2026-04-28T20:12:55.021635+00:00
34d4d41b-f501-4256-9188-8437a0196453,Lindsey Buckingham,Secrets,Lindsey Buckingham - Secrets,,,Secrets (feat. Lindsey Buckingham & Mick Fleetwood),"Miley Cyrus, Lindsey Buckingham, Mick Fleetwood",2025-09-18,108782,lindsey-buckingham,secrets-3,H5URWUHiWws,2025-09-01,0,2026-04-29T05:15:06.826405+00:00
b4292987-4f0b-4036-b37a-8487ea24293a,Lindsey Stirling,Survive,Lindsey Stirling - Survive,,,Survive [Feat. Walk Off The Earth],"Lindsey Stirling, Walk off the Earth",2024-06-14,69478,lindsey-stirling,survive-3,__TmPtQ9hxg,2024-06-01,0,2026-04-28T20:13:21.052444+00:00
32815cdb-b4d7-4467-a253-ec4a22d1b9fa,Linkin Park,Burn It Down,Linkin Park - Burn It Down,,,,,,,,,,,1,2026-04-02T01:40:25.572927+00:00
b2bee84e-e51f-4eab-bd2a-46a2a042be0d,Linkin Park,In The End,Linkin Park - In The End,,,,,,,,,,,1,2026-03-19T04:33:50.055444+00:00
6f2b388f-97ee-4900-90be-847aa0ee63ed,Linkin Park,Numb,Linkin Park - Numb,,,,,,,,,,,1,2026-03-19T04:39:14.428795+00:00
b013fdfa-db6c-47b2-9139-376fad5fcf7d,Linkin Park,Numb (Official Music Video) [4k Upgrade] – Linkin Park,Linkin Park - Numb (Official Music Video) [4k Upgrade] – Linkin Park,,,,,,,,,,,0,2026-03-19T04:39:14.67866+00:00
c28ca1f0-f2bf-4507-8f4b-2ae73db20f9f,Linkin Park,The Catalyst,Linkin Park - The Catalyst,,,,,,,,,,,1,2026-04-02T02:30:52.81479+00:00
c7127d25-4b46-4b3d-a81b-04415f5a6cdd,Linkin Park,Up From The Bottom,Linkin Park - Up From The Bottom,,,Up From the Bottom,Linkin Park,2025-03-27,94575,linkin-park,up-from-the-bottom,97Mj6pXYMd8,2025-03-01,0,2026-04-28T20:13:28.517284+00:00
0cdb6b96-8cc7-487f-833f-0e8de0da78a9,Lipz,Home Sweet Home,Lipz - Home Sweet Home,,,,,,,,,,,1,2026-04-26T12:52:41.868205+00:00
70c58555-192b-4d46-828c-695a641950e6,Little Feat,Too High To Cut My Hair,Little Feat - Too High To Cut My Hair,,,Too High To Cut My Hair,Little Feat,2025-03-13,93476,little-feat,too-high-to-cut-my-hair,uwGhwMGljQc,2025-03-01,0,2026-04-28T20:14:03.025315+00:00
4d14eaa1-be15-4c40-a79a-9331198ea407,little image,Kill The Ghost,little image - Kill The Ghost,,,KILL THE GHOST,little image,2025-09-26,109966,little-image,kill-the-ghost,Hq2y9iAaHC4,2025-09-01,0,2026-04-28T20:14:05.427375+00:00
556a4ef8-ebe2-46fa-a345-cfc3d0ba1712,little image,The Pressure,little image - The Pressure,,,THE PRESSURE,little image,2025-01-17,89768,little-image,the-pressure,_xGqpiFSh-o,2025-01-01,0,2026-04-28T20:14:06.674267+00:00
294b74f7-6875-4bac-babc-154a7970d8b3,Little Simz,Don't Leave Too Soon,Little Simz - Don't Leave Too Soon,,,Don't Leave Too Soon,Little Simz,2025-09-12,108249,little-simz,dont-leave-too-soon,M8GLwGDOxSQ,2025-09-01,0,2026-04-28T20:14:11.834285+00:00
ebff8d3d-845c-4218-8a79-8320d1b1404b,Little Simz,Flood,Little Simz - Flood,,,Flood,"Little Simz, Obongjayar, Moonchild Sanelly",2025-02-26,91890,little-simz,flood,GvrNPiz7rHw,2025-02-01,0,2026-04-28T20:14:15.492618+00:00
8ac944b2-a79b-4928-ac94-71c3c9c950b1,Livingston,Brainstorm,Livingston - Brainstorm,,,Brainstorm,Livingston,2025-01-24,98252,livingston,brainstorm-2,5PJdvpkLcLU,2025-04-01,0,2026-04-28T20:14:22.894374+00:00
f721fe47-31c6-4b84-8ddc-792f1d7219c3,Lizzo,Bop It!,Lizzo - Bop It!,,,BOP IT!,Lizzo,2025-09-05,107808,lizzo,bop-it,VgRns8RzuyM,2025-09-01,0,2026-04-28T20:14:31.313403+00:00
109610ab-cd04-4cdd-8637-f5d92165484c,Lizzo,Love In Real Life,Lizzo - Love In Real Life,,,Love in Real Life,Lizzo,2025-02-28,91834,lizzo,love-in-real-life,agvCOdQY84Q,2025-02-01,0,2026-04-28T20:14:34.995368+00:00
c85b13f6-3e23-4a63-9ee1-3331c9d9249d,Lizzo,Still Bad,Lizzo - Still Bad,,,Still Bad,Lizzo,2025-03-13,93226,lizzo,still-bad,XUn__l2Kz3I,2025-03-01,0,2026-04-28T20:14:33.766974+00:00
e7b0b1ab-b373-454f-8715-2b910e03ec46,Lloyd Banks,Power,Lloyd Banks - Power,,,,,,87351,lloyd-banks,power-2,E61h_EEC-Z4,2024-12-01,0,2026-04-30T13:10:54.275321+00:00
ffe81aa3-c8b0-4966-9c83-737b1872896a,Lojay,Somebody Like You,Lojay - Somebody Like You,,,Somebody Like You,Lojay,2025-02-20,91718,lojay,somebody-like-you-3,5o1rq0nd0_I,2025-02-01,0,2026-04-28T20:15:16.602901+00:00
b905edfa-ae16-47b9-86c6-95555ca2f7d4,Lok,Skrubbsår,Lok - Skrubbsår,,,,,,,,,,,1,2026-04-04T17:43:49.565236+00:00
135adda5-082a-4e02-8cd1-556e2cc8d49f,Lola Young,Can We Ignore It? :,Lola Young - Can We Ignore It? :,,,CAN WE IGNORE IT? :(,Lola Young,2025-09-19,108874,lola-young,can-we-ignore-it,XlD7jaLE_68,2025-09-01,0,2026-04-28T20:15:28.945362+00:00
286e3728-71a5-4f0c-b0b8-95d8b3313f73,Lola Young,Spiders,Lola Young - Spiders,,,SPIDERS,Lola Young,2025-09-05,107673,lola-young,spiders,jmvCwjzpfuk,2025-09-01,0,2026-04-28T20:15:31.072892+00:00
d24e36b2-2b39-41f0-84a1-594cb778de50,Lølø,American Zombie,Lølø - American Zombie,,,american zombie,LØLØ,2025-09-05,108443,lolo,american-zombie,-3ZMoV8S8Dk,2025-09-01,0,2026-04-28T20:15:44.085714+00:00
ad2a7b88-fb7e-4c37-af1a-9bfe314d6524,Lord Huron,Watch Me Go,Lord Huron - Watch Me Go,,,Watch Me Go,Lord Huron,2025-07-18,107738,lord-huron,watch-me-go,I2jKfcw7PNA,2025-09-01,0,2026-04-28T20:16:01.252628+00:00
78dd330b-d9aa-4877-b789-ac041b56f93a,Lord of the Lost,My Sanctuary,Lord of the Lost - My Sanctuary,,,My Sanctuary,Lord Of The Lost,2025-03-18,93610,lord-of-the-lost,my-sanctuary,cFAtUezHtY4,2025-03-01,0,2026-04-28T20:16:13.547985+00:00
3e82c890-8921-471e-aa25-9b8acf95ce2b,Lord of the Lost,One Of Us Will Be Next,Lord of the Lost - One Of Us Will Be Next,,,One Of Us Will Be Next,Lord Of The Lost,2025-10-01,109845,lord-of-the-lost,one-of-us-will-be-next,F7zSemkSiM8,2025-10-01,0,2026-04-28T20:16:09.791161+00:00
f11ca412-530c-4a2e-85ce-e09e8dab777a,LORDI,Hellizabeth,LORDI - Hellizabeth,,,Hellizabeth,ローディ,2025-02-14,90629,lordi,hellizabeth,FNrvkl5mCmY,2025-02-01,0,2026-04-28T20:16:28.176242+00:00
f517e464-1507-4643-8b00-f3368772e098,Los Del Rio,Macarena,Los Del Rio - Macarena,,,,,,,,,,,1,2026-03-21T15:24:03.194502+00:00
dad20d94-5074-4325-a864-94be2102328e,Lost Hearts,Night To Remember,Lost Hearts - Night To Remember,,,,,,,,,,,1,2026-04-26T13:27:16.006818+00:00
1e1c57c0-3937-45a7-82cb-32919f23c09a,Louie Austen,Amore,Louie Austen - Amore,,,Amore (I love you),Louie Austen,2001-10-19,107520,louie-austen,amore-i-love-you,9SD9HjAp9Iw,2001-09-01,0,2026-04-28T20:17:15.958119+00:00
2e7cf505-082c-4542-a703-7a192a00441a,Louis Tomlinson,Lemonade,Louis Tomlinson - Lemonade,,,Lemonade,Louis Tomlinson,2025-09-30,110081,louis-tomlinson,lemonade-4,ipVl6Tw52GA,2025-10-01,0,2026-04-28T20:17:20.845527+00:00
f326d470-444e-492f-8347-52ad0306cbd2,Lovejoy,Pay & Display,Lovejoy - Pay & Display,,,Payphone,"Maroon 5, Wiz Khalifa",2012-01-01,106308,lovejoy,pay-display,o1MNXjsifZU,2025-08-01,0,2026-04-28T20:17:27.111599+00:00
1cba9bcc-8bdc-43b8-9f07-d83ae0084b3b,Lozzagermain,Stevie Wonder Superstition,Lozzagermain - Stevie Wonder Superstition,,,,,,,,,,,1,2026-04-27T01:50:18.949392+00:00
9716e8ae-707c-4afb-8e02-d9bc482253f7,Lucky Daye,Make A Baby,Lucky Daye - Make A Baby,,,Make A Baby (feat. Lucky Daye),"Tori Kelly, Lucky Daye",2025-08-22,106343,lucky-daye,make-a-baby,22o14GqXUFU,2025-08-01,0,2026-04-29T09:03:01.264826+00:00
f2f24350-b05d-4783-a200-60177987caf1,Lucy Dacus,Ankles,Lucy Dacus - Ankles,,,Ankles,Lucy Dacus,2025-01-15,89536,lucy-dacus,ankles,pcW_-uxy6dQ,2025-01-01,0,2026-04-28T20:18:48.298951+00:00
cc10e001-6f06-4b08-9093-2936b9660ef8,Lucy Dacus,Best Guess,Lucy Dacus - Best Guess,,,Best Guess,Lucy Dacus,2025-02-10,90569,lucy-dacus,best-guess,a90_cjTF770,2025-02-01,0,2026-04-28T20:18:47.059066+00:00
11adf2e6-712f-4a5c-986d-6e791a4b6d71,Lucy Dacus,Talk,Lucy Dacus - Talk,,,Talk,Lucy Dacus,2025-03-12,93392,lucy-dacus,talk-7,dhKTYG5cpc0,2025-03-01,0,2026-04-28T20:18:45.804105+00:00
755acd34-7196-4498-872e-8f9c9e925f92,LUDMILLA,Cam Girl,LUDMILLA - Cam Girl,,,CAM GIRL,"LUDMILLA, Victoria Monét",2025-08-21,106187,ludmilla,cam-girl,7LuFHK8bdho,2025-08-01,0,2026-04-28T20:18:59.417431+00:00
ce0b6a03-3440-4084-a9c4-c34714d46e8e,Luis Fonsi,Despacito,Luis Fonsi - Despacito,,,,,,,,,,,1,2026-03-31T00:17:40.514046+00:00
2f03fe9e-8ed8-4b13-b56f-5f8501df0060,Lukas Graham,You You You,Lukas Graham - You You You,,,You You You,Lukas Graham,2025-04-18,97842,lukas-graham,you-you-you,OWB6n3WWQFA,2025-04-01,0,2026-04-28T20:19:04.504038+00:00
fff104eb-3a1f-4aae-8bf9-bcc203ea1900,Luke Spiller,Love Will Probably Kill Me Before Cigarettes And Wine,Luke Spiller - Love Will Probably Kill Me Before Cigarettes And Wine,,,Love Will Probably Kill Me Before Cigarettes And Wine,Luke Spiller,2025-01-31,90176,luke-spiller,love-will-probably-kill-me-before-cigarettes-and-wine,4bLSFyJQFFk,2025-01-01,0,2026-04-28T20:19:28.419065+00:00
d13762f9-5dfb-48f7-9fff-608abb1b36c4,Luke Spiller,She's Just Like California,Luke Spiller - She's Just Like California,,,She's Just Like California,Luke Spiller,2025-03-21,94158,luke-spiller,shes-just-like-california,m8a_ePrR1GA,2025-03-01,0,2026-04-28T20:19:25.936979+00:00
e7f3dc25-d7e0-44d7-8203-4fe36e7170a4,Luke Spiller,The Ending Is Always The Same,Luke Spiller - The Ending Is Always The Same,,,The Ending Is Always The Same,Luke Spiller,2025-02-21,92008,luke-spiller,the-ending-is-always-the-same,wX1jlBQdZHo,2025-02-01,0,2026-04-28T20:19:27.161461+00:00
8c515a29-f518-4049-aaf0-19850e71269e,LUNA,Heavenly,LUNA - Heavenly,,,,,,131595,luna,heavenly,NXStzqA90-c,2026-03-01,0,2026-04-28T20:19:53.495209+00:00
2e461112-38cf-4132-99d9-e143b41f6eaa,Lunatic Calm,Leave You Far Behind,Lunatic Calm - Leave You Far Behind,,,Leave You Far Behind,Lunatic Calm,1997-07-10,99083,lunatic-calm,leave-you-far-behind,maP6q3D4Hf0,1997-01-01,0,2026-04-28T20:19:52.200124+00:00
2dbfee29-06c7-4c6a-a98f-029e5b3a521e,Lupe Fiasco,High Note,Lupe Fiasco - High Note,,,High Note (feat. Luv Moore),"Lupe Fiasco, Luv Moore",2025-08-22,106406,lupe-fiasco,high-note,wWlggrBNMd0,2025-08-01,0,2026-04-28T20:19:57.384387+00:00
a9f7c0b2-3537-4ab4-918e-f92be7be63d5,Luther,Kendrick Lamar & Sza,Luther - Kendrick Lamar & Sza,,,,,,,,,,,2,2026-03-20T09:23:36.353863+00:00
78fd9775-8519-43e7-9158-b9b5a94d4f1e,Luvcat,Love & Money,Luvcat - Love & Money,,,Love & Money,Luvcat,2025-02-14,92473,luvcat,love-money-2,8Q3Pzz64kRI,2025-02-01,0,2026-04-28T20:20:13.998053+00:00
2c369115-4492-42ff-ba86-315786afff4e,Lydia Night,Pity Party,Lydia Night - Pity Party,,,Pity Party,Lydia Night,2025-04-04,95067,lydia-night,pity-party-4,a4-hvoADLmk,2025-04-01,0,2026-04-28T20:20:19.031456+00:00
0ec81464-77c9-41d7-af31-b8d824a0b7e2,Lyn Lapid,I'll Be Happy When,Lyn Lapid - I'll Be Happy When,,,i’ll be happy when,Lyn Lapid,2025-02-28,92653,lyn-lapid,ill-be-happy-when,psRLm8Aoygw,2025-02-01,0,2026-04-28T20:20:22.917615+00:00
ce687fa9-98a9-45b0-8d2c-580e746f2dbe,Lynyrd Skynyrd,Free Bird,Lynyrd Skynyrd - Free Bird,,,Free Bird,Lynyrd Skynyrd,1973-01-01,100680,lynyrd-skynyrd,free-bird,MQNRKX8GwPo,1974-11-01,0,2026-04-28T20:20:26.772303+00:00
ce9433ae-735c-459e-beff-fa404663fd83,Lynyrd Skynyrd,Sweet Home Alabama,Lynyrd Skynyrd - Sweet Home Alabama,,,Sweet Home Alabama,Lynyrd Skynyrd,1974-04-15,100685,lynyrd-skynyrd,sweet-home-alabama,-p8GXZcdrIk,1974-06-01,0,2026-04-28T20:20:27.973392+00:00
e07b5746-f484-40b4-8848-12893b192261,Lyric Noel,Cry Little Sister,Lyric Noel - Cry Little Sister,,,,,,82278,lyric-noel,cry-little-sister,rOmGcmvEkDQ,2024-09-01,0,2026-04-28T20:20:29.264047+00:00
695e8d8c-e082-4816-a6db-7b41648790db,M.c. Hammer,U Can't Touch This,M.c. Hammer - U Can't Touch This,,,,,,,,,,,1,2026-03-30T18:29:47.768389+00:00
271f6e5e-de62-4d1e-90e2-1f2bdbaefdf1,M.I.A.,Armour,M.I.A. - Armour,,,Armour,M.I.A.,2025-01-11,89678,m-i-a,armour,hLh_8srfw-I,2025-01-01,0,2026-04-28T20:20:34.42213+00:00
0e44b3ab-1087-46d4-89ab-61f99cb0f4c9,Mac DeMarco,Phantom,Mac DeMarco - Phantom,,,Phantom,Mac DeMarco,2025-08-19,106410,mac-demarco,phantom,b1LwlxZ5xj0,2025-08-01,0,2026-04-28T20:20:50.513578+00:00
78cca142-ac7d-44f2-9fbd-4f7926df9d7a,Mac Miller,5 Dollar Pony Rides,Mac Miller - 5 Dollar Pony Rides,,,5 Dollar Pony Rides,マック・ミラー,2025-01-09,89466,mac-miller,5-dollar-pony-rides,dpdc-sKurus,2025-01-01,0,2026-04-28T20:20:54.305689+00:00
65513e67-36a5-499b-8953-e16bc7707f4a,Mac Miller,Funny Papers,Mac Miller - Funny Papers,,,Funny Papers,マック・ミラー,2025-01-17,89653,mac-miller,funny-papers,IMUNeQ3W2ew,2025-01-01,0,2026-04-28T20:20:53.093212+00:00
f6d4d317-d326-4115-baa7-3ae01ec05b47,Machine Gun Kelly,Empty Out Your Pockets X Boulevard Of Broken Dreams,Machine Gun Kelly - Empty Out Your Pockets X Boulevard Of Broken Dreams,,,,,,97517,machine-gun-kelly,empty-out-your-pockets-x-boulevard-of-broken-dreams,8PimtJDcGv4,2025-04-01,0,2026-04-29T15:20:39.878916+00:00
8941f688-eaa2-40d3-a979-5fcb87452cb1,Machine Gun Kelly,I'm Sorry,Machine Gun Kelly - I'm Sorry,,,undefined,,,68799,machine-gun-kelly,im-sorry-2,H8aarSSaWmU,2024-03-01,0,2026-04-29T15:20:50.684564+00:00
1e254d44-3c77-4e24-92f7-4209d739c55b,Machine Gun Kelly,No Fear,Machine Gun Kelly - No Fear,,,,,,38380,machine-gun-kelly,no-fear-2,P4SHcxfouss,2022-11-01,0,2026-04-29T15:20:56.387189+00:00
3ce066e2-5ec8-4d54-8029-209086349cf1,Machine Gun Kelly,Tell Me Whats Up,Machine Gun Kelly - Tell Me Whats Up,,,tell me whats up,mgk,2025-08-08,107618,machine-gun-kelly,tell-me-whats-up,lK_Dt45tBWY,2025-09-01,0,2026-04-28T20:21:05.896427+00:00
57127e80-70a5-49f3-9c55-eaadc7ce00fd,Machine Gun Kelly,Your Name Forever,Machine Gun Kelly - Your Name Forever,,,your name forever,mgk,2025-03-18,93584,machine-gun-kelly,your-name-forever,_MozmAUo8CY,2025-03-01,0,2026-04-29T15:20:41.219778+00:00
18c629c8-f7c9-4c06-af03-15020a4690a9,Macklemore,Thrift Shop,Macklemore - Thrift Shop,,,,,,,,,,,1,2026-03-22T12:58:57.691631+00:00
883a7193-f6a1-47fd-9560-866a2e6fb7e0,Madeon,Hi!,Madeon - Hi!,,,Hi!,Madeon,2025-09-26,109469,madeon,hi,HK578NtfM84,2025-09-01,0,2026-04-28T20:21:20.663855+00:00
6c42ec47-f6a3-4079-93a0-e0201d0bee37,Madison Beer,Yes Baby,Madison Beer - Yes Baby,,,yes baby,Madison Beer,2025-09-19,108787,madison-beer,yes-baby,iFmNWm60bjA,2025-09-01,0,2026-04-28T20:21:28.467635+00:00
875c1b0a-c2d5-49c0-9133-cafd3c28081e,Madness,Another Version Of Me,Madness - Another Version Of Me,,,Another Version of Me,Madness,2016-10-28,93463,madness,another-version-of-me,po0M0s815fE,2025-03-01,0,2026-04-28T20:21:38.522372+00:00
b804b70d-fae1-4624-b28e-66ffc43f1a59,Madness,Mr. Apples,Madness - Mr. Apples,,,Mr. Apples,Madness,2016-10-28,91849,madness,mr-apples,3kH8ovKtN6U,2016-09-01,0,2026-04-28T20:21:42.283515+00:00
93557aaa-e900-4080-a9e2-f9b359eaa131,Madonna,You'll See,Madonna - You'll See,,,You'll See,Madonna,1995-11-17,4361,madonna,youll-see,zyFzpBAZICc,1995-10-01,0,2026-04-29T15:21:40.341111+00:00
dd158801-1f58-4d99-90be-c7c1b15f9ac8,Magdalaine,L.a. Guns,Magdalaine - L.a. Guns,,,,,,,,,,,2,2026-04-11T15:27:30.926802+00:00
1d85fc3b-259c-4b0d-b674-3aea407efe5b,Magdalena Bay,Second Sleep,Magdalena Bay - Second Sleep,,,Second Sleep,Magdalena Bay,2025-09-26,109355,magdalena-bay,second-sleep,JAe2faaZ3sY,2025-09-01,0,2026-04-28T20:22:13.316453+00:00
9b438d32-63a0-480c-a651-265f0a2b6acb,Maggie Lindemann,Decode,Maggie Lindemann - Decode,,,,,,66153,maggie-lindemann,decode-2,OQY4SoB-7Z4,2024-04-01,0,2026-04-28T20:22:26.986058+00:00
d94d5f11-b280-4c1f-8220-9bb1b96e6255,Maggie Lindemann,Spine,Maggie Lindemann - Spine,,,spine,Maggie Lindemann,2025-08-22,106333,maggie-lindemann,spine-2,CJn4A_cAkPU,2025-08-01,0,2026-04-28T20:22:24.629209+00:00
ce28b1e3-5c9e-4d5b-bdc5-bb1465223956,Magic City Hippies,Enemies,Magic City Hippies - Enemies,,,Enemies,Magic City Hippies,2025-01-10,93176,magic-city-hippies,enemies-2,pRMR2mh6NiY,2025-02-01,0,2026-04-28T20:22:40.336313+00:00
232794eb-7cc4-4fdd-b894-eea63221388c,Magic City Hippies,Givin' Up On Lovin',Magic City Hippies - Givin' Up On Lovin',,,Givin' Up On Lovin',"Magic City Hippies, NoMBe",2025-01-10,93171,magic-city-hippies,givin-up-on-lovin,zwF5cOQj8U0,2024-06-01,0,2026-04-28T20:22:42.859502+00:00
f9ce2212-fea3-45ce-b5fc-5558a961cd10,Magic City Hippies,Lonely People,Magic City Hippies - Lonely People,,,Lonely People,Magic City Hippies,2025-01-10,93181,magic-city-hippies,lonely-people-2,GLT5C8dwMGI,2025-01-01,0,2026-04-28T20:22:41.633078+00:00
51ff8035-a4cc-40bd-a52f-93a301fd7260,Magnolia Park,Cult,Magnolia Park - Cult,,,CULT,Magnolia Park,2025-01-23,95160,magnolia-park,cult,Mqb97-J_fWU,2025-01-01,0,2026-04-28T20:22:53.977194+00:00
97284e8e-03ac-4454-ad97-5782423e17cd,Magnolia Park,Shadow Talk,Magnolia Park - Shadow Talk,,,SHADOW TALK,Magnolia Park,2025-04-09,95156,magnolia-park,shadow-talk,ywgcf2BCWzU,2025-04-01,0,2026-04-28T20:22:51.527858+00:00
ed4a4641-756d-4ff4-a4fa-16e883047093,Magnolia Park,Worship,Magnolia Park - Worship,,,WORSHIP,"Magnolia Park, PLVTINUM, Vana",2025-02-27,95164,magnolia-park,worship,_7UCOK5Wv-c,2025-02-01,0,2026-04-28T20:22:52.773897+00:00
b5c19075-b789-41b6-8ca6-64b9489645ba,Mahalia,Pity,Mahalia - Pity,,,Pity (feat. Tanya Stephens),"Mahalia, Tanya Stephens",2025-08-15,105928,mahalia,pity-2,CXzOoJq90aQ,2025-08-01,0,2026-04-28T20:23:03.479901+00:00
d621ca27-fc37-40fb-96d8-3e28d8eadd5a,MAJESTICA,A Story In The Night,MAJESTICA - A Story In The Night,,,A Story In The Night,Majestica,2025-01-14,89550,majestica,a-story-in-the-night,dP08ex8nbKE,2025-01-01,0,2026-04-28T20:23:52.861766+00:00
3ba50d68-9a38-4855-93df-8e00eb65336b,MAJESTICA,Battle Cry,MAJESTICA - Battle Cry,,,Battle Cry,Majestica,2025-02-07,90843,majestica,battle-cry,aiGG182a2nw,2025-02-01,0,2026-04-28T20:23:51.674305+00:00
1cdc7255-8358-4c25-ac9b-ca455eea5a65,Malcolm Todd,Bleed,Malcolm Todd - Bleed,,,Bleed (feat. Omar Apollo),"Malcolm Todd, Omar Apollo",2025-02-28,91961,malcolm-todd,bleed-2,YCi4erc-QeQ,2025-02-01,0,2026-04-28T20:24:14.607087+00:00
b3ea6039-0ca3-4e32-a477-4eb776c06ef1,Malcolm Todd,Concrete,Malcolm Todd - Concrete,,,Concrete,Malcolm Todd,2025-04-04,95046,malcolm-todd,concrete-3,nQYUnkJeBok,2025-04-01,0,2026-04-28T20:24:13.284362+00:00
0a450fc6-69e3-4f40-941f-8d8f3734aacd,Mallrat,Horses,Mallrat - Horses,,,Horses,Mallrat,2024-12-05,89745,mallrat,horses,JzqcOxIpO6k,2024-12-01,0,2026-04-28T20:24:22.619257+00:00
69da85ab-1a74-43e8-8330-739591d24776,Mallrat,Pavement,Mallrat - Pavement,,,Pavement,Mallrat,2025-01-17,89740,mallrat,pavement,QA2qr9KNUaM,2025-01-01,0,2026-04-28T20:24:21.408218+00:00
d12b42d7-f3d9-4b16-bc30-9b81578eeff9,Mammoth,I Really Wanna,Mammoth - I Really Wanna,,,I Really Wanna,Mammoth,2025-09-10,108360,mammoth,i-really-wanna,VFmpQwvLP9I,2025-09-01,0,2026-04-28T20:24:30.000297+00:00
c2997eac-cc65-4bb1-8e3c-4695e495fdf2,Maneater,Daryl Hall & John Oates,Maneater - Daryl Hall & John Oates,,,,,,,,,,,4,2026-03-24T15:45:25.156853+00:00
b3026a3a-ddac-428a-ab7a-446f941b5e75,Manic Street Preachers,Critical Thinking,Manic Street Preachers - Critical Thinking,,,Critical Thinking,Manic Street Preachers,2025-02-14,90684,manic-street-preachers,critical-thinking,Vv1ePHLccb8,2025-02-01,0,2026-04-28T20:24:56.221962+00:00
a6e0f9c4-ec59-4cee-ad09-ca0ff0f1ef4b,Marcellus TheSinger,Breakup Letter,Marcellus TheSinger - Breakup Letter,,,Break Up Letter (feat. Marcellus TheSinger),"Mike Clark Jr, Marcellus TheSinger",2025-06-19,110134,marcellus-thesinger,breakup-letter,fQcsgxjotTA,2025-06-01,0,2026-04-29T05:13:59.880397+00:00
6a997b46-233d-467e-8d4e-2227b1812f1b,Marcin,Bite Your Nails,Marcin - Bite Your Nails,,,Bite Your Nails,Marcin,2024-09-13,90882,marcin,bite-your-nails,lQHKmxMYgm0,2025-02-01,0,2026-04-28T20:25:21.874378+00:00
e768b9ef-7275-45b3-8c07-9576008f44ae,Maren Morris,Carry Me Through,Maren Morris - Carry Me Through,,,carry me through,Maren Morris,2025-03-27,94717,maren-morris,carry-me-through,TV1AbO92eMs,2025-03-01,0,2026-04-28T20:25:25.782597+00:00
15bfed9c-50fb-4714-9c27-3d34e4a9b84d,Mariah Carey,Don't Stop Christmas Now,Mariah Carey - Don't Stop Christmas Now,,,,,,69191,mariah-carey,dont-stop-christmas-now,hgnxxTECLBo,2018-12-01,0,2026-04-29T06:47:56.726746+00:00
111b3bf3-a840-4118-83c0-62b9487b4bee,Mariah Carey,Here For It All,Mariah Carey - Here For It All,,,Here For It All,Mariah Carey,2025-09-26,109631,mariah-carey,here-for-it-all,ECgrLmDD708,2025-09-01,0,2026-04-28T20:25:33.642815+00:00
2bd6372c-ff04-4da4-92f1-045f626ceaaf,Mariah the Scientist,Dreams Rarely Do Come True,Mariah the Scientist - Dreams Rarely Do Come True,,,Dreams Rarely Do Come True (feat. Mariah The Scientist),"Young Thug, Mariah the Scientist",2025-09-25,109626,mariah-the-scientist,dreams-rarely-do-come-true,tEnmz7XfQdg,2025-09-01,0,2026-04-30T13:22:38.589108+00:00
c380da9d-8728-41a0-9834-76b3a60f6f17,Mariah the Scientist,Sacrifice,Mariah the Scientist - Sacrifice,,,Sacrifice,Mariah the Scientist,2025-08-22,106192,mariah-the-scientist,sacrifice-4,C3AOynifvJY,2025-08-01,0,2026-04-28T20:25:42.310047+00:00
c1576f63-d980-47a0-bcd1-dc8dee6b27e3,Marie Davidson,Demolition,Marie Davidson - Demolition,,,Demolition,Marie Davidson,2025-02-28,98591,marie-davidson,demolition,X7eYsZrJmqI,2025-01-01,0,2026-04-28T20:25:56.907942+00:00
046187c6-1c02-4b4a-a6c2-a6ec860a44a8,Marilyn Manson,In The Air Tonight,Marilyn Manson - In The Air Tonight,,,In The Air Tonight,Marilyn Manson,2025-04-18,97523,marilyn-manson,in-the-air-tonight-2,RmJsk0_Gt5E,2025-04-01,0,2026-04-28T20:26:04.342815+00:00
0ba890f4-4f8e-41d4-97b2-dbb714936ba3,Marilyn Manson,Rock Is Dead,Marilyn Manson - Rock Is Dead,,,Rock Is Dead,Marilyn Manson,1998-09-14,99070,marilyn-manson,rock-is-dead,vEc9nXErU-Y,1999-07-01,0,2026-04-28T20:26:12.808172+00:00
a852ac33-989b-4a43-9fde-3b92bbab357a,Marilyn Manson,Sacrifice Of The Mass,Marilyn Manson - Sacrifice Of The Mass,,,Sacrifice Of The Mass,Marilyn Manson,2024-11-22,91389,marilyn-manson,sacrifice-of-the-mass,pABxZrL2AqQ,2025-02-01,0,2026-04-28T20:26:06.73643+00:00
fe15d79b-32d4-4181-99d8-cc0a9617ff2a,Marilyn Manson,Sacrifice Of The Masses,Marilyn Manson - Sacrifice Of The Masses,,,Sacrifice Of The Mass,Marilyn Manson,2024-11-22,94606,marilyn-manson,sacrifice-of-the-masses,5sygrq6qVq8,2025-03-01,0,2026-04-28T20:26:05.533505+00:00
a2628f3f-4669-4b16-86a0-290035772a29,MARINA,Butterfly,MARINA - Butterfly,,,BUTTERFLY,MARINA,2025-02-21,91412,marina,butterfly-2,aQMKAZpcynA,2025-02-01,0,2026-04-28T20:26:22.833124+00:00
048baaf9-8f59-4cba-a879-96aad5b4cdf8,MARINA,Cuntissimo,MARINA - Cuntissimo,,,CUNTISSIMO,MARINA,2025-04-10,95266,marina,cuntissimo,Id_0DsBctYg,2025-04-01,0,2026-04-28T20:26:20.374862+00:00
745209e2-4090-422e-a314-76a2a55353bc,MARINA,Cupid’s Girl,MARINA - Cupid’s Girl,,,CUPID'S GIRL,MARINA,2025-03-21,94062,marina,cupids-girl,xZHTxr24sBY,2025-03-01,0,2026-04-28T20:26:21.57641+00:00
7c1c69d0-557c-4bca-9ab5-d73f8d298f2a,Mark Pritchard,Back In The Game,Mark Pritchard - Back In The Game,,,Back in the Game,"Mark Pritchard, Thom Yorke",2025-02-13,90838,mark-pritchard,back-in-the-game,s4Ta7n_Eyjo,2025-02-01,0,2026-04-28T20:26:55.059528+00:00
89525a8b-8d17-4517-ad7b-f18f2d701830,Mark Pritchard,Gangsters,Mark Pritchard - Gangsters,,,Gangsters,"Mark Pritchard, Thom Yorke",2025-04-09,95413,mark-pritchard,gangsters-2,m32xZaxzadw,2025-04-01,0,2026-04-28T20:26:52.667733+00:00
5b150a3e-77de-4a03-8411-26bb9680a0f4,Mark Pritchard,This Conversation Is Missing Your Voice,Mark Pritchard - This Conversation Is Missing Your Voice,,,This Conversation is Missing Your Voice,"Mark Pritchard, Thom Yorke",2025-03-11,95408,mark-pritchard,this-conversation-is-missing-your-voice,oKaei11LulE,2025-03-01,0,2026-04-28T20:26:53.849965+00:00
3969540c-2035-4d43-ac3c-6ce4cee9110c,Martin Garrix,Set Me Free,Martin Garrix - Set Me Free,,,Set Me Free,"Martin Garrix, Arcando, Bonn",2025-08-22,106479,martin-garrix,set-me-free-4,t36HlL4A7m0,2025-08-01,0,2026-04-29T04:58:30.77382+00:00
5b365590-56d1-444b-8650-7d1fb7fa19ea,Martin Garrix,Voodoo,Martin Garrix - Voodoo,,,Voodoo,"Martin Garrix, R3HAB, Skytech",2025-09-19,109081,martin-garrix,voodoo,lnEz3HSjv5s,2025-09-01,0,2026-04-29T04:58:28.919307+00:00
ac34ca32-8a81-43c1-bf7a-18011992c6ff,Mass Production,Come Get Some Of This,Mass Production - Come Get Some Of This,,,undefined,,,74836,mass-production,come-get-some-of-this,yAGeeehB7U4,1984-01-01,0,2026-04-29T04:59:38.068701+00:00
91f9f54d-4b2c-4701-b233-9173a7786dd6,Mathame,Humans,Mathame - Humans,,,Humans,Mathame,2025-03-12,94893,mathame,humans-3,AQNHQ4rcqQw,2025-03-01,0,2026-04-29T05:00:11.66017+00:00
3ca17fa0-428c-4bff-89cb-7dcfebced06b,Matrix & Futurebound,Motivation,Matrix & Futurebound - Motivation,,,Motivation,"Matrix & Futurebound, Matrix, Futurebound, Miss Trouble",2025-08-29,106804,matrix-futurebound,motivation,JIcAF6cFKrI,2025-08-01,0,2026-04-30T13:26:11.699795+00:00
8d34167a-2362-482d-a981-f152e1c38594,Max 1999,Opus Iii - It's A Fine Day,Max 1999 - Opus Iii - It's A Fine Day,,,,,,,,,,,0,2026-03-30T11:53:13.862458+00:00
7aeda492-4849-4889-957b-06d8cdb560d4,Mayday Parade,By The Way,Mayday Parade - By The Way,,,By The Way,Mayday Parade,2025-01-08,89433,mayday-parade,by-the-way-2,WqM2Nh3U-04,2025-01-01,0,2026-04-29T05:01:41.703123+00:00
98f71ab4-b6a4-4cee-95c5-100d24532684,Mayday Parade,One Day At A Time,Mayday Parade - One Day At A Time,,,One Day At A Time,Mayday Parade,2025-09-10,108408,mayday-parade,one-day-at-a-time,83oa5fE9f9A,2025-09-01,0,2026-04-29T05:01:35.482035+00:00
52ea7349-fb1e-483a-8e4f-9231090bbe47,Mayday Parade,Under My Sweater,Mayday Parade - Under My Sweater,,,Under My Sweater,Mayday Parade,2025-08-12,109977,mayday-parade,under-my-sweater,1FzvACRSwmI,2025-08-01,0,2026-04-29T05:01:37.581504+00:00
95cf9501-76b5-4897-9735-d3bf3c414776,MC Lyte,Woman,MC Lyte - Woman,,,Woman,"MC Lyte, Big Daddy Kane, Raheem DeVaughn, Cheryl Salt James",2024-09-20,65301,mc-lyte,woman-2,0SOpCV3TxD8,2024-04-01,0,2026-04-29T05:01:50.840763+00:00
aa34fe74-5676-4ef8-949c-61110bf03a71,Mcauley Schenker Group,Gimme Your Love,Mcauley Schenker Group - Gimme Your Love,,,,,,,,,,,1,2026-04-18T15:44:27.865857+00:00
061e8ea9-7a6a-4d8d-a415-44d8dec76e27,Megadeth,Tipping Point,Megadeth - Tipping Point,,,Tipping Point,Megadeth,2025-10-03,109747,megadeth,tipping-point,ECXg-a7XZQI,2025-10-01,0,2026-04-29T05:03:00.087388+00:00
08d9e8ae-7d50-4727-aea9-e2cce9d92613,Megafonospaziale,Gary Numan 'The Fall' Allsaints Basement Sessions,Megafonospaziale - Gary Numan 'The Fall' Allsaints Basement Sessions,,,,,,,,,,,1,2026-04-04T18:38:09.430177+00:00
879cfd12-8259-4236-842f-a800ade344a8,Megan Moroney,Who's Your Daddy?,Megan Moroney - Who's Your Daddy?,,,Who's Your Daddy?,Megan Moroney,2025-07-01,110160,megan-moroney,whos-your-daddy,tT3j87bqmuM,2025-09-01,0,2026-04-29T05:03:08.473053+00:00
b501e867-72bc-4edc-a08a-4d545653018c,mehro,Sepia Tones,mehro - Sepia Tones,,,Sepia Tones,mehro,2025-08-08,106140,mehro,sepia-tones,RiBoggXA7UY,2025-08-01,0,2026-04-29T05:04:29.095643+00:00
7f263adb-891b-4b80-8f2d-05c571f28029,mehro,You're So Pretty,mehro - You're So Pretty,,,You're So Pretty,mehro,2025-02-14,90867,mehro,youre-so-pretty,5TIkH5Q01oo,2025-02-01,0,2026-04-29T05:04:32.261235+00:00
e38a284d-90b9-463d-81d2-96f2a6556a4e,Mei Semones,Dumb Feeling,Mei Semones - Dumb Feeling,,,Dumb Feeling,Mei Semones,2025-02-04,92598,mei-semones,dumb-feeling,wsdFtAyWP80,2025-02-01,0,2026-04-29T05:04:43.675155+00:00
bdc08d7b-e772-483b-b993-c4e005153327,Mei Semones,I Can Do What I Want,Mei Semones - I Can Do What I Want,,,I can do what I want,Mei Semones,2025-03-04,92594,mei-semones,i-can-do-what-i-want,apfpm0G5icc,2025-03-01,0,2026-04-29T05:04:41.552764+00:00
64338c8f-11ca-49a2-b203-77b8049de7e0,Melanie Martinez,Leeches,Melanie Martinez - Leeches,,,LEECHES,Melanie Martinez,2023-04-05,94617,melanie-martinez,leeches,SinDUMJmsCU,2025-03-01,0,2026-04-29T05:05:00.975649+00:00
3748f68e-b8c7-44df-8ad5-928ece692418,Melissa Bonny,I'm A Monster,Melissa Bonny - I'm A Monster,,,I'm a Monster,Melissa Bonny,2025-08-14,107286,melissa-bonny,im-a-monster,L43WHGk51wY,2025-08-01,0,2026-04-29T05:05:13.402926+00:00
11ac51c0-61d2-4fde-a325-18753113d216,Melrose Avenue,Inside Your Mind,Melrose Avenue - Inside Your Mind,,,Inside Your Mind,Melrose Avenue,2025-10-02,110246,melrose-avenue,inside-your-mind,DjWmm2FR7Ms,2025-10-01,0,2026-04-29T05:05:26.27234+00:00
03ce046f-db73-4c1f-a0b6-4ab9f56de624,Memphis May Fire,Love Is War,Memphis May Fire - Love Is War,,,Love Is War,Memphis May Fire,2025-03-28,94804,memphis-may-fire,love-is-war,e6qG3F7Wzgc,2025-03-01,0,2026-04-29T05:05:34.865496+00:00
8dccd5f8-0239-435e-8b0b-f0ee654849e7,Memphis May Fire,The Other Side,Memphis May Fire - The Other Side,,,The Other Side,Memphis May Fire,2025-02-19,91479,memphis-may-fire,the-other-side-3,2Ieu6WeUAS8,2025-02-01,0,2026-04-29T05:05:36.884444+00:00
b1812f09-ff92-45f4-bd08-ac694e78b3e3,Men I Trust,All My Candles,Men I Trust - All My Candles,,,All My Candles,Men I Trust,2025-03-19,94319,men-i-trust,all-my-candles,DLs5ngVvV28,2025-03-01,0,2026-04-29T05:05:53.357634+00:00
c1584ded-71b4-4c69-a283-ebc822953108,Men I Trust,Bethlehem,Men I Trust - Bethlehem,,,Bethlehem,Men I Trust,2025-03-19,94324,men-i-trust,bethlehem,dhkM_fytCSE,2025-03-01,0,2026-04-29T05:05:51.288594+00:00
d31746df-9270-42de-a926-b60d03408c17,Men I Trust,I Hope To Be Around,Men I Trust - I Hope To Be Around,,,I Hope to Be Around,Men I Trust,2017-11-10,94350,men-i-trust,i-hope-to-be-around,DviID8Ni7Ns,2017-11-01,0,2026-04-29T05:06:10.031307+00:00
466dd9ff-e02e-4fd9-bb23-d61c9d22f117,Men I Trust,Lauren,Men I Trust - Lauren,,,Lauren,Men I Trust,2016-06-13,94339,men-i-trust,lauren,TNsSBhl_2LI,2016-06-01,0,2026-04-29T05:06:18.227746+00:00
9e8f0969-36cb-4832-b25b-1399114fb56c,Men I Trust,Norton Commander,Men I Trust - Norton Commander,,,Norton Commander (All We Need),Men I Trust,2019-05-14,94365,men-i-trust,norton-commander,qmVeQEysvtk,2019-05-01,0,2026-04-29T05:06:01.523426+00:00
03aa10aa-af58-4248-a495-2b4050fff2b1,Men I Trust,Numb,Men I Trust - Numb,,,Numb,Men I Trust,2019-04-12,94334,men-i-trust,numb-7,xAz_DzPUjrM,2019-04-01,0,2026-04-29T05:06:03.646994+00:00
3d41eb10-651c-49f8-b45f-3d538e71587a,Men I Trust,Seven,Men I Trust - Seven,,,Seven,Men I Trust,2018-09-06,94360,men-i-trust,seven-2,pnY7m5CK-as,2018-09-01,0,2026-04-29T05:06:05.784063+00:00
a7c33272-f864-4cf6-820b-cfea4ff21793,Men I Trust,Show Me How,Men I Trust - Show Me How,,,Show Me How,Men I Trust,2018-02-28,94329,men-i-trust,show-me-how-2,GEPAJIbIzu8,2018-02-01,0,2026-04-29T05:06:07.917247+00:00
1c08c9dd-7a12-4f69-95fb-5901c0ca4040,Men I Trust,Tailwhip,Men I Trust - Tailwhip,,,Tailwhip,Men I Trust,2017-08-18,94345,men-i-trust,tailwhip,9IZKcb3LndA,2017-11-01,0,2026-04-29T05:06:12.193934+00:00
88ee8023-228b-4be5-b2ef-fd9ea5cc62f1,Men I Trust,Tree Among Shrubs,Men I Trust - Tree Among Shrubs,,,Tree Among Shrubs,Men I Trust,2021-08-25,94370,men-i-trust,tree-among-shrubs,0LMwgWFzDjU,2021-11-01,0,2026-04-29T05:05:59.447375+00:00
08e4973c-ac28-48e8-bf94-42164e837870,Men I Trust,You Deserve This,Men I Trust - You Deserve This,,,You Deserve This,Men I Trust,2017-05-10,94355,men-i-trust,you-deserve-this,e6k4-S4HlHk,2017-06-01,0,2026-04-29T05:06:14.235733+00:00
a1077492-5b74-4b71-9259-602df95cf7c5,Metallica,Enter Sandman,Metallica - Enter Sandman,,,,,,,,,,,1,2026-04-18T14:21:20.944132+00:00
205e1a62-5843-4862-8bb7-eb596ee6cd53,Method Man,Lalala,Method Man - Lalala,,,Lalala,"Redman, Method Man",2024-12-24,92862,method-man,lalala,D8fHatctfRo,2025-02-01,0,2026-04-30T13:28:22.405451+00:00
f006d930-bf8b-4f0b-a411-d7a954f8403c,Metric,Synthetica,Metric - Synthetica,,,,,,,,,,,1,2026-04-29T14:35:34.630603+00:00
ea41e367-19bf-4a8c-a45b-e252db17773c,Metro Boomin,Real Me,Metro Boomin - Real Me,,,REAL ME (with Metro Boomin),"NAV, Metro Boomin",2025-03-21,94067,metro-boomin,real-me,et8jPN0yjSQ,2025-03-01,0,2026-04-29T05:36:15.79884+00:00
a82417d4-aaab-49c2-b0c9-62fe6cd295ae,Metro Boomin,Slide,Metro Boomin - Slide,,,undefined,,,102512,metro-boomin,slide-3,dvj6dR3ObmY,2025-07-01,0,2026-04-29T05:07:06.573996+00:00
ca797b2a-b943-4ce4-acc5-4de9b7965766,Metronomy,Good Kisses,Metronomy - Good Kisses,,,Good Kisses,"Miso Extra, Metronomy",2024-11-12,91606,metronomy,good-kisses,Lv5G1qUzLs0,2024-11-01,0,2026-04-29T05:17:52.255282+00:00
15e98c72-c478-4c4c-86b2-e7e5ef699349,Mgmt,Kids,Mgmt - Kids,,,,,,,,,,,1,2026-04-25T04:06:52.715984+00:00
0955c7dc-78b6-43e2-bff9-94908d6c3efe,Miami Horror,We're All Made Of Stars,Miami Horror - We're All Made Of Stars,,,WE'RE ALL MADE OF STARS,"Miami Horror, Telenova",2025-02-28,92014,miami-horror,were-all-made-of-stars,aw-tRMXAvXc,2025-03-01,0,2026-04-29T05:07:54.199441+00:00
9ea669bb-829f-4836-96d4-9060ab81aa70,Michael Bolton,When A Man Loves A Woman,Michael Bolton - When A Man Loves A Woman,,,,,,,,,,,1,2026-04-19T14:59:17.620796+00:00
15aca28c-a0ff-46ba-bb61-19dc76e9f512,Michael Clifford,Cool,Michael Clifford - Cool,,,cool,Michael Clifford,2025-04-02,95027,michael-clifford,cool-2,j_Rtx77mKis,2025-04-01,0,2026-04-29T05:08:22.115082+00:00
e7383047-e727-4707-8be3-ea38b92a157c,Michael Jackson,Say Say Say,Michael Jackson - Say Say Say,,,,,,,,,,,2,2026-03-30T17:40:44.824374+00:00
22759308-8c03-4c57-86b3-6c1974751531,Michael Mcdonald,I Keep Forgettin',Michael Mcdonald - I Keep Forgettin',,,,,,,,,,,1,2026-04-26T14:04:32.238254+00:00
fdac1e6b-33b3-4f06-bcf7-6e5d1b5a7bd1,Michael Patrick Kelly,Rebellion,Michael Patrick Kelly - Rebellion,,,Rebellion,"R3HAB, Michael Patrick Kelly, Shaggy",2025-02-14,91790,michael-patrick-kelly,rebellion,QAYVhEbQcik,2025-02-01,0,2026-04-29T06:50:40.39083+00:00
e2d484f5-4a1f-482b-b675-8659ed942b27,Michael Schenker,Don't Sell Your Soul,Michael Schenker - Don't Sell Your Soul,,,Don't Sell Your Soul,Michael Schenker Group,2025-08-01,106658,michael-schenker,dont-sell-your-soul,t5ib9xwpaWk,2025-08-01,0,2026-04-29T05:10:57.683771+00:00
2a97cdfe-2ddb-43cc-b88f-1d958acb3cee,Michael Sweet,"""Lord""","Michael Sweet - ""Lord""",,,,,,,,,,,1,2026-03-29T15:05:47.433623+00:00
89e1595f-93bf-4e04-9bd7-5135419a29eb,Mick Jenkins,Publix,Mick Jenkins - Publix,,,undefined,,,92127,mick-jenkins,publix,BA4VcGXlu_o,2025-02-01,0,2026-04-29T05:11:31.521385+00:00
94c552d2-559a-4271-a1aa-f66b03933687,Mick Jenkins,Wars & Rumors Of Wars,Mick Jenkins - Wars & Rumors Of Wars,,,Wars & Rumors of Wars (Freestyle),Mick Jenkins,2025-02-12,92132,mick-jenkins,wars-rumors-of-wars,JHAumc-wjFE,2025-01-01,0,2026-04-29T05:11:34.096106+00:00
9eecb9cb-0343-4c2f-a557-6e7af717eb60,Midnight Til Morning,Bye,Midnight Til Morning - Bye,,,Bye,Midnight Til Morning,2025-08-05,106284,midnight-til-morning,bye-2,qC8wZDgjtzw,2025-08-01,0,2026-04-29T05:12:51.72455+00:00
98d1b702-2f19-495a-8cf7-97014fd59f9e,Midnite City,Heaven In This Hell,Midnite City - Heaven In This Hell,,,,,,,,,,,1,2026-04-04T21:00:05.492105+00:00
46e6ba40-e0e1-41a6-a8fb-cbb5b9ef9cef,Midnite City,Like There's No Tomorrow,Midnite City - Like There's No Tomorrow,,,,,,,,,,,1,2026-04-04T17:38:11.705713+00:00
66fef617-e6b5-4554-98a2-93d3d5fd8e3d,Miguel,New Martyrs,Miguel - New Martyrs,,,New Martyrs (Ride 4 U),Miguel,2025-09-05,107817,miguel,new-martyrs,guh0FaIu6C4,2025-09-01,0,2026-04-29T05:13:15.086255+00:00
b88c1191-cb7a-4d82-9564-f1f997df2f22,Mikayla Geier,Comatose,Mikayla Geier - Comatose,,,comatose,Mikayla Geier,2024-08-23,106915,mikayla-geier,comatose,sNqnu9U4gHk,2024-08-01,0,2026-04-29T05:13:35.113813+00:00
61bd4b41-6162-41a5-a9de-cf8a9852fa3f,Mikayla Geier,Dirty Shirley / No Thoughts,Mikayla Geier - Dirty Shirley / No Thoughts,,,dirty shirley,Mikayla Geier,2025-08-20,106920,mikayla-geier,dirty-shirley-no-thoughts,RrsOnEQb7js,2025-08-01,0,2026-04-29T05:13:30.987659+00:00
02034e0c-4360-431c-84e0-a01ef992ccb1,Mikayla Geier,Piano In The Sky,Mikayla Geier - Piano In The Sky,,,piano in the sky,Mikayla Geier,2025-06-18,106910,mikayla-geier,piano-in-the-sky,ACF2m0aMFLk,2025-08-01,0,2026-04-29T05:13:33.069747+00:00
b298ac25-d56d-436c-8ff3-09e8e87c8e9c,Mike Clark Jr,Keep On Steppin,Mike Clark Jr - Keep On Steppin,,,Keep on Steppin,Mike Clark Jr,2025-06-19,110139,mike-clark-jr,keep-on-steppin,bgQiIx-nkl4,2025-03-01,0,2026-04-29T05:14:02.42688+00:00
b8667bd5-f9bf-4d74-811b-78b36c31e85f,Mike Clark Jr,Pop That,Mike Clark Jr - Pop That,,,Pop That,Mike Clark Jr,2025-06-19,110124,mike-clark-jr,pop-that,AaOr9zAGNeE,2025-06-01,0,2026-04-29T05:13:57.78577+00:00
49f49f86-2011-4771-be8e-a09f93984748,Mike Clark Jr,Slow Roll It,Mike Clark Jr - Slow Roll It,,,Slow Roll It,Mike Clark Jr,2024-11-21,110114,mike-clark-jr,slow-roll-it,0Pnb9MU-QfY,2025-01-01,0,2026-04-29T05:14:04.492129+00:00
c051d976-0ce2-495d-8c30-d7dce2245128,Mike Posner,Is It Just Me?,Mike Posner - Is It Just Me?,,,Is It Just Me?,マイク・ポスナー,2025-01-24,90264,mike-posner,is-it-just-me,6byKUS6ZhEU,2025-01-01,0,2026-04-29T05:14:10.919786+00:00
8bc20182-5772-4134-a28b-ec60a615e6a2,Mike Tramp,Fight To Survive,Mike Tramp - Fight To Survive,,,Fight To Survive,Mike Tramp,2025-08-05,106064,mike-tramp,fight-to-survive-2,PHwQPVq0BT0,2025-08-01,0,2026-04-29T05:14:32.940476+00:00
2bab10c4-77b4-4b35-9d3e-6ce775a7edb1,Miles Kane,Electric Flower,Miles Kane - Electric Flower,,,Electric Flower,Miles Kane,2025-07-31,107163,miles-kane,electric-flower,osDe71_Wlrg,2025-07-01,0,2026-04-29T05:14:45.656822+00:00
54fc8ada-f1ce-4dc6-8a22-de1f28fad9c8,Miles Kane,I Pray,Miles Kane - I Pray,,,I Pray,Miles Kane,2025-09-02,107605,miles-kane,i-pray,GvrJaOPV2Vs,2025-09-01,0,2026-04-29T05:14:43.585403+00:00
04a908b5-91d9-4a1e-a33e-6f5c074dfa2d,Miles Kane,Love Is Cruel,Miles Kane - Love Is Cruel,,,Love Is Cruel,Miles Kane,2025-06-19,107168,miles-kane,love-is-cruel,7UpGSUGLHW0,2025-06-01,0,2026-04-29T05:14:47.808604+00:00
a02609eb-ab0b-4107-8649-8bb614f79d59,Milet,Inside You / The Home Take,Milet - Inside You / The Home Take,,,,,,,,,,,1,2026-03-22T07:36:57.339752+00:00
072b452f-6c4d-4560-92a0-0055ee4fa07f,Miley Cyrus,End Of The World,Miley Cyrus - End Of The World,,,End of the World,Miley Cyrus,2025-04-04,94844,miley-cyrus,end-of-the-world-3,CXBFU97X61I,2025-04-01,0,2026-04-29T05:15:18.135789+00:00
b6d396d8-ce67-4ede-b288-e5683d5c60ce,Miley Cyrus,Last Christmas,Miley Cyrus - Last Christmas,,,undefined,,,86782,miley-cyrus,last-christmas-7,1FStzl-GxUk,2020-12-01,0,2026-04-29T05:15:37.457519+00:00
c2a81d63-44a1-4432-a9cb-4a8a103eec46,Miley Cyrus,Party In The U.s.a.,Miley Cyrus - Party In The U.s.a.,,,,,,,,,,,1,2026-03-30T18:10:10.064531+00:00
32c7c998-1e60-4e51-b5d7-f842f1245e03,Miley Cyrus,Something Beautiful,Miley Cyrus - Something Beautiful,,,Something Beautiful,Miley Cyrus,2025-03-31,94736,miley-cyrus,something-beautiful,y2nu8zpVBmY,2025-04-01,0,2026-04-29T05:15:20.999183+00:00
ca31ba11-e611-4a8d-936d-f8267e3b305d,Miley Cyrus,Taste Of My Own,Miley Cyrus - Taste Of My Own,,,,Miley Cyrus,,51269,miley-cyrus,taste-of-my-own,DoR5MtcmIyI,2023-04-01,0,2026-04-29T05:15:29.751254+00:00
06e45c6b-3f9d-4e76-8f80-0bde66d6ec27,Militarie Gun,Badidea,Militarie Gun - Badidea,,,B A D I D E A,Militarie Gun,2025-08-12,105802,militarie-gun,badidea,sLz4rnkCAM0,2025-08-01,0,2026-04-29T05:15:46.035525+00:00
0d02d11f-2332-4972-833d-c59c8021a5b3,Militarie Gun,Throw Me Away,Militarie Gun - Throw Me Away,,,Throw Me Away,Militarie Gun,2025-09-10,108399,militarie-gun,throw-me-away,krcpBXGW_h8,2025-09-01,0,2026-04-29T05:15:44.057808+00:00
a4cd9393-bea0-4a7b-ba90-ec6c9392d1bb,Milk'n Blues,Rolling In The Deep,Milk'n Blues - Rolling In The Deep,,,,,,55625,milkn-blues,rolling-in-the-deep,mbbeV9n6n7I,2023-05-01,0,2026-04-29T05:15:50.557318+00:00
cc542183-0b44-4786-a9f8-4dce47ae3efb,Milk'n Blues,Tennessee Whiskey + Id Rather Go Blind,Milk'n Blues - Tennessee Whiskey + Id Rather Go Blind,,,,,,55630,milkn-blues,tennessee-whiskey-id-rather-go-blind,DwmVjKnSrFM,2023-04-01,0,2026-04-29T05:15:52.604982+00:00
7cd2664f-6a71-4190-abf6-1a3dd2f7610a,Milky Chance,Camouflage,Milky Chance - Camouflage,,,Camouflage,Milky Chance,2025-09-10,108337,milky-chance,camouflage,edpXHW7ls7s,2025-09-01,0,2026-04-29T05:15:57.112042+00:00
6f5779d3-53dd-4df0-a5cb-b5346ecbbe08,Milky Chance,Wonderful Life,Milky Chance - Wonderful Life,,,Wonderful Life,Milky Chance,2025-09-10,108932,milky-chance,wonderful-life-4,ArQk-mWKlX4,2025-09-01,0,2026-04-29T05:15:54.828854+00:00
3a500f7a-534c-4558-a5f3-80e233f6e0dc,Mimi Webb,I Met A Boy,Mimi Webb - I Met A Boy,,,I Met A Boy,Mimi Webb,2025-09-12,108315,mimi-webb,i-met-a-boy,mH-2n9VWa9k,2025-09-01,0,2026-04-29T05:16:27.355614+00:00
c08f97fd-85a5-4119-a021-c451d7212783,Mina Okabe,Talk To Me,Mina Okabe - Talk To Me,,,,,,59632,mina-okabe,talk-to-me-3,La7JupaskkI,2023-05-01,0,2026-04-29T05:16:58.969015+00:00
6aecf25a-9c75-4e2f-b9e0-392480f51d14,MINISTRY,Bad Blood,MINISTRY - Bad Blood,,,Bad Blood - Alternate Mix,Ministry,1999-01-01,99075,ministry,bad-blood-5,3DyIIS-jCpE,1999-09-01,0,2026-04-29T05:17:37.615977+00:00
00f8f36d-aefa-438e-99b2-55e2525f26ca,MINISTRY,Every Day Is Halloween,MINISTRY - Every Day Is Halloween,,,Every Day Is Halloween - Squirrely Version,Ministry,2025-03-18,94765,ministry,every-day-is-halloween-squirrely-version,dTISF4ZwjMg,2025-03-01,0,2026-04-29T05:17:28.951535+00:00
aacc2eb4-666f-44f8-ba22-23447f2fba9e,Miso Extra,Certified,Miso Extra - Certified,,,Certified,Miso Extra,2025-01-23,91597,miso-extra,certified,qkdaos3ug7w,2025-01-01,0,2026-04-29T05:17:50.312811+00:00
1738a8e0-5e22-4270-a4df-096388ad3363,Miso Extra,Slow Down,Miso Extra - Slow Down,,,Slow Down - Single Version,"Miso Extra, DJ BORING",2024-07-31,91602,miso-extra,slow-down-2,MAcYD93mox8,2024-07-01,0,2026-04-29T05:17:54.251074+00:00
79d7d7a1-f3b4-43f0-a163-30954cdc2b8f,Miss Papaya,Hero,Miss Papaya - Hero,,,,,,,,,,,0,2026-04-25T14:20:15.221064+00:00
d7ee0676-db21-4c59-82ca-6bf9b14ced15,Missing,Everything But The Girl,Missing - Everything But The Girl,,,,,,,,,,,1,2026-03-25T00:19:31.752157+00:00
27f67c6b-ee91-4d51-83e1-2be05c20d95c,MØ,Keep Møving,MØ - Keep Møving,,,Keep Møving,MØ,2025-03-21,93911,mo,keep-moving,j5yZBTfmWqI,2025-03-01,0,2026-04-29T05:26:48.436902+00:00
56dd3917-4d8d-4575-b60b-0c7ed7da55c8,Mo Horizons,Pé Na Estrada,Mo Horizons - Pé Na Estrada,,,Hit The Road Jack - Pé Na Estrada - Radio Version,Mo' Horizons,2001-08-29,107354,mo-horizons,pe-na-estrada-hit-the-road-jack,qc7AIJOp-iA,2001-08-01,0,2026-04-29T05:18:53.94561+00:00
434dd539-1b21-4b5e-bc7c-05bfdec7567b,Mo Horizons,Shake It Loose,Mo Horizons - Shake It Loose,,,Shake It Loose,Mo' Horizons,2003-08-01,107363,mo-horizons,shake-it-loose,b6DuMPyXzmI,2003-08-01,0,2026-04-29T05:18:51.945294+00:00
c735a6bd-f479-4824-8fa6-07d7facda8bd,Mo Horizons,Yes Baby Yes,Mo Horizons - Yes Baby Yes,,,Yes Baby Yes,Mo' Horizons,1999-08-01,107358,mo-horizons,yes-baby-yes,fhnTkj0GQUE,1999-08-01,0,2026-04-29T05:18:56.022722+00:00
7c0b257a-e905-4c5b-95ca-9c8ed715c030,MOB RULES,Back To Savage Land,MOB RULES - Back To Savage Land,,,Back to Savage Land,Mob Rules,2025-03-26,101181,mob-rules,back-to-savage-land,RnGZAvVOg74,2025-03-01,0,2026-04-29T05:19:01.980789+00:00
8f10bb62-b058-4f0f-9b75-7119bf5273f7,Mobb Deep,Against The World,Mobb Deep - Against The World,,,Against The World,Mobb Deep,2025-09-12,108272,mobb-deep,against-the-world-2,EvCkP26fwpU,2025-09-01,0,2026-04-29T05:19:06.304963+00:00
fd55ec1a-966d-4b3d-b2db-ffcf51dc1664,MoBlack,Yamore,MoBlack - Yamore,,,Yamore,"MoBlack, Salif Keita, Benja (NL), Franc Fala, Cesária Evora",2024-06-07,98176,moblack,yamore,GMcR3ZH9YEw,2024-06-01,0,2026-04-29T05:19:08.435985+00:00
b859a8ae-e06a-4242-a592-365256d222cc,Moca,Post It,Moca - Post It,,,Post It,Moca,2018-01-26,107404,moca,post-it,VOC28aF2vkY,2018-01-01,0,2026-04-29T05:19:27.251357+00:00
431c863f-715c-45d7-ba97-ec9b7de786d1,Model/Actriz,Cinderella,Model/Actriz - Cinderella,,,Cinderella,Model/Actriz,2025-02-25,92024,model-actriz,cinderella-2,37ptdYkJ1d0,2025-02-01,0,2026-04-29T05:19:44.697275+00:00
d825bd24-cf4d-4844-983d-05246469e688,Modern Tales,Darkness In Me,Modern Tales - Darkness In Me,,,Darkness In Me,"Steve Angello, Modern Tales",2025-02-14,90887,modern-tales,darkness-in-me,8SjZ8l-5S6M,2025-02-01,0,2026-04-30T13:32:12.536222+00:00
51f41d86-07a0-4e25-90b2-e109ca34654d,Mogwai,Fanzine Made Of Flesh,Mogwai - Fanzine Made Of Flesh,,,Fanzine Made Of Flesh,モグワイ,2025-01-07,89380,mogwai,fanzine-made-of-flesh,hKFvvSE4SCo,2025-01-01,0,2026-04-29T05:20:39.28901+00:00
2292853e-8be3-4fdf-82ac-a87a1c08d9cb,MOLIY,Shake It To The Max,MOLIY - Shake It To The Max,,,Shake It To The Max (FLY) - Remix,"MOLIY, Silent Addy, Skillibeng, Shenseea",2025-02-21,98293,moliy,shake-it-to-the-max,UjBhbMMgLzc,2025-03-01,0,2026-04-29T05:20:49.408908+00:00
bc27ce8a-c5ec-4fb1-ae3a-00a73b995252,Momma,Bottle Blonde,Momma - Bottle Blonde,,,Bottle Blonde,Momma,2025-02-25,92019,momma,bottle-blonde,D8CHz7tNHTw,2025-02-01,0,2026-04-29T05:21:02.784821+00:00
7cdc464e-595d-4b8f-898f-523fe832d4f9,Momma,I Want You,Momma - I Want You,,,I Want You (Fever),Momma,2025-01-29,90135,momma,i-want-you-7,WG0mAzP165o,2025-01-01,0,2026-04-29T05:21:04.760096+00:00
a1f48f2f-44d8-4042-9c00-0699d95778f6,Momma,Rodeo,Momma - Rodeo,,,Rodeo,Momma,2025-03-31,94919,momma,rodeo-2,Sry-CJbhx18,2025-03-01,0,2026-04-29T05:21:00.75814+00:00
429431e1-2f57-4acc-ab71-592effaf95ac,Mon Rovîa,Heavy Foot,Mon Rovîa - Heavy Foot,,,Heavy Foot,Mon Rovîa,2025-07-25,108374,mon-rovia,heavy-foot,vyXccqTlhoI,2025-09-01,0,2026-04-29T05:21:33.580619+00:00
befefe44-abc1-4b50-aaae-c62385441857,Mono Inc.,In My Darkness,Mono Inc. - In My Darkness,,,In My Darkness,Mono Inc.,2025-03-20,93947,mono-inc,in-my-darkness,zOpq-16Zi5Y,2025-03-01,0,2026-04-29T05:21:56.297024+00:00
ee09bbf6-0f88-4777-8961-63867b9d1623,Monobloc,I'm Just Trying To Love You,Monobloc - I'm Just Trying To Love You,,,I'm Just Trying To Love You,Monobloc,2025-02-14,105616,monobloc,im-just-trying-to-love-you,HjNJmESQ0mE,2024-01-01,0,2026-04-29T05:22:08.392264+00:00
303ad4d1-a6c9-48cd-9909-f051dcc101c5,Monobloc,Irish Goodbye,Monobloc - Irish Goodbye,,,Irish Goodbye,Monobloc,2024-09-20,105626,monobloc,irish-goodbye-3,Q-KTTgkHtO4,2024-09-01,0,2026-04-29T05:22:04.501621+00:00
604dd59c-de86-4903-98e7-10901598ea75,Monobloc,Line Of Feeling,Monobloc - Line Of Feeling,,,Line of Feeling,Monobloc,2025-02-14,105635,monobloc,line-of-feeling,RCm5hqtYaEs,2025-02-01,0,2026-04-29T05:22:00.412556+00:00
31b82ae0-1c21-4f19-8e58-f71a66cef87f,Monobloc,Take Me,Monobloc - Take Me,,,Take Me,Monobloc,2024-12-09,105630,monobloc,take-me-3,zDYE_TO1QYY,2024-12-01,0,2026-04-29T05:22:02.517017+00:00
05ab7dd2-3870-475a-a042-8d70fba4a04f,Monobloc,Where Is My Garden,Monobloc - Where Is My Garden,,,Where Is My Garden,Monobloc,2024-07-11,105621,monobloc,where-is-my-garden,EuYyQX8yUDU,2024-07-01,0,2026-04-29T05:22:06.445015+00:00
afa69aa9-391a-4df3-b7a8-de4d0d9921e6,Monolink,Powerful Play,Monolink - Powerful Play,,,Powerful Play - Edit,Monolink,2025-03-27,98156,monolink,powerful-play,NR4gvxmQ0fY,2025-03-01,0,2026-04-29T05:22:12.49838+00:00
1a75b8e1-a5b8-4028-ad10-3e28842c30f6,Monster Magnet,Look To Your Orb For The Warning,Monster Magnet - Look To Your Orb For The Warning,,,Look To Your Orb For The Warning,Monster Magnet,1995-01-01,99120,monster-magnet,look-to-your-orb-for-the-warning,fDyQGLBiLTU,1995-01-01,1,2026-04-08T14:46:55.615222+00:00
c4b73c95-6494-4859-b7d8-6f5d58c5cc84,moon tang,Some Days,moon tang - Some Days,,,some days,moon tang,2025-09-10,108303,moon-tang,some-days,qTay36oNgIs,2025-09-01,0,2026-04-29T05:22:24.373223+00:00
49b96dce-f08e-428b-bb88-e602e69b0091,Moonlight Haze,Awakening,Moonlight Haze - Awakening,,,undefined,,,98742,moonlight-haze,awakening-2,nbsx_TYqTEU,2025-05-01,0,2026-04-29T05:22:28.483263+00:00
be15d769-dc4e-45fb-b68e-0d33654ccb83,Moonlight Haze,Chase The Light,Moonlight Haze - Chase The Light,,,,,,97702,moonlight-haze,chase-the-light,62wpvzAMruE,2025-04-01,0,2026-04-29T05:22:30.529584+00:00
ab3077b6-eb0c-4c31-80bb-8251b192ad55,Moonlight Haze,Tame The Storm,Moonlight Haze - Tame The Storm,,,Tame The Storm,Moonlight Haze,2025-03-26,97707,moonlight-haze,tame-the-storm,tEWNWp2LupI,2025-03-01,0,2026-04-29T05:22:32.931554+00:00
1c75c2c1-be14-4d40-8c50-6200d018361a,Morcheeba,Call For Love,Morcheeba - Call For Love,,,Call For Love,Morcheeba,2025-01-21,89928,morcheeba,call-for-love,gD6k-TVoO2k,2025-01-01,0,2026-04-29T05:22:47.628576+00:00
fc7f2bb0-ae17-46b1-be28-7517e0d58c13,Morcheeba,We Live And Die,Morcheeba - We Live And Die,,,We Live And Die,Morcheeba,2025-02-25,91917,morcheeba,we-live-and-die,Vj7MjK_jggw,2025-02-01,0,2026-04-29T05:22:45.382053+00:00
70921063-adf3-4221-ad1b-92fa665e5bd8,Morgan Wallen,I’m The Problem,Morgan Wallen - I’m The Problem,,,I'm The Problem,Morgan Wallen,2025-01-31,91115,morgan-wallen,im-the-problem,wIA-4LeRgsc,2025-01-01,0,2026-04-29T05:23:04.950775+00:00
b514a0e5-82b3-48eb-8737-5960dec6d7c1,Morrissey,Make - Up Is A Lie,Morrissey - Make - Up Is A Lie,,,Make-up is a Lie,Morrissey,2026-01-09,126621,morrissey,make-up-is-a-lie,Fp7ULjb7S4Q,2026-01-01,0,2026-04-29T05:23:37.355991+00:00
e8756a37-629b-49c9-86c7-3230958bfdcb,Mos Def,Take It Back,Mos Def - Take It Back,,,undefined,,,89633,mos-def,take-it-back,CVZqnU6u0tQ,2025-01-01,0,2026-04-30T13:33:04.443345+00:00
b7df044d-ea9f-4c3b-b6ac-41734fab5d50,Motion City Soundtrack,Particle Physics,Motion City Soundtrack - Particle Physics,,,Particle Physics,"Motion City Soundtrack, Patrick Stump",2025-09-15,109144,motion-city-soundtrack,particle-physics,fukYnS04Rkg,2025-09-01,0,2026-04-29T05:25:12.471974+00:00
e5db76e6-0d01-4b75-b8f5-5428cd466333,Mötley Crüe,Bitter Pill,Mötley Crüe - Bitter Pill,,,undefined,,,53342,motley-crue,bitter-pill,8NTAfbIHHZw,1998-10-01,0,2026-04-29T05:25:53.077728+00:00
ea1adcdd-3e42-43ce-8f33-8e374caf7143,Mr Eazi,Casanova,Mr Eazi - Casanova,,,Casanova,Mr Eazi,2025-08-22,106259,mr-eazi,casanova,YAvaXF2Xk68,2025-08-01,0,2026-04-29T05:27:28.772208+00:00
11cae470-2a88-4a43-82b4-f731132235e9,Mr. Big,"Daddy, Brother, Lover, Little Boy","Mr. Big - Daddy, Brother, Lover, Little Boy",,,,,,,,,,,1,2026-04-04T18:03:13.862594+00:00
86baf4b5-45c2-449c-85f1-4867fad7f12e,Mr. Big,Forever In Our Hearts,Mr. Big - Forever In Our Hearts,,,Forever In Our Hearts,ミスター・ビッグ,2025-02-10,90600,mr-big,forever-in-our-hearts,jv9DQd7L39k,2025-02-01,0,2026-04-29T05:27:02.440465+00:00
31fac70f-e438-467b-b68b-f8fdc2552cc4,Mr. Big,Green - Tinted Sixties Mind,Mr. Big - Green - Tinted Sixties Mind,,,,,,,,,,,0,2026-04-16T23:48:35.976315+00:00
3af13e14-8d69-4ec3-9ca1-a276df99ebf4,MR. FANTASY,Mr. Fantasy,MR. FANTASY - Mr. Fantasy,,,Mr. Fantasy,MR. FANTASY,2025-08-25,109288,mr-fantasy,mr-fantasy,1mr_d_Avfsw,2025-09-01,0,2026-04-29T05:27:37.032928+00:00
ad00e841-189b-4044-b017-91d88156c1c7,Mr. Probz,Waves,Mr. Probz - Waves,,,Waves,Mr. Probz,2013-11-22,110045,mr-probz,waves-5,0a5WyAjL1MM,2014-02-01,1,2026-04-10T17:31:36.909098+00:00
a1d95094-f2a5-4dd8-bc5e-636253d8dde9,Mr.kitty,Dream Diver,Mr.kitty - Dream Diver,,,,,,,,,,,0,2026-04-04T17:53:29.811278+00:00
5233e3ee-5f34-448c-95a5-e25feea761a2,Msg (Mcauley Schenker Group),Gimme Your Love From The Album Perfect Timing,Msg (Mcauley Schenker Group) - Gimme Your Love From The Album Perfect Timing,,,,,,,,,,,0,2026-04-18T15:33:36.931898+00:00
3cf6e8b2-d501-42c5-bf4e-305d39fa9c2a,MUDVAYNE,Sticks And Stones,MUDVAYNE - Sticks And Stones,,,Sticks and Stones,Mudvayne,2025-09-11,108228,mudvayne,sticks-and-stones,XTJ21auXbv8,2025-09-01,0,2026-04-29T05:27:45.804379+00:00
61d58771-430f-4664-b4c7-a87c838adcca,Mumford & Sons,Malibu,Mumford & Sons - Malibu,,,Malibu,Mumford & Sons,2025-02-18,91545,mumford-sons,malibu-2,mOe-N3lgksA,2025-02-01,0,2026-04-29T05:28:31.670543+00:00
767c8bbc-752a-4ebf-878a-329232877a43,Mumford & Sons,Rushmere,Mumford & Sons - Rushmere,,,Rushmere,マムフォード・アンド・サンズ,2025-01-17,89540,mumford-sons,rushmere,7sBwEZUH90M,2025-01-01,0,2026-04-29T05:28:33.668193+00:00
3ad8ff43-0e10-4230-baed-8cac206dfe0c,Mura Masa,Jump,Mura Masa - Jump,,,JUMP,Mura Masa,2025-03-10,93362,mura-masa,jump-6,PgepkSk8tmI,2025-03-01,0,2026-04-29T05:29:03.710917+00:00
81ae4c82-8267-44b5-97cb-99837a881709,Mura Masa,We Are Making Out,Mura Masa - We Are Making Out,,,We Are Making Out,"Mura Masa, yeule",2024-08-23,93367,mura-masa,we-are-making-out,CdKM5Dn3KUQ,2024-06-01,0,2026-04-29T05:29:07.968099+00:00
d336e724-8948-41ad-9bf6-ba3bab83289e,Muse,Uprising,Muse - Uprising,,,,,,,,,,,1,2026-04-26T12:39:46.773445+00:00
ccbd0941-39a0-4d5b-bc4b-c23eb068f928,Music Travel Love,"Baby, I Love Your Way","Music Travel Love - Baby, I Love Your Way",,,undefined,,,90487,music-travel-love,baby-i-love-your-way-2,xmQgEl_oqV4,2025-02-01,0,2026-04-29T05:30:05.601765+00:00
7b173e32-6d0c-49ba-b771-1f59afc708ba,Music Travel Love,Forever Young Ft. Bugoy Drilon,Music Travel Love - Forever Young Ft. Bugoy Drilon,,,Forever Young,"Music Travel Love, Bugoy Drilon",2025-04-15,97544,bugoy-drilon,forever-young-6,3iAiWIytqdw,2025-04-01,1,2026-03-19T04:29:02.5062+00:00
14ba93ad-0662-499b-8528-d43c63f503af,Music Travel Love,It Must Have Been Love,Music Travel Love - It Must Have Been Love,,,It Must Have Been Love,Music Travel Love,2025-01-15,89609,music-travel-love,it-must-have-been-love-2,BpLnOCd8CNA,2025-01-01,0,2026-04-29T05:30:07.575895+00:00
a23bad66-810e-4c83-9eae-a6eead129a4b,Music Travel Love,Last Christmas,Music Travel Love - Last Christmas,,,undefined,,,86753,music-travel-love,last-christmas-4,TUVKd2PsDs0,2024-11-01,0,2026-04-29T05:30:09.783363+00:00
bbf35de7-14aa-4370-a77a-4b5d4b2f055a,Music Travel Love,One Call Away,Music Travel Love - One Call Away,,,One Call Away,Music Travel Love,2025-09-09,108263,music-travel-love,one-call-away,TqzInmTVu_E,2025-09-01,0,2026-04-29T05:29:56.50837+00:00
a3172a2c-b62e-4ea8-aaad-d028ae1b78f3,Mustard Service,Big Time,Mustard Service - Big Time,,,Big Time,Mustard Service,2025-07-18,107255,mustard-service,big-time-2,Sdh6bgZaX2M,2025-03-01,0,2026-04-29T05:30:29.565432+00:00
58012f49-31ee-4807-8321-e82084fe3666,Mustard Service,Yucky's Song,Mustard Service - Yucky's Song,,,Yucky's Song,Mustard Service,2025-07-18,107251,mustard-service,yuckys-song,htvaQXbsUvc,2025-07-01,0,2026-04-29T05:30:27.605294+00:00
6363bee1-69e5-45c4-8f26-fe81086753b8,my bloody valentine,Feed Me,my bloody valentine - Feed Me,,,Feed Me With Your Kiss,マイ・ブラッディ・ヴァレンタイン,1988-11-21,91282,my-bloody-valentine,feed-me,9rxE0Mr_U8U,1988-10-01,0,2026-04-29T05:31:05.486193+00:00
804db233-c03d-4718-bba9-f624a99cff03,my bloody valentine,Instrumental No. 1,my bloody valentine - Instrumental No. 1,,,instrumental no. 2,マイ・ブラッディ・ヴァレンタイン,2012-05-04,91286,my-bloody-valentine,instrumental-no-1,v48jeMi_v7o,1988-11-01,0,2026-04-29T05:31:03.48305+00:00
38e8a171-125b-4cd8-afd8-a1edec4aea69,my bloody valentine,Instrumental No.2,my bloody valentine - Instrumental No.2,,,instrumental no. 2,マイ・ブラッディ・ヴァレンタイン,2012-05-04,91290,my-bloody-valentine,instrumental-no-2,xgHRk8syW9I,1988-11-01,0,2026-04-29T05:31:01.386+00:00
ddf6b6a1-e9ca-4012-988a-8b822fb6ed1d,my bloody valentine,No Place To Go,my bloody valentine - No Place To Go,,,undefined,,,91265,my-bloody-valentine,no-place-to-go,jPU6evxk7X4,1986-06-01,0,2026-04-29T05:31:13.896641+00:00
004f9be5-951b-41a9-9817-cf0422be18c2,my bloody valentine,Off Your Face,my bloody valentine - Off Your Face,,,off your face,マイ・ブラッディ・ヴァレンタイン,2012-05-04,91300,my-bloody-valentine,off-your-face,vb3QgwDgL1Y,1990-04-01,0,2026-04-29T05:30:57.194471+00:00
d5ede98b-5ae6-4040-97bf-41d5080934a0,my bloody valentine,Only Shallow,my bloody valentine - Only Shallow,,,only shallow,マイ・ブラッディ・ヴァレンタイン,1991-11-04,91313,my-bloody-valentine,only-shallow,FyYMzEplnfU,1992-03-01,0,2026-04-29T05:30:47.877091+00:00
c7c303a4-4b8f-453e-90c1-1c76938530b5,my bloody valentine,Only Tomorrow,my bloody valentine - Only Tomorrow,,,only tomorrow,マイ・ブラッディ・ヴァレンタイン,2013-02-02,91322,my-bloody-valentine,only-tomorrow,y2FQ3ih0MoE,2013-02-01,0,2026-04-29T05:30:46.016815+00:00
7aaf4c4a-b8b6-4fad-92e1-bd1380fab608,my bloody valentine,Sometimes,my bloody valentine - Sometimes,,,sometimes,マイ・ブラッディ・ヴァレンタイン,1991-11-04,91326,my-bloody-valentine,sometimes-4,hSI_9P9rRt4,1991-11-01,0,2026-04-29T05:30:49.701049+00:00
3a984bcc-a48f-4208-8f0e-0b846cec17b8,my bloody valentine,Soon,my bloody valentine - Soon,,,soon,マイ・ブラッディ・ヴァレンタイン,1991-11-04,91294,my-bloody-valentine,soon,gU7tX5YJghc,1990-04-01,0,2026-04-29T05:30:59.104115+00:00
b6e4ed50-15b3-480b-a3aa-bf1c77c523c8,my bloody valentine,Strawberry Wine,my bloody valentine - Strawberry Wine,,,undefined,,,91273,my-bloody-valentine,strawberry-wine,vE2JM31wnm0,1987-11-01,0,2026-04-29T05:31:09.655278+00:00
831a4290-67da-4190-a673-10c1cb25a647,my bloody valentine,Sunny Sundae Smile,my bloody valentine - Sunny Sundae Smile,,,undefined,,,91269,my-bloody-valentine,sunny-sundae-smile,BMBjKDSznuM,1987-02-01,0,2026-04-29T05:31:11.642504+00:00
8ea5aaea-964c-430f-9955-634a6da4fef4,my bloody valentine,Swallow,my bloody valentine - Swallow,,,swallow,マイ・ブラッディ・ヴァレンタイン,2012-05-04,91305,my-bloody-valentine,swallow,NxoI9bIdi7A,1991-02-01,0,2026-04-29T05:30:53.283451+00:00
85521835-77c8-4ae9-b9b7-e1aaf2c3eb11,my bloody valentine,To Here Knows When,my bloody valentine - To Here Knows When,,,to here knows when,マイ・ブラッディ・ヴァレンタイン,1991-11-04,91309,my-bloody-valentine,to-here-knows-when,xdHS1sbV5xw,1991-02-01,0,2026-04-29T05:30:51.421847+00:00
2456e613-dff0-44ff-a5ef-47611db4cb73,my bloody valentine,When You Sleep,my bloody valentine - When You Sleep,,,when you sleep,マイ・ブラッディ・ヴァレンタイン,1991-11-04,91318,my-bloody-valentine,when-you-sleep,BJLcbj80Ka8,1991-01-01,0,2026-04-29T05:30:55.18361+00:00
4c431b96-83f2-4d8b-b5b6-3be9389a6e16,my bloody valentine,You Made Me Realise,my bloody valentine - You Made Me Realise,,,you made me realise,マイ・ブラッディ・ヴァレンタイン,2012-05-04,91278,my-bloody-valentine,you-made-me-realise,L3hYEwCmMhY,1988-08-01,0,2026-04-29T05:31:07.528489+00:00
7e8a61c4-9a59-48c4-931d-463fcd75f3c2,My Morning Jacket,Squid Ink,My Morning Jacket - Squid Ink,,,Squid Ink,My Morning Jacket,2025-02-11,90695,my-morning-jacket,squid-ink,rCxgxQwYBOU,2025-02-01,0,2026-04-29T05:31:42.426809+00:00
6fe6b0e1-d636-4466-a580-9df18d9b4286,My Morning Jacket,Time Waited,My Morning Jacket - Time Waited,,,Time Waited,My Morning Jacket,2025-01-15,89531,my-morning-jacket,time-waited,PYrwG3-wlfk,2025-01-01,0,2026-04-29T05:31:44.498672+00:00
d3209a5e-fade-49e3-bb27-5ccb97fca60b,Mýa,Damage,Mýa - Damage,,,Damage,Mýa,2018-04-20,107678,mya,damage-6,IzZeCy8fBYk,2025-09-01,0,2026-04-29T05:31:46.450071+00:00
0ac7ab5e-efdf-4da1-82f6-c2320014f9a5,Myles Smith,Blink Twice,Myles Smith - Blink Twice,,,Blink Twice,"Shaboozey, Myles Smith",2025-04-11,95251,myles-smith,blink-twice,0NLDbLsC56g,2025-04-01,0,2026-04-29T07:40:12.105837+00:00
e025fc34-c229-4416-8b07-8193a9b0560d,Mystic Merlin,Burned To Learn,Mystic Merlin - Burned To Learn,,,undefined,,,74926,mystic-merlin,burned-to-learn,RKQDaIJ8etE,1980-01-01,0,2026-04-29T05:32:46.480427+00:00
6a18d88a-ca91-439f-ab16-70626d180c02,Mystic Merlin,Got To Make The Best,Mystic Merlin - Got To Make The Best,,,undefined,,,74923,mystic-merlin,got-to-make-the-best-of-a-love-situation,ss9X87xQOOY,1980-01-01,0,2026-04-29T05:32:48.535282+00:00
d221e933-13bd-4f2c-bd87-b0408bf60793,Mystic Merlin,Just Can't Give You Up,Mystic Merlin - Just Can't Give You Up,,,,,,74930,mystic-merlin,just-cant-give-you-up,Q0reZbExz4o,1980-01-01,0,2026-04-29T05:32:44.424622+00:00
6a399af5-7044-4378-acc5-e86d13e29303,Naïka,Blessings,Naïka - Blessings,,,BLESSINGS,Naïka,2025-09-18,109060,naika,blessings-4,KSOxniD7Wmc,2025-09-01,0,2026-04-29T05:33:05.188311+00:00
447d186f-2503-4379-b99d-5ed45c6f1ee3,Naomi Scott,Cherry,Naomi Scott - Cherry,,,Cherry,Naomi Scott,2025-09-19,109184,naomi-scott,cherry-3,D3apJnOC4bs,2025-09-01,0,2026-04-29T05:33:55.826313+00:00
f6ff9f18-c8fd-4bb2-b983-75a1ca886560,Naomi Sharon,Can We Do This Over,Naomi Sharon - Can We Do This Over,,,Can We Do This Over,Naomi Sharon,2025-03-27,94667,naomi-sharon,can-we-do-this-over,1Cd44AWXISs,2025-03-01,0,2026-04-29T05:33:59.737511+00:00
fa6ff906-2258-4fb9-a8fa-0140fd40d2aa,Narvent,Way Back Home,Narvent - Way Back Home,,,Way Back Home,Narvent,2025-09-26,109726,narvent,way-back-home,vC2XDcabDtE,2025-09-01,0,2026-04-29T05:34:30.423795+00:00
27e9a8d3-f85c-4bca-b596-0aa2f03dd471,Nas,Times,Nas - Times,,,TIMES,"Steel Banglez, Nas, Sid Sriram",2025-03-06,95009,nas,times,LETCbb-OLBc,2025-03-01,0,2026-04-30T13:35:38.197657+00:00
9e48ea35-b208-469e-8f54-488bccb89f02,Nate Dogg,High Christmas,Nate Dogg - High Christmas,,,undefined,"Snoop Dogg, Wiz Khalifa, Nate Dogg, Warren G, Tha Dogg Pound",,88772,nate-dogg,high-christmas,fzElQ0YFtTk,2024-12-01,0,2026-04-29T07:59:09.809832+00:00
49807233-d5f5-4f67-8de9-ed74358e9cd6,Nathan Evans,Cotton Eye Joe,Nathan Evans - Cotton Eye Joe,,,Cotton Eye Joe,"Nathan Evans, SAINT PHNX",2025-09-05,107758,nathan-evans,cotton-eye-joe,2LERc8wp7MI,2025-09-01,0,2026-04-29T05:35:36.338858+00:00
1158efea-aa7c-42fc-8c4d-e15814b76dc4,Nav,Burbs,Nav - Burbs,,,BURBS,NAV,2025-03-28,94973,nav,burbs,CeNKc4Z-6ag,2025-03-01,0,2026-04-29T05:36:13.879809+00:00
0d2a08ad-5278-475e-b761-f3ff81134c19,Navjaxx,Distant Memories,Navjaxx - Distant Memories,,,Distant Memories,"Navjaxx, VXLLAIN",2025-02-14,92420,navjaxx,distant-memories,vpzXg1jI5bc,2025-02-01,0,2026-04-29T05:36:11.62513+00:00
ee4044c7-8737-42ad-acad-e6d75a5ef71f,Neal Francis,Need You Again,Neal Francis - Need You Again,,,Need You Again,"Neal Francis, Say She She",2025-02-05,93191,neal-francis,need-you-again,Sc805VZAuvk,2025-02-01,0,2026-04-29T05:36:43.104251+00:00
d3181c30-c7c9-468d-a508-85866d2746a2,Neal Francis,What's Left Of Me,Neal Francis - What's Left Of Me,,,What's Left Of Me,Neal Francis,2025-01-09,93186,neal-francis,whats-left-of-me-2,owfNoC1t_nU,2025-01-01,0,2026-04-29T05:36:45.121664+00:00
99554900-f0a8-464b-90e8-9f66f1aaa6e7,Nebulossa,Supersexy,Nebulossa - Supersexy,,,SUPERSEXY,Nebulossa,2025-09-05,107748,nebulossa,supersexy,39Ne_Eu8Uyk,2025-09-01,0,2026-04-29T05:37:14.454122+00:00
a7754eaf-09a2-4903-bb40-58bdf0d20c13,NEFFEX,Control,NEFFEX - Control,,,Control,NEFFEX,2025-09-24,109621,neffex,control-3,-KtjxkQeKzI,2025-09-01,0,2026-04-29T05:37:30.54623+00:00
6768dc95-ee3e-4526-89d9-e6e99135601d,NEIKED,Glide,NEIKED - Glide,,,Glide,"NEIKED, Portugal. The Man",2025-03-28,98930,neiked,glide,LZyIEdQQYIQ,2025-03-01,0,2026-04-29T05:37:40.60124+00:00
bcc96979-cb24-40e2-92c6-35c9b06625d5,Neil Young,Big Change,Neil Young - Big Change,,,big change,"ニール・ヤング, neil young and the chrome hearts",2025-01-17,89546,neil-young,big-change,SIKxvzY8sJs,2025-01-01,0,2026-04-30T13:37:07.17094+00:00
d685b4e9-92c8-4c6e-bb9a-d22f6e3b1544,Neil Young,Rockin' In The Free World,Neil Young - Rockin' In The Free World,,,,,,,,,,,1,2026-04-12T07:47:39.502276+00:00
3fc45b16-a3c4-43e3-b688-c3fd72bc0f05,Nekta,Here's Us,Nekta - Here's Us,,,Here's Us,Nekta,2009-10-16,107557,nekta,heres-us,-34XUW_huvk,2009-10-01,1,2026-04-10T16:40:57.143146+00:00
830f2736-74c9-42fc-ac06-b06c38ca4b88,Nemo,Hocus Pocus,Nemo - Hocus Pocus,,,Hocus Pocus,Nemo,2025-09-19,109175,nemo,hocus-pocus-2,UrD-YezckvI,2025-09-01,0,2026-04-29T05:38:16.685421+00:00
bf7db07c-ff1d-4412-a514-17ff9b6698d1,Nephew Jones,My Type Of Carryin On,Nephew Jones - My Type Of Carryin On,,,My Type of Carryin On,Nephew Jones,2023-12-01,110200,nephew-jones,my-type-of-carryin-on,RruwgOR51Uk,2025-07-01,0,2026-04-29T05:38:33.302653+00:00
ae2b6e7e-f349-4d45-a586-32344083b1e7,Nessa Barrett,Does God Cry?,Nessa Barrett - Does God Cry?,,,DOES GOD CRY?,Nessa Barrett,2025-01-24,91011,nessa-barrett,does-god-cry,5koTih-W_2o,2025-01-01,0,2026-04-29T05:38:43.165872+00:00
914a2f1a-20c9-4740-bba3-30612753baac,Nessa Barrett,Love Looks Pretty On You,Nessa Barrett - Love Looks Pretty On You,,,LOVE LOOKS PRETTY ON YOU,Nessa Barrett,2025-01-31,90374,nessa-barrett,love-looks-pretty-on-you,7qM8lUIcS9M,2025-01-01,0,2026-04-29T05:38:41.208134+00:00
22c3fa16-3b21-4575-a75f-50cc84c8ffe6,Nestor,Caroline,Nestor - Caroline,,,,,,,,,,,1,2026-04-18T13:51:02.714435+00:00
b93503c5-eeb1-4c76-ba6a-6f293b79fd9d,Nevertel,Break The Silence,Nevertel - Break The Silence,,,Break The Silence,"Nevertel, Sleep Theory",2025-09-09,108214,nevertel,break-the-silence-2,Qcp17QPN72Q,2025-09-01,0,2026-04-29T05:39:27.573882+00:00
407691a5-9b0a-4d80-88aa-40f67615a46b,Nevertel,Starting Over,Nevertel - Starting Over,,,Starting Over,Nevertel,2025-01-28,92755,nevertel,starting-over-2,BoAHtYI0L7o,2025-02-01,0,2026-04-29T05:39:31.419013+00:00
c0c3eec3-d84b-4a2f-92cf-690c3a5b5ab4,New Edition,Hot Tonight,New Edition - Hot Tonight,,,,,,2838,new-edition,hot-tonight,O_O1B2GHw08,2004-11-01,0,2026-04-29T05:39:41.771486+00:00
3517db28-93c3-4f25-b8dc-073d735e88e6,New Found Glory,Laugh It Off,New Found Glory - Laugh It Off,,,Laugh It Off,New Found Glory,2025-09-30,109814,new-found-glory,laugh-it-off,6dcj_vabpyA,2025-09-01,0,2026-04-29T05:40:06.508876+00:00
76203372-436e-4a8b-a20c-cda4dcf2c5c4,New Order,Blue Monday 88,New Order - Blue Monday 88,,,,,,,,,,,1,2026-04-27T09:47:49.328257+00:00
9ff529ea-5229-4e6a-8f29-08693b0df9e8,Next,Too Close,Next - Too Close,,,,,,,,,,,1,2026-03-21T16:00:03.716792+00:00
29de973c-85f1-402a-82b3-ce011f86bf4b,Nickelback,She Keeps Me Up,Nickelback - She Keeps Me Up,,,She Keeps Me Up,ニッケルバック,2014-11-17,89525,nickelback,she-keeps-me-up,YoBldRsvciM,2025-01-01,0,2026-04-29T05:42:40.404633+00:00
a8a6e8fc-3e1c-41e3-94a3-a4dddf74f6bc,Nickelback,Tidal Wave,Nickelback - Tidal Wave,,,Tidal Wave,ニッケルバック,2022-11-18,90185,nickelback,tidal-wave-2,MfoaCwlz0pk,2025-02-01,0,2026-04-29T05:42:38.468857+00:00
60f3714a-2c6c-49c2-907e-4841211fdd23,Nicklas Sonne,Route 65,Nicklas Sonne - Route 65,,,Route 65,Nicklas Sonne,2024-05-10,91703,nicklas-sonne,route-65,ggTLZsRN9LY,2025-02-01,0,2026-04-29T05:43:06.78524+00:00
f69bf9fb-df40-432a-9775-e744fa36e003,Nicolas Fernandez,The Police Every Breath You Take 2008 Live Hd,Nicolas Fernandez - The Police Every Breath You Take 2008 Live Hd,,,,,,,,,,,1,2026-03-17T06:08:39.914674+00:00
ffd499e6-5578-442e-9ac4-ab9c2427ef2f,Night Habits,Lost Highway,Night Habits - Lost Highway,,,Lost Highway,Night Habits,2022-02-18,102884,night-habits,lost-highway-2,bTdiZjciUg8,2022-02-01,0,2026-04-29T05:43:58.200691+00:00
58227019-b119-4770-9ddb-b39df356fdd8,Night Ranger,(You Can Still) Rock In America,Night Ranger - (You Can Still) Rock In America,,,,,,,,,,,1,2026-03-31T02:45:23.197622+00:00
a8f5a556-b41f-45b3-84a0-e707b968b0e7,Night Tapes,"Leave It All Behind, Mike","Night Tapes - Leave It All Behind, Mike",,,"leave it all behind, Mike",Night Tapes,2025-09-26,109539,night-tapes,leave-it-all-behind-mike,15JS2CVc5U8,2025-09-01,0,2026-04-29T05:44:06.452904+00:00
0ea87492-8f08-4426-b1bd-0da47d79d9fc,Night Tapes,Television,Night Tapes - Television,,,television,Night Tapes,2025-02-14,91357,night-tapes,television,pqMQ0uQGSv0,2025-02-01,0,2026-04-29T05:44:10.439067+00:00
6ef3c373-cae6-491f-b2e0-1ba958396c1b,NIGHT TRAVELER,Dont Go Dark,NIGHT TRAVELER - Dont Go Dark,,,Don't Go Dark,NIGHT TRAVELER,2024-11-01,89773,night-traveler,dont-go-dark,187EBwf6W-4,2025-01-01,0,2026-04-29T05:44:27.924022+00:00
9f0d594a-57d0-404d-879a-8ad7ec3adeed,Nightwish,Hiraeth,Nightwish - Hiraeth,,,Hiraeth,Nightwish,2024-09-20,92067,nightwish,hiraeth,l7EadJWG4PM,2025-02-01,0,2026-04-29T05:44:52.025976+00:00
8e89d849-5d49-4ea3-a07c-8f202113abf7,Nightwish,Something Whispered Follow Me,Nightwish - Something Whispered Follow Me,,,Something Whispered Follow Me,Nightwish,2024-09-20,90804,nightwish,something-whispered-follow-me,lVknzIXFzrU,2025-02-01,0,2026-04-29T05:44:54.091897+00:00
11fb7e17-6491-4175-a626-d9ae59fdd21a,Nightwish,Storytime,Nightwish - Storytime,,,,,,,,,,,1,2026-04-19T14:17:48.871381+00:00
de8cebd2-73fa-4c7d-9e71-5519691ff4cd,Nightwish,Sway,Nightwish - Sway,,,Sway,Nightwish,2024-09-20,90162,nightwish,sway-2,TmbUTfBjrOk,2025-01-01,0,2026-04-29T05:44:58.168527+00:00
9bba1655-997d-4598-af20-424d022eba8a,Nightwish,The Children Of 'Ata,Nightwish - The Children Of 'Ata,,,The Children Of 'Ata,Nightwish,2024-09-20,90452,nightwish,the-children-of-ata,JpuL0LkDnkY,2025-02-01,0,2026-04-29T05:44:56.126299+00:00
3c33595d-18f1-4787-90a0-64c9b6969ee2,Nikos791,Parov Stelar - Diamonds,Nikos791 - Parov Stelar - Diamonds,,,Diamonds,"Parov Stelar, Max the Sax, Jerry Di Monza",2011-09-09,107465,parov-stelar,diamonds-4,D2Vtnf7rr1Q,2011-09-01,1,2026-04-10T16:50:24.051395+00:00
11e67547-4b23-4335-9c83-ef27481b3791,nimino,Better,nimino - Better,,,Better,"nimino, Manta",2025-09-08,108233,nimino,better-5,V0rMY9WgtKE,2025-09-01,0,2026-04-29T05:45:45.733577+00:00
37680434-e56d-4d19-b769-87bc227c47c6,NINA,We Dont Count,NINA - We Dont Count,,,WE DONT COUNT,"Yves Tumor, NINA",2025-07-29,107307,nina,we-dont-count,NT4YNW77RpM,2025-07-01,0,2026-04-29T09:54:05.41971+00:00
1de604bb-36a1-4cc0-ba0e-ee87eff27b96,Nina Utashiro,Mood Board,Nina Utashiro - Mood Board,,,undefined,,,101867,nina-utashiro,mood-board,BBIQjNkApN4,2025-06-01,0,2026-04-29T05:46:00.218403+00:00
702f5302-639b-4144-a596-bb710db66fcc,Ninajirachi,All I Am,Ninajirachi - All I Am,,,All I Am,Ninajirachi,2025-02-25,103985,ninajirachi,all-i-am-3,K9AJIlVE0YA,2025-02-01,0,2026-04-29T05:46:09.97483+00:00
1e9f2b71-b36a-425b-bd94-2de4c3d5a19f,Nine Inch Nails,Init,Nine Inch Nails - Init,,,Init,Nine Inch Nails,2025-09-19,108845,nine-inch-nails,init,f9D8gHY2OPE,2025-09-01,0,2026-04-29T05:46:14.1727+00:00
115ad964-9491-4e87-8772-e5272cbf09ea,Ninja Sex Party,Walk The Dinosaur,Ninja Sex Party - Walk The Dinosaur,,,Walk the Dinosaur,Ninja Sex Party,2025-09-19,108922,ninja-sex-party,walk-the-dinosaur-2,FV6cLJFxU8g,2025-09-01,0,2026-04-29T05:47:22.082463+00:00
57214d92-ef90-45b9-bbf6-f2312b4d9271,NLE Choppa,Hello Revenge,NLE Choppa - Hello Revenge,,,Hello Revenge,"NLE The Great, NLE Choppa",2025-11-27,124173,nle-choppa,hello-revenge,WmgqnjNTWOk,2025-11-01,0,2026-04-30T13:41:49.275376+00:00
e9d7eb9e-fa74-4969-a134-ccfb54569baa,no na,Bleach,no na - Bleach,,,,,,98797,no-na,bleach-2,8lpf58E9_fs,2025-05-01,0,2026-04-29T05:48:48.881024+00:00
0e7fd82d-01a4-4ff3-8cad-3220b2319615,no na,Sad Face :(,no na - Sad Face :(,,,sad face :(,"88rising, no na",2025-08-29,108468,no-na,sad-face,A7W4TQsToa0,2025-09-01,0,2026-04-29T05:48:42.968951+00:00
143fe55c-46bf-4cb6-b95f-62029d58cba2,Noga Erez,Penny Lame,Noga Erez - Penny Lame,,,PENNY LAME,Noga Erez,2025-09-18,108955,noga-erez,penny-lame,YGeXKIpvtms,2025-09-01,0,2026-04-29T05:50:53.428014+00:00
b8cd0ced-2216-4d2e-9f86-e3bdc18ca083,Norah Jones,Don't Know Why,Norah Jones - Don't Know Why,,,,,,,,,,,1,2026-04-01T14:17:13.728846+00:00
993830ac-c520-4994-83be-6f701cc7ada5,Northtale,Everyone's A Star,Northtale - Everyone's A Star,,,,,,,,,,,1,2026-04-18T15:07:32.830412+00:00
65d1a9bd-aba1-46a5-ac66-8460f8474746,Not Enough Space,Solace In Silence,Not Enough Space - Solace In Silence,,,Solace In Silence,Not Enough Space,2025-01-17,89760,not-enough-space,solace-in-silence,fJSjy_ErHCk,2025-01-01,0,2026-04-29T05:51:39.173239+00:00
e3a40fa9-6384-4e3a-bb43-60559b6c6718,NOTD,Crash,NOTD - Crash,,,Crash,NOTD,2025-03-14,93458,notd,crash-3,3FhVzMDtReE,2025-03-01,0,2026-04-29T05:51:47.544857+00:00
0dd791c3-83ed-47ff-9054-f544cda3a937,Nothing More,Crossing The Rubicon,Nothing More - Crossing The Rubicon,,,Crossing the Rubicon (feat. NOTHING MORE),"Sabaton, NOTHING MORE, Jonny Hawkins, Mark Vollelunga",2025-09-12,108427,nothing-more,crossing-the-rubicon,oEtvIFNLfVE,2025-09-01,0,2026-04-29T07:26:11.659686+00:00
ec9ffe07-8aba-4925-9ce8-05db44608755,Nothing More,We're All Gonna Die,Nothing More - We're All Gonna Die,,,WE’RE ALL GONNA DIE,ナッシング・モア,2025-02-07,90808,nothing-more,were-all-gonna-die,yhNHHDX5LIg,2025-02-01,0,2026-04-29T05:53:07.992169+00:00
9691a27f-2a1f-4612-aca3-340a208b370c,Nouvelle Vague,Ever Fallen In Love,Nouvelle Vague - Ever Fallen In Love,,,Ever Fallen in Love,"Nouvelle Vague, Mélanie Pain",2006-06-26,107447,nouvelle-vague,ever-fallen-in-love,1ZYHYHVx50Y,2006-06-01,0,2026-04-29T05:53:46.821479+00:00
1d97abb6-e05a-4255-8258-569f6200cb0f,Nouvelle Vague,In A Manner Of Speaking,Nouvelle Vague - In A Manner Of Speaking,,,In a Manner of Speaking,"Nouvelle Vague, Camille",2004-05-11,107439,nouvelle-vague,in-a-manner-of-speaking,ub7N1zW1z-4,2004-05-01,0,2026-04-29T05:53:51.360739+00:00
ba24cdf5-5f80-46ba-99af-db0b9adc0727,Nouvelle Vague,Just Can't Get Enough,Nouvelle Vague - Just Can't Get Enough,,,Just Can't Get Enough,"Nouvelle Vague, Eloisia",2004-05-11,107435,nouvelle-vague,just-cant-get-enough-3,Xxc6kWAcBXE,2004-05-01,0,2026-04-29T05:53:53.710582+00:00
b09154b2-8978-4092-bb26-fd3bcd58a035,Nouvelle Vague,Love Will Tear Us Apart,Nouvelle Vague - Love Will Tear Us Apart,,,Love Will Tear Us Apart,"Nouvelle Vague, Eloisia",2004-05-11,107443,nouvelle-vague,love-will-tear-us-apart-3,r3GVd4DFFPA,2004-05-01,0,2026-04-29T05:53:49.343953+00:00
5206297c-f794-4487-abda-c46585b20496,Nova May,Big Fat Monsta Truck,Nova May - Big Fat Monsta Truck,,,BIG FAT MONSTA TRUCK,Nova May,2025-03-05,93453,nova-may,big-fat-monsta-truck,sWMdiHLljqg,2025-03-01,0,2026-04-29T05:53:56.136844+00:00
6a4dbcda-1672-452d-a814-627cbd60b16b,Nova Twins,Glory,Nova Twins - Glory,,,Glory,Nova Twins,2025-08-27,107322,nova-twins,glory,l86nDxVWGMU,2025-08-01,0,2026-04-29T05:53:58.314246+00:00
70b4405a-280e-4d83-8b1c-a4b6c3f29e1b,Nova Twins,Monsters,Nova Twins - Monsters,,,Monsters,Nova Twins,2025-01-20,89904,nova-twins,monsters-5,0xyRwrTidoY,2025-01-01,0,2026-04-29T05:54:06.992846+00:00
e7a9698c-8d53-4680-a804-98399998938d,Nova Twins,Soprano,Nova Twins - Soprano,,,Soprano,Nova Twins,2025-03-10,93420,nova-twins,soprano,w-NyxPKYFm8,2025-03-01,0,2026-04-29T05:54:04.901739+00:00
45a70442-3b69-4d7a-99b5-48003a6ee779,NOVELISTS,All For Nothing,NOVELISTS - All For Nothing,,,All For Nothing,NOVELISTS,2025-01-30,90112,novelists,all-for-nothing-2,qF24UojtJPc,2025-01-01,0,2026-04-29T05:54:24.050309+00:00
fa06e34c-d877-449b-811d-c6bdcd36f9c8,NOVELISTS,Say My Name,NOVELISTS - Say My Name,,,Say My Name,NOVELISTS,2025-03-20,93943,novelists,say-my-name-4,fZ-t_sK19jQ,2025-03-01,0,2026-04-29T05:54:21.83383+00:00
456133e4-9c7b-4685-83c0-53d52e70a9b7,Now United,Beautiful World,Now United - Beautiful World,,,Beautiful World,Now United,2025-09-26,109485,now-united,beautiful-world-4,EUU6VcEmtNs,2025-09-01,0,2026-04-29T05:54:32.731976+00:00
d14b709d-c712-45e6-948a-eb75224211f0,Now United,Giddy Up,Now United - Giddy Up,,,Giddy Up,Now United,2025-11-01,122553,now-united,giddy-up,AlCJiHmGoSk,2025-10-01,0,2026-04-29T05:54:30.676253+00:00
1ed2a1a7-5685-4be0-8a83-32c1dfbb621c,NxWorries,Distractions,NxWorries - Distractions,,,Distractions,"NxWorries, Anderson .Paak, Knxwledge",2024-06-14,108090,nxworries,distractions,6Mc1qdvBUYg,2025-09-01,0,2026-04-29T05:54:58.655802+00:00
bbda83db-3ace-4c89-967c-24064bfa842a,O Helga Natt (Oh Holy Night,Swedish Version),O Helga Natt (Oh Holy Night - Swedish Version),,,,,,,,,,,0,2026-04-19T07:41:42.553658+00:00
59821398-cbad-4db9-bd84-8cf625729fc7,Ocean Colour Scene,Make The Deal,Ocean Colour Scene - Make The Deal,,,,,,,,,,,0,2026-05-01T07:57:05.185034+00:00
286b4680-8a88-445f-ac33-ce2a7a9ed413,Ofenbach,Need You The Most,Ofenbach - Need You The Most,,,Need You The Most,Ofenbach,2025-03-21,94131,ofenbach,need-you-the-most,Q4upakrPdGY,2025-03-01,0,2026-04-29T05:58:07.097279+00:00
28ee645a-a536-4128-be59-4fa6e6ea6027,Offset,Back In That Mode,Offset - Back In That Mode,,,Back In That Mode (feat. YFN Lucci),"Offset, YFN Lucci",2025-08-22,106702,offset,back-in-that-mode,oUVUNjmbpBs,2025-08-01,0,2026-04-29T05:58:18.088794+00:00
8a277e04-944c-4b18-8b51-957885090ad0,Offset,Pills,Offset - Pills,,,Pills (feat. YoungBoy Never Broke Again),"Offset, YoungBoy Never Broke Again",2025-08-22,106368,offset,pills-2,NM4bekCKqVE,2025-08-01,0,2026-04-29T05:58:20.38255+00:00
a282dc3e-f70a-4369-a8a3-d38f9611555e,Oh Wonder,Lose It,Oh Wonder - Lose It,,,Lose It - 10 Years On,Oh Wonder,2025-02-01,90258,oh-wonder,lose-it-10-years-on,1-aWoisIYok,2025-02-01,0,2026-04-29T06:00:37.186924+00:00
44ba6521-59e5-4f25-b43c-8e825a64bc2a,OK Go,"A Good, Good Day At Last","OK Go - A Good, Good Day At Last",,,"A Good, Good Day at Last","OK Go, Ben Harper, Shalyah Fearing, BEGINNERS",2025-02-14,90729,ok-go,a-good-good-day-at-last,e0WsTp_SqsU,2025-02-01,0,2026-04-29T06:00:46.588256+00:00
09c9ff07-a7ab-4369-bc62-88eac73bf77d,OK Go,A Stone Only Rolls Downhill,OK Go - A Stone Only Rolls Downhill,,,A Stone Only Rolls Downhill,OK Go,2025-01-16,89623,ok-go,a-stone-only-rolls-downhill,MOEULOSVNK4,2025-01-01,0,2026-04-29T06:00:48.758991+00:00
6f940ab5-db21-42d3-9217-4448bbaf51e4,OK Go,Impulse Purchase,OK Go - Impulse Purchase,,,Impulse Purchase,OK Go,2025-04-11,109076,ok-go,impulse-purchase,fwzbIUffcR4,2025-09-01,0,2026-04-29T06:00:42.359692+00:00
4c1cb5e3-3e40-4742-9529-5bf7ea1fe201,OK Go,Love,OK Go - Love,,,Love,OK Go,2025-04-11,95212,ok-go,love-4,gz9BRl7DVSM,2025-04-01,0,2026-04-29T06:00:44.44204+00:00
90403db1-b96c-4f67-a5f3-5405a403ee76,Oldkids Memories,紅の豚 @時には昔の話を 加藤登紀子 宮崎駿 Porco Rosso Japanese Anime Music Pure Music 飛天紅豬俠 日本動畫,Oldkids Memories - 紅の豚 @時には昔の話を 加藤登紀子 宮崎駿 Porco Rosso Japanese Anime Music Pure Music 飛天紅豬俠 日本動畫,,,,,,,,,,,1,2026-03-30T15:45:50.670748+00:00
604fc644-d06a-4170-9418-65c82ad25ee1,Olivia Dean,A Couple Minutes,Olivia Dean - A Couple Minutes,,,,,,,,,,,1,2026-03-22T07:02:01.324098+00:00
0143ca1c-8612-48de-a05b-91408dbc4360,Olivia Dean,Man I Need,Olivia Dean - Man I Need,,,Man I Need,Olivia Dean,2025-08-15,105869,olivia-dean,man-i-need,oIv_Y2RPQ_A,2025-08-01,0,2026-04-29T06:02:05.732277+00:00
27c59fc8-32ed-4741-b969-73be3d66fa0c,Olivia Dean,Man I Need - Spotify Live Room,Olivia Dean - Man I Need - Spotify Live Room,,,Man I Need,Olivia Dean,2025-08-15,108080,olivia-dean,man-i-need-spotify-live-room,EcsYSMmCDaM,2025-09-01,0,2026-04-29T06:02:03.631141+00:00
ad505b85-c60d-42ad-aa30-719f56eac78c,Olivia Dean,So Easy,Olivia Dean - So Easy,,,So Easy (To Fall In Love),Olivia Dean,2025-09-26,109370,olivia-dean,so-easy,3sur4BmjQt8,2025-09-01,0,2026-04-29T06:02:01.560965+00:00
aa9cc627-c328-43fc-8cbb-b60b671c1ab5,Olivia Newton,John - Physical,Olivia Newton - John - Physical,,,,,,,,,,,1,2026-03-17T12:48:08.409468+00:00
0c9a419c-6d40-4013-b0d3-ace99625311c,Olivia Rodrigo,Friday I’m In Love,Olivia Rodrigo - Friday I’m In Love,,,Friday I'm In Love - Live From Glastonbury,"Olivia Rodrigo, Robert Smith",2025-09-08,108170,olivia-rodrigo,friday-im-in-love-3,AWTLuT1Rq7U,2025-09-01,0,2026-04-29T06:03:25.93358+00:00
e643f7e6-061d-40e7-a274-d52051f62936,Olly Alexander,When We Kiss,Olly Alexander - When We Kiss,,,When We Kiss,Olly Alexander (Years & Years),2025-01-10,89348,olly-alexander,when-we-kiss,Q0UtwjM4Yxo,2025-01-01,0,2026-04-29T06:03:55.954781+00:00
7118158d-7d81-413b-9720-f9f920873620,Olly Alexander,Whisper In The Waves,Olly Alexander - Whisper In The Waves,,,Whisper In The Waves,Olly Alexander (Years & Years),2025-02-07,91041,olly-alexander,whisper-in-the-waves,88tylyTnHBU,2025-02-01,0,2026-04-29T06:03:53.788458+00:00
86034149-278b-448d-ad83-fff728dc8f40,Omiki,Sofia,Omiki - Sofia,,,Sofia,"Omiki, Sighter",2025-03-28,94898,omiki,sofia,CpDFb5fh2Sg,2025-03-01,0,2026-04-29T06:05:05.483395+00:00
d530442e-78ba-45f2-b87c-76b0a58bedab,One Iii Notes,Shadow And Truth,One Iii Notes - Shadow And Truth,,,,,,,,,,,1,2026-04-04T19:46:43.562131+00:00
968dc631-9c2e-41b1-a7e3-f0bbd3e00ac0,One Ok Rock,Deeper Deeper,One Ok Rock - Deeper Deeper,,,,,,,,,,,1,2026-03-22T06:30:43.17219+00:00
38d0bdd6-21fe-4acf-813c-3867bcca2502,One Ok Rock,The Beginning,One Ok Rock - The Beginning,,,,,,,,,,,2,2026-03-22T05:47:53.545804+00:00
c7c55bb6-25e8-4ad6-a3fe-f5250b4f934b,OneRepublic,Invincible,OneRepublic - Invincible,,,Invincible - from Kaiju No. 8,OneRepublic,2025-04-18,97539,onerepublic,invincible-4,_CcXxtgQgIA,2025-04-01,0,2026-04-29T06:06:32.722301+00:00
e2793024-3949-4606-9d6a-67babeb0cb87,Only Yesterday,"Omoide Poro Poro - Ending - The Rose - Ai Wa Hana, Kimi Wa Sono Tane","Only Yesterday - Omoide Poro Poro - Ending - The Rose - Ai Wa Hana, Kimi Wa Sono Tane",,,,,,,,,,,2,2026-03-30T15:51:02.738018+00:00
47e5978b-d2d1-41cc-8af3-ca58e9b61c8c,Opus III,Evolution Rush,Opus III - Evolution Rush,,,Evolution Rush,Opus III,1992,108559,opus-iii,evolution-rush,Ma8UrEGfzLc,1992-01-01,2,2026-03-30T12:00:33.649598+00:00
864f44cd-295e-42aa-b213-deb518cd0c34,Opus III,Fine Day Xxiv,Opus III - Fine Day Xxiv,,,Fine Day XXIV,"Opus III, Kirsty Hawkshaw, Shadow Child, Adam F",2024-05-10,108564,opus-iii,fine-day-xxiv,NA5hy8aPWkA,2024-05-01,0,2026-04-29T06:07:47.801809+00:00
407bf656-ec43-430c-91c6-5faa92aa83ad,Opus III,Hand In Hand,Opus III - Hand In Hand,,,Hand in Hand,Opus III,1994-05-31,108554,opus-iii,hand-in-hand,nYEi_JO0XgM,1994-08-01,0,2026-04-29T06:07:50.525603+00:00
cfb06b19-6563-4f14-83b2-d696dc9256d3,Opus III,I Talk To The Wind,Opus III - I Talk To The Wind,,,I Talk to the Wind,Opus III,1992,108544,opus-iii,i-talk-to-the-wind,FEKVMTwW9S0,1992-06-01,0,2026-04-29T06:07:54.741853+00:00
0b018002-8aef-4d23-b3a5-56d529c8e190,Opus III,It's A Fine Day,Opus III - It's A Fine Day,,,It's a Fine Day,Opus III,1992,108539,opus-iii,its-a-fine-day,TjIPzyVlK60,1992-02-01,2,2026-03-30T11:53:13.900577+00:00
312ef37b-ee4a-48a3-8e17-0cdc676163d4,Opus III,When You Made The Mountain,Opus III - When You Made The Mountain,,,When You Made the Mountain,Opus III,1994-05-31,108549,opus-iii,when-you-made-the-mountain,x7zjMDKqFYw,1994-01-01,0,2026-04-29T06:07:52.66331+00:00
e2a7d231-d753-4a13-9a48-fd8633552bd1,Oracle Sisters,- Blue Left Hand,Oracle Sisters - - Blue Left Hand,,,Blue Left Hand,Oracle Sisters,2025-01-15,89875,oracle-sisters,blue-left-hand,lkuVtIluUFg,2025-01-01,0,2026-04-29T06:08:00.326239+00:00
4384824c-6519-49a8-8c68-4a7fc0ed22b2,Orbital,Chime,Orbital - Chime,,,Chime (Edit) - Remastered,Orbital,1990-01-01,98878,orbital,chime,KAxB2EnJvtY,1989-12-01,0,2026-04-29T06:08:35.378181+00:00
d005d39d-c38f-45a6-87f0-7bb2a97fdc4f,Orbital,Deepest,Orbital - Deepest,,,Deepest,"Orbital, Tilda Swinton",2025-04-04,95418,orbital,deepest,q52U_XhnzRA,2025-04-01,0,2026-04-29T06:08:15.583288+00:00
0f81b3fc-6d07-49dc-a1ea-149c65429cff,Orbital,Halcyon + On + On,Orbital - Halcyon + On + On,,,HALCYON + ON + ON,Orbital,1993-01-01,98873,orbital,halcyon-on-and-on,bV-hSgL1R74,1993-05-01,1,2026-04-10T15:03:13.117392+00:00
889a384e-5212-4646-a024-5fd824518a17,Orbital,Lush 3.1,Orbital - Lush 3.1,,,Lush 3.1,Orbital,1993-01-01,98869,orbital,lush-3-1,jCDzdH1FTO0,1993-05-01,1,2026-04-10T15:10:58.606364+00:00
084c8aac-ccab-45d5-95c4-80eece534057,Orbital,Omen,Orbital - Omen,,,Omen (12 Version) - Remastered,Orbital,2024-03-29,98883,orbital,omen,PYGuIlSLRic,1990-07-01,0,2026-04-29T06:08:33.359234+00:00
c47f4799-728f-4dbc-ab18-59209860407e,Orbital,The Saint,Orbital - The Saint,,,The Saint,Orbital,1996-01-01,98859,orbital,the-saint,Eu4u2oKsKSA,1997-04-01,0,2026-04-29T06:08:26.114817+00:00
9aeaf139-c45f-4dd6-9296-f2a6638a6886,Otopia,Psychology,Otopia - Psychology,,,undefined,,,104372,otopia,psychology,AdrC_7-S8uY,2025-05-01,0,2026-04-29T06:09:43.951805+00:00
fda60d39-2efc-461e-a4c4-ea050ae4d08b,OTYKEN,Day By Day,OTYKEN - Day By Day,,,Day by Day,Otyken,2025-01-31,90126,otyken,day-by-day-2,4x5S01J8rmY,2025-01-01,0,2026-04-29T06:09:56.108971+00:00
e5b0dc57-c217-4787-8d9c-1b691a985bb4,Our Last Night,Tidal Wave,Our Last Night - Tidal Wave,,,Tidal Wave,Our Last Night,2025-02-28,92759,our-last-night,tidal-wave-3,4Yl5mBTN6MI,2025-02-01,0,2026-04-29T06:10:19.116579+00:00
8ce1a9f7-860d-4c05-b238-2c4be3859491,Owl Vision,Downward,Owl Vision - Downward,,,Downward,"Rezz, Owl Vision",2025-08-22,106387,owl-vision,downward,bZx4atYvHWk,2025-08-01,0,2026-04-29T07:05:55.089688+00:00
863b388d-c9c4-415d-8c88-19bd10c0d4d2,Owlkitty,Owlkitty In Vogue,Owlkitty - Owlkitty In Vogue,,,,,,,,,,,1,2026-04-04T20:15:29.547078+00:00
d65db7b3-6cab-44ff-86a6-7d4bf90d4940,Ozzy Osbourne,"""Mama, I'm Coming Home""","Ozzy Osbourne - ""Mama, I'm Coming Home""",,,,,,,,,,,1,2026-04-26T13:01:22.588496+00:00
80ec49e1-c24a-4970-ad46-79f066bbcb22,P.O.D.,Don't Let Me Down,P.O.D. - Don't Let Me Down,,,Don’t Let Me Down,MAX CHANGMIN,2021-12-08,109426,p-o-d,dont-let-me-down-4,CF8sNBobpOo,2025-09-01,0,2026-04-29T06:11:31.604047+00:00
eedd691e-51c1-4841-bf67-0812e5840ec2,Pacifica,Change Your Mind,Pacifica - Change Your Mind,,,,,,58626,pacifica,change-your-mind,9HqVMsYv05A,2023-08-01,0,2026-04-29T06:11:49.21159+00:00
e6e8edda-221f-4e92-8ff3-b5ac7ad2733c,Paco,Ghouls N Ghosts,Paco - Ghouls N Ghosts,,,,,,69631,paco,ghouls-n-ghosts,pWtZn_2QiPc,2024-06-01,0,2026-04-29T09:01:55.801052+00:00
86a69bbd-46cd-4a4c-b04b-36ef9fd019b1,Palace,Kyrie,Palace - Kyrie,,,,,,38387,palace_swe,kyrie-2,V7WQINXNSbc,2022-11-01,0,2026-05-01T09:12:40.590533+00:00
12ff2136-ea7a-4eb3-ac16-17b463039f51,Paleneø,Paleneø / Crowd Surf Rider,Paleneø - Paleneø / Crowd Surf Rider,,,,,,,,,,,1,2026-04-04T20:22:50.79796+00:00
bbe47950-9c17-428c-8303-6aad90a6da0e,pami,Call My Dad,pami - Call My Dad,,,call my dad,pami,2025-08-20,106303,pami,call-my-dad,bGttloDhZV4,2025-08-01,0,2026-04-29T06:13:29.206123+00:00
d661b7e8-3330-461e-8eea-4f75a9cc54dd,pami,Covent Garden,pami - Covent Garden,,,covent garden,pami,2024-07-30,92702,pami,covent-garden,_tDfrop3iGQ,2024-07-01,0,2026-04-29T06:13:45.251166+00:00
bbcbde9d-f09f-4deb-81cb-099b8dbc1462,pami,Kiss Me Blue,pami - Kiss Me Blue,,,kiss me blue,pami,2025-04-17,97682,pami,kiss-me-blue,dU2ktkhI2HQ,2025-04-01,0,2026-04-29T06:13:36.017882+00:00
58dcdc99-cdbc-4f58-b3e8-3e84cae82add,pami,Lie,pami - Lie,,,lie,pami,2024-11-26,92707,pami,lie-2,Q5PBtuGUFUk,2024-11-01,0,2026-04-29T06:13:40.345883+00:00
3d05757b-4859-4804-95fb-0c501290fcd9,pami,Not Yet,pami - Not Yet,,,not yet,pami,2024-10-01,92697,pami,not-yet,J1mhYPogRso,2024-10-01,0,2026-04-29T06:13:42.440603+00:00
0c5fcf97-a9b8-4c6a-a6a4-cef412dbfc17,pami,Pity Dirty,pami - Pity Dirty,,,pity dirty,pami,2025-03-04,92693,pami,pity-dirty,p_B_ItLJ-cc,2025-03-01,0,2026-04-29T06:13:38.156117+00:00
a29f1718-1ae7-4b22-8776-6dd419c9a881,pami,Silly Nature,pami - Silly Nature,,,silly nature,pami,2025-08-20,106299,pami,silly-nature,1sd1p1vOeLI,2025-08-01,0,2026-04-29T06:13:31.671947+00:00
35034563-6c11-4c52-978b-13fa28c08701,Panda Bear,Praise,Panda Bear - Praise,,,Praise,Panda Bear,2025-02-28,92607,panda-bear,praise,MhNGN4SnRZM,2025-02-01,0,2026-04-29T06:13:47.491642+00:00
fa5cab3d-92fe-4c3a-8013-54e01aa79f2f,Papa Roach,Even If It Kills Me,Papa Roach - Even If It Kills Me,,,Even If It Kills Me,Papa Roach,2025-01-22,91975,papa-roach,even-if-it-kills-me-2,cFwCpvdO9Fw,2025-02-01,0,2026-04-29T06:14:08.549449+00:00
c1ab4f56-1c92-4afe-93cb-733eee11a76b,Paradise Lost,Tyrants Serenade,Paradise Lost - Tyrants Serenade,,,Tyrants Serenade,Paradise Lost,2025-08-15,106896,paradise-lost,tyrants-serenade,C1_kMRiyt5w,2025-08-01,0,2026-04-29T06:14:17.878212+00:00
51e68e34-b9f4-4888-a8c6-8f035fd526b3,Parcels,Sorry,Parcels - Sorry,,,Sorry,Parcels,2025-09-10,108156,parcels,sorry-4,Wqw71n-vSCY,2025-09-01,0,2026-04-29T06:15:14.958187+00:00
559e64c2-b512-48f3-96db-75a333b3cec4,Paris Hilton,Adored,Paris Hilton - Adored,,,Adored,Paris Hilton,2024-09-06,90733,paris-hilton,adored,wZ4bfbAE1mw,2025-02-01,0,2026-04-29T06:15:35.588744+00:00
8cc0315a-97df-4df4-917d-fb993900de16,Paris Paloma,Good Boy,Paris Paloma - Good Boy,,,Good Boy,Paris Paloma,2025-09-19,108851,paris-paloma,good-boy,5NfyIpE4zaw,2025-09-01,0,2026-04-29T06:15:53.329353+00:00
8f59c310-5b5e-4696-a283-ca8d390d5175,Paris Paloma,Hunter,Paris Paloma - Hunter,,,HUNTER - the cacophony,Paris Paloma,2025-01-17,90238,paris-paloma,hunter-2,huZlJLIAB-4,2025-02-01,0,2026-04-29T06:15:55.810132+00:00
66530790-81c9-4548-a8fb-478b025b3035,Parov Stelar,Artifact,Parov Stelar - Artifact,,,Artifact,Parov Stelar,2025-09-19,109086,parov-stelar,artifact,QNd8wg1AyRo,2025-09-01,0,2026-04-29T06:16:54.958377+00:00
50ac01fa-fa1d-4002-b93b-80694c9e7447,PARTYNEXTDOOR,For Certain,PARTYNEXTDOOR - For Certain,,,,,,66222,partynextdoor,for-certain,4oAUuzX_owA,2024-04-01,0,2026-04-29T06:17:20.59292+00:00
dd839e9b-9063-4ee5-bff3-dd64233bd3ed,PARTYOF2,All 4 The Best,PARTYOF2 - All 4 The Best,,,all 4 the best (with Jadagrace & SWIM),"PARTYOF2, Jadagrace, SWIM",2025-02-21,95368,partyof2,all-4-the-best,lJiwUa_aS18,2025-02-01,0,2026-04-29T06:17:37.915044+00:00
11da9475-a9e4-45a3-bad5-e091a7138e3d,PARTYOF2,Mad Love,PARTYOF2 - Mad Love,,,mad love,"PARTYOF2, Jadagrace, SWIM",2025-03-14,95363,partyof2,mad-love,foCGHS0KVdg,2025-03-01,0,2026-04-29T06:17:35.715021+00:00
8b4f910e-ad14-4d34-b377-572f539073d6,PARTYOF2,Poser,PARTYOF2 - Poser,,,poser,"PARTYOF2, Jadagrace, SWIM",2025-03-14,95358,partyof2,poser,S8UcxjbuqyE,2025-04-01,0,2026-04-29T06:17:33.225822+00:00
2bfd128b-f4c3-465c-8d07-9a3f3f3e06df,PASCAL,Bana & Ocljiu',PASCAL - Bana & Ocljiu',,,,,,101810,pascal,bana-ocljiu,_f7Znrw80dQ,2025-06-01,0,2026-04-30T13:51:12.75995+00:00
999b06bd-a7f7-4df1-afe8-58839f1046d4,Passenger,Passenger,Passenger,,,,,,,,,,,3,2026-04-21T14:21:00.292931+00:00
5e5cd873-dab4-49af-bf83-38edc3f79b29,PATTY GURDY,Rise Up,PATTY GURDY - Rise Up,,,Rise Up,Patty Gurdy,2024-11-22,95223,patty-gurdy,rise-up-4,PgC-rNaBh7Y,2025-04-01,0,2026-04-29T06:18:14.026716+00:00
458a7977-3f1b-49d3-8535-b9998c714f15,Paul Gilbert,Boku No Atama,Paul Gilbert - Boku No Atama,,,,,,,,,,,0,2026-04-04T18:10:22.547028+00:00
8b9d4dd0-f793-4e06-814c-cf3d0acc17c0,Paul Kalkbrenner,Dreaming On,Paul Kalkbrenner - Dreaming On,,,DREAMING ON,"Paul Kalkbrenner, Depeche Mode",2025-09-26,109653,paul-kalkbrenner,dreaming-on,2xP1xhbqG_4,2025-09-01,0,2026-04-29T06:18:31.549984+00:00
521677aa-7ac5-43ac-aec0-3c09a46978b6,Paul Kalkbrenner,Que Ce Soit Clair,Paul Kalkbrenner - Que Ce Soit Clair,,,QUE CE SOIT CLAIR,"Paul Kalkbrenner, Stromae",2025-08-29,106743,paul-kalkbrenner,que-ce-soit-clair,YQM7DKi11ho,2025-08-01,0,2026-04-29T06:18:33.679837+00:00
71fe7de1-c2b1-47f1-ad7b-37dde49eb568,Peder Elias,Broken Heart,Peder Elias - Broken Heart,,,Broken Heart,Peder Elias,2025-09-12,108379,peder-elias,broken-heart-2,ax_ab2LTPCk,2025-09-01,0,2026-04-29T06:20:33.45721+00:00
83180dd9-c73a-4db9-8877-cc707dbd21a1,PEGGY,Talk Shit!,PEGGY - Talk Shit!,,,TALK SHIT!,"PEGGY, Thomas Sanders",2025-08-29,107703,peggy,talk-shit,ewTFzH4zHKM,2025-08-01,0,2026-04-29T06:21:29.102976+00:00
7ab93a25-838b-4d4e-b6ac-665118238a17,Pentatonix,The Sound Of Silence,Pentatonix - The Sound Of Silence,,,The Sound of Silence,ペンタトニックス,2019-02-15,90910,pentatonix,the-sound-of-silence-2,ILfEAKX30KE,2025-02-01,0,2026-04-29T06:22:03.611128+00:00
b2d613fe-9200-4c19-8e1e-8bb8920ebc34,People R Ugly,Wake Up,People R Ugly - Wake Up,,,WAKE UP,People R Ugly,2025-09-19,109247,people-r-ugly,wake-up-10,vTYmaipUklM,2025-09-01,0,2026-04-29T06:22:11.889762+00:00
a1764e5f-48ca-49fc-b79e-9ff727d63bd6,Perfect Plan,Heart Of A Lion,Perfect Plan - Heart Of A Lion,,,Heart Of A Lion,Perfect Plan,2025-01-22,89982,perfect-plan,heart-of-a-lion,l8sfFxRHN2c,2025-01-01,0,2026-04-29T06:22:13.975759+00:00
1581561d-2233-4602-bc7d-a24980cfccf9,Perrie,Cute Aggression,Perrie - Cute Aggression,,,Cute Aggression,Perrie,2025-09-05,108483,perrie,cute-aggression,636wa7y0hmI,2025-09-01,0,2026-04-29T06:22:22.432454+00:00
5a94c6da-7685-4829-ab6b-5dd534886516,Perrie,If He Wanted To He Would,Perrie - If He Wanted To He Would,,,If He Wanted To He Would,Perrie,2025-08-21,106182,perrie,if-he-wanted-to-he-would-3,PKqt81asrf0,2025-08-01,0,2026-04-29T06:22:24.483744+00:00
5dbd0f97-bd85-4b99-88e6-7c01185fd7fe,Perrie,Miss You,Perrie - Miss You,,,Miss You,Perrie,2025-09-19,108946,perrie,miss-you-3,az7kX1jMuks,2025-09-01,0,2026-04-29T06:22:20.346213+00:00
e2ca103a-4adb-417b-aaa5-ba9227a07bba,Perrie,Rollercoaster,Perrie - Rollercoaster,,,Rollercoaster,Perrie,2025-02-14,91050,perrie,rollercoaster-2,H61gdsQt_ZE,2025-02-01,0,2026-04-29T06:22:26.567997+00:00
26a0065c-b251-45ac-837b-10affc92cb11,Pet Shop Boys,West End Girls (40th Anniversary Remix) 40,Pet Shop Boys - West End Girls (40th Anniversary Remix) 40,,,undefined,,,106442,pet-shop-boys,west-end-girls-40th-anniversary-remix-40,IB12A-hxqek,2024-10-01,0,2026-04-29T06:22:46.382271+00:00
257635f5-c9d2-4b55-9098-e0cc8b291591,Peter Doherty,Calvados,Peter Doherty - Calvados,,,Calvados,Peter Doherty,2025-02-26,92118,peter-doherty,calvados,EIh18h1amS0,2025-02-01,0,2026-04-29T06:24:35.902018+00:00
24213f17-dd00-40df-a66b-9270a837f541,Peter Doherty,Felt Better Alive,Peter Doherty - Felt Better Alive,,,Felt Better Alive,Peter Doherty,2025-01-15,89594,peter-doherty,felt-better-alive,Tm9ciuv_fyU,2025-01-01,0,2026-04-29T06:24:38.389715+00:00
935fe0da-3d91-4c77-9cdc-ea504b41a8e5,Petey USA,Ask Someone Else,Petey USA - Ask Someone Else,,,Ask Someone Else,Petey USA,2025-07-11,107303,petey-usa,ask-someone-else,rJfezJa0JQM,2025-07-01,0,2026-04-29T06:25:23.607656+00:00
bab66f4f-6749-43b6-baa7-4184d7f267d4,Phil Wickham,The King Is In The Room,Phil Wickham - The King Is In The Room,,,The King Is In The Room,Phil Wickham,2025-02-21,92625,phil-wickham,the-king-is-in-the-room,DmSjAPsxSns,2025-02-01,0,2026-04-29T06:26:41.403014+00:00
1a743fdb-2f20-452e-853a-4bba5c399dc8,"Philip Bailey, Phil Collins",Easy Lover,"Philip Bailey, Phil Collins - Easy Lover",,,,,,,,,,,1,2026-04-24T14:24:12.782884+00:00
0cd4a842-efe1-4c88-ac49-d2eab333c418,Phillip Phillips,Home,Phillip Phillips - Home,,,,,,,,,,,1,2026-04-21T14:35:28.031798+00:00
ae4aa80f-85d7-4c8a-8664-1813393c91a0,Phix,Overdose,Phix - Overdose,,,OVERDOSE,Phix,2025-01-17,89870,phix,overdose-2,iqZ37YIBQB8,2025-01-01,0,2026-04-29T06:26:47.786672+00:00
c4efa8f9-436d-4aa8-a6a1-18d8a9b20bd3,Picture This,Let's Try Love,Picture This - Let's Try Love,,,Let's Try Love,Picture This,2025-03-14,93318,picture-this,lets-try-love,hSLBWlZsir8,2025-03-01,0,2026-04-29T06:28:00.977816+00:00
f6c5ed24-266c-4332-b8bd-f2c39e06b9d8,PINK TURNS BLUE,Dancing,PINK TURNS BLUE - Dancing,,,Dancing with Ghosts,Pink Turns Blue,2025-02-07,90709,pink-turns-blue,dancing-2,4XRs_hw7uDY,2025-02-01,0,2026-04-29T06:28:21.742157+00:00
aea76eab-94aa-4e54-a807-fda8425c12fa,PinkPantheress,Tonight,PinkPantheress - Tonight,,,Tonight,PinkPantheress,2025-04-04,94726,pinkpantheress,tonight-8,IrEFKJnl1H8,2025-04-01,0,2026-04-29T06:28:41.162483+00:00
e03f463d-d063-4c72-8c19-e3eaf4ce3d5f,Pinkshift,Anita Ride,Pinkshift - Anita Ride,,,Anita Ride,Pinkshift,2025-06-10,106954,pinkshift,anita-ride,Syilm7vywBU,2025-06-01,0,2026-04-29T06:29:00.451636+00:00
f5648050-82b3-4dd4-87f7-eb38b3f2fb0e,Pinkshift,Don't Fight,Pinkshift - Don't Fight,,,Don't Fight,Pinkshift,2025-08-05,106959,pinkshift,dont-fight,5zgUtNpC2uM,2025-08-01,0,2026-04-29T06:28:58.466412+00:00
2a1d68e2-8237-4ef3-a2e2-570e6599c52b,Piri & Tommy,Someone,Piri & Tommy - Someone,,,someone,piri & tommy,2025-09-12,108731,piri-tommy,someone-7,H4hd93padu4,2025-09-01,0,2026-04-29T06:29:21.464709+00:00
66e0049d-156d-4976-9067-2684766a8266,Pit Baumgartner,Easy Goodbye,Pit Baumgartner - Easy Goodbye,,,Easy Goodbye,Pit Baumgartner,2008-05-09,107461,pit-baumgartner,easy-goodbye,HwhUsFJe6KQ,2008-05-01,0,2026-04-29T06:29:36.191933+00:00
75d8065f-89bb-4c58-a7a0-eb28e677fb86,PJ Harvey,A Perfect Day Elise,PJ Harvey - A Perfect Day Elise,,,A Perfect Day Elise,PJ Harvey,1998-01-01,93902,pj-harvey,a-perfect-day-elise,D3tD9EPOEik,1998-09-01,0,2026-04-29T06:30:15.311118+00:00
9902eb3a-44c8-4687-91df-385cc7842fef,PJ Harvey,A Place Called Home,PJ Harvey - A Place Called Home,,,A Place Called Home,PJ Harvey,2000-01-01,93882,pj-harvey,a-place-called-home,_m2NyS3IDjE,2001-03-01,0,2026-04-29T06:30:08.705052+00:00
682e6d94-46f4-45cc-951c-5ed2f5eb4679,PJ Harvey,C'mon Billy,PJ Harvey - C'mon Billy,,,C'mon Billy,PJ Harvey,1995-01-01,93894,pj-harvey,cmon-billy,pr1j3GfJuR4,1995-01-01,0,2026-04-29T06:30:22.295702+00:00
01fa9ca2-5703-4a87-8834-6d32ddb50b7a,PJ Harvey,Down By The Water,PJ Harvey - Down By The Water,,,Down By The Water,PJ Harvey,1995-01-01,93890,pj-harvey,down-by-the-water,lbq4G1TjKYg,1995-02-01,0,2026-04-29T06:30:20.242814+00:00
008880cb-d200-4f5a-95cf-3d6eda2bc4cb,PJ Harvey,Send His Love To Me,PJ Harvey - Send His Love To Me,,,Send His Love To Me,PJ Harvey,1995-01-01,93898,pj-harvey,send-his-love-to-me,rsUIl7qVzYw,1995-10-01,0,2026-04-29T06:30:17.999883+00:00
b20b5b63-2b13-4223-921d-b5859bd809aa,PJ Harvey,The Wind,PJ Harvey - The Wind,,,The Wind,PJ Harvey,1998-01-01,93878,pj-harvey,the-wind-2,GmOMuBYEejc,1999-01-01,0,2026-04-29T06:30:12.723744+00:00
1a8cfca4-0431-4d76-a913-b715e5fdc33f,PJ Harvey,This Is Love,PJ Harvey - This Is Love,,,This Is Love,PJ Harvey,2000-01-01,93886,pj-harvey,this-is-love,STxXS5lLunE,2001-10-01,0,2026-04-29T06:30:06.662279+00:00
a8218f7e-02ca-4126-9900-fb37b6480012,Placebo,Beautiful James,Placebo - Beautiful James,,,Beautiful James,Placebo,2022-03-25,105933,placebo,beautiful-james,xV_LnAhPPGI,2025-08-01,0,2026-04-29T06:30:26.322173+00:00
5cb03bba-26a4-4b69-a231-1b831fdbb073,Placebo,Surrounded By Spies,Placebo - Surrounded By Spies,,,Surrounded By Spies,Placebo,2022-03-25,109809,placebo,surrounded-by-spies,TLrKsMqNMac,2025-10-01,0,2026-04-29T06:30:24.279746+00:00
2b98b966-0633-4097-8d50-3831dd83045e,Planet Funk,Nights In White Satin,Planet Funk - Nights In White Satin,,,Nights in White Satin,Planet Funk,2024-12-27,100818,planet-funk,nights-in-white-satin,slMA6Q-U5DA,2024-12-01,0,2026-04-29T06:30:37.046371+00:00
4dfd24ef-031d-461a-8bb2-3fc0a7ac5166,Plasma,Bloody Mary,Plasma - Bloody Mary,,,,,,62787,plasma,bloody-mary,tSfZu3xARRc,2024-03-01,0,2026-04-29T06:30:39.473777+00:00
ad8c4c76-7b44-4a20-b443-64efb554644f,Playboi Carti,Evil J0rdan,Playboi Carti - Evil J0rdan,,,EVIL J0RDAN,Playboi Carti,2025-03-14,97980,playboi-carti,evil-j0rdan,VcRc2DHHhoM,2025-03-01,0,2026-04-29T06:30:45.939681+00:00
b2a4f715-9c91-431a-a6b2-bb990bddafec,Playboi Carti,Fe!n,Playboi Carti - Fe!n,,,,,,97985,playboi-carti,fen,B9synWjqBn8,2024-03-01,0,2026-04-29T06:30:50.700277+00:00
159bc075-8ea3-46fc-a128-100d250841a4,Playboi Carti,Fomdj,Playboi Carti - Fomdj,,,FOMDJ,Playboi Carti,2025-03-25,94983,playboi-carti,fomdj,N5dOy9FGtDg,2025-03-01,0,2026-04-29T06:30:43.823363+00:00
a279856f-2ee1-4618-bdfd-7465bea78838,Playboi Carti,Rather Lie,Playboi Carti - Rather Lie,,,RATHER LIE (with The Weeknd),"Playboi Carti, Weeknd",2025-03-14,93349,playboi-carti,rather-lie,ML63tY6uWFk,2025-03-01,0,2026-04-29T06:30:48.086306+00:00
66786bb2-2897-43d6-88ec-a732d83ec2c3,Pokotanconcorde,Uボートのサントラ,Pokotanconcorde - Uボートのサントラ,,,,,,,,,,,1,2026-03-30T16:03:42.499563+00:00
4b0dcbd3-705d-4f93-b253-b7cdcf7178d2,Polo G,Shoot It Off,Polo G - Shoot It Off,,,Shoot It Off,Polo G,2025-09-10,108496,polo-g,shoot-it-off,s3CI0lbn1VU,2025-09-01,0,2026-04-29T06:32:34.100806+00:00
2742857a-5bf0-4604-aa6c-966d129c943f,Pool Kids,Sorry Not Sorry,Pool Kids - Sorry Not Sorry,,,Sorry Not Sorry,Pool Kids,2025-08-12,105806,pool-kids,sorry-not-sorry-2,mWfOMtb23O0,2025-08-01,0,2026-04-29T06:32:59.600899+00:00
a0bd90b5-b252-465f-91f7-3f0cac4de6a1,POORSTACY,Nothing Belongs To You.,POORSTACY - Nothing Belongs To You.,,,Nothing belongs to you.,POORSTACY,2025-07-04,107261,poorstacy,nothing-belongs-to-you,RaC0_YWzzsY,2025-07-01,0,2026-04-29T06:33:01.806337+00:00
97a016e3-2685-4127-bde5-0266134b0eaa,Pop Evil,Side Effects,Pop Evil - Side Effects,,,Side Effects,Pop Evil,2025-03-21,93952,pop-evil,side-effects-3,VmFIGYpU1Ps,2025-03-01,0,2026-04-29T06:33:03.837013+00:00
d5ef1dbf-9c09-45b4-ab6c-dce20caa143f,Pop Evil,Wishful Thinking,Pop Evil - Wishful Thinking,,,Wishful Thinking,Pop Evil,2025-01-08,89341,pop-evil,wishful-thinking-2,UpLkY4zJoaA,2025-01-01,0,2026-04-29T06:33:05.882638+00:00
950bd56a-a4a5-4416-ad75-3e86d421bfbf,Portishead,Sos,Portishead - Sos,,,,,,63886,portishead,sos-2,WVe-9VWIcCo,2016-04-01,0,2026-04-29T06:34:13.076615+00:00
80a7114a-a885-4be1-9419-d55f7f835106,Portugal. The Man,Denali,Portugal. The Man - Denali,,,Denali,Portugal. The Man,2025-09-03,107859,portugal-the-man,denali,sxWjiaAJ3ZY,2025-09-01,0,2026-04-29T06:34:46.357616+00:00
4bb0bfe1-b0fb-4424-802d-bb2d942c44cd,Portugal. The Man,Tanana,Portugal. The Man - Tanana,,,Tanana,Portugal. The Man,2025-09-24,109325,portugal-the-man,tanana,0Y3iy2VhFK4,2025-09-01,0,2026-04-29T06:34:44.300659+00:00
8255cb4e-5cde-430b-9d89-d776cfa7adcb,Positive Force,Especially For You,Positive Force - Especially For You,,,undefined,,,75238,positive-force,especially-for-you-2,dkFAmTL0ChM,1980-01-01,0,2026-04-29T06:35:02.019269+00:00
e804da5f-05af-4e49-9def-cc296429779e,Post Animal,What's A Good Life,Post Animal - What's A Good Life,,,What's A Good Life,Post Animal,2025-06-26,107231,post-animal,whats-a-good-life,fiy1Glgsfdc,2025-06-01,0,2026-04-29T06:35:06.198302+00:00
a5aa2a8d-87c2-45b1-a386-270ffab6ad18,Post Malone,That's It,Post Malone - That's It,,,,,,43645,post-malone,thats-it,TvkXy2EXVb0,2015-01-01,1,2026-04-13T06:20:40.252572+00:00
0c4aad3b-f864-436d-93a5-ea51445da8db,POUYA,Forever Waiting For You At My Window,POUYA - Forever Waiting For You At My Window,,,Forever Waiting For You At My Window,Pouya,2021-10-22,109194,pouya,forever-waiting-for-you-at-my-window,IRpdDPuzoFQ,2025-09-01,0,2026-04-29T06:36:39.109584+00:00
413c914a-9dc4-4d2c-bc35-b8927f410869,POUYA,I Don't Want To Be In Love,POUYA - I Don't Want To Be In Love,,,I DON'T WANT TO BE IN LOVE (WITH YOU),Pouya,2025-02-21,107886,pouya,i-dont-want-to-be-in-love,ZtkqEnk7ePI,2025-09-01,0,2026-04-29T06:36:41.604448+00:00
9fd54051-2215-423b-9696-e48a25a494b5,Powell-Payne,Better Days,Powell-Payne - Better Days,,,Better Days,Powell-Payne,2024-12-06,92246,powell-payne,better-days-5,nFZ9o3WK1gE,2024-10-01,0,2026-04-29T06:36:48.502276+00:00
8236f2c7-24b2-4897-b57a-0127324753e3,PRESIDENT,Destroy Me,PRESIDENT - Destroy Me,,,Destroy Me,PRESIDENT,2025-09-04,107641,president,destroy-me,aczq-iCfFOk,2025-09-01,0,2026-04-29T06:38:29.406717+00:00
1043fa08-fd8e-4480-94a2-794e78513584,Primal Scream,Innocent Money,Primal Scream - Innocent Money,,,Innocent Money - Pet Shop Boys Remix - Edit,"Primal Scream, Pet Shop Boys",2025-03-07,93467,primal-scream,innocent-money,0X8hce-q4pc,2025-03-01,0,2026-04-29T06:39:27.603533+00:00
733ce0f4-2651-420f-8e0d-2910340892aa,Prince,Cindy C.,Prince - Cindy C.,,,undefined,,,2387,prince,cindy-c,aVfZYpUJXQ4,1994-11-01,0,2026-04-29T06:41:24.493169+00:00
ec51d7ca-e0fc-483a-b00f-ecfdc8304f65,Prince,Super Bowl Xli 🏈,Prince - Super Bowl Xli 🏈,,,,,,,,,,,1,2026-03-30T18:34:15.379807+00:00
d0440d2a-b150-4921-92d3-d79a2ec2f3bd,Prince & The New Power Generation,Cream,Prince & The New Power Generation - Cream,,,,,,,,,,,1,2026-03-24T16:14:02.167921+00:00
771eea90-0261-496f-9d8f-199dc9f9d0dd,Princess Nokia,Blue Velvet,Princess Nokia - Blue Velvet,,,Blue Velvet,Princess Nokia,2025-09-02,107694,princess-nokia,blue-velvet,CfasDbP9j64,2025-09-01,0,2026-04-29T06:40:27.863044+00:00
f37961ae-8622-4b15-a83d-1e02f63dc7ee,Prodigy,Smack My Bitch Up,Prodigy - Smack My Bitch Up,,,Smack My Bitch Up,The Prodigy,1997,99094,prodigy,smack-my-bitch-up,xW17jtkjvvg,1997-11-01,0,2026-04-29T06:43:02.725443+00:00
1d5ea2f2-987c-4d16-9465-619f9ba203d5,Propagandhi,At Peace,Propagandhi - At Peace,,,At Peace,Propagandhi,2025-03-10,93253,propagandhi,at-peace,CDhTf3eaeoM,2025-03-01,0,2026-04-29T06:43:31.723921+00:00
0174f140-0b76-487b-a53a-f5013e4c8395,Propellerheads,Spybreak!,Propellerheads - Spybreak!,,,Spybreak! - Short One,Propellerheads,1997-01-01,99066,propellerheads,spybreak,VBCDiYFMD8s,1997-01-01,0,2026-04-29T06:43:34.038033+00:00
343988c0-3f18-4df3-a63e-ea7b449da8c3,Protoje,Big 45,Protoje - Big 45,,,BIG 45,Protoje,2025-03-07,92883,protoje,big-45,JTygV8pkxWE,2025-03-01,0,2026-04-29T06:43:38.746588+00:00
ffe71ae1-5897-4aa3-9a41-1f5cf924a334,Psy,Gangnam Style(강남스타일) M/v,Psy - Gangnam Style(강남스타일) M/v,,,,,,,,,,,1,2026-03-31T00:23:16.015083+00:00
b90c9a28-5616-471d-ba98-0ed83395c0fe,Psychedelic Porn Crumpets,March On For Pax Romana,Psychedelic Porn Crumpets - March On For Pax Romana,,,March on for Pax Ramona,Psychedelic Porn Crumpets,2025-01-30,90425,psychedelic-porn-crumpets,march-on-for-pax-romana,obcjlfg7yCI,2025-02-01,0,2026-04-29T06:43:54.885018+00:00
4fe0b07f-7573-4c4d-9cac-4157819f49a3,Pulp,Spike Island,Pulp - Spike Island,,,Spike Island,Pulp,2025-04-10,95124,pulp,spike-island,-27a1ugJX8U,2025-04-01,0,2026-04-29T06:44:11.310197+00:00
edc587c5-157a-4179-a58e-20651b0d5ab7,Pup,Hallways,Pup - Hallways,,,Hallways,PUP,2025-02-12,93161,pup,hallways,LyQJtQ0krFA,2025-02-01,0,2026-04-29T06:45:09.378693+00:00
846ebc02-413e-4d73-8180-8e5b3d4470d0,Pup,Paranoid,Pup - Paranoid,,,Paranoid,PUP,2025-01-09,93157,pup,paranoid-3,k11G7mmlz48,2025-01-01,0,2026-04-29T06:45:11.545559+00:00
e44e5f61-c5e1-4a45-ba30-d07997ab3046,Purity Ring,The Long Night,Purity Ring - The Long Night,,,the long night,Purity Ring,2025-09-26,109895,purity-ring,the-long-night,o4AFK3H2kv4,2025-09-01,0,2026-04-29T06:45:13.751893+00:00
80fce681-c1dd-4e47-a4c2-920219ef17e0,Quando Rondo,Life Goes On,Quando Rondo - Life Goes On,,,undefined,,,84511,quando-rondo,life-goes-on-2,eIf3fhMXAow,2024-10-01,0,2026-04-29T06:47:07.925373+00:00
7dedb769-d107-486a-af04-66508c0f3aed,Quavo,Where Ya Goin',Quavo - Where Ya Goin',,,undefined,,,97604,quavo,where-ya-goin,DgkbEO7Npno,2025-04-01,0,2026-04-30T14:03:43.453086+00:00
f3b0820a-3b9d-4c5b-a235-31b097fe2eef,Queen,Stone Cold Crazy,Queen - Stone Cold Crazy,,,,,,,,,,,1,2026-04-19T13:57:46.281238+00:00
6c7d4f4e-ba46-437e-9ca2-4951b4d42721,Queen,You Take My Breath Away,Queen - You Take My Breath Away,,,,,,,,,,,1,2026-04-19T14:48:57.821174+00:00
31a07f32-ec29-4574-bb89-7cefde824735,Queen Naija,Rain...,Queen Naija - Rain...,,,rain...,Queen Naija,2025-09-05,107877,queen-naija,rain-4,Dk7luUK7xmI,2025-09-01,0,2026-04-29T06:47:44.608618+00:00
930bf4d1-734d-440e-8e71-0a67ee764d2c,Quiet Riot,Come On Feel The Noise,Quiet Riot - Come On Feel The Noise,,,,,,,,,,,1,2026-03-31T02:49:39.968983+00:00
b35dc5d1-57c3-42ff-b424-cb07ead3366e,Quiet Riot,Cum On Feel The Noize,Quiet Riot - Cum On Feel The Noize,,,Cum on Feel the Noize,Quiet Riot,1983,106677,quiet-riot,cum-on-feel-the-noize,ZxgMGk9JPVA,1983-07-01,2,2026-03-29T14:50:36.336108+00:00
50422c12-f546-46cd-b8bb-f44d505ec82e,Quiet Riot,Mama Weer All Crazee Now,Quiet Riot - Mama Weer All Crazee Now,,,Mama Weer All Crazee Now,Quiet Riot,1984-11-24,106682,quiet-riot,mama-weer-all-crazee-now,gStvjANqoqs,1984-01-01,0,2026-04-29T06:49:49.929198+00:00
8e183b79-5e4d-4eba-bc93-5d7f812149ac,Quiet Riot,Metal Health,Quiet Riot - Metal Health,,,Metal Health (Bang Your Head),Quiet Riot,1983,106692,quiet-riot,metal-health-bang-your-head,5EbiRRpaYB4,1983-01-01,0,2026-04-29T06:49:53.62585+00:00
14a2735f-4394-43e0-b0fc-26163f52c2b6,Quiet Riot,Slick Black Cadillac,Quiet Riot - Slick Black Cadillac,,,Slick Black Cadillac,Quiet Riot,1983,106697,quiet-riot,slick-black-cadillac,b9TAqNPktyw,1978-01-01,0,2026-03-26T05:27:23.886587+00:00
33b82788-daf8-418b-bb45-81514c2462c6,Quiet Riot,The Wild And The Young,Quiet Riot - The Wild And The Young,,,The Wild And The Young,Quiet Riot,1986-07-17,106687,quiet-riot,the-wild-and-the-young,eYQ8EEgXsrE,1986-01-01,0,2026-04-29T06:49:47.806413+00:00
a586ad93-c7cc-48b1-9afe-e56c567d4984,Qveen Herby,Sensational,Qveen Herby - Sensational,,,Sensational,Qveen Herby,2025-09-09,108046,qveen-herby,sensational-2,-Z7NtHjUnHM,2025-09-01,0,2026-04-29T06:50:14.284451+00:00
f8418149-7f19-4872-a9f8-adc8d3310b53,Rachel Chinouriri,Can We Talk About Isaac?,Rachel Chinouriri - Can We Talk About Isaac?,,,Can we talk about Isaac?,Rachel Chinouriri,2025-03-05,92468,rachel-chinouriri,can-we-talk-about-isaac,8YrElTX3pfA,2025-03-01,0,2026-04-29T06:51:06.614944+00:00
660d6220-9098-48dd-a0a8-3989a22121c4,Rachel Platten,Better Place,Rachel Platten - Better Place,,,Better Place,Rachel Platten,2016-01-01,106605,rachel-platten,better-place-2,pvI9PuGorwI,2016-05-01,0,2026-04-29T06:51:29.329714+00:00
7edd29fc-2435-4a72-a516-d456fa1d175a,Rachel Platten,Broken Glass,Rachel Platten - Broken Glass,,,Broken Glass,Rachel Platten,2017-10-27,106610,rachel-platten,broken-glass,b2390GAm4d0,2017-08-01,0,2026-04-29T06:51:26.857629+00:00
240c14fc-99a8-4d24-b18f-db27079df2dd,Rachel Platten,Fight Song,Rachel Platten - Fight Song,,,Fight Song,Rachel Platten,2016-01-01,106600,rachel-platten,fight-song,xo1VInw-SKc,2015-05-01,1,2026-04-23T16:12:37.847727+00:00
3368f2e4-c5ce-4801-ad57-63eba50d9207,Rachel Platten,Stand By You,Rachel Platten - Stand By You,,,Stand By You,Rachel Platten,2016-01-01,106614,rachel-platten,stand-by-you,bwB9EMpW8eY,2015-11-01,0,2026-04-29T06:51:31.327747+00:00
6222de17-3607-463e-be01-a9104e8b3510,Radiohead,Pop Is Dead,Radiohead - Pop Is Dead,,,,,,6832,radiohead,pop-is-dead,V2RTdIiM4po,1993-05-01,0,2026-04-29T06:52:53.423434+00:00
7e09b083-f1a3-40a0-8aa9-32caec265bab,Rag'n'Bone Man,Nights Like These,Rag'n'Bone Man - Nights Like These,,,Nights Like These (with Rag'n'Bone Man),"Rudimental, Rag'n'Bone Man",2025-08-22,106567,ragn-bone-man,nights-like-these,ijahKmNImlU,2025-08-01,0,2026-04-29T07:23:16.760271+00:00
7aa64dbe-569f-4c5a-b060-e7fe26d74c30,Rage Against The Machine,Wake Up,Rage Against The Machine - Wake Up,,,Wake Up,Rage Against The Machine,1992,99129,rage-against-the-machine,wake-up-7,4lzqUe1Qfec,1992-11-01,0,2026-04-29T06:53:01.708304+00:00
ea16def3-089a-4c88-81db-923de88b9562,Rain Paris,Time After Time,Rain Paris - Time After Time,,,Time After Time,Rain Paris,2025-02-28,92186,rain-paris,time-after-time-3,4Z1_N_pjAQM,2025-03-01,0,2026-04-29T06:53:40.295226+00:00
4aa08d13-6174-4ff1-88a8-3512ea0a2720,Rainbow Kitten Surprise,100 Summers,Rainbow Kitten Surprise - 100 Summers,,,100 Summers,Rainbow Kitten Surprise,2025-08-22,106557,rainbow-kitten-surprise,100-summers,LJShyapMTUI,2025-08-01,0,2026-04-29T06:53:44.485226+00:00
118e173d-a667-4524-8030-526db405be89,Rammstein,Du Hast,Rammstein - Du Hast,,,Du hast,Rammstein,1997-08-22,99124,rammstein,du-hast,W3q8Od5qJio,1997-07-01,0,2026-04-29T06:53:59.759274+00:00
02ce58a8-6679-4114-bcf1-775444a12054,Rancid,- Time Bomb,Rancid - - Time Bomb,,,,,,,,,,,1,2026-04-04T20:04:12.567545+00:00
3b0f171c-7aff-45da-b630-bdcaef3f0d2f,Raveena,Sun Don't Leave Me,Raveena - Sun Don't Leave Me,,,Sun Don't Leave Me,Raveena,2025-02-14,90938,raveena,sun-dont-leave-me,B5yraq9P0_8,2025-02-01,0,2026-04-29T06:54:46.332783+00:00
bf6e71b0-ae0c-440e-bd0e-09443e8bbb4b,RAYE,Where Is My Husband!,RAYE - Where Is My Husband!,,,WHERE IS MY HUSBAND!,RAYE,2025-09-19,108777,raye,where-is-my-husband,rK5TyISxZ_M,2025-09-01,0,2026-04-29T06:55:12.95856+00:00
46fb96e5-8bf4-448c-855c-824328ce71f9,RealestK,Deja Vu,RealestK - Deja Vu,,,Deja Vu,RealestK,2025-02-28,92783,realestk,deja-vu-5,za6dv-0OR8E,2025-02-01,0,2026-04-29T06:56:11.343962+00:00
620324bb-65be-4dc3-82c2-b633030e15e7,Rebecca Black,Salvation,Rebecca Black - Salvation,,,Salvation,Rebecca Black,2025-02-27,91881,rebecca-black,salvation-2,lLBPrAJf52E,2025-02-01,0,2026-04-29T06:56:18.307247+00:00
a0fc3189-1152-489e-9bf4-e904118978f3,Reckless Love,On The Radio,Reckless Love - On The Radio,,,,,,,,,,,2,2026-03-29T14:01:23.612492+00:00
4f89a934-ab78-4e25-8a56-5c5f900678cb,Reddings,Call The Law,Reddings - Call The Law,,,undefined,,,75284,reddings,call-the-law,i4GfjeaWUdE,1988-01-01,0,2026-04-29T06:58:38.375024+00:00
923a3478-faac-4f4b-9256-f8fa1b404004,Reddings,In My Pants,Reddings - In My Pants,,,undefined,,,75278,reddings,in-my-pants,es-sOogr8ps,1985-01-01,0,2026-04-29T06:58:42.472949+00:00
3bf37227-b948-4f3c-9c83-ec0c459465d7,Reddings,Parasite,Reddings - Parasite,,,undefined,,,75281,reddings,parasite-2,TlRfKzGPRek,1985-01-01,0,2026-04-29T06:58:40.430668+00:00
aa13418d-8aaa-4fd1-a51c-6c2dca382c98,Reddings,So In Love,Reddings - So In Love,,,undefined,,,75287,reddings,so-in-love-3,9CVqbGXTypc,1988-04-01,0,2026-04-29T06:58:36.019641+00:00
5e115620-2414-4a85-8bde-39fa9ab3a5f6,Rejjie Snow,Black Pancakes,Rejjie Snow - Black Pancakes,,,undefined,,,87513,rejjie-snow,black-pancakes,2JiDZSTO53w,2013-11-01,0,2026-04-29T07:00:41.108123+00:00
768d7e1d-10be-4f64-b910-c9e7868a00c9,Rejjie Snow,Lost In Empathy,Rejjie Snow - Lost In Empathy,,,undefined,,,87485,rejjie-snow,lost-in-empathy,o-3q0e-ZRsg,2013-02-01,0,2026-04-29T07:00:43.152096+00:00
cdc4e696-a519-4683-8118-6f3678a9f417,Rejjie Snow,Nights Over Georgia,Rejjie Snow - Nights Over Georgia,,,undefined,,,87490,rejjie-snow,nights-over-georgia,rXCMBlhat3s,2014-06-01,0,2026-04-29T07:00:39.046078+00:00
394a739b-8bed-4bbe-b474-cb77685dbfc2,Released On: 2013,08 - 21,Released On: 2013 - 08 - 21,,,,,,,,,,,1,2026-03-18T17:41:47.475348+00:00
cb57aff9-2e28-4237-ae09-587c5cc0df1f,Rema,Baby,Rema - Baby,,,Baby (Is it a Crime),Rema,2025-02-07,90345,rema,baby-is-it-a-crime,MsZhYgo9MoA,2025-02-01,0,2026-04-29T07:00:50.834494+00:00
68822257-5761-49f7-b2f1-c8e51a810e2c,Rema,Bout U,Rema - Bout U,,,Bout U,Rema,2025-04-10,95305,rema,bout-u,sqeGiNrLtlI,2025-04-01,0,2026-04-29T07:00:48.754504+00:00
a3343456-2e87-46d2-a0c2-482e6ab5ce20,Remedy,Living On The Edge,Remedy - Living On The Edge,,,,,,,,,,,1,2026-03-21T15:29:56.908341+00:00
e071dba1-e73b-4684-b2bc-8542d3daa719,Remi Wolf,Children Of The Baked Potato,Remi Wolf - Children Of The Baked Potato,,,Children of the Baked Potato,"Thundercat, Remi Wolf",2025-09-15,108687,remi-wolf,children-of-the-baked-potato,3qA2zGAH4jI,2025-09-01,0,2026-04-29T08:53:07.048921+00:00
22cfd975-9d83-44bf-b52f-4a2d136b7c13,Remy Bond,Simple Girl,Remy Bond - Simple Girl,,,Simple Girl,Remy Bond,2025-02-07,100847,remy-bond,simple-girl,COwr8Ns1c9k,2025-02-01,0,2026-04-29T07:01:20.075276+00:00
4bb5ac28-aefe-46ff-b9bd-99fdb04b6037,Ren,Back On 74 / Message In A Bottle Retake,Ren - Back On 74 / Message In A Bottle Retake,,,,,,62863,ren,back-on-74-message-in-a-bottle-retake,oqRaADSdJLE,2024-03-01,0,2026-04-29T07:04:43.365715+00:00
ce0ff7e2-21ed-4a0d-a62c-9d380356fe5f,Ren,Fire In The Booth,Ren - Fire In The Booth,,,,,,92867,ren,fire-in-the-booth,YHRDWotdCfE,2025-02-01,0,2026-04-29T07:04:31.839675+00:00
01f282b9-86f3-48c4-b3f8-58a14f1e7ff3,Ren,Halftime,Ren - Halftime,,,,,,64110,ren,halftime-nas-retake,e3_KfTO7dfw,2024-03-01,0,2026-04-29T07:04:40.842803+00:00
300df7b8-a221-4fd9-9a6a-bd2d794a8842,Ren,Mackay,Ren - Mackay,,,,,,64947,ren,mackay,TDrFh9RnpQ4,2024-03-01,0,2026-04-29T07:04:38.384887+00:00
085a271c-ec73-450b-8a64-7b901407ba32,Revolution Saints,"""Coming Home""","Revolution Saints - ""Coming Home""",,,,,,,,,,,1,2026-04-26T14:16:37.584577+00:00
69629b22-1a86-4361-9a61-63a9cf7867a7,Rex Orange County,Take A Drive,Rex Orange County - Take A Drive,,,Take A Drive,Rex Orange County,2025-09-09,108290,rex-orange-county,take-a-drive,P8-3tc_qfbQ,2025-09-01,0,2026-04-29T07:05:28.383339+00:00
8753b5e5-da9c-452c-b7a3-a745a217d059,Rezz,Edge,Rezz - Edge,,,Edge,Rezz,2016-01-22,98244,rezz,edge,9ebn_Mw7anc,2024-05-01,0,2026-04-29T07:06:08.854567+00:00
07e6aec5-bbcb-4274-ba44-96577a909093,Rezz,Upper,Rezz - Upper,,,Upper,Rezz,2025-09-12,108096,rezz,upper,62ks-CDZAzs,2025-09-01,0,2026-04-29T07:05:52.929494+00:00
2ea872d3-abd6-4ff8-b03b-4c0b476735bc,Rhea Raj,Pray On It,Rhea Raj - Pray On It,,,PRAY ON IT - Remix,"Rhea Raj, Talwiinder, Yung Raja",2025-01-31,91641,rhea-raj,pray-on-it,_gkXpX8CKp8,2025-01-01,0,2026-04-29T07:06:27.816685+00:00
d3f60665-07c2-4839-b531-91665e548412,Rich Brian,Little Ray Of Light,Rich Brian - Little Ray Of Light,,,Little Ray Of Light,Rich Brian,2025-03-14,93298,rich-brian,little-ray-of-light,JNFO40e10CA,2025-03-01,0,2026-04-29T07:06:48.013223+00:00
adc60fad-88ce-46a9-af39-39dd50364f0d,Richard Ashcroft,A Song For The Lovers,Richard Ashcroft - A Song For The Lovers,,,A Song For The Lovers,Richard Ashcroft,2000-01-01,99853,richard-ashcroft,a-song-for-the-lovers,3FVwCm1u8mA,2000-04-01,0,2026-04-29T07:07:10.812212+00:00
6b0fc491-844e-4cff-adf3-2d89cc5c64b3,Richard Ashcroft,Break The Night,Richard Ashcroft - Break The Night,,,Break The Night With Colour,Richard Ashcroft,2006-01-01,99873,richard-ashcroft,break-the-night,vbfgKANU2J0,2006-01-01,0,2026-04-29T07:07:04.198301+00:00
3ed04d27-d3b4-464a-bddd-f38cb75c3105,Richard Ashcroft,Hold On,Richard Ashcroft - Hold On,,,Hold On,Richard Ashcroft,2016-05-20,99863,richard-ashcroft,hold-on-6,YMjgA_EslBY,2016-05-01,0,2026-04-29T07:06:59.859286+00:00
02528d10-be37-4a8a-9021-5d9861d0de58,Richard Ashcroft,Lovin' You,Richard Ashcroft - Lovin' You,,,Lovin' You,Richard Ashcroft,2025-08-28,107716,richard-ashcroft,lovin-you,45kTMxA-mIo,2025-08-01,0,2026-04-29T07:06:53.348582+00:00
f4ea4db7-0861-48b1-89bd-e9ed96ca0d59,Richard Ashcroft,Music Is Power,Richard Ashcroft - Music Is Power,,,Music Is Power,Richard Ashcroft,2006-01-01,99848,richard-ashcroft,music-is-power,VBNPlgQHFI0,2006-04-01,0,2026-04-29T07:07:02.005369+00:00
3da38991-d1e6-4f0b-b1de-77309501c2fd,Richard Ashcroft,Science Of Silence,Richard Ashcroft - Science Of Silence,,,Science Of Silence,Richard Ashcroft,2002-01-01,99858,richard-ashcroft,science-of-silence,AQegLY3Hl7Q,2002-01-01,0,2026-04-29T07:07:08.626671+00:00
ae54de57-5270-433d-85cd-4d0b4cfeae47,Richard Ashcroft,They Don't Own Me,Richard Ashcroft - They Don't Own Me,,,They Don't Own Me,Richard Ashcroft,2016-05-20,99868,richard-ashcroft,they-dont-own-me,1hV2up62i1I,2016-08-01,0,2026-04-29T07:06:57.672054+00:00
87684134-e005-4808-b952-fc3cd2117d80,RICHARD JUDGE,Show Me Love,RICHARD JUDGE - Show Me Love,,,Show Me Love,"Robin Schulz, Richard Judge",2015-09-25,110032,richard-judge,show-me-love-3,DMg8LwfXdyc,2015-11-01,0,2026-04-29T07:14:47.294032+00:00
fe643f74-b484-4b07-91cb-d42d9472b058,Richard Marx,Magic Hour,Richard Marx - Magic Hour,,,Magic Hour,Richard Marx,2025-08-04,108333,richard-marx,magic-hour-2,Bw58tPe5jTA,2025-09-01,0,2026-04-29T07:07:16.177176+00:00
0e703945-2d0a-4076-9b1f-cbffaa74f89a,Richard Sanderson,Reality,Richard Sanderson - Reality,,,,,,,,,,,1,2026-04-18T16:08:46.079866+00:00
3a728c28-62bb-4070-833a-6b5326208f65,Rick James,Player's Way,Rick James - Player's Way,,,,,,77220,rick-james,players-way,d2S9OdbrQQ4,1997-10-01,1,2026-04-05T05:20:38.173095+00:00
580e11df-0ca4-429b-8021-44f919f5faf1,Rico Nasty,On The Low,Rico Nasty - On The Low,,,ON THE LOW,Rico Nasty,2025-03-26,95338,rico-nasty,on-the-low,UrCt16EthNM,2025-04-01,0,2026-04-29T07:09:01.695068+00:00
80ffc7c5-47f0-4de7-b400-c9bfdd12c45b,Rico Nasty,Teethsucker,Rico Nasty - Teethsucker,,,TEETHSUCKER (YEA3x),Rico Nasty,2025-02-20,91536,rico-nasty,teethsucker-yea3x,Xydmu4mbuzI,2025-02-01,0,2026-04-29T07:09:04.504386+00:00
6bea2928-9fa1-441d-8579-1d1e728bb5ee,Ride,All I Want,Ride - All I Want,,,All I Want,ライド,2017-06-16,91215,ride,all-i-want-3,zzSDDrtYpGY,2017-06-01,0,2026-04-29T07:09:27.830144+00:00
dd6b072f-0de6-4f68-a367-29344121cf12,Ride,Birdman,Ride - Birdman,,,Birdman - 2001 Remaster,ライド,1994-06-20,91181,ride,birdman,UgSa7BPpjFg,1994-04-01,0,2026-04-29T07:09:43.279236+00:00
90dda3f2-7866-4942-a36b-f8544dd50127,Ride,Black Nite Crash,Ride - Black Nite Crash,,,Black Nite Crash - 2001 Remaster,ライド,1996-03-11,91190,ride,black-nite-crash,gUee69Oo2sk,1996-02-01,0,2026-04-29T07:09:36.797655+00:00
fce3b40b-d6cf-47fa-b61f-0b70b76c5a28,Ride,Cali,Ride - Cali,,,Cali,ライド,2017-06-16,91224,ride,cali,X2Oi5OX4ql8,2017-08-01,0,2026-04-29T07:09:25.618725+00:00
42d67e5c-27df-4e97-8e90-d5cc28994849,Ride,Charm Assault,Ride - Charm Assault,,,Charm Assault,ライド,2017-06-16,91206,ride,charm-assault,nW_lRP2RqX8,2017-03-01,0,2026-04-29T07:09:32.513243+00:00
37172230-0f34-49a1-bd10-90b5a9e4c392,Ride,Clouds Of Saint Marie,Ride - Clouds Of Saint Marie,,,Clouds of Saint Marie,ライド,2019-08-16,91244,ride,clouds-of-saint-marie,BRv1I2a8CFE,2019-08-01,0,2026-04-29T07:09:15.902593+00:00
84d0ca73-77e9-4461-841b-fb6448b0945f,Ride,Dreams Burn Down,Ride - Dreams Burn Down,,,Dreams Burn Down - 2001 Remaster,ライド,1990-10-15,91158,ride,dreams-burn-down,tsmHP3ce010,1990-10-01,0,2026-04-29T07:10:00.526599+00:00
c81e223f-76c8-4b75-99d8-0fa73d8fa3d3,Ride,Future Love,Ride - Future Love,,,Future Love - Reimagined by Pêtr Aleksänder instrumental,"ライド, Pêtr Aleksänder",2020-05-01,91234,ride,future-love-2,3cN0vWnVaHU,2019-05-01,0,2026-04-29T07:09:20.77479+00:00
7a4821ed-5000-487a-b0b3-7503ac9abb9c,Ride,Home Is A Feeling,Ride - Home Is A Feeling,,,Home Is a Feeling,ライド,2017-06-16,91211,ride,home-is-a-feeling,A5xwjWbBbzo,2017-02-01,0,2026-04-29T07:09:34.663425+00:00
925884c7-cc2b-4c45-b15e-15c1c367146f,Ride,How Does It Feel To Feel?,Ride - How Does It Feel To Feel?,,,How Does It Feel to Feel? - 2001 Remaster,ライド,1994-06-20,91194,ride,how-does-it-feel-to-feel,Y8q08ydmqCs,1994-06-01,0,2026-04-29T07:09:41.101537+00:00
352ed73a-7bc4-4ceb-a803-0bfb4e2c179f,Ride,I Don't Know Where It Comes From,Ride - I Don't Know Where It Comes From,,,I Don't Know Where It Comes From - 2001 Remaster,ライド,1994-06-20,91186,ride,i-dont-know-where-it-comes-from,wa-cE3c-hAw,1994-12-01,0,2026-04-29T07:09:39.020952+00:00
ea0a83b0-5a03-46ea-a1b6-0a63e1ceb7ed,Ride,Lannoy Point,Ride - Lannoy Point,,,Lannoy Point,ライド,2017-06-16,91219,ride,lannoy-point,Wf2_GwDcGas,2017-06-01,0,2026-04-29T07:09:30.047547+00:00
a9fbd084-9e1e-472f-b650-283080994eac,Ride,Last Frontier,Ride - Last Frontier,,,Last Frontier,ライド,2024-03-29,91255,ride,last-frontier,KR31bfYn3NM,2024-02-01,0,2026-04-29T07:09:11.448478+00:00
8ca022e0-222e-496b-81ce-c622238d8cd8,Ride,Leave Them All Behind,Ride - Leave Them All Behind,,,Leave Them All Behind - 2001 Remaster,ライド,1992-03-09,91173,ride,leave-them-all-behind,4Tp0pqNRCOQ,1992-02-01,0,2026-04-29T07:09:47.589514+00:00
cea328fa-10f5-4df6-8c29-86bf148030b4,Ride,Monaco,Ride - Monaco,,,Monaco,ライド,2024-03-29,91260,ride,monaco-2,Oxdz6wnA-tU,2024-03-01,0,2026-04-29T07:09:09.289384+00:00
e213541b-1d24-42b7-95d3-e030039152f4,Ride,Nowhere,Ride - Nowhere,,,Nowhere - 2001 Remaster,ライド,1990-10-15,91168,ride,nowhere,NxGAC5inulE,1990-10-01,0,2026-04-29T07:09:56.346361+00:00
c6e9efd5-9733-450f-a4af-c6e7327b893c,Ride,Peace Sign,Ride - Peace Sign,,,Peace Sign,ライド,2024-03-29,91249,ride,peace-sign,CGnClWTNQRQ,2024-01-01,0,2026-04-29T07:09:13.625346+00:00
4c2dbf40-d2df-4df7-b654-8b6c26ac192c,Ride,Pulsar,Ride - Pulsar,,,Pulsar,ライド,2018-02-16,91229,ride,pulsar,PtMx316Vpvw,2017-11-01,0,2026-04-29T07:09:23.25725+00:00
b4fa6378-d951-4fbd-ac3b-24754eae5824,Ride,Repetition,Ride - Repetition,,,Repetition,ライド,2019-08-16,91239,ride,repetition,AzFCS75D5U8,2019-07-01,0,2026-04-29T07:09:18.159868+00:00
98b623a2-781a-4150-88ce-1e2306858cdc,Ride,Seagull,Ride - Seagull,,,Seagull - 2001 Remaster,ライド,1990-10-15,91162,ride,seagull,In9yq3oNqCg,1990-10-01,0,2026-04-29T07:09:58.435533+00:00
25d742e1-3392-436c-ae1e-7104f1483cc3,Ride,Sennen,Ride - Sennen,,,Sennen - 2001 Remaster,ライド,1990-10-15,91202,ride,sennen,_4FjWtH83Ho,1991-03-01,0,2026-04-29T07:09:51.891063+00:00
ae91db32-941c-48c0-8aee-96c8bbde507b,Ride,Taste,Ride - Taste,,,Taste - 2001 Remaster,ライド,1990-10-15,91150,ride,taste-2,APqGzOD0fUk,1990-10-01,0,2026-04-29T07:10:02.645712+00:00
77896cdd-bbeb-4e38-9cb7-adb86ff7df3c,Ride,Today,Ride - Today,,,Today - 2001 Remaster,ライド,1990-10-15,91198,ride,today,uSTZEkofIm4,1991-03-01,0,2026-04-29T07:09:54.230978+00:00
46a25741-ca53-4df9-be03-34a4bbd20bb9,Ride,Twisterella,Ride - Twisterella,,,Twisterella - 2001 Remaster,ライド,1992-03-09,91177,ride,twisterella,ieKPgFgiPj8,1992-04-01,0,2026-04-29T07:09:45.414731+00:00
f0767f4a-a455-43eb-860c-6eecf809c28b,Ride,Vapour Trail,Ride - Vapour Trail,,,Vapour Trail - 2001 Remaster,ライド,1990-10-15,91154,ride,vapour-trail,pVhNi5cU8mo,1991-04-01,0,2026-04-29T07:09:49.732215+00:00
382f655e-2291-4a4b-8431-00ecbdbb4d3b,RiFF RAFF,Strawberry Santa In Shaolin,RiFF RAFF - Strawberry Santa In Shaolin,,,Strawberry Santa in Shaolin,Riff Raff,2025-01-17,91104,riff-raff,strawberry-santa-in-shaolin,E1Wsw0EcLIo,2025-02-01,0,2026-04-29T07:10:06.947142+00:00
5cea20e7-b1be-457a-a8b1-5fccb937d5d5,Rina Sawayama,Terror,Rina Sawayama - Terror,,,,,,43859,rina-sawayama,terror,DjIDQ-EnyOk,2013-10-01,0,2026-04-29T07:11:32.496654+00:00
50cb03ba-83d0-4c61-be33-327aa321ee9c,Ringo Starr,Look Up,Ringo Starr - Look Up,,,,,,89297,ringo-starr,look-up,1SyYbLRlwKI,2025-01-01,0,2026-05-01T07:20:23.791548+00:00
71e669a2-cbda-4648-9dd0-e2bde08a0c4d,Rise Against,Nod,Rise Against - Nod,,,Nod,ライズ・アゲインスト,2025-01-23,90012,rise-against,nod,7WkrZi19q4U,2025-01-01,0,2026-04-29T07:12:18.63685+00:00
44e6d93d-ac03-428c-b1f3-e4c3cf9bef0c,Rita Ora,Coming Home,Rita Ora - Coming Home,,,Coming Home,"Sigma, Rita Ora",2015-12-04,107142,rita-ora,coming-home-7,tS26xch5U24,2015-11-01,0,2026-04-29T07:47:02.186986+00:00
6bdd4aa8-06dc-4514-b185-ece5265b5fd7,Rob Dougan,Clubbed To Death,Rob Dougan - Clubbed To Death,,,Clubbed to Death,"Rob Dougan, Maxence Cyrin",2015-11-13,99079,rob-dougan,clubbed-to-death-2,JlDBqvc7Mw0,1995-02-01,0,2026-04-29T07:13:25.134568+00:00
b07b3e35-da2c-41aa-abd5-8684f8de9201,Rob Zombie,Dragula,Rob Zombie - Dragula,,,Dragula,Rob Zombie,1998-01-01,99111,rob-zombie,dragula,EqQuihD0hoI,1998-08-01,1,2026-04-11T15:22:34.773961+00:00
1322d060-548e-4323-8053-7fd8f773e038,Rob49,Wthelly,Rob49 - Wthelly,,,WTHELLY,Rob49,2025-03-21,97972,rob49,wthelly,brJtbkV6Yq4,2025-03-01,0,2026-04-29T07:13:41.19539+00:00
49acad30-c58e-4ab3-a070-a22819eb8ed1,ROBBIE TRIPP,Walkin' On A Cloud,ROBBIE TRIPP - Walkin' On A Cloud,,,WALKIN' ON A CLOUD,Robbie Tripp,2025-08-22,106401,robbie-tripp,walkin-on-a-cloud,am6lxhDZSqg,2025-08-01,0,2026-04-29T07:13:43.931489+00:00
a25fca17-0e8f-4ba5-a9b7-534bea198624,Robbie Williams,Rock Dj,Robbie Williams - Rock Dj,,,Rock DJ,ロビー・ウィリアムズ,2013-01-01,89572,robbie-williams,rock-dj,o3HOYdlte8w,2025-01-01,0,2026-04-29T07:13:59.480844+00:00
f2bcb9e3-cfc5-439b-b1c9-6f6e10be3011,Robert Palmer,Addicted To Love,Robert Palmer - Addicted To Love,,,,,,,,,,,1,2026-04-25T06:21:04.30103+00:00
1d2a9125-9b4f-4e0e-a5aa-d1c74a8a1b45,Robert Plant,Gospel Plough,Robert Plant - Gospel Plough,,,Gospel Plough,Robert Plant,2025-08-14,105834,robert-plant,gospel-plough,jeMQsF5HiCs,2025-08-01,0,2026-04-29T07:14:10.049848+00:00
a4654c33-92d4-4b61-81f2-9dfeca2d7390,Robin Schulz,Sun Goes Down Feat. Jasmine Thompson,Robin Schulz - Sun Goes Down Feat. Jasmine Thompson,,,Sun Goes Down (feat. Jasmine Thompson) - Radio Mix,"Robin Schulz, Jasmine Thompson",2014-09-16,110022,jasmine-thompson,sun-goes-down,Mo4cmTaEDIk,2014-10-01,1,2026-04-10T17:57:47.051007+00:00
253be812-8a62-40c4-bc37-00503e83915e,Robin Zander,In This Country,Robin Zander - In This Country,,,,,,,,,,,1,2026-04-18T15:02:37.870951+00:00
b7022112-9d82-4d81-9f6c-a57af8c01fce,Robyn,'Do It Again',Robyn - 'Do It Again',,,Do It Again (True Electric),"Röyksopp, Robyn",2025-02-21,91523,robyn,do-it-again-3,PHZUkMsPBvw,2025-02-01,0,2026-04-29T07:23:04.613373+00:00
c0d1d9c4-8ee6-4d30-82e6-5c6802e59bb8,Rochelle Jordan,Doing It Too,Rochelle Jordan - Doing It Too,,,,,,131836,rochelle-jordan,doing-it-too,VIKQBN6mckQ,2026-04-01,0,2026-04-29T07:15:10.513347+00:00
6cdcb251-43b3-46d4-a1c8-4e1d8f051239,Rocket,Act Like Your Title,Rocket - Act Like Your Title,,,Act Like Your Title,Rocket,2025-08-20,107012,rocket,act-like-your-title,RRFlCNSKEmE,2025-08-01,0,2026-04-29T07:15:22.228912+00:00
dbeaf942-72b3-4503-a218-cf5d38ed0e8b,Rocket,Another Second Chance,Rocket - Another Second Chance,,,Another Second Chance,Rocket,2025-09-17,108889,rocket,another-second-chance,BMFWEEbFrgY,2025-09-01,0,2026-04-29T07:15:19.938602+00:00
da3b13ce-5b15-4e4f-b34f-acd5efbcbb00,Rocket,Take Your Aim,Rocket - Take Your Aim,,,Take Your Aim,Rocket,2025-02-05,90644,rocket,take-your-aim,U_vBDWZUUHc,2025-02-01,0,2026-04-29T07:15:26.521146+00:00
85901c35-c93b-4a6d-aae2-0a5f9a304857,Rod Stewart,Ole Ola,Rod Stewart - Ole Ola,,,,,,49383,rod-stewart,ole-ola-mulher-brasileira,eEniy4CmSZQ,1978-05-01,0,2026-04-29T07:16:33.176561+00:00
501f7e78-22d6-4bb6-9eb2-1a576e4aa597,Rod Wave,Feed The Streets,Rod Wave - Feed The Streets,,,,,,125647,rod-wave,feed-the-streets,yKr563bkO0E,2025-12-01,0,2026-04-29T07:16:57.326471+00:00
32e1764c-50d5-4e8c-8304-8cb4b01182ed,Roger Taylor,Chumps,Roger Taylor - Chumps,,,,,,128463,roger-taylor,chumps,nJuv-dzrpKw,2026-02-01,0,2026-04-29T07:17:28.640568+00:00
c9b0bb11-f943-4be2-a752-ba8fea220be0,ROLE MODEL,"Sally, When The Wine Runs Out","ROLE MODEL - Sally, When The Wine Runs Out",,,"Sally, When The Wine Runs Out",ROLE MODEL,2025-02-14,90953,role-model,sally-when-the-wine-runs-out,F1oKhsy8wGw,2025-02-01,0,2026-04-29T07:17:38.07035+00:00
d98c74ef-92ab-463c-a370-ea9287797f56,Rongravy,Virus Sigue Sigue Sputnik,Rongravy - Virus Sigue Sigue Sputnik,,,,,,,,,,,2,2026-04-04T19:18:23.860553+00:00
dbdf9d00-19cd-4988-82e5-1cac557435e5,Ronnie Hudson,La Coste,Ronnie Hudson - La Coste,,,undefined,,,74484,ronnie-hudson,la-coste-the-dance,Wh721BPhlb0,1983-01-01,0,2026-04-29T07:18:23.959589+00:00
e5fe833f-3b09-43bc-9e9a-19ef4bb67ff9,Rose Gray,April,Rose Gray - April,,,April,Rose Gray,2025-09-12,108383,rose-gray,april,vmTpU7OqRNE,2025-09-01,0,2026-04-29T07:19:07.505514+00:00
e022ecb6-837b-4263-b0b9-973f617abd44,Rose Gray,Everything Changes,Rose Gray - Everything Changes,,,Everything Changes (But I Won't),Rose Gray,2025-01-17,91375,rose-gray,everything-changes,ymZ6ofZEjVQ,2025-01-01,0,2026-04-29T07:19:09.700475+00:00
f7767b24-1d82-4bc8-9eaa-68bc5be9135a,Rose Royce,Love Me Right Now,Rose Royce - Love Me Right Now,,,,,,76847,rose-royce,love-me-right-now,YcAE9f25Y-U,1985-07-01,0,2026-04-29T07:19:20.803081+00:00
2fc3c0ae-34ba-4b54-ad3b-b1f15d3116e0,Rose Tattoo,Hard Road,Rose Tattoo - Hard Road,,,Hard Road,Rose Tattoo,2025-02-27,92172,rose-tattoo,hard-road,lIXWK_30X9s,2025-02-01,0,2026-04-29T07:19:43.156676+00:00
f4e77cdc-d263-4f73-a396-1bf188332d67,Roseanne Barr,Daddy's Home,Roseanne Barr - Daddy's Home,,,Daddy's Home,"Tom MacDonald, Roseanne Barr",2025-01-17,89835,roseanne-barr,daddys-home-2,nb7fAEQaJwE,2025-01-01,0,2026-04-29T09:00:24.06438+00:00
1e9ea6f8-b363-4f22-827e-fd12976e723c,Royal & The Serpent,Death Do Us Part,Royal & The Serpent - Death Do Us Part,,,Death Do Us Part,Royal & the Serpent,2025-03-14,93324,royal-the-serpent,death-do-us-part,XY1gkzAzht4,2025-03-01,0,2026-04-29T07:21:27.128148+00:00
41072189-1f0a-4348-a645-086920b6db25,Royal Republic,Stayin' Alive,Royal Republic - Stayin' Alive,,,Stayin' Alive,Royal Republic,2025-09-19,108917,royal-republic,stayin-alive-2,JvuCvGUpFpA,2025-09-01,0,2026-04-29T07:21:12.506233+00:00
759cb5d2-d034-4e97-8608-2269d15a8917,Royale Lynn,Greed,Royale Lynn - Greed,,,GREED,Royale Lynn,2025-04-16,97657,royale-lynn,greed-2,MQWG-etLkJk,2025-04-01,0,2026-04-29T07:22:25.402953+00:00
fb6d6c52-d475-4cfd-ac8b-6a298ee81140,Royale Lynn,Wtch,Royale Lynn - Wtch,,,WTCH,Royale Lynn,2025-06-27,107295,royale-lynn,wtch,H9dmxyJ5aCg,2025-06-01,0,2026-04-29T07:22:22.977683+00:00
b348f224-5da6-4076-b2c3-70a20eab706a,Royel Otis,I Hate This Tune,Royel Otis - I Hate This Tune,,,i hate this tune,Royel Otis,2025-08-22,107729,royel-otis,i-hate-this-tune,na3WiOPCuNI,2025-09-01,0,2026-04-29T07:22:36.721413+00:00
35729d30-04da-40a4-b88e-209812f27f22,Royel Otis,Who’s Your Boyfriend,Royel Otis - Who’s Your Boyfriend,,,who’s your boyfriend,Royel Otis,2025-08-21,106120,royel-otis,whos-your-boyfriend,IwyPhKiSJlU,2025-08-01,0,2026-04-29T07:22:38.946577+00:00
9f6c92d6-00dd-4c0f-ae08-d2143515a8d2,Röyksopp,Running To The Sea,Röyksopp - Running To The Sea,,,Running To The Sea (True Electric),"Röyksopp, Susanne Sundfør",2025-03-21,95095,royksopp,running-to-the-sea,5ZBE5DgxCAw,2025-03-01,0,2026-04-29T07:23:02.457373+00:00
47b483f1-8c6c-4d08-8eef-4f15909b858d,Ruel,The Suburbs,Ruel - The Suburbs,,,The Suburbs,Ruel,2025-08-21,106415,ruel,the-suburbs,2NKXeFArD0w,2025-08-01,0,2026-04-29T07:23:40.530793+00:00
5580f912-9e9c-4c87-89ca-76d678dafad2,RÜFÜS DU SOL,In The Moment,RÜFÜS DU SOL - In The Moment,,,In the Moment - Adriatique Remix,"RÜFÜS DU SOL, Adriatique",2025-04-04,98161,rufus-du-sol,in-the-moment-2,qP6xBFfTGeI,2025-04-01,0,2026-04-29T07:23:52.070701+00:00
adf5185d-f7e1-41f2-a7e5-0cad9f36ec6c,Russ,April 7,Russ - April 7,,,April 7,Russ,2025-04-04,94942,russ,april-7,6_zcWBR2LMg,2025-04-01,0,2026-04-29T07:25:00.139361+00:00
3fcc425c-ea05-4508-bec5-9d4a7a6f23b2,Ryo(⤴️⤵️),Never Fall In Love Again,Ryo(⤴️⤵️) - Never Fall In Love Again,,,,,,,,,,,1,2026-04-04T19:27:58.412511+00:00
afeec033-f9a0-4672-80b5-e0456148be0d,S1RENA,Liebe Geht Drauf,S1RENA - Liebe Geht Drauf,,,Liebe geht drauf,S1RENA,2025-02-07,103969,s1rena,liebe-geht-drauf,l-TYzgIIPJ0,2025-02-01,0,2026-04-29T07:26:02.657492+00:00
dd3803f8-5e08-4f9a-ad19-31c6f4533a56,S1RENA,Planet,S1RENA - Planet,,,PLANET,S1RENA,2025-04-11,103964,s1rena,planet,8XtNlfVIlm0,2025-04-01,0,2026-04-29T07:26:00.457114+00:00
af32a0fb-f8f0-4e84-9f97-2c756e6bc3dc,Sabrina,Alone,Sabrina - Alone,,,Alone,sabrina,2025-05-20,107783,sabrina,alone-11,LYsSYC9CFmw,2025-09-01,0,2026-04-29T07:27:10.913205+00:00
495da6c5-fee1-48cf-a382-b3305473eb6f,Sabrina,Faraway,Sabrina - Faraway,,,Faraway,sabrina,2025-06-27,107330,sabrina,faraway,UgH0Yi5zigU,2025-08-01,0,2026-04-29T07:27:13.399432+00:00
e1fc0dc6-b69c-4979-aa3a-1958bf41274c,Sabrina Carpenter,15 Minutes,Sabrina Carpenter - 15 Minutes,,,15 Minutes,サブリナ・カーペンター,2025-02-14,90737,sabrina-carpenter,15-minutes-2,J1VP4VHlUr0,2025-02-01,0,2026-04-29T07:26:39.875687+00:00
da806e75-573f-4f96-84ff-a603a95b0361,Sabrina Carpenter,Busy Woman,Sabrina Carpenter - Busy Woman,,,Busy Woman,Sabrina Carpenter,2025-02-14,91729,sabrina-carpenter,busy-woman,3m6NBnqLc-g,2025-02-01,0,2026-04-29T07:26:41.952292+00:00
84a98e93-906c-4059-bc9b-749197007b1d,Sabrina Carpenter,My Man On Willpower,Sabrina Carpenter - My Man On Willpower,,,My Man on Willpower,Sabrina Carpenter,2025-08-29,106944,sabrina-carpenter,my-man-on-willpower,KbzNB2sRnVQ,2025-08-01,0,2026-04-29T07:26:30.215866+00:00
64b21063-1981-41c6-b656-b47c56e400f8,Sabrina Carpenter,Tears,Sabrina Carpenter - Tears,,,Tears,Sabrina Carpenter,2025-08-29,106630,sabrina-carpenter,tears-4,V9vuCByb6js,2025-08-01,0,2026-04-29T07:26:35.324482+00:00
4fc19c01-ea9a-48f4-9107-ddcadc761316,Sabrina Carpenter,The Life Of A Showgirl,Sabrina Carpenter - The Life Of A Showgirl,,,The Life of a Showgirl (feat. Sabrina Carpenter),"Taylor Swift, Sabrina Carpenter",2025-10-03,110091,sabrina-carpenter,the-life-of-a-showgirl,slUhVTAznMo,2025-10-01,0,2026-04-29T08:40:55.114743+00:00
dead6e8c-4a9c-46e8-a7b1-89505c0d0d62,Sabrina Carpenter,When Did You Get Hot?,Sabrina Carpenter - When Did You Get Hot?,,,When Did You Get Hot?,Sabrina Carpenter,2025-08-29,106930,sabrina-carpenter,when-did-you-get-hot,bnhV-OBnGCE,2025-08-01,0,2026-04-29T07:26:32.565209+00:00
8de98e7b-b2d3-4534-a2c7-9b04e4e829e2,Sabrina Claudio,Before It's Too Late,Sabrina Claudio - Before It's Too Late,,,Before It's Too Late,Sabrina Claudio,2025-04-11,95301,sabrina-claudio,before-its-too-late,MT3EUSaEh0g,2025-04-01,0,2026-04-29T07:27:03.800078+00:00
fb0b32af-a571-4e6c-9a72-df7b930d0bd6,Sabrina Claudio,Need U To Need Me,Sabrina Claudio - Need U To Need Me,,,Need U To Need Me,Sabrina Claudio,2025-03-07,92640,sabrina-claudio,need-u-to-need-me,BwfhJst36GQ,2025-03-01,0,2026-04-29T07:27:05.917956+00:00
f4fc204a-b620-4601-b422-c297cd05a8d6,Sade,Smooth Operator - Official - 1984,Sade - Smooth Operator - Official - 1984,,,,,,,,,,,1,2026-04-24T15:49:58.496446+00:00
b707476a-2581-4cd6-9d0a-d34cd65da85d,SAILORR,Cut Up,SAILORR - Cut Up,,,CUT UP,SAILORR,2025-02-13,91766,sailorr,cut-up,WQ7jmbj99V4,2025-02-01,0,2026-04-29T07:27:44.373901+00:00
08db5336-64aa-42f5-a1e0-0c649ef69f95,SAILORR,Down Bad,SAILORR - Down Bad,,,DOWN BAD,SAILORR,2025-04-04,95353,sailorr,down-bad,st74boNsmEs,2025-04-01,0,2026-04-29T07:27:42.240555+00:00
f73b6f23-6b58-4dce-a4b0-9c677b74dae7,Saint Etienne,Take Me To The Pilot,Saint Etienne - Take Me To The Pilot,,,Take Me To The Pilot,Saint Etienne,2025-09-05,108682,saint-etienne,take-me-to-the-pilot,eJAq3Um7ynk,2025-09-01,0,2026-04-29T07:27:56.738357+00:00
7f3f4529-8dfe-477c-b4ee-6e3cd823cbb6,Saint Levant,Diva,Saint Levant - Diva,,,DIVA / بنت الذهبية,Saint Levant,2025-02-14,90828,saint-levant,diva-3,EVAtGsRn5yg,2025-02-01,0,2026-04-29T07:28:07.586378+00:00
a9dde248-a85f-4f63-8373-06faeba8e28b,SAINT MOTEL,Get It At Home,SAINT MOTEL - Get It At Home,,,Get It At Home,Saint Motel,2025-02-14,93907,saint-motel,get-it-at-home,SGJdwT7K8QE,2025-03-01,0,2026-04-29T07:28:09.660471+00:00
7eb9124a-c0b8-4a49-a182-c49b7c193419,Sak Noel,Enamorando,Sak Noel - Enamorando,,,undefined,,,73169,sak-noel,enamorando,Dim0Yg5ewrQ,2024-07-01,0,2026-04-29T07:28:18.548563+00:00
728d0c08-76de-4265-a591-e5e566459dbf,Sak Noel,Yalla Macarena,Sak Noel - Yalla Macarena,,,,,,67605,sak-noel,yalla-macarena,qq57uc8Zy_g,2024-05-01,0,2026-04-29T07:28:20.621045+00:00
2f70e6fc-7b64-40a8-9a13-03d86f9b9756,Sam Fender,Arm's Length,Sam Fender - Arm's Length,,,Arm's Length,Sam Fender,2025-01-24,91029,sam-fender,arms-length,-jcpbmED1D8,2025-01-01,0,2026-04-29T07:29:14.40413+00:00
db367368-86e6-433a-87d8-b949a2b2154a,Sam Fender,Crumbling Empire,Sam Fender - Crumbling Empire,,,Crumbling Empire,Sam Fender,2025-02-21,92931,sam-fender,crumbling-empire,0nL_IadRLm0,2025-02-01,0,2026-04-29T07:29:09.849176+00:00
ecfbe4ea-6b90-4059-b841-e3ab80e22565,Sam Fender,Rein Me In,Sam Fender - Rein Me In,,,Rein Me In,Sam Fender,2025-02-21,91449,sam-fender,rein-me-in,KO5crgJYMfQ,2025-02-01,0,2026-04-29T07:29:12.008302+00:00
608c8933-2f9d-4333-9850-aeaa3f5e0f4e,Sam Gellaitry,Curious,Sam Gellaitry - Curious,,,CURIOUS (feat. Toro y Moi),"Sam Gellaitry, Toro y Moi",2025-09-08,108184,sam-gellaitry,curious-2,e7QlrpLLwNg,2025-09-01,0,2026-04-29T07:29:29.952037+00:00
2b15362b-05f6-42a7-888d-c232db877bd0,Sam Ryder,White Lies,Sam Ryder - White Lies,,,White Lies,Sam Ryder,2025-03-21,94153,sam-ryder,white-lies-3,OZgj-lq0UXY,2025-03-01,0,2026-04-29T07:29:39.249799+00:00
7f30481c-dcb0-4ac7-a11a-89334f1598df,Sam Ryder,You’re Christmas To Me,Sam Ryder - You’re Christmas To Me,,,undefined,,,59210,sam-ryder,youre-christmas-to-me,GhRJJ0PEXVc,2023-12-01,0,2026-04-29T07:29:41.3695+00:00
97604347-170f-40ce-a81f-0b785db7c6d6,Sam Smith,I'm Not The Only One,Sam Smith - I'm Not The Only One,,,,,,,,,,,1,2026-04-19T14:29:23.014706+00:00
72b2c128-81e4-4091-a187-6e0b498c66da,Sam Smith,Love Is A Stillness,Sam Smith - Love Is A Stillness,,,Love Is A Stillness,サム・スミス,2025-02-14,90906,sam-smith,love-is-a-stillness,T1dteQXWKZs,2025-02-01,0,2026-04-29T07:29:47.703531+00:00
97341658-43a7-4fde-8cbc-6806cba84693,Samantha The Bomb,Assumin',Samantha The Bomb - Assumin',,,Assumin',Samantha The Bomb,2025-07-18,106505,samantha-the-bomb,assumin,-rV8WIsw4Q8,2025-08-01,0,2026-04-29T07:30:18.746972+00:00
669babe1-ee10-4fbb-8aa3-8b799c0cfcaf,Samara Cyn,Pop N Olive,Samara Cyn - Pop N Olive,,,Pop n Olive,"Samara Cyn, Sherwyn",2025-03-04,92395,samara-cyn,pop-n-olive,VjapBq2QOY4,2025-03-01,0,2026-04-29T07:30:20.865719+00:00
1636112a-78cc-41fc-be20-7553bcbfcf99,Samurai Pizza Cats,Pandastruck,Samurai Pizza Cats - Pandastruck,,,Pandastruck,Samurai Pizza Cats,2025-03-20,93960,samurai-pizza-cats,pandastruck,LHQ4_qsmk6o,2025-03-01,0,2026-04-29T07:30:46.857024+00:00
f69db31c-cb28-436d-a6d2-046128e3f2e2,Santa Esmeralda,The Green Talisman,Santa Esmeralda - The Green Talisman,,,,,,80875,santa-esmeralda,the-green-talisman,rnG6_x0C2j0,1982-01-01,0,2026-04-29T07:30:53.862725+00:00
d8bbdfd1-71f5-46bf-840c-141ea011ece2,Santa Esmeralda,The Wages Of Sin,Santa Esmeralda - The Wages Of Sin,,,,,,80863,santa-esmeralda,the-wages-of-sin,nw0hF8wfYAU,1978-01-01,0,2026-04-29T07:31:02.122616+00:00
2146c20d-bf4c-4271-9490-2fa3b9dc062e,Sara Kays,Bench Sitter,Sara Kays - Bench Sitter,,,Bench Sitter,Sara Kays,2025-01-10,91713,sara-kays,bench-sitter,IGNun22tyvQ,2025-01-01,0,2026-04-29T07:31:23.65266+00:00
f2ea6b27-875e-4e7c-9bbd-102a6035f58f,Sara Kays,Roundabout,Sara Kays - Roundabout,,,Roundabout,Sara Kays,2025-02-21,91708,sara-kays,roundabout,N04M4WIQhf4,2025-02-01,0,2026-04-29T07:31:21.401888+00:00
e432397b-c08f-489c-a461-71c7f2b69a53,Sarina,If You Need Me To Be The Villain,Sarina - If You Need Me To Be The Villain,,,If you need me to be the villain (Then maybe I am),Sarina,2025-08-08,106542,sarina,if-you-need-me-to-be-the-villain-then-maybe-i-am,Ob1z2KlLMLQ,2025-08-01,0,2026-04-29T07:31:50.640646+00:00
e75beb23-b9aa-488b-8cd9-0200997aad0b,Save Me Tonight,Jennifer Lopez & David Guetta,Save Me Tonight - Jennifer Lopez & David Guetta,,,,,,,,,,,1,2026-03-20T05:12:49.84487+00:00
170c3d8b-7b2a-4103-affa-72143b29989f,Saweetie,Immortal Freestyle,Saweetie - Immortal Freestyle,,,undefined,,,60586,saweetie,immortal-freestyle,vVLl0xI_qD0,2024-01-01,0,2026-04-29T07:33:38.622242+00:00
61ba4bb5-7dd3-4aa4-b83b-dc8b1027d570,Say Now,Can't Keep A Beat,Say Now - Can't Keep A Beat,,,Can't Keep A Beat,Say Now,2025-04-17,97722,say-now,cant-keep-a-beat,f1ogxTFufIc,2025-04-01,0,2026-04-29T07:34:08.782178+00:00
3362592a-8801-46bd-86f3-367cf59b03bd,ScHoolboy Q,Cooties,ScHoolboy Q - Cooties,,,,,,62440,schoolboy-q,cooties,5-DPlsLvXsU,2024-02-01,0,2026-04-29T07:34:32.262556+00:00
82079955-87e0-44fe-8ac1-d02dc22782d1,Scissor Sisters,I Don't Feel Like Dancin',Scissor Sisters - I Don't Feel Like Dancin',,,I Don't Feel Like Dancin',Scissor Sisters,2006-01-01,98826,scissor-sisters,i-dont-feel-like-dancin,4H5I6y1Qvz0,2006-09-01,0,2026-04-29T07:34:44.853309+00:00
9c0f1db0-adbf-482c-96ae-fe9af9b38a82,Scissor Sisters,Let's Have A Kiki,Scissor Sisters - Let's Have A Kiki,,,Let's Have A Kiki,Scissor Sisters,2012-01-01,98831,scissor-sisters,lets-have-a-kiki,eGCD4xb-Tr8,2012-07-01,0,2026-04-29T07:34:42.784843+00:00
f5f6c7d8-ef59-4a75-b76c-5136ecbb7260,Scissor Sisters,Only The Horses,Scissor Sisters - Only The Horses,,,Only The Horses,Scissor Sisters,2012-01-01,98841,scissor-sisters,only-the-horses,E3m-XH1Kij0,2025-04-01,0,2026-04-29T07:34:40.647661+00:00
f1b61ff9-28b2-469b-8854-6f52562ca3a1,Scissor Sisters,Take Your Mama,Scissor Sisters - Take Your Mama,,,Take Your Mama,Scissor Sisters,2004-02-02,98836,scissor-sisters,take-your-mama,od7-fyGa9DQ,2004-03-01,0,2026-04-29T07:34:47.225165+00:00
b5c78983-0abb-4e9d-8deb-f8ebba27af80,Scorpions,Send Me An Angel,Scorpions - Send Me An Angel,,,,,,,,,,,1,2026-04-02T00:40:30.855416+00:00
fe93de45-efb7-410a-9d47-f68e068eb7e9,Scowl,B.a.b.e.,Scowl - B.a.b.e.,,,B.A.B.E.,Scowl,2025-02-11,91017,scowl,b-a-b-e,u_mZbGUJRC4,2025-02-01,0,2026-04-29T07:35:22.671858+00:00
61848ac2-4b83-4b6c-8b8d-6627c073df3d,Scowl,Fantasy,Scowl - Fantasy,,,Fantasy,Scowl,2025-04-04,94884,scowl,fantasy-8,VEro4qn5RcE,2025-04-01,0,2026-04-29T07:35:18.163352+00:00
885c9415-22d0-447e-baf3-0b2104b723d0,Scowl,Tonight,Scowl - Tonight,,,Tonight (I’m Afraid),Scowl,2025-03-04,92400,scowl,tonight-7,lEb_4NrvN9Q,2025-03-01,0,2026-04-29T07:35:20.369636+00:00
23ea5c39-4ef9-432c-95dd-911d747961b7,screensaver,Strange Anxiety,screensaver - Strange Anxiety,,,,,,41303,screensaver,strange-anxiety-jl-remix,HUvMtGJ2AYQ,2020-10-01,0,2026-04-29T07:35:34.142769+00:00
6e1a134e-ed6b-4211-8efc-05756e36d5b1,Sean P East,Sean Paulin,Sean P East - Sean Paulin,,,Sean Paulin,"Sean P East, Youngbloodz",2025-07-25,110180,sean-p-east,sean-paulin,oBWXuiuLplY,2025-08-01,0,2026-04-29T07:36:33.752355+00:00
19bb7473-f73d-4064-a7dc-6e9f3972f8cc,Sebastian Bach,To Live Again,Sebastian Bach - To Live Again,,,To Live Again,セバスチャン・バック,2024-05-10,90620,sebastian-bach,to-live-again,k8Bwp9XEDFU,2025-02-01,0,2026-04-29T07:36:53.700513+00:00
ab2d596f-a4a4-4d71-b258-10033fa17129,Sekou,Catching Bodies,Sekou - Catching Bodies,,,Catching Bodies,Sekou,2025-08-14,105949,sekou,catching-bodies,1nHZvk7CaE0,2025-08-01,0,2026-04-29T07:37:28.965776+00:00
2ea3141e-ceb9-42b6-bfcf-21a371412860,Sekou,Never Gunna Give You Up,Sekou - Never Gunna Give You Up,,,Never Gunna Give You Up,Sekou,2025-10-03,110065,sekou,never-gunna-give-you-up,Yf2T3sgzKAQ,2025-10-01,0,2026-04-29T07:37:26.810162+00:00
f2d6b24c-2562-4b3b-b45b-9bffb9a25846,Selena Gomez,Stained,Selena Gomez - Stained,,,Stained,Selena Gomez,2025-03-28,94635,selena-gomez,stained,YQzYJWS387I,2025-03-01,0,2026-04-29T07:37:40.182087+00:00
d9e3b00b-f97e-41b7-b23f-7d5a965e1c4c,Self Esteem,69,Self Esteem - 69,,,69,Self Esteem,2025-02-14,90857,self-esteem,69,QkLOqW1nbHI,2025-01-01,0,2026-04-29T07:38:04.093746+00:00
5d6da638-3ae3-48f2-8405-d46065847878,Self Esteem,Focus Is Power,Self Esteem - Focus Is Power,,,Focus Is Power,Self Esteem,2025-01-21,90862,self-esteem,focus-is-power,DgVqgud0L1c,2025-01-01,0,2026-04-29T07:38:06.14169+00:00
915a442d-2607-42bc-9a1b-470a06c1544c,Sepalot,Rainbows,Sepalot - Rainbows,,,Rainbows - Live,"Sepalot, Fabian Füss, Angela Aux, Matthias Lindermayr",2018-11-02,107376,sepalot,rainbows-3,MWMve5BzJ6g,2011-10-01,0,2026-04-29T07:38:17.191854+00:00
d1e91fbf-8309-4724-aac7-edcba927cefa,Sevdaliza,Strong Because You Are,Sevdaliza - Strong Because You Are,,,Strong Because You Are,Sevdaliza,2025-09-19,108937,sevdaliza,strong-because-you-are,ZcRWZvFBwMk,2025-09-01,0,2026-04-29T07:38:59.543464+00:00
f5a2d52e-6371-43f8-b9f7-07574526c52c,Sevenn,Candela,Sevenn - Candela,,,Candela - Radio Edit,Sevenn,2025-02-07,102453,sevenn,candela,n3Nc6nNo6Q0,2025-02-01,0,2026-04-29T07:39:24.231671+00:00
c85a19f9-433e-497a-a14c-4731d0715e67,Sevenn,No Salio,Sevenn - No Salio,,,No Salio - Radio Edit,Sevenn,2025-03-28,102448,sevenn,no-salio,XUOnVc4C33w,2025-03-01,0,2026-04-29T07:39:22.102838+00:00
541522f0-49d6-454b-9bce-7cc6aa599484,Sevenn,Seduction,Sevenn - Seduction,,,Seduction - Radio Edit,Sevenn,2025-04-18,101718,sevenn,seduction,ZTWxzMuMsdk,2025-04-01,0,2026-04-29T07:39:19.818112+00:00
a6ed59ed-9c2f-4bef-9318-67cf7712e2a5,Shaboozey,Took A Walk,Shaboozey - Took A Walk,,,Took A Walk - from The Long Walk,"Shaboozey, Stephen Wilson Jr.",2025-09-05,107773,shaboozey,took-a-walk,xdI_3GdLt8g,2025-09-01,0,2026-04-29T07:40:04.870048+00:00
1dcf0ebe-45f9-4e77-bbd1-a6ea851fb809,Shaggy,Til A Mawnin,Shaggy - Til A Mawnin,,,Til A Mawnin (feat. Sting),"Shaggy, Sting",2025-02-27,91899,shaggy,til-a-mawnin,0de7lsvHVVc,2025-02-01,0,2026-04-29T07:40:42.182009+00:00
e3f924b6-0eb7-4d30-ac15-9c10670bc32b,Shakira,Waka Waka,Shakira - Waka Waka,,,,,,,,,,,1,2026-03-31T00:40:36.201476+00:00
8cd878bc-7f2e-48cd-a9cb-64f9bdd47074,shame,Spartak,shame - Spartak,,,Spartak,shame,2025-08-13,106154,shame,spartak,u4G3_9UFLDc,2025-08-01,0,2026-04-29T07:41:32.026834+00:00
c304605f-8bc5-4286-a1d2-072a1d7637cc,Shawn Mendes,Isn’t That Enough,Shawn Mendes - Isn’t That Enough,,,,,,77284,shawn-mendes,isnt-that-enough,zGDDXAFw6L8,2024-08-01,0,2026-04-29T07:42:32.602857+00:00
d9c20ce5-416d-4ee0-bb15-8bfc9a7b323a,she's green,Little Birds,she's green - Little Birds,,,Little Birds,she's green,2025-08-15,107223,shes-green,little-birds,nshACNYnVOQ,2025-08-01,0,2026-04-29T07:44:06.432044+00:00
f44d5cce-8127-4fc0-abfb-3c57cb37c6aa,she's green,Willow,she's green - Willow,,,Willow,she's green,2025-07-17,107227,shes-green,willow-2,QtF2r1fjWCw,2025-07-01,0,2026-04-29T07:44:08.461973+00:00
af61ca81-8aa2-4908-acd7-55383cb371d4,Sheck Wes,Ilmb,Sheck Wes - Ilmb,,,ILMB (feat. Travis Scott),"Sheck Wes, Travis Scott",2025-04-09,95314,sheck-wes,ilmb,qG6pQYhjOBw,2025-04-01,0,2026-04-29T07:42:54.244371+00:00
6c7bb48a-8fa5-4765-9b22-2b7f42051368,Sheila E.,Holly Rock,Sheila E. - Holly Rock,,,undefined,,,82515,sheila-e,holly-rock-2,9Wz7C-qiJ9I,1986-07-01,0,2026-04-29T07:43:18.434386+00:00
849dad08-80a8-488c-9ce5-33d3f5d47e17,Shinedown,"Dance, Kid, Dance","Shinedown - Dance, Kid, Dance",,,"Dance, Kid, Dance",Shinedown,2025-01-24,94947,shinedown,dance-kid-dance,f6JC-rCWGAc,2025-04-01,0,2026-04-29T07:44:19.911909+00:00
c33c9bb4-9c28-4963-b8f0-5312646e2324,Shiraz Lane,Dangerous,Shiraz Lane - Dangerous,,,Dangerous,Shiraz Lane,2025-02-26,92921,shiraz-lane,dangerous-6,-OVBGjD5tcI,2025-02-01,0,2026-04-29T07:44:41.677929+00:00
1d7b3d78-a583-4323-a28e-19e381d9c9ab,Shiraz Lane,Out There Somewhere // Official Music Video,Shiraz Lane - Out There Somewhere // Official Music Video,,,,,,,,,,,1,2026-04-04T20:01:11.11714+00:00
ed057fdb-50e3-4791-96ce-e552a5011467,Shock,Electrophonic Phunk,Shock - Electrophonic Phunk,,,,,,74374,shock,electrophonic-phunk,ResWPKhHicM,1982-01-01,0,2026-04-29T07:44:50.026034+00:00
c515fd50-19f0-498a-b575-14f703685456,Shock,San Juan,Shock - San Juan,,,undefined,,,74378,shock,san-juan,qsV76S4u1kA,1983-01-01,0,2026-04-29T07:44:47.888032+00:00
2a20ec3a-6a32-4e2e-b80a-4d60264e2c1a,Shock,That's A Lady,Shock - That's A Lady,,,undefined,,,74370,shock,thats-a-lady,qXnA9oYuo0g,1982-01-01,0,2026-04-29T07:44:52.121722+00:00
289949d5-b72b-42ea-acb1-6c635ac43903,SHOUSE,Call My Name,SHOUSE - Call My Name,,,Call My Name,Shouse,2025-03-14,94143,shouse,call-my-name-3,kOzAL-shS1o,2025-03-01,0,2026-04-29T07:45:05.996362+00:00
5115cf39-ee22-4229-95da-ed5e10e587b4,Show Me Body,Sabotage,Show Me Body - Sabotage,,,Sabotage,Show Me the Body,2025-10-01,110307,show-me-body,sabotage-2,wDNBxFimlzE,2025-10-01,0,2026-04-29T07:45:10.516001+00:00
45c06cfb-321b-4cdb-9d4d-1fec79f6fe88,Shura,2shy,Shura - 2shy,,,2Shy,Shura,2016-07-08,91951,shura,2shy,8gtREooYQ9w,2015-04-01,0,2026-04-29T07:45:21.32399+00:00
19140b42-66c5-4636-8150-23f548912d05,Shura,Indecision,Shura - Indecision,,,Indecision - Jungle Remix,"Shura, Jungle",2016-02-05,91956,shura,indecision,zpZCRfrVI48,2015-01-01,0,2026-04-29T07:45:23.408968+00:00
1e37be3a-c73c-4977-8d6a-7213dd423782,Shura,Touch,Shura - Touch,,,Touch,Shura,2016-07-08,91936,shura,touch-3,x2AOjb9HW2E,2014-03-01,0,2026-04-29T07:45:25.408407+00:00
1a16f0f8-6bb1-40b9-858a-7adbb7fad2d4,Shura,What's It Gonna Be?,Shura - What's It Gonna Be?,,,What's It Gonna Be?,Shura,2016-07-08,91941,shura,whats-it-gonna-be-2,nJ4uBdmnKds,2016-06-01,0,2026-04-29T07:45:17.152167+00:00
05dadc5c-c74c-4f01-9d44-5a71dff6880c,Shura,White Light,Shura - White Light,,,White Light - Radio Edit / 2015 Version,Shura,2016-02-05,91946,shura,white-light-2,_N8mONNW_Ik,2015-06-01,0,2026-04-29T07:45:19.249769+00:00
93702f8a-35c9-49eb-99ea-fae66ae6f9ab,Shura,World’s Worst Girlfriend,Shura - World’s Worst Girlfriend,,,World's Worst Girlfriend,Shura,2025-04-16,100159,shura,worlds-worst-girlfriend,UDrrsPjuRhE,2025-04-01,0,2026-04-29T07:45:12.870575+00:00
5e812499-3e68-4de4-8455-0fc2f4fec027,Shygirl,Fuck Me,Shygirl - Fuck Me,,,undefined,,,87148,shygirl,fuck-me-2,6JfhBKTPotc,2024-12-01,0,2026-04-29T07:45:36.084559+00:00
156861b8-b261-4310-a9f3-b5083db3ca88,Sia,An Everyday Is Christmas Medley,Sia - An Everyday Is Christmas Medley,,,undefined,,,58720,sia,an-everyday-is-christmas-medley,h_Hllo-7tcs,2023-12-01,0,2026-04-29T07:46:02.017604+00:00
0a7a4542-5d5b-4540-9271-6d5684f47d60,Sick Puppies,Friends Like You,Sick Puppies - Friends Like You,,,FRIENDS LIKE YOU,SICK PUPPIES,2025-02-14,90997,sick-puppies,friends-like-you,IDWWYzdh_ds,2025-02-01,0,2026-04-29T07:46:09.243135+00:00
a70407cd-18e2-49cb-91c1-57bc0d94a3e8,Sickick,Nasty,Sickick - Nasty,,,Nasty,Sickick,2025-04-04,95324,sickick,nasty-3,SzySUq5J-rA,2025-04-01,0,2026-04-29T07:46:19.248571+00:00
19aba299-0d04-4c9c-a3a2-977daeb7fd4d,Sierra Ferrell,Funnel Of Love,Sierra Ferrell - Funnel Of Love,,,,,,78841,sierra-ferrell,funnel-of-love,95cmAHL3BgU,2024-08-01,0,2026-04-29T07:46:30.883271+00:00
105aa0b9-d075-4c52-bc06-6eda586e5f84,Sigma,Jungle,Sigma - Jungle,,,undefined,,,101753,sigma,jungle-3,SCVhbDOEuJM,2025-06-01,0,2026-04-30T14:24:59.610173+00:00
393ae6a9-2e1f-4484-b9e4-a9decbb32086,Sigma,Nobody To Love Hd,Sigma - Nobody To Love Hd,,,Nobody To Love,Sigma,2016-12-09,107127,sigma,nobody-to-love,KD5fLb-WgBU,2014-03-01,1,2026-04-10T17:35:28.701505+00:00
9182c40f-c9bf-491b-81fc-ed06bf1016fe,"Sigma, Paloma Faith",Changing,"Sigma, Paloma Faith - Changing",,,Changing,"Sigma, Paloma Faith",2015-12-04,107132,paloma-faith,changing,oAeotgCHL3E,2014-07-01,1,2026-04-10T17:50:32.973887+00:00
1bc90819-d3f4-469a-91b7-3331733ad4c6,Sigrid,Fort Knox,Sigrid - Fort Knox,,,Fort Knox,Sigrid,2025-08-19,106446,sigrid,fort-knox-2,Zt3LmTgwDMs,2025-08-01,0,2026-04-29T07:47:12.029791+00:00
0296ce32-fe43-4cce-a239-16e27ebaddb9,Silverstein,Don't Let Me Get Too Low,Silverstein - Don't Let Me Get Too Low,,,Don't Let Me Get Too Low,Silverstein,2025-01-09,89423,silverstein,dont-let-me-get-too-low,bIo9E2Qz6cE,2025-01-01,0,2026-04-29T07:47:59.081816+00:00
ce2818c0-6da5-4509-8272-9e5ad2cc0616,SiR,Lose It All,SiR - Lose It All,,,LOSE IT ALL,SiR,2025-04-04,98558,sir,lose-it-all-2,bpIXr-hE_-w,2025-04-01,0,2026-04-29T07:50:01.850457+00:00
f5cc46b5-e469-4f37-9542-4dc0228a919f,Sisters Of Mercy,Lucretia My Reflection,Sisters Of Mercy - Lucretia My Reflection,,,Lucretia My Reflection,Sisters of Mercy,2007-02-26,90096,sisters-of-mercy,lucretia-my-reflection,fwaxTelolUE,2025-01-01,0,2026-04-29T07:50:28.521878+00:00
07f4673b-e27e-4713-bc39-d6f5f54761f9,Six Sex,Performance Actitud,Six Sex - Performance Actitud,,,Performance Actitud (Pose),"Six Sex, Bbynito",2025-02-12,90639,six-sex,performance-actitud,qzXq9MHFk0k,2025-02-01,0,2026-04-29T07:50:30.823308+00:00
58089b0f-d45f-4972-a1cc-7c5b8221c2aa,skaviński,Addicted,skaviński - Addicted,,,undefined,,,91660,skavinski,addicted-4,Qv13Obsr-yY,2025-02-01,0,2026-04-29T07:50:54.072226+00:00
9c43ce41-b4e9-403f-988c-8662f1037c81,skaviński,Infernal,skaviński - Infernal,,,infernal,skaviński,2025-01-01,91673,skavinski,infernal,eVg4vsWcYwI,2025-01-01,0,2026-04-29T07:50:56.055252+00:00
7453dae4-3a76-4f91-937b-d5d8d7dab46f,skaviński,Save Me,skaviński - Save Me,,,save me,skaviński,2025-04-25,103432,skavinski,save-me-5,labddlICzQY,2025-03-01,0,2026-04-29T07:50:52.119377+00:00
5508388b-8686-4fc8-a815-fed8312de1e3,skaviński,Slavic Rave,skaviński - Slavic Rave,,,slavic rave,skaviński,2024-09-16,91680,skavinski,slavic-rave,HHR9_f45Bmk,2024-09-01,0,2026-04-29T07:50:59.951636+00:00
8d964444-c81d-4cdb-a037-f54d226f1f11,skaviński,Where Reality Fades,skaviński - Where Reality Fades,,,where reality fades,skaviński,2024-09-20,91684,skavinski,where-reality-fades,_wMIAeTJXt0,2024-09-01,0,2026-04-29T07:50:58.006213+00:00
e7456c2b-deb5-406b-b886-813837c3108d,Skillet,Showtime,Skillet - Showtime,,,Showtime,Skillet,2024-11-01,90008,skillet,showtime,niNaYjO5VCY,2025-01-01,0,2026-04-29T07:51:22.597816+00:00
29a32f5a-f208-48c3-aa17-6ccb0689540f,Skunk Anansie,An Artist Is An Artist,Skunk Anansie - An Artist Is An Artist,,,An Artist Is An Artist,Skunk Anansie,2025-01-13,95145,skunk-anansie,an-artist-is-an-artist,QjzZqHc0ZfI,2025-01-01,0,2026-04-29T07:51:55.739078+00:00
702df53a-f858-4334-b12c-948222f01da4,Skunk Anansie,Cheers,Skunk Anansie - Cheers,,,Cheers,Skunk Anansie,2025-02-26,95150,skunk-anansie,cheers,84-n3d-CSec,2025-02-01,0,2026-04-29T07:51:53.632721+00:00
ad2f7c92-1fde-4d6a-a15e-3191b71f283c,Skunk Anansie,Hedonism,Skunk Anansie - Hedonism,,,Hedonism (Just Because You Feel Good),Skunk Anansie,1996-04-01,94562,skunk-anansie,hedonism,LLs-JP5FGAg,1997-01-01,0,2026-04-29T07:51:57.77907+00:00
022bb6eb-3b1f-40d5-a046-e5c960946c19,Skunk Anansie,Lost And Found,Skunk Anansie - Lost And Found,,,Lost and Found,Skunk Anansie,2025-04-07,95140,skunk-anansie,lost-and-found-2,eISV3_ivZRs,2025-04-01,0,2026-04-29T07:51:51.452323+00:00
e3bd33c2-3085-4790-9574-e85b0e7f2ca1,Skunk Anansie,Weak,Skunk Anansie - Weak,,,Weak,Skunk Anansie,1995-09-18,94557,skunk-anansie,weak-3,nPglNjxVHiM,1996-01-01,0,2026-04-29T07:51:59.907998+00:00
731dfdf2-9c8f-4473-b99b-cb11b8c643fb,Skv90s,Art Of Noise - Moments In Love (1985) Hd,Skv90s - Art Of Noise - Moments In Love (1985) Hd,,,,,,,,,,,1,2026-03-31T05:21:02.715546+00:00
9ca246e0-3435-431c-938f-ead552fc8565,Skye Newman,Hairdresser,Skye Newman - Hairdresser,,,Hairdresser,Skye Newman,2025-03-28,98508,skye-newman,hairdresser,dCbk0idfI-4,2025-04-01,0,2026-04-29T07:52:22.571946+00:00
7ef1fc6c-97c5-4247-b16c-23fc810a1269,Slayyyter,Cannibalism!,Slayyyter - Cannibalism!,,,CANNIBALISM!,Slayyyter,2025-09-12,108131,slayyyter,cannibalism,UwzF9AZGhfY,2025-09-01,0,2026-04-29T07:53:22.781898+00:00
26f362ec-0260-48c3-bf3b-22384dff753c,Sleep Theory,Iii,Sleep Theory - Iii,,,III,Sleep Theory,2025-04-03,94794,sleep-theory,iii,71slUkcCMpY,2025-04-01,0,2026-04-29T07:54:04.864574+00:00
ee38b324-278d-49f9-8368-8d5ea3f8fe3a,Sleep Token,Caramel,Sleep Token - Caramel,,,Caramel,Sleep Token,2025-04-04,95042,sleep-token,caramel,4iSvoQNfrrk,2025-04-01,0,2026-04-29T07:54:20.651051+00:00
519b3717-5afb-4987-8ab8-92e1e9fd8ab1,Sleep Token,Emergence,Sleep Token - Emergence,,,Emergence,Sleep Token,2025-03-13,93285,sleep-token,emergence,JJpFTUP6fIo,2025-03-01,0,2026-04-29T07:54:22.676464+00:00
4e15de51-cd42-4877-b2b1-7ae1fbde5cf2,sleepazoid,Alice,sleepazoid - Alice,,,ALICE,sleepazoid,2025-02-06,109415,sleepazoid,alice-3,ymIX6YeJfZ8,2025-02-01,0,2026-04-29T07:54:27.163525+00:00
2c67522d-744e-4187-9db5-6202b8bdff69,sleepazoid,New Age,sleepazoid - New Age,,,NEW AGE,sleepazoid,2025-09-18,109410,sleepazoid,new-age,rhwEIbYXU7I,2025-09-01,0,2026-04-29T07:54:24.783683+00:00
f52b0b12-dc7e-4b05-b1e0-e280ba1138e0,Sleeper,Inbetweener,Sleeper - Inbetweener,,,Inbetweener,Sleeper,1995,94547,sleeper,inbetweener,4Y63UIj48xs,1995-01-01,0,2026-04-29T07:54:31.648285+00:00
4eb7887d-5ae2-44fa-b659-db513dd8e5ea,Sleeper,Sale Of The Century,Sleeper - Sale Of The Century,,,Sale of the Century,Sleeper,2007-07-06,94552,sleeper,sale-of-the-century,rJEyKr7J0Wc,1996-04-01,0,2026-04-29T07:54:29.694175+00:00
15b69531-4177-4671-b66f-0e635068e260,Sleigh Bells,Bunky Pop,Sleigh Bells - Bunky Pop,,,Bunky Pop,Sleigh Bells,2025-02-19,91573,sleigh-bells,bunky-pop,Vc-ADBBa9Nw,2025-02-01,0,2026-04-29T07:54:44.359562+00:00
2939d810-2257-41e4-a8b0-fe61ca233691,Sleigh Bells,Wanna Start A Band?,Sleigh Bells - Wanna Start A Band?,,,Wanna Start A Band?,Sleigh Bells,2025-01-28,91578,sleigh-bells,wanna-start-a-band,0RXiWCkX_1Q,2025-01-01,0,2026-04-29T07:54:46.407053+00:00
393c0e4f-2a89-468d-a8b1-05525637a374,Smash Into Pieces,Devil In My Head,Smash Into Pieces - Devil In My Head,,,Devil in my Head,Smash Into Pieces,2025-09-12,108422,smash-into-pieces,devil-in-my-head,hY07e6ykI6Q,2025-09-01,0,2026-04-29T07:55:31.073289+00:00
1e5e8d37-aeec-4840-82b1-c1f7a7f1ce5e,Smash Mouth,Mama Don't You Worry,Smash Mouth - Mama Don't You Worry,,,undefined,,,73042,smash-mouth,mama-dont-you-worry,jCqoH_J2fdc,2013-05-01,0,2026-04-29T07:56:11.787567+00:00
66e7e363-09fd-4c19-b4c3-7084a6672d8d,Smash Mouth,So Insane,Smash Mouth - So Insane,,,undefined,,,73035,smash-mouth,so-insane,8XBw0m5VL7k,2006-09-01,0,2026-04-29T07:56:18.508065+00:00
b1ee0c7c-a7e2-4e76-b613-fc66f8a96845,Smash Mouth,Something Soon,Smash Mouth - Something Soon,,,,,,73060,smash-mouth,something-soon,RlHJj59L0ic,2018-02-01,0,2026-04-29T07:56:09.829759+00:00
b26b61e7-8fa9-4c27-95c5-78098aec0505,Smash Mouth,Story Of My Life,Smash Mouth - Story Of My Life,,,undefined,,,73031,smash-mouth,story-of-my-life,V2smUn8Q_xw,2006-09-01,0,2026-04-29T07:56:20.597003+00:00
6cd1ce57-5bd8-4661-84a7-e565dd7895b3,Smith/Kotzen,Black Light,Smith/Kotzen - Black Light,,,Black Light,"Smith/Kotzen, Adrian Smith, Richie Kotzen",2025-02-20,91475,smith-kotzen,black-light,DMS53p6MJ9w,2025-02-01,0,2026-04-29T07:57:17.16376+00:00
9f03a65b-ec82-4ced-b516-e104ecebe0be,Sneaker Pimps,6 Underground,Sneaker Pimps - 6 Underground,,,,,,,,,,,1,2026-04-04T19:39:29.252185+00:00
1b2454c8-5e9b-4d08-ba2c-b91cb8746871,Snoop Dogg,Gifts,Snoop Dogg - Gifts,,,undefined,,,102930,snoop-dogg,gifts,sknGyx2vRg4,2025-07-01,0,2026-04-29T07:59:01.304174+00:00
24fd67a6-74e3-454d-8212-6dd468b6165f,Snoop Dogg,Money,Snoop Dogg - Money,,,undefined,,,86597,snoop-dogg,money-5,Eyxcv53c4Lk,2024-11-01,0,2026-04-29T09:43:12.638013+00:00
51a4cfb3-f51a-4536-b6a9-0ff1f079663a,Snoop Dogg,Snoop Will Make You Dance,Snoop Dogg - Snoop Will Make You Dance,,,Snoop Will Make You Dance,Snoop Dogg,2025-05-15,108258,snoop-dogg,snoop-will-make-you-dance,oZXCOy_JeUE,2025-09-01,0,2026-04-29T07:58:59.196675+00:00
e6046695-40cb-4618-9c4f-e9a96c73b220,Snooper,Worldwide,Snooper - Worldwide,,,Worldwide,Snõõper,2025-07-29,110317,snooper,worldwide,MN4FTCL8PMQ,2025-07-01,0,2026-04-29T07:59:34.382228+00:00
76d559e0-e4cf-4c36-98ba-d76bcf4f7837,Snow Patrol,But I'll Keep Trying,Snow Patrol - But I'll Keep Trying,,,But I'll Keep Trying,スノウ・パトロール,2025-01-29,90154,snow-patrol,but-ill-keep-trying,7bzsrmgiPks,2025-01-01,0,2026-04-29T07:59:43.6657+00:00
e1ae0a33-37ca-45a7-95a0-6587284cce97,Snow Patrol,This Is The Silence,Snow Patrol - This Is The Silence,,,This Is The Silence,Snow Patrol,2025-03-14,93411,snow-patrol,this-is-the-silence,ZWobuWsgGRQ,2025-03-01,0,2026-04-29T07:59:41.1888+00:00
26f7b551-8afd-4348-b37e-70ddeb3d687f,SNOW WIFE,What Do Girls Do?,SNOW WIFE - What Do Girls Do?,,,What Do Girls Do?,Snow Wife,2025-01-10,90062,snow-wife,what-do-girls-do,xWDC-VfqJ_U,2025-01-01,0,2026-04-29T08:00:53.778069+00:00
7d1c25bb-f214-4ef2-a279-844d2549d56e,So,Hades,So - Hades,,,,,,125233,so,hades,B6CuMGL5bvk,2025-12-01,0,2026-04-29T08:05:57.11912+00:00
ed94580c-05a4-4132-b78c-4795b0c1ef90,So,The Burning Man,So - The Burning Man,,,,,,125238,so,the-burning-man,qO91FEMYNP8,2025-12-01,0,2026-04-29T08:05:59.261896+00:00
ad2b5a16-1c1c-4600-9b2f-f3c72ce35923,So Bad,King Gnu,So Bad - King Gnu,,,,,,,,,,,0,2026-03-22T05:29:55.980004+00:00
79fd9153-e91a-4d30-80f1-29aed0c63ac7,Sofia Camara,Anyways How You Been?,Sofia Camara - Anyways How You Been?,,,Anyways How You Been?,Sofia Camara,2025-03-21,94673,sofia-camara,anyways-how-you-been,RrN5oEGi2ik,2025-03-01,0,2026-04-29T08:02:18.490525+00:00
2599f8ec-c1c5-490d-946a-eade914a197a,Sofia Camara,Here We Go Again,Sofia Camara - Here We Go Again,,,Here We Go Again,Sofia Camara,2025-03-21,94283,sofia-camara,here-we-go-again-4,disSHjx3P4o,2025-03-01,0,2026-04-29T08:02:15.997921+00:00
fed78031-9479-4810-bcad-a1f4680cc262,Sofia Monroy,Yo Pienso Todo El Tiempo,Sofia Monroy - Yo Pienso Todo El Tiempo,,,Yo Pienso Todo el Tiempo,Sofia Monroy,2025-01-22,90108,sofia-monroy,yo-pienso-todo-el-tiempo,ZT_PA2dMky0,2025-01-01,0,2026-04-29T08:02:28.056216+00:00
2a3ad95c-8bf0-43c2-b2ce-8599e9d1f564,Soft Launch,Cartwheels,Soft Launch - Cartwheels,,,Cartwheels,Soft Launch,2024-04-02,65315,soft-launch,cartwheels,hDi5vkTZaDQ,2024-04-01,0,2026-04-29T08:02:36.274984+00:00
fe0ea310-a1f7-447a-a486-a96703bffcab,sombr,Back To Friends,sombr - Back To Friends,,,back to friends,sombr,2024-12-27,94023,sombr,back-to-friends-2,c8zq4kAn_O0,2024-12-01,0,2026-04-29T08:03:12.882398+00:00
05680f55-ef76-4e7d-a4b5-9a89eea62c4c,sombr,Canal Street,sombr - Canal Street,,,canal street,sombr,2025-08-22,106177,sombr,canal-street,tWbUo9IHYqA,2025-08-01,0,2026-04-29T08:03:04.684166+00:00
893e652f-4041-4f08-a093-471101bdb408,sombr,Do I Ever Cross Your Mind,sombr - Do I Ever Cross Your Mind,,,do i ever cross your mind,sombr,2024-08-30,94033,sombr,do-i-ever-cross-your-mind,dgWLP-KFYyY,2024-08-01,0,2026-04-29T08:03:14.996875+00:00
1d036137-1a67-4bf3-a56a-ad75bb150b04,sombr,I Wish I Knew How To Quit You,sombr - I Wish I Knew How To Quit You,,,i wish i knew how to quit you,sombr,2025-08-22,108518,sombr,i-wish-i-knew-how-to-quit-you,9OcazSP6Hco,2025-08-01,0,2026-04-29T08:03:02.605207+00:00
92166a98-8859-4f79-938f-3f3c0079958d,sombr,Undressed,sombr - Undressed,,,undressed,sombr,2025-03-21,94018,sombr,undressed,z0wT6CrEGYg,2025-03-01,0,2026-04-29T08:03:10.813858+00:00
ec666035-e630-4ab0-8acf-932b566a3de3,"Someday, Whoa",Oh - Oh,"Someday, Whoa - Oh - Oh",,,,,,,,,,,3,2026-04-18T15:28:17.316078+00:00
ea45533e-a95f-49eb-bf07-2cb12554e6ac,Something Out West,You Better Run,Something Out West - You Better Run,,,You Better Run,Something Out West,2025-03-28,94999,something-out-west,you-better-run,DuKJsRDuE0c,2025-03-01,0,2026-04-29T08:03:20.279669+00:00
e918c212-208d-4de0-96e0-efacef233450,Sonia,Boogie Nights,Sonia - Boogie Nights,,,,,,2860,sonia,boogie-nights,Adv1ZJlZ-A8,1992-08-01,0,2026-04-29T08:03:32.121347+00:00
5ee652a8-a17f-40f6-8094-b891a235144a,Sons Of Silver,Running Out Of Words,Sons Of Silver - Running Out Of Words,,,Running Out Of Words,Sons Of Silver,2024-08-16,89703,sons-of-silver,running-out-of-words,3oUiTCLRVW8,2025-01-01,0,2026-04-29T08:03:44.899097+00:00
4c905081-5859-4ace-8f0f-46b31c4c8a8a,SOPHIE,Red Light,SOPHIE - Red Light,,,Red Light,Sophie and the Giants,2025-02-21,91587,sophie,red-light,blzN-gusV-U,2025-02-01,0,2026-04-29T08:04:44.37637+00:00
59cbd2a3-ac7c-47e0-8c79-97e4520332ce,Sophie Ellis-Bextor,Relentless Love,Sophie Ellis-Bextor - Relentless Love,,,Relentless Love,Sophie Ellis-Bextor,2025-03-28,94625,sophie-ellis-bextor,relentless-love,9Nc8q5sN8vU,2025-03-01,0,2026-04-29T08:04:07.541074+00:00
cab26ed3-7a8d-4f31-8b80-b58700979e2c,Sophie Ellis-Bextor,Stay On Me,Sophie Ellis-Bextor - Stay On Me,,,Stay On Me,Sophie Ellis-Bextor,2025-09-11,108151,sophie-ellis-bextor,stay-on-me,7icFcqhtXQY,2025-09-01,0,2026-04-29T08:03:59.342348+00:00
5fbc8597-1480-4fa1-8c1a-6c495123329b,Sophie Powers,Move With Me,Sophie Powers - Move With Me,,,move with me,Sophie Powers,2025-04-04,95319,sophie-powers,move-with-me,es9-YEgzcVI,2025-04-01,0,2026-04-29T08:04:35.2504+00:00
68475ff0-587c-4b69-99c8-008a17c0fd3d,Sophie Powers,Muddy,Sophie Powers - Muddy,,,muddy,Sophie Powers,2025-09-26,110257,sophie-powers,muddy,yH8ZYthxmZ8,2025-09-01,0,2026-04-29T08:04:32.994935+00:00
693aacfe-bcfb-4aa4-8000-bfc617cb8f63,Sophie Powers,Nosebleed,Sophie Powers - Nosebleed,,,Nosebleed,Sophie Powers,2023-03-31,97847,sophie-powers,nosebleed,uXN0uOVIwZ8,2023-04-01,0,2026-04-29T08:04:39.67774+00:00
2f3a954f-bcc7-48bf-b02f-7f8c126b6890,Soraya,Iconismo,Soraya - Iconismo,,,Iconismo,Soraya,2025-09-12,108388,soraya,iconismo,bZIl_PBdfR8,2025-09-01,0,2026-04-29T08:04:57.765376+00:00
b39714ed-abbf-4bae-a7ae-6ff8555a7d1e,Sorry,Echoes,Sorry - Echoes,,,Echoes,Sorry,2025-08-12,105814,sorry,echoes,FJAOglARcgA,2025-08-01,0,2026-04-29T08:04:59.911358+00:00
8dc11e8a-2a1d-4797-9fc1-f438b37531e9,Soundtrack Frenzy,The Prodigy Mindfields Original,Soundtrack Frenzy - The Prodigy Mindfields Original,,,Mindfields,The Prodigy,1997,99088,prodigy,the-prodigy-mindfields,7lEB7V-KIb0,1997-06-01,1,2026-04-10T15:33:47.91193+00:00
26bf142e-5f34-4b0c-81d8-6582357235a8,South Arcade,2005,South Arcade - 2005,,,2005,South Arcade,2024-12-13,90444,south-arcade,2005,cdavEE5fWV0,2025-01-01,0,2026-04-29T08:05:19.962119+00:00
30585e8d-4064-45d7-8e97-6b7fe81c6624,South Arcade,Fear Of Heights,South Arcade - Fear Of Heights,,,FEAR OF HEIGHTS,South Arcade,2025-07-11,108862,south-arcade,fear-of-heights,wKNJmMJYgiA,2025-09-01,0,2026-04-29T08:05:17.647835+00:00
278a2f41-07fb-45cd-8f88-f56e437a6432,Southern River Band,"Fuck You, Pay Me","Southern River Band - Fuck You, Pay Me",,,"Fuck You, Pay Me",The Southern River Band,2025-03-12,93472,southern-river-band,fuck-you-pay-me,k1fX3G3rqeM,2025-03-01,0,2026-04-29T08:05:35.354318+00:00
4408ca93-67d9-4f83-8480-89cc70a7671b,Southroad Connection,Gotta Keep On Dancing 1979,Southroad Connection - Gotta Keep On Dancing 1979,,,,,,74706,southroad-connection,gotta-keep-on-dancing-1979,AUivxbgeyIs,1979-01-01,0,2026-04-29T08:05:46.16713+00:00
02b253d1-3b4f-4201-929e-91f4fa4dc13f,Southroad Connection,Just Laying It Down,Southroad Connection - Just Laying It Down,,,,,,74703,southroad-connection,just-laying-it-down-2,z1feusMDzgE,1979-01-01,0,2026-04-29T08:05:48.246786+00:00
fb001e66-7b94-470d-a921-984be6de7c65,Southroad Connection,Something Special,Southroad Connection - Something Special,,,undefined,,,74715,southroad-connection,something-special,s1nxurL7Ia8,1980-01-01,0,2026-04-29T08:05:39.816599+00:00
ec0717f1-4720-4af3-a46c-60ecea5438f7,Southroad Connection,Sweet Ride,Southroad Connection - Sweet Ride,,,undefined,,,74691,southroad-connection,sweet-ride,gnI8Tyo71Io,1978-01-01,0,2026-04-29T08:05:50.416753+00:00
897ab3af-e6b6-4532-98a7-4de13c17df55,Southroad Connection,Take Me Back For More,Southroad Connection - Take Me Back For More,,,,,,74710,southroad-connection,take-me-back-for-more-1979,RYpQ-XUo_Es,1979-01-01,0,2026-04-29T08:05:44.089257+00:00
b8a7b597-d0f5-4daf-979d-27681ed60049,Spacey Jane,All The Noise,Spacey Jane - All The Noise,,,All the Noise,Spacey Jane,2025-01-15,89642,spacey-jane,all-the-noise,PkkXhYy3qGc,2025-01-01,0,2026-04-29T08:06:08.782783+00:00
65c5fb17-1b5f-4e28-b714-5f25c3a81f1d,Spacey Jane,How To Kill Houseplants,Spacey Jane - How To Kill Houseplants,,,How to Kill Houseplants,Spacey Jane,2025-02-28,95452,spacey-jane,how-to-kill-houseplants,4DwZz7zEeeA,2025-02-01,0,2026-04-29T08:06:06.492259+00:00
7eec9acb-d314-44f6-9f33-492b3ae573f4,Spacey Jane,Through My Teeth,Spacey Jane - Through My Teeth,,,Through My Teeth,Spacey Jane,2025-04-07,95448,spacey-jane,through-my-teeth,vNTcnCqnNwY,2025-04-01,0,2026-04-29T08:06:04.390458+00:00
e4757436-f272-4558-8f9a-8c13e4739a9d,Sparks,Do Things My Own Way,Sparks - Do Things My Own Way,,,Do Things My Own Way,Sparks,2025-01-30,90340,sparks,do-things-my-own-way,PdY_rx-TOWE,2025-02-01,0,2026-04-29T08:06:23.712806+00:00
f9feed7e-7742-4bda-b7a5-fb0f9308ad88,Sparks,Porcupine,Sparks - Porcupine,,,Porcupine,Sparks,2025-09-02,108042,sparks,porcupine,COrB4HRREaw,2025-09-01,0,2026-04-29T08:06:21.635968+00:00
9aec59cf-a227-49f9-b054-a1b8c1370b9c,Specialz,King Gnu,Specialz - King Gnu,,,,,,,,,,,1,2026-03-22T05:09:16.802408+00:00
a28a763c-3275-4a05-a14b-fa7b79decbba,Speed Of Light,Kill The Vibe,Speed Of Light - Kill The Vibe,,,Kill the Vibe - Live,Speed of Light,2020-11-13,107178,speed-of-light,kill-the-vibe-2,LN7U2hONu6g,2020-11-01,0,2026-04-29T08:06:53.93637+00:00
dafe2bfa-f095-462e-8cda-96c25eb02b37,Speed Of Light,Pain On A Chain,Speed Of Light - Pain On A Chain,,,Pain on a Chain,Speed of Light,2025-07-02,107173,speed-of-light,pain-on-a-chain,q73qTzV2rKM,2025-07-01,0,2026-04-29T08:06:47.281955+00:00
a971fcde-ebd0-44a9-83c1-cd517f5e959e,Speed Of Light,Séance,Speed Of Light - Séance,,,Séance,Speed of Light,2024-10-25,107188,speed-of-light,seance,CK5Fmp35BjU,2024-10-01,0,2026-04-29T08:06:49.470044+00:00
7985e7e2-6350-4e3e-ba4b-af104c92f2e4,Speed Of Light,Teeth,Speed Of Light - Teeth,,,Teeth,Speed of Light,2023-09-26,107183,speed-of-light,teeth-6,YhZcVvsTzNI,2023-09-01,0,2026-04-29T08:06:51.698737+00:00
ad4c1dda-1b2c-4f58-bccd-7846dd31fdfb,SPELLLING,Alibi,SPELLLING - Alibi,,,Alibi,SPELLLING,2025-02-12,93196,spellling,alibi-2,f27KwABSJew,2025-02-01,0,2026-04-29T08:06:58.660481+00:00
1dc285bc-a245-4d77-804a-ad677064b1bb,SPELLLING,Destiny Arrives,SPELLLING - Destiny Arrives,,,Destiny Arrives,SPELLLING,2025-03-05,93201,spellling,destiny-arrives,sEqrOuYakGg,2025-03-01,0,2026-04-29T08:06:56.189454+00:00
5ec177d9-fd1f-4464-95fe-8f9e60b65e5c,SPELLLING,Portrait Of My Heart,SPELLLING - Portrait Of My Heart,,,Portrait of My Heart,SPELLLING,2025-01-08,89860,spellling,portrait-of-my-heart,VlUpWPRgaOI,2025-01-01,0,2026-04-29T08:07:00.815145+00:00
a7d1d3e9-a270-42d8-8358-31d79cb5b7d9,Spin Doctors,Rock ’N’ Roll Heaven,Spin Doctors - Rock ’N’ Roll Heaven,,,Rock ’N’ Roll Heaven,Spin Doctors,2025-02-28,92059,spin-doctors,rock-n-roll-heaven,R_BEz79qt-M,2025-02-01,0,2026-04-29T08:07:14.526736+00:00
ccd6d7d2-59fb-4063-bdb7-71601c62100c,Spin Doctors,Still A Gorilla,Spin Doctors - Still A Gorilla,,,Still A Gorilla,Spin Doctors,2025-01-17,89797,spin-doctors,still-a-gorilla,vULjnd8YUMw,2025-01-01,0,2026-04-29T08:07:17.108156+00:00
d1caa7cc-7f7c-40f6-a7df-af52864d4a93,Spoon,Guess I'm Fallin In Love,Spoon - Guess I'm Fallin In Love,,,Guess I'm Fallin In Love,Spoon,2025-08-26,106876,spoon,guess-im-fallin-in-love,PuLM7ehsDkY,2025-08-01,0,2026-04-29T08:08:11.756679+00:00
b0b3cdd7-b87d-4c62-881c-bc05baee0cc7,Sports Team,Maybe When We’re 30,Sports Team - Maybe When We’re 30,,,Maybe When We're 30,Sports Team,2025-02-28,92177,sports-team,maybe-when-were-30,JMsGMt0lHsw,2025-02-01,0,2026-04-29T08:08:13.904969+00:00
a84be63c-38a0-463f-beca-b49a85798bf5,Squid,Building 650,Squid - Building 650,,,Building 650,Squid,2025-01-08,89375,squid,building-650,oFlgMauJO9o,2025-01-01,0,2026-04-29T08:08:27.217548+00:00
94a646b9-f99c-4012-abd7-ebff123552e9,Stand Atlantic,Breakaway,Stand Atlantic - Breakaway,,,,,,43769,stand-atlantic,breakaway-3,LehTzbUurMc,2014-06-01,0,2026-04-29T08:10:29.95902+00:00
5cb21c71-1fb2-4063-a3e9-f150d07cb116,STARSET,Ad Astra,STARSET - Ad Astra,,,AD ASTRA,STARSET,2025-09-12,108204,starset,ad-astra,xbKAMAjxNo4,2025-09-01,0,2026-04-29T08:11:39.705995+00:00
9fb01e53-6697-4002-9cf3-c9ebfcd86a23,STARSET,Dark Things,STARSET - Dark Things,,,dark things,STARSET,2025-02-28,92077,starset,dark-things,2AB3_l0iqSk,2025-03-01,0,2026-04-29T08:11:46.327274+00:00
e65de4be-5df5-47f9-ac09-a76cf1b2441b,STARSET,Sway,STARSET - Sway,,,SWAY,STARSET,2025-09-12,108417,starset,sway-3,9d72bxZqqJ0,2025-09-01,0,2026-04-29T08:11:37.616375+00:00
49a464a1-d76d-48b7-8461-0d736417dfe3,State Champs,Common Sense,State Champs - Common Sense,,,Common Sense,State Champs,2025-09-02,109972,state-champs,common-sense,tIEAE9pG7Fw,2025-09-01,0,2026-04-29T08:12:14.344461+00:00
caf61d16-0101-43a8-9568-b09784b88f68,STATE of MINE,The Wolves,STATE of MINE - The Wolves,,,The Wolves,State of Mine,2025-02-28,92926,state-of-mine,the-wolves,hq-KwJL4pfA,2025-02-01,0,2026-04-29T08:12:22.295755+00:00
0e000265-505a-4470-9c4c-51e33b15219d,STATION ECHO,Mess Around,STATION ECHO - Mess Around,,,Mess Around,Station Echo,2024-11-04,101241,station-echo,mess-around,-rhzuAOxxVg,2024-11-01,0,2026-04-29T08:12:39.869758+00:00
144fd59f-0ce3-4a0b-92b5-75e057dedfd4,Stela Cole,Stereoqueen,Stela Cole - Stereoqueen,,,Stereoqueen,Stela Cole,2025-02-14,90755,stela-cole,stereoqueen,rzq8AIZijjY,2025-02-01,0,2026-04-29T08:12:57.02662+00:00
0ce48e60-799f-4db7-a572-70e265d8f995,Stephen Marley,Natural Mystic,Stephen Marley - Natural Mystic,,,,,,104338,stephen-marley,natural-mystic,h7aV0lBOYCk,2025-07-01,0,2026-04-29T08:13:08.499804+00:00
866f5917-53fb-4aa6-92de-1be5c77f159a,Stephen Sanchez,Silver Bells,Stephen Sanchez - Silver Bells,,,undefined,,,78528,stephen-sanchez,silver-bells,1r4iKrGpaOQ,2023-11-01,0,2026-04-29T08:13:17.96927+00:00
84caba00-a126-4fe7-ba16-9055723883f1,Stephen Wilson Jr.,Calico Creek,Stephen Wilson Jr. - Calico Creek,,,Calico Creek - Acoustic,Stephen Wilson Jr.,2025-01-10,89717,stephen-wilson-jr,calico-creek-acoustic,I-i8kojrS9o,2025-01-01,0,2026-04-29T08:13:49.409238+00:00
d99d37d0-afc4-4289-adbc-56b459d24e26,Stephen Wilson Jr.,I'm A Song,Stephen Wilson Jr. - I'm A Song,,,I'm A Song - Live at The Print Shop,Stephen Wilson Jr.,2025-01-10,89726,stephen-wilson-jr,im-a-song,jFMJat9OJOw,2024-10-01,0,2026-04-29T08:13:53.630106+00:00
d5c9b3a3-e6a7-4bb1-b80f-3d083449de09,Stephen Wilson Jr.,Stand By Me,Stephen Wilson Jr. - Stand By Me,,,Stand By Me - Live at The Print Shop,Stephen Wilson Jr.,2025-01-10,89721,stephen-wilson-jr,stand-by-me-3,9kn7E-OauJI,2024-10-01,0,2026-04-29T08:13:51.512691+00:00
36509117-ec8a-4bf7-82a4-b7e758ef7d8b,Stereolab,Aerial Troubles,Stereolab - Aerial Troubles,,,Aerial Troubles,Stereolab,2025-04-08,95403,stereolab,aerial-troubles,Cg69OglydeE,2025-04-01,0,2026-04-29T08:13:55.762115+00:00
85e125c8-4b75-4f3c-80fe-21a8b748b9f6,Stereophonics,Seems Like You Don’t Know Me,Stereophonics - Seems Like You Don’t Know Me,,,Seems Like You Don’t Know Me,Stereophonics,2025-03-20,93903,stereophonics,seems-like-you-dont-know-me,WUbVo6Aj1iI,2025-03-01,0,2026-04-29T08:13:59.9694+00:00
fc3e2526-89a5-4785-87d9-b4ce9ebdf669,Stereophonics,There's Always Gonna Be Something,Stereophonics - There's Always Gonna Be Something,,,There’s Always Gonna Be Something,ステレオフォニックス,2025-01-30,90195,stereophonics,theres-always-gonna-be-something,sMZG_8k2sjQ,2025-01-01,0,2026-04-29T08:14:02.108572+00:00
413ca81c-439d-4f44-9d90-df786034042d,Steve Lacy,Nice Shoes,Steve Lacy - Nice Shoes,,,Nice Shoes,Steve Lacy,2025-08-15,105846,steve-lacy,nice-shoes,-p7B8EKRRNc,2025-08-01,0,2026-04-29T08:18:19.693262+00:00
d239cc85-f537-419d-9718-94dca85b6863,Steve Miller Band,Abracadabra,Steve Miller Band - Abracadabra,,,,,,,,,,,1,2026-04-25T05:28:29.494135+00:00
9b1d566f-877b-4874-97a7-c84b0223bc40,Steve Perry,Oh Sherrie,Steve Perry - Oh Sherrie,,,Oh Sherrie,Steve Perry,1984-04-01,99314,steve-perry,oh-sherrie,ysTjJaYX0WA,1984-07-01,0,2026-04-29T08:18:38.395772+00:00
46989f35-43d7-46fa-8d22-a86a5b0305d3,Stevie Wonder,My Cherie Amour (Live At Last 2008 London).wmv,Stevie Wonder - My Cherie Amour (Live At Last 2008 London).wmv,,,,,,,,,,,1,2026-04-19T13:53:27.619055+00:00
b5387470-bc7f-43ff-b73c-81306b5b79a1,Still Woozy,Pool,Still Woozy - Pool,,,,,,,,,,,0,2026-05-01T07:57:10.363102+00:00
ce686648-4111-4b11-a24f-3331792a1a45,Sting,Every Breath You Take,Sting - Every Breath You Take,,,,,,,,,,,1,2026-03-17T06:07:08.419244+00:00
26e76ff3-fc47-449e-a2d8-b698631b9750,Sting,Message In A Bottle,Sting - Message In A Bottle,,,,,,,,,,,1,2026-03-17T06:15:18.833129+00:00
963f77eb-129e-43e0-ae13-b053669849fa,Stone Sour,Through Glass,Stone Sour - Through Glass,,,,,,,,,,,1,2026-04-04T17:15:28.352018+00:00
8eba5921-af34-45ac-972a-523b4251790c,"Stream The Official, Professionally Mixed Audio Of The Full Show In The Nugs App. Cds",Res Downloads Are Also Available For Order. Sign Up At Nugs.net/brucespringsteen To Get Access To Every Show From The Tour And The Live Archive Series.,"Stream The Official, Professionally Mixed Audio Of The Full Show In The Nugs App. Cds - Res Downloads Are Also Available For Order. Sign Up At Nugs.net/brucespringsteen To Get Access To Every Show From The Tour And The Live Archive Series.",,,,,,,,,,,2,2026-04-12T03:28:02.837261+00:00
b9ae2f8e-d683-434c-a817-0594ae62724f,Struggle Jennings,Farewell,Struggle Jennings - Farewell,,,Farewell,"Yelawolf, Struggle Jennings",2024-06-07,90719,struggle-jennings,farewell,V_0vm0Uuess,2025-02-01,0,2026-04-29T09:48:13.425317+00:00
fc6eed2e-3f54-48b8-9960-235a5f3483f1,Stryper,"""Winter Wonderland""","Stryper - ""Winter Wonderland""",,,Winter Wonderland,Stryper,2025-09-22,109505,stryper,winter-wonderland,7hRKdKbDkkI,2025-09-01,2,2026-03-29T14:27:42.392714+00:00
59ba9a6d-9197-419e-bf76-7b4379103923,Styx,Mr. Roboto,Styx - Mr. Roboto,,,,,,,,,,1983-02-11,6,2026-03-26T12:40:48.547927+00:00
203819e6-262d-4a90-a2b6-09b1cc898772,Su Lee,Picasso,Su Lee - Picasso,,,Picasso,Su Lee,2025-08-29,107720,su-lee,picasso-3,CNZyA4nDo_o,2025-08-01,0,2026-04-29T08:25:55.38494+00:00
fb841d4c-4cc9-4742-b3a8-fef4d915705d,Sub Urban,Make Me Forget,Sub Urban - Make Me Forget,,,Make Me Forget,Sub Urban,2025-03-14,93939,sub-urban,make-me-forget-3,JD5oazjDhTI,2025-03-01,0,2026-04-29T08:26:37.812411+00:00
d4c59212-82ac-4c7a-9ddd-5a68e98d889a,Sub Urban,Mascara,Sub Urban - Mascara,,,Mascara,Sub Urban,2025-04-18,97528,sub-urban,mascara,jcuJ7yPbjzo,2025-04-01,0,2026-04-29T08:26:35.811214+00:00
eb94055e-e38e-499c-894a-be95909f88d8,Suisei Channel,もうどうなってもいいや / 星街すいせい,Suisei Channel - もうどうなってもいいや / 星街すいせい,,,,,,,,,,,1,2026-04-10T00:09:26.689445+00:00
4d841c71-ad63-422f-bc61-cf910d343a87,Suki Waterhouse,Dream Woman,Suki Waterhouse - Dream Woman,,,Dream Woman,Suki Waterhouse,2025-02-19,91393,suki-waterhouse,dream-woman,E1ttU5D8WDs,2025-02-01,0,2026-04-29T08:30:28.758943+00:00
2314e0f4-3ab7-40cf-81cb-795503b06785,Sum 41,Radio Silence,Sum 41 - Radio Silence,,,Radio Silence,Sum 41,2024-03-29,94785,sum-41,radio-silence,QtelUJ7RgvI,2025-04-01,0,2026-04-29T08:30:40.322213+00:00
b4c8d333-b591-4c63-9d0e-859c6caa5cb1,Sunflower Bean,Champagne Taste,Sunflower Bean - Champagne Taste,,,Champagne Taste,Sunflower Bean,2025-01-28,90205,sunflower-bean,champagne-taste,O8MCJWnZxOs,2025-01-01,0,2026-04-29T08:31:20.899634+00:00
70bc71ad-5ab1-4339-8910-09473c1e89b2,Sunflower Bean,Nothing Romantic,Sunflower Bean - Nothing Romantic,,,Nothing Romantic,Sunflower Bean,2025-03-11,93534,sunflower-bean,nothing-romantic,Rz_Jkj00ntw,2025-03-01,0,2026-04-29T08:31:18.451386+00:00
be260a80-14a2-4097-9775-bea692a72bc9,Sunflower Bean,There's A Part I Can't Get Back,Sunflower Bean - There's A Part I Can't Get Back,,,There's A Part I Can't Get Back,Sunflower Bean,2025-04-22,98219,sunflower-bean,theres-a-part-i-cant-get-back,8kCPhNymN_0,2025-04-01,0,2026-04-29T08:31:15.40668+00:00
fba973ca-82a9-43b5-8a9f-09006c246ff1,Superheaven,Stare At The Void,Superheaven - Stare At The Void,,,Stare At The Void,Superheaven,2025-03-20,94256,superheaven,stare-at-the-void,siDhacKVxdE,2025-03-01,0,2026-04-29T08:32:25.814303+00:00
7dcaf7ab-d27d-4996-894a-476663de2619,Survivor,Eye Of The Tiger,Survivor - Eye Of The Tiger,,,,,,,,,,,1,2026-03-17T07:37:56.864015+00:00
64ee603c-5224-48d8-9f4c-9ab14098c822,Suzanne Vega,Speakers' Corner,Suzanne Vega - Speakers' Corner,,,Speakers' Corner,Suzanne Vega,2025-03-04,92684,suzanne-vega,speakers-corner,IejCc2s6zQk,2025-03-01,0,2026-04-29T08:32:45.241732+00:00
c5aa9f12-9631-4f70-bb85-d642d33050df,Swedish House Mafia,Heaven Takes You Home,Swedish House Mafia - Heaven Takes You Home,,,Heaven Takes You Home - SHM Remake,"Swedish House Mafia, Connie Constance",2022-04-29,110215,swedish-house-mafia,heaven-takes-you-home-shm-remake,Lb9NM0aJjiQ,2025-03-01,0,2026-04-29T08:33:04.937066+00:00
11859706-2f3b-45ae-98d2-75f37f9972a6,Swedish House Mafia,Underneath It All,Swedish House Mafia - Underneath It All,,,,,,39101,swedish-house-mafia,underneath-it-all-2,aX2AfqD8b9Y,2022-07-01,0,2026-04-29T08:33:14.682549+00:00
1b650495-d7ba-45ac-8bef-0e616575262d,Sweet,Circus,Sweet - Circus,,,Circus,Sweet,2025-02-14,90690,sweet,circus,UQzHkYHfZhk,2025-02-01,0,2026-04-29T08:33:22.215808+00:00
ddad2004-f2fc-44a9-910e-f795a988b08d,Sweet Love,Bad Guy,Sweet Love - Bad Guy,,,Bad Guy,Sweet Love,2025-04-11,97753,sweet-love,bad-guy-4,BYVU6QtEnMI,2025-04-01,0,2026-04-29T08:33:19.976053+00:00
6b9b11e0-b806-43ca-8461-94019d44a5b3,Sydney Rose,We Hug Now,Sydney Rose - We Hug Now,,,We Hug Now,Sydney Rose,2025-02-13,95033,sydney-rose,we-hug-now,0Wqr_pa4UlU,2025-04-01,0,2026-04-29T08:34:10.845129+00:00
9776ddfc-881e-42c4-a404-15cef8e3d8eb,Sza,Cry Baby,Sza - Cry Baby,,,undefined,,,88464,sza,cry-baby-2,xuZDP6uSD-Q,2024-12-01,0,2026-04-29T08:35:25.766981+00:00
3a679491-7612-44f6-8d10-25653cd84259,Sza,Ice Moon,Sza - Ice Moon,,,,,,63974,sza,ice-moon,ITZXgn81uyk,2013-11-01,0,2026-04-29T08:36:20.986373+00:00
42c77b04-6779-41f3-b57f-30ca14c32f72,Sza,Take You Down,Sza - Take You Down,,,Take You Down,SZA,2025-02-09,91760,sza,take-you-down,8VU1C8Tbqe8,2025-02-01,0,2026-04-29T08:35:23.658286+00:00
ff1d074b-53d8-4f7a-b885-ab950d62a16b,Sza,Teen Spirit,Sza - Teen Spirit,,,,,,63972,sza,teen-spirit,UFjUQyQafoI,2013-10-01,1,2026-04-13T01:55:22.704422+00:00
20a54b6a-f6d0-451c-8084-436562942045,T-series Bhakti Sagar,श्री हनुमान चालीसा 🌺🙏| Shree Hanuman Chalisa Original Video |🙏🌺| Gulshan Kumar | Hariharan,T-series Bhakti Sagar - श्री हनुमान चालीसा 🌺🙏| Shree Hanuman Chalisa Original Video |🙏🌺| Gulshan Kumar | Hariharan,,,,,,,,,,,1,2026-03-31T00:30:34.86909+00:00
c8242a33-2675-4b01-bd3c-a85af5cb6d3b,T. Rex,Metal Guru,T. Rex - Metal Guru,,,METAL GURU,T. Rex,1972-07-21,107921,t-rex,metal-guru,gdCH7oR6t0k,1972-05-01,1,2026-03-26T08:20:15.477925+00:00
e9af4347-4bac-4f97-8e04-4c79574c1991,T.rex,20th Century Boy,T.rex - 20th Century Boy,,,20TH CENTURY BOY,T. Rex,1973-09-27,107930,t-rex,20th-century-boy,atmNLbycafM,1973-03-01,1,2026-03-26T07:56:39.077304+00:00
f556612a-e072-4174-a46e-ea1068df1965,T.rex,Bang A Gong,T.rex - Bang A Gong,,,Bang a Gong (Get It On) - Re-Recorded / Remastered,T. Rex,2010-02-01,107906,t-rex,bang-a-gong-get-it-on,B0hCPOaXvsE,1971-07-01,0,2026-04-29T08:37:47.74752+00:00
8a4b5404-fbcd-4955-acd0-f43874ab1d2b,T.rex,Children Of The Revolution,T.rex - Children Of The Revolution,,,CHILDREN OF THE REVOLUTION,T. Rex,1973-09-27,107891,t-rex,children-of-the-revolution,PP2FyYSUJ54,1972-09-01,0,2026-04-29T08:37:37.198466+00:00
0c681f5c-f3ab-4bc9-b659-f23d19536429,T.rex,Cosmic Dancer,T.rex - Cosmic Dancer,,,Cosmic Dancer,T. Rex,1971-09-24,107972,t-rex,cosmic-dancer,524swxaTJ1c,1971-09-01,0,2026-04-29T08:37:45.366815+00:00
81f2baa6-b4d8-4cc9-b647-96ee6fc5f986,T.rex,Dreamy Lady,T.rex - Dreamy Lady,,,DREAMY LADY,T. Rex,1976-01-30,107959,t-rex,dreamy-lady,3KVSZRDLaHU,1975-09-01,0,2026-04-29T08:37:16.773197+00:00
2622b4c6-b231-420a-8e37-37b0b764d4f1,T.rex,Hot Love,T.rex - Hot Love,,,Hot Love - A Side,T. Rex,1971-09-24,107901,t-rex,hot-love,grXr21GQEo0,1971-02-01,0,2026-04-29T08:37:49.840618+00:00
d3ab5ed3-14c9-4cd7-83c9-9f373f284d22,T.rex,I Love To Boogie,T.rex - I Love To Boogie,,,I LOVE TO BOOGIE,T. Rex,1977-03-11,107963,t-rex,i-love-to-boogie,_FLf4WpOyOw,1976-06-01,0,2026-04-29T08:37:14.695863+00:00
25d489da-81a9-4b1a-b44a-19d3874c92b7,T.rex,Jeepster,T.rex - Jeepster,,,Jeepster,T. Rex,1971-09-24,107911,t-rex,jeepster,U8kGuZMHycU,1971-11-01,0,2026-04-29T08:37:43.03728+00:00
a47ab316-b7c7-4caa-a312-b51bb51d1736,T.rex,Light Of Love,T.rex - Light Of Love,,,LIGHT OF LOVE,T. Rex,1975-02-16,107947,t-rex,light-of-love,qJTRnZ51XM8,1974-07-01,0,2026-04-29T08:37:24.381822+00:00
88184686-3085-4dc3-b257-b2691038eb4d,T.rex,New York City,T.rex - New York City,,,NEW YORK CITY,T. Rex,1976-01-30,107955,t-rex,new-york-city-2,3qUXqWeryWA,1975-06-01,0,2026-04-29T08:37:18.925357+00:00
f1fb599d-6b22-4c8b-94f0-af5bfdf36ca6,T.rex,Ride A White Swan,T.rex - Ride A White Swan,,,Ride A White Swan,T. Rex,1970-12-18,107896,t-rex,ride-a-white-swan,OG7ZU7PdGpk,1970-10-01,0,2026-04-29T08:37:51.979396+00:00
efafe25c-8755-470a-9591-5e1ec984f2aa,T.rex,Solid Gold Easy Action,T.rex - Solid Gold Easy Action,,,SOLID GOLD EASY ACTION,T. Rex,1973-09-27,107926,t-rex,solid-gold-easy-action,IcHNUxyjTis,1972-12-01,0,2026-04-29T08:37:35.063683+00:00
ea804282-0341-45b8-9dc2-734a91a80fff,T.rex,Teenage Dream,T.rex - Teenage Dream,,,Teenage Dream,T. Rex,2021-07-09,107943,t-rex,teenage-dream,w9TbXKR6Yto,1974-02-01,0,2026-04-29T08:37:26.581375+00:00
2adf56e3-41a3-4a40-b77a-c490d4c4dc43,T.rex,Telegram Sam,T.rex - Telegram Sam,,,TELEGRAM SAM,T. Rex,1972-07-21,107916,t-rex,telegram-sam,hbwVkZ8L8d8,1972-01-01,0,2026-04-29T08:37:40.997815+00:00
5ea1475f-4dd2-4e94-afbb-92c27883d118,T.rex,The Groover,T.rex - The Groover,,,THE GROOVER,T. Rex,1973-09-27,107935,t-rex,the-groover,XnUHNPoB0zA,1973-06-01,0,2026-04-29T08:37:30.87177+00:00
4f706737-f62c-4b3c-b5d4-d5a2f6b0518c,T.rex,The Soul Of My Suit,T.rex - The Soul Of My Suit,,,THE SOUL OF MY SUIT,T. Rex,1977-03-11,107968,t-rex,the-soul-of-my-suit,PEwlv4wNCF4,1977-03-01,0,2026-04-29T08:37:12.581501+00:00
0d3502e2-3b78-4450-9a2a-9f50e5e30ae0,T.rex,Truck On,T.rex - Truck On,,,Truck On (Tyke) - Bonus 45 Cut,T. Rex,2023-05-26,107939,t-rex,truck-on-tyke,RyDIhU_bKc8,1973-11-01,0,2026-04-29T08:37:28.706683+00:00
06d7570f-ce79-4482-97a3-b4595051cb58,T.rex,Zip Gun Boogie,T.rex - Zip Gun Boogie,,,ZIP GUN BOOGIE,T. Rex,1975-02-16,107951,t-rex,zip-gun-boogie,uNs0Q2YAASw,1974-11-01,0,2026-04-29T08:37:21.658386+00:00
278c6f38-b1dd-4a06-9077-df78416b685b,Taco,Singin' In The Rain,Taco - Singin' In The Rain,,,Singin' in the Rain,Taco,1982-01-01,108623,taco,singin-in-the-rain,LbHj4Q_amBk,1982-01-01,0,2026-04-29T08:38:19.978084+00:00
f8f976d1-4c14-40ef-9e5a-3c1b6ab6209c,Tailgunner,Tears In Rain,Tailgunner - Tears In Rain,,,,,,,,,,,1,2026-04-26T13:11:22.54938+00:00
3f87317d-4211-46cf-b015-38a57b2d1c7f,Tame Impala,Dracula,Tame Impala - Dracula,,,Dracula,Tame Impala,2025-09-26,109315,tame-impala,dracula,xnP7qKxwzjg,2025-09-01,0,2026-04-29T08:39:09.295446+00:00
f40f08ce-80c1-4e9a-ab8c-e22d138b33ab,Tame Impala,Loser,Tame Impala - Loser,,,Loser,Tame Impala,2025-09-03,107595,tame-impala,loser-6,s3a4OQR-10M,2025-09-01,0,2026-04-29T08:39:11.37014+00:00
ad3dee7c-50d3-4625-818a-c02f770bc589,Tate McRae,Purple Lace Bra,Tate McRae - Purple Lace Bra,,,Purple lace bra,Tate McRae,2025-02-21,92802,tate-mcrae,purple-lace-bra,HzF908xSSxc,2025-02-01,0,2026-04-29T08:39:57.431198+00:00
0948fcbd-c1ae-4a26-9797-efac73bec9f6,Tate McRae,Revolving Door,Tate McRae - Revolving Door,,,Revolving door,Tate McRae,2025-02-21,91397,tate-mcrae,revolving-door,rwlFWWGaZ5Y,2025-02-01,0,2026-04-29T08:39:55.377025+00:00
7ebc24ad-0b63-40f9-83a6-d6f2055e53fc,Tate McRae,Siren Sounds,Tate McRae - Siren Sounds,,,Siren sounds (bonus),Tate McRae,2025-02-24,92237,tate-mcrae,siren-sounds,Pd0pjNZ2b6Y,2025-02-01,0,2026-04-29T08:39:53.299177+00:00
d232a1f6-5892-4072-b1bd-657f3d749056,Tate McRae,Sports Car,Tate McRae - Sports Car,,,Sports car,Tate McRae,2025-01-24,90079,tate-mcrae,sports-car,7InTkBxPtK4,2025-01-01,0,2026-04-29T08:40:01.889799+00:00
43cb6ead-9229-4e83-af87-4c7c9bd82f8e,Tate McRae,Tit For Tat,Tate McRae - Tit For Tat,,,TIT FOR TAT,Tate McRae,2025-09-26,109699,tate-mcrae,tit-for-tat-2,u-HEopHeHb8,2025-09-01,0,2026-04-29T08:39:48.897016+00:00
58c65a7a-6fc3-47f5-a233-c6a909a1c86a,Tchotchke,Poor Girl,Tchotchke - Poor Girl,,,Poor Girl,Tchotchke,2025-06-25,107245,tchotchke,poor-girl,4zK5L1QKevQ,2025-06-01,0,2026-04-29T08:44:03.521545+00:00
c09bfad3-f4c8-41c7-8216-4e1849cd8185,Tears For Fears,Emily Said,Tears For Fears - Emily Said,,,Emily Said,ティアーズ・フォー・フィアーズ,2024-10-25,90200,tears-for-fears,emily-said,Sma386vSsQc,2025-01-01,0,2026-04-29T08:44:05.591179+00:00
c4ed3153-4cb7-413d-b562-b292b6458483,Tears For Fears,Laid So Low,Tears For Fears - Laid So Low,,,undefined,,,81747,tears-for-fears,laid-so-low-tears-roll-down,WP1JT5yHllQ,1992-02-01,0,2026-04-29T08:44:44.025283+00:00
a817af84-9013-4b17-b024-3959b63ab471,Teddy Swims,Funeral,Teddy Swims - Funeral,,,Funeral,Teddy Swims,2024-08-30,90775,teddy-swims,funeral-2,tuqG_GI-mlc,2025-02-01,0,2026-04-29T08:45:30.902252+00:00
0b674d24-11a1-4bd6-93be-bd5c0e336f32,Teddy Swims,Guilty,Teddy Swims - Guilty,,,Guilty,Teddy Swims,2025-01-24,89963,teddy-swims,guilty-6,FjIdlFANeIA,2025-01-01,0,2026-04-29T08:45:33.002832+00:00
70205a42-23f6-4f8e-8c02-1107500ab51e,TEED,Desire,TEED - Desire,,,Desire,TEED,2025-08-15,106992,teed,desire-9,3Kpy-h4SAPI,2025-08-01,0,2026-04-29T08:46:00.67518+00:00
3e12f79d-e41f-4534-83c7-20e97fb6056f,Teen Jesus and the Jean Teasers,Mother,Teen Jesus and the Jean Teasers - Mother,,,MOTHER,Teen Jesus and the Jean Teasers,2025-08-26,106901,teen-jesus-and-the-jean-teasers,mother-3,ClM4S0j8wzE,2025-08-01,0,2026-04-29T08:46:03.364218+00:00
179b6ed1-f72a-447e-853b-3c9b88b3ffda,Teena Marie,Don't Look Back,Teena Marie - Don't Look Back,,,,,,77812,teena-marie,dont-look-back-2,LNK0AZoOf6g,1979-07-01,0,2026-04-29T08:46:44.905379+00:00
39994595-ad53-40f1-bbb6-41273274bb06,"Tegan, Sara",Closer,"Tegan, Sara - Closer",,,,,,,,,,,1,2026-04-29T14:39:31.709371+00:00
c10535ec-440a-4f34-a917-c97930a98cc0,Temple Balls,"""No Reason""","Temple Balls - ""No Reason""",,,,,,,,,,,1,2026-03-29T13:51:13.315457+00:00
452fc280-35a3-4c5f-9cb2-72749b7e44d2,Tems,Boy O Boy,Tems - Boy O Boy,,,Boy O Boy,Tems,2024-06-06,90790,tems,boy-o-boy,3nbYYssRrEI,2025-02-01,0,2026-04-29T08:47:43.396625+00:00
c288f521-c20b-4b73-b278-169a1b94bda5,Tems,What You Need,Tems - What You Need,,,What You Need,Tems,2025-11-21,123862,tems,what-you-need-4,QQaFn8f6ihA,2025-11-01,0,2026-04-29T08:47:40.813744+00:00
ec3221a2-704e-4eab-a496-1f93160b276f,Teni,Money,Teni - Money,,,Money,Teni,2025-01-24,90253,teni,money-6,ge6f1f94FLI,2025-01-01,0,2026-04-29T08:48:03.287524+00:00
e71baa41-6640-458a-ab7d-3e43cd6c1f68,Tennis,12 Blown Tires,Tennis - 12 Blown Tires,,,12 Blown Tires,Tennis,2025-04-11,97743,tennis,12-blown-tires,BjP8vWR53aI,2025-04-01,0,2026-04-29T08:48:05.806313+00:00
44060b56-2950-4b2b-9e8a-87a037c0749c,Tennis,At The Wedding,Tennis - At The Wedding,,,At The Wedding,Tennis,2025-02-07,92635,tennis,at-the-wedding,HJ68RAXeqvE,2025-03-01,0,2026-04-29T08:48:07.897546+00:00
aa991b97-c20f-4fa9-8b93-a9842865f441,Tennis,Weight Of Desire,Tennis - Weight Of Desire,,,Weight Of Desire,Tennis,2025-02-07,90420,tennis,weight-of-desire,9KSFlAURDQA,2025-02-01,0,2026-04-29T08:48:10.469771+00:00
0dcb103c-e825-424d-b342-b587accf6dd9,TesseracT,Legion,TesseracT - Legion,,,,,,57160,tesseract,legion,pHZXTmPnMso,2023-09-01,0,2026-04-29T08:49:13.425958+00:00
e3029d96-f1e1-49d7-9625-bca71442fef2,TESTAMENT,Infanticide A.i.,TESTAMENT - Infanticide A.i.,,,Infanticide A.I.,Testament,2025-08-21,106047,testament,infanticide-a-i,Gtw3lcQvyPU,2025-08-01,0,2026-04-29T08:49:23.191782+00:00
9e28135f-da19-48de-a352-ed2a1ede2793,TESTAMENT,Shadow People,TESTAMENT - Shadow People,,,Shadow People,Testament,2025-09-12,108116,testament,shadow-people,CsWHa92QuIs,2025-09-01,0,2026-04-29T08:49:21.060395+00:00
65f5ce8f-392a-421a-83eb-e9cda869c333,TETOUZE,Frequencies,TETOUZE - Frequencies,,,Mystic frequencies - techno Version,Tetouze,2024-12-23,89782,tetouze,frequencies-2,y2SHo87VN3I,2025-01-01,0,2026-04-29T08:49:25.542677+00:00
6b1b407f-db22-4248-8786-b8cb049a37b8,TETOUZE,The Alchemists,TETOUZE - The Alchemists,,,,,,89787,tetouze,the-alchemists,Lugnm77f05w,2024-02-01,0,2026-04-29T08:49:27.653968+00:00
57c480be-a67e-40a3-9850-6777e77825f1,The Aces,Gold Star Baby,The Aces - Gold Star Baby,,,Gold Star Baby,The Aces,2025-08-15,106997,aces,gold-star-baby,u5Pp0rWi74Q,2025-08-01,0,2026-04-28T15:56:04.036664+00:00
16cc0ab4-21f4-454f-bc0b-2f86218d2a65,The Aces,I've Loved You For So Long,The Aces - I've Loved You For So Long,,,I've Loved You For So Long,The Aces,2023-06-02,66013,aces,ive-loved-you-for-so-long,Vh-P5bs8vpQ,2024-04-01,0,2026-04-28T15:56:05.314466+00:00
7efb2f7a-3e7b-4746-acc1-99f108dfd01b,The Awakening,Haunting,The Awakening - Haunting,,,Haunting,The Awakening,2024-10-18,90714,awakening,haunting,LEZRfa_Orp0,2025-02-01,0,2026-04-28T17:42:04.706549+00:00
95d150fe-f3f4-485a-af71-0450c7cdd7fd,The Bangles,Eternal Flame,The Bangles - Eternal Flame,,,,,,,,,,,1,2026-03-17T14:11:55.194755+00:00
e06b4762-f7cb-4112-a0a1-9da786e25f7d,The Beaches,Can I Call You In The Morning,The Beaches - Can I Call You In The Morning,,,Can I Call You in the Morning?,The Beaches,2025-08-28,106846,beaches,can-i-call-you-in-the-morning,2c95er9Jaso,2025-08-01,0,2026-04-28T17:48:24.352024+00:00
3477cf00-0a57-447d-805f-65ca3f036b3f,The Beaches,Last Girls At The Party,The Beaches - Last Girls At The Party,,,Last Girls At The Party,The Beaches,2025-04-02,95373,beaches,last-girls-at-the-party,2wU-wN1t1Eg,2025-04-01,0,2026-04-28T17:48:26.747819+00:00
ce61a525-760b-4e01-a37f-ec2451cd25ef,The Beatles,Free As A Bird,The Beatles - Free As A Bird,,,Free As A Bird (2025 Mix),The Beatles,2025-08-21,106493,beatles,free-as-a-bird,VatsaeJLesI,2025-08-01,0,2026-04-28T17:48:50.711975+00:00
b40e69c9-8dfb-4af3-ad1e-7da25b1057b3,The Beatles,The Beatles - While My Guitar Gently Weeps [Love Version],The Beatles - The Beatles - While My Guitar Gently Weeps [Love Version],,,,,,,,,,,1,2026-03-17T04:21:44.810381+00:00
8c42babb-da48-48cb-860e-e6475ca90b2f,The Beatles,While My Guitar Gently Weeps (2018 Mix / Audio),The Beatles - While My Guitar Gently Weeps (2018 Mix / Audio),,,,,,,,,,,1,2026-03-17T04:23:11.937045+00:00
05750a65-a186-4ebd-9ae8-13b242b953df,The Beatles,While My Guitar Gently Weeps (2018 Mix),The Beatles - While My Guitar Gently Weeps (2018 Mix),,,,,,,,,,,0,2026-03-17T02:58:34.070502+00:00
d0606a1a-f285-4984-ba99-1ceb97bae7d7,The Beatles,While my Guitar gently weeps ♪,The Beatles - While my Guitar gently weeps ♪,,,,,,,,,,,1,2026-03-17T04:25:14.205391+00:00
10f1fc2f-9dcc-4b0d-a2ab-99e04770b02f,The Beths,Straight Line Was A Lie,The Beths - Straight Line Was A Lie,,,Straight Line Was A Lie,The Beths,2025-08-25,107326,beths,straight-line-was-a-lie,vU0Q8DKWhQk,2025-08-01,0,2026-04-28T17:51:39.863468+00:00
1d062f61-3363-4f09-937f-ffb47420c898,The Big Push,Passenger / Kids,The Big Push - Passenger / Kids,,,,,,126441,big-push,passenger-kids,fPVQsVG91Jc,2026-01-01,0,2026-04-28T17:52:47.343508+00:00
c85097ee-1afb-4065-89da-e1207acce4b4,The Bluetones,4-day Weekend,The Bluetones - 4-day Weekend,,,,,,7337,bluetones,4-day-weekend,Y3ZezxsUUZY,1998-11-01,0,2026-05-01T01:37:32.960366+00:00
95a9199b-64b5-4499-baee-516a30428ea9,The BoykinZ,These Boots Are Made For Walkin',The BoykinZ - These Boots Are Made For Walkin',,,undefined,,,86540,boykinz,these-boots-are-made-for-walkin-nancy-sinatra-cover,VZTUnzjmxxk,2022-04-01,0,2026-04-28T18:01:44.850825+00:00
4676b5ab-3fe1-4d42-ace6-ea2789cea882,The Breaks,Kurtis Blow,The Breaks - Kurtis Blow,,,,,,,,,,,1,2026-04-28T09:47:25.384642+00:00
dd6205dc-87bb-4ff3-8120-de91c0854e05,The Browning,Blue,The Browning - Blue,,,Blue (Da Ba Dee),The Browning,2025-01-03,89428,browning,blue-da-ba-dee-2,Lmg9bNu10kQ,2025-01-01,0,2026-04-28T18:04:43.193003+00:00
2e1a9093-5ad8-467b-93cd-9b88f6d08613,The Buggles,I Am A Camera,The Buggles - I Am A Camera,,,,,,49072,buggles,i-am-a-camera,nSlkEwYHMm4,1981-10-01,0,2026-04-28T18:06:07.093218+00:00
2029a838-7b62-4097-bb59-ea8058ad4097,The Cataracs,Make Ya Body Whistle,The Cataracs - Make Ya Body Whistle,,,Make Ya Body Whistle,"The Cataracs, DEV",2025-02-21,91549,cataracs,make-ya-body-whistle,Ig3aoHwfJMM,2025-02-01,0,2026-04-28T18:11:30.20226+00:00
dc0e96e2-9b8c-4621-bb01-d8162f6da4a2,The Chainsmokers,Polkadots,The Chainsmokers - Polkadots,,,,,,43721,chainsmokers,polkadots,GWIiMnGYVpA,2014-08-01,0,2026-04-29T13:56:52.516682+00:00
d7265321-cdbe-412e-ba87-f6ebbe77a6bc,The Chainsmokers,Smooth,The Chainsmokers - Smooth,,,,,,108804,chainsmokers,smooth,8eOTsaz_Gb4,2025-09-01,0,2026-04-28T18:12:46.238199+00:00
6b905dff-b066-4634-a2f1-5faf522034d7,The Charlatans,We Are Love,The Charlatans - We Are Love,,,We Are Love,The Charlatans,2025-07-14,105894,charlatans,we-are-love,v9ks7jyMRE0,2025-07-01,0,2026-04-28T18:13:43.980416+00:00
d7c47ff8-6e46-4cd1-bdeb-074b1ed9a182,The Cool-Notes,This A Special Night,The Cool-Notes - This A Special Night,,,Make This a Special Night - Backing Track,The Cool-Notes,1991,107498,cool-notes,this-a-special-night,KQs_lpmDHZE,1991-01-01,0,2026-04-28T18:24:25.546735+00:00
642357b9-e591-43ba-80c1-e56348401977,The Corrs,Dreams,The Corrs - Dreams,,,,,,,,,,,1,2026-03-30T17:24:09.810548+00:00
39056595-f3e8-424d-8aa0-fc48566cf801,The Cranberries,Dreams,The Cranberries - Dreams,,,,,,,,,,,0,2026-03-30T17:19:53.408195+00:00
888dfdc1-238e-4cc7-ba40-697aeed2cc54,The Cure,A Forest.,The Cure - A Forest.,,,,,,,,,,,1,2026-04-04T20:40:55.06976+00:00
b68f363d-4908-4a60-a442-2b46c5f1f231,The Darkness,Rock And Roll Party Cowboy,The Darkness - Rock And Roll Party Cowboy,,,Rock and Roll Party Cowboy,The Darkness,2025-01-24,90031,darkness,rock-and-roll-party-cowboy,ACzJLhUarac,2025-01-01,0,2026-04-28T18:32:03.206858+00:00
5151651e-db2d-4dd0-87d8-6835e04fed27,The Darkness,Walking Through Fire,The Darkness - Walking Through Fire,,,Walking Through Fire,The Darkness,2025-02-24,91909,darkness,walking-through-fire,yDldc1Mlwmo,2025-02-01,0,2026-04-28T18:32:01.969718+00:00
1f45e20a-c3c5-490b-9345-1b54fab32857,The Dead Daisies,Crossroads,The Dead Daisies - Crossroads,,,Crossroads,The Dead Daisies,2025-02-28,91859,dead-daisies,crossroads,v9IpLbNrJdc,2025-02-01,0,2026-04-28T18:35:39.853795+00:00
0c99df9e-7b56-48c7-a9f5-773351118296,The Dead Daisies,Love That'll Never Be,The Dead Daisies - Love That'll Never Be,,,Love That'll Never Be (Radio Edit),ザ・デッド・デイジーズ,2025-02-14,90659,dead-daisies,love-thatll-never-be,EVEZJn5zccY,2025-02-01,0,2026-04-28T18:35:41.107502+00:00
2133d418-cfcb-4b1a-97d9-909e103109ce,The Devil Wears Prada,For You,The Devil Wears Prada - For You,,,For You,The Devil Wears Prada,2025-04-17,97627,devil-wears-prada,for-you-4,aWrSkYQMAiQ,2025-04-01,0,2026-04-28T18:39:59.396724+00:00
21d67f22-2015-4c0b-b38d-cdb9bdb5e5b6,The Devil Wears Prada,So Low,The Devil Wears Prada - So Low,,,So Low,The Devil Wears Prada,2025-09-11,108223,devil-wears-prada,so-low-2,dWhDiFCHiaU,2025-09-01,0,2026-04-28T18:39:57.006243+00:00
1dc7235d-1109-4bb2-8266-ee91c2dcbda5,The Devil Wears Prada,Where The Flowers Never Grow,The Devil Wears Prada - Where The Flowers Never Grow,,,Where the Flowers Never Grow,The Devil Wears Prada,2025-08-21,106451,devil-wears-prada,where-the-flowers-never-grow,S0ka4TeYE5k,2025-08-01,0,2026-04-28T18:39:58.190018+00:00
7583f754-a950-4af0-beed-116f4ac194b5,The Divine Comedy,Invisible Thread,The Divine Comedy - Invisible Thread,,,Invisible Thread,The Divine Comedy,2025-09-02,107707,divine-comedy,invisible-thread,5VXSQQ5YDIU,2025-09-01,0,2026-04-28T18:42:10.938104+00:00
9e5758ec-ec9a-49df-be41-7483fd5165ec,The Doobie Brothers,Learn To Let Go,The Doobie Brothers - Learn To Let Go,,,Learn to Let Go,The Doobie Brothers,2025-03-12,93574,doobie-brothers,learn-to-let-go,k6czbziXumg,2025-03-01,0,2026-04-28T18:44:33.435803+00:00
a6da0272-4025-4d0e-adc7-39abe846c4ce,The Doobie Brothers,Walk This Road,The Doobie Brothers - Walk This Road,,,Walk This Road (feat. Mavis Staples),"The Doobie Brothers, Mavis Staples",2025-01-22,95014,doobie-brothers,walk-this-road,O0FuyR8XZAU,2025-04-01,0,2026-04-28T18:44:32.197254+00:00
7918b670-ad4a-4741-aeb8-a7fa8df5a612,The Doobie Brothers,What A Fool Believes,The Doobie Brothers - What A Fool Believes,,,,,,,,,,,1,2026-04-26T13:56:20.800495+00:00
9dd3157e-8223-4db8-af51-4b0ccd11e0dc,The Driver Era,Don't Take The Night,The Driver Era - Don't Take The Night,,,Don't Take The Night,"THE DRIVER ERA, Ross Lynch, Rocky",2025-02-26,95398,driver-era,dont-take-the-night,JlkB6sto-7U,2025-03-01,0,2026-04-28T18:46:13.704673+00:00
f211e7e1-b807-4852-b2a5-37aa47c904ef,The Driver Era,The Weekend,The Driver Era - The Weekend,,,The Weekend,"THE DRIVER ERA, Ross Lynch, Rocky, Fern",2025-04-11,95392,driver-era,the-weekend-3,PrdJXN5e81w,2025-04-01,0,2026-04-28T18:46:12.201787+00:00
59634691-c777-4f5a-a4de-547d1eaf0095,The Emotions,Best Of My Love,The Emotions - Best Of My Love,,,,,,,,,,,1,2026-04-27T00:58:56.291045+00:00
22e53592-e3f1-4656-9f14-8e2c249b3705,The Eyeliners,I Could Never Hate You,The Eyeliners - I Could Never Hate You,,,,,,8052,eyeliners,i-could-never-hate-you-2,lE3fqLiJg4I,2001-10-01,0,2026-04-28T18:57:13.652996+00:00
cba2cb99-69bb-4fd0-9afe-4dc35098e290,The Eyeliners,Sealed With A Kiss,The Eyeliners - Sealed With A Kiss,,,,,,8050,eyeliners,sealed-with-a-kiss,ZykmbTdfpyQ,2001-10-01,0,2026-04-28T18:57:12.483172+00:00
f5169cbb-e0bc-4ae3-9505-206d6e19a0ba,The Favors,David's Brother,The Favors - David's Brother,,,David's Brother,"The Favors, FINNEAS, Ashe",2025-09-19,109071,favors,davids-brother,VkMv0CNPbWM,2025-09-01,0,2026-04-28T18:59:07.418916+00:00
ea042220-44a5-48fb-85a5-16dd81c79e53,The Favors,Times Square Jesus,The Favors - Times Square Jesus,,,Times Square Jesus,"The Favors, FINNEAS, Ashe",2025-08-13,105826,favors,times-square-jesus,taSiKvuoGtk,2025-08-01,0,2026-04-28T18:59:08.607181+00:00
bb32a340-b44d-4fc2-aa92-ee045635ed9d,The Ferrymen,Mother Unholy,The Ferrymen - Mother Unholy,,,Mother Unholy,ザ・フェリーメン,2025-01-08,89462,ferrymen,mother-unholy,seruJrCjY7E,2025-01-01,0,2026-04-28T18:59:45.361432+00:00
0948d282-b376-4fcc-a2be-af3991bbbe3b,The Fray,How To Save A Life,The Fray - How To Save A Life,,,,,,,,,,,1,2026-04-23T16:16:08.32512+00:00
4ea6277f-52de-483e-bb62-962f12a0bcc5,The Goo Goo Dolls,I'm Awake Now,The Goo Goo Dolls - I'm Awake Now,,,,,,9812,goo-goo-dolls,im-awake-now,ZVeIkbvHFvM,1991-09-01,0,2026-05-01T03:46:51.520516+00:00
ec7caac6-f9e1-428f-8ec5-3c0fed5d036f,The Goo Goo Dolls,Ocean,The Goo Goo Dolls - Ocean,,,Ocean,The Goo Goo Dolls,2025-08-22,106433,goo-goo-dolls,ocean-3,Gq6gQDO4LEs,2025-08-01,0,2026-04-28T19:14:37.011384+00:00
8f3b9868-06a7-4593-a65f-f0503b2f4b32,The HALO EFFECT,If You Were Here,The HALO EFFECT - If You Were Here,,,If You Were Here,The Halo Effect,2025-08-20,106988,halo-effect,if-you-were-here,Gz3Q94CXG4c,2025-08-01,0,2026-04-28T19:20:55.479053+00:00
009628aa-a65f-4d9d-85b0-79a00aefcfa5,The HALO EFFECT,What We Become,The HALO EFFECT - What We Become,,,What We Become,The Halo Effect,2025-01-10,89330,halo-effect,what-we-become,gN36BG-R7Iw,2025-01-01,0,2026-04-28T19:20:56.634297+00:00
93393267-c04c-47c0-b7f0-04a52ce98678,The Haunt,Claws,The Haunt - Claws,,,Claws,The Haunt,2025-02-07,90448,haunt,claws,eX8WgSHb8oM,2025-02-01,0,2026-04-28T19:22:37.578852+00:00
233301d6-d91c-4b28-aff4-bbbbc72c6084,The Hives,Enough Is Enough,The Hives - Enough Is Enough,,,Enough Is Enough,The Hives,2025-04-01,94760,hives,enough-is-enough-2,EbxrfflmPRE,2025-04-01,0,2026-04-28T19:25:52.27276+00:00
c56b59f6-21fe-4045-a7af-c64927f6cd68,The Hives,The Hives Forever Forever The Hives,The Hives - The Hives Forever Forever The Hives,,,The Hives Forever Forever The Hives,The Hives,2025-08-14,105864,hives,the-hives-forever-forever-the-hives,D0KJLcY7-r4,2025-08-01,0,2026-04-28T19:25:48.690639+00:00
eeadb810-e1ee-458f-9684-5c7e38623253,The Hooters,And We Danced,The Hooters - And We Danced,,,And We Danced,The Hooters,1985,100748,hooters,and-we-danced,zB1Q-PfUvN0,1985-05-01,0,2026-04-28T19:27:33.685422+00:00
3b27303a-3a7e-4bf1-9bee-55b743c91eba,The Horrors,Ariel,The Horrors - Ariel,,,Ariel,The Horrors,2025-02-21,91777,horrors,ariel,-G1KBwajm1g,2025-02-01,0,2026-04-28T19:27:39.84963+00:00
0cd39da2-354e-4c42-89a8-21d945553689,The Horrors,More Than Life,The Horrors - More Than Life,,,More Than Life,ザ・ホラーズ,2025-01-17,89813,horrors,more-than-life,NEnosz-EWpA,2025-01-01,0,2026-04-28T19:27:41.038018+00:00
34984106-a663-43b1-badc-8dee673d5dfc,The HU,Bosoo Huh Mongol,The HU - Bosoo Huh Mongol,,,,,,73948,hu,bosoo-huh-mongol,qHmFMuV6DzQ,2024-07-01,0,2026-04-28T19:28:53.339376+00:00
ae3b67c9-cf26-47a8-8ffc-3b848b1ae59c,The Jam,Beat Surrender.,The Jam - Beat Surrender.,,,,,,,,,,,1,2026-04-05T12:54:46.212301+00:00
b2ba01ce-7129-4b00-84b6-470bd14448ea,The Jonas Brothers,I Can't Lose,The Jonas Brothers - I Can't Lose,,,I Can’t Lose,Jonas Brothers,2025-07-16,106076,jonas-brothers,i-cant-lose-2,tBMtQ9HRFuI,2025-08-01,0,2026-04-28T19:45:33.130234+00:00
3ccb12ff-1df2-4beb-9d7e-9e2d828d21d8,The Jonas Brothers,I Dare You,The Jonas Brothers - I Dare You,,,I Dare You,"Rascal Flatts, Jonas Brothers",2025-01-31,90532,jonas-brothers,i-dare-you-3,a17VQ7gFPDs,2025-01-01,0,2026-04-30T12:32:14.975787+00:00
d4710bc2-dcdc-4b38-8085-109167de40fc,The Jonas Brothers,Love Me To Heaven,The Jonas Brothers - Love Me To Heaven,,,Love Me To Heaven,Jonas Brothers,2025-03-21,94002,jonas-brothers,love-me-to-heaven,3S56SxpSTvk,2025-03-01,0,2026-04-28T19:45:37.934541+00:00
e1521be9-2512-4b99-9152-b5f2a244c66f,The Jonas Brothers,Slow Motion,The Jonas Brothers - Slow Motion,,,Slow Motion,"マシュメロ, ジョナス・ブラザース",2025-01-17,89567,jonas-brothers,slow-motion-2,LIFfrzojgaQ,2025-01-01,0,2026-04-28T19:45:39.222805+00:00
50761326-8498-4dce-8db3-c73dd7a22928,The Jonas Brothers,Tantrum,The Jonas Brothers - Tantrum,,,Tantrum,Jonas Brothers,2025-08-12,105981,jonas-brothers,tantrum-2,_mVAwcFsOvs,2025-08-01,0,2026-04-28T19:45:34.326051+00:00
56254b2f-3a10-4089-9dd5-3d9ce126c093,The Kingdom Choir,Walk Upon The Water,The Kingdom Choir - Walk Upon The Water,,,Walk Upon the Water,"Passenger, The Kingdom Choir",2025-09-10,108075,kingdom-choir,walk-upon-the-water,dkZnCtPTpB0,2025-09-01,0,2026-04-30T12:53:09.310631+00:00
e89fc26f-7577-4b56-9950-15b44ab0c946,The Last Dinner Party,Second Best,The Last Dinner Party - Second Best,,,Second Best,The Last Dinner Party,2025-10-01,110195,last-dinner-party,second-best,iUPdjiZo7XU,2025-10-01,0,2026-04-28T20:05:45.300356+00:00
eaec29e1-6302-4721-84d7-c7c35be5c427,The Last Dinner Party,The Scythe,The Last Dinner Party - The Scythe,,,The Scythe,The Last Dinner Party,2025-09-05,107850,last-dinner-party,the-scythe,aPT9Uk0wXDM,2025-09-01,0,2026-04-28T20:05:46.523177+00:00
e7d069de-214a-4956-b1cc-787f901d7d58,The Lazys,Hot Under The Collar,The Lazys - Hot Under The Collar,,,Hot Under The Collar,The Lazys,2025-06-27,106795,lazys,hot-under-the-collar,cNp-_hjBEI4,2025-08-01,0,2026-04-28T20:07:48.964101+00:00
242710b4-81ec-4d5f-ae18-944a99c24c0f,The Linda Lindas,Don't Think,The Linda Lindas - Don't Think,,,Don't Think,The Linda Lindas,2024-10-11,94265,linda-lindas,dont-think,WHeC0Z9d-ak,2025-03-01,0,2026-04-28T20:13:04.066836+00:00
77e08332-05c8-41d8-8f62-2b8f6f9db176,The Lumineers,A.m. Radio,The Lumineers - A.m. Radio,,,A.M. RADIO,The Lumineers,2022-01-14,93144,lumineers,a-m-radio,yxxLrWAtKTg,2021-12-01,0,2026-04-28T20:19:33.478834+00:00
a96929af-ddd6-48e9-b58a-741d28bb60f6,The Lumineers,Angela,The Lumineers - Angela,,,Angela,The Lumineers,2016-04-08,93097,lumineers,angela-2,_II0fc7hgNY,2016-09-01,0,2026-04-29T15:20:07.604403+00:00
01e42425-f4aa-4297-a8ae-2bcb54d162aa,The Lumineers,Big Shot,The Lumineers - Big Shot,,,BIG SHOT,The Lumineers,2022-01-14,93140,lumineers,big-shot,z2pocjX-5Zw,2021-10-01,0,2026-04-28T20:19:34.689035+00:00
9469e72a-f745-4259-b61a-0f31c36a7601,The Lumineers,Blue Christmas,The Lumineers - Blue Christmas,,,Blue Christmas,The Lumineers,2016-12-02,93107,lumineers,blue-christmas,9ygiyWvdZ4I,2016-12-01,0,2026-04-29T15:20:04.883192+00:00
f2150a37-2a30-4588-bcbd-eb855bf210c8,The Lumineers,Brightside,The Lumineers - Brightside,,,BRIGHTSIDE,The Lumineers,2022-01-14,93136,lumineers,brightside,9KWOTBhWhyU,2021-09-01,0,2026-04-28T20:19:35.887137+00:00
07f29e03-0f4f-4d9c-84bd-51c2252046bd,The Lumineers,Cleopatra,The Lumineers - Cleopatra,,,Cleopatra,The Lumineers,2016-04-08,93092,lumineers,cleopatra-2,aN5s9N_pTUs,2016-07-01,0,2026-04-29T15:20:10.269305+00:00
1496b2bf-cd34-4141-ae1e-55b74efe7861,The Lumineers,Gloria,The Lumineers - Gloria,,,Gloria,The Lumineers,2019-09-13,93117,lumineers,gloria-2,Kok4-aVdyT4,2019-04-01,0,2026-04-28T20:19:40.717751+00:00
22fa16ab-2106-48a7-9b39-0e1565f67f0f,The Lumineers,Ho Hey,The Lumineers - Ho Hey,,,Ho Hey,The Lumineers,2012-04-03,93077,lumineers,ho-hey,zvCBSSwgtg4,2012-03-01,0,2026-04-29T15:20:14.335957+00:00
adc6bfe1-df93-492a-a774-f726a684bc38,The Lumineers,It Wasn't Easy To Be Happy For You,The Lumineers - It Wasn't Easy To Be Happy For You,,,It Wasn't Easy To Be Happy For You,The Lumineers,2019-09-13,93123,lumineers,it-wasnt-easy-to-be-happy-for-you,eGReASgVM1Q,2019-07-01,0,2026-04-28T20:19:38.282203+00:00
5f97e632-bcbc-46c6-a276-938b14192ee8,The Lumineers,Life In The City,The Lumineers - Life In The City,,,Life In The City,The Lumineers,2019-09-13,93127,lumineers,life-in-the-city,VLPsZT2ZAgE,2019-05-01,0,2026-04-28T20:19:39.489275+00:00
c3be3896-00cc-467b-bb79-060b46f18c99,The Lumineers,Nobody Knows,The Lumineers - Nobody Knows,,,Nobody Knows,The Lumineers,2023-11-15,93152,lumineers,nobody-knows-4,6q5Zn_ZkehM,2016-08-01,0,2026-04-29T15:20:08.9332+00:00
99ffddf1-2f10-4879-bf1e-2d2d611b9546,The Lumineers,Ophelia,The Lumineers - Ophelia,,,Ophelia,The Lumineers,2016-04-08,93087,lumineers,ophelia,pTOC_q0NLTk,2016-06-01,0,2026-04-29T15:20:11.604799+00:00
fba89ded-d5fd-4eac-9a4b-6d41e1240231,The Lumineers,Salt And The Sea,The Lumineers - Salt And The Sea,,,Salt And The Sea,The Lumineers,2019-09-13,93132,lumineers,salt-and-the-sea,hrlYnowqPWg,2019-09-01,0,2026-04-28T20:19:37.090862+00:00
cdb47876-c074-4325-b28f-b80499c20b71,The Lumineers,Same Old Song,The Lumineers - Same Old Song,,,Same Old Song,The Lumineers,2025-01-08,89361,lumineers,same-old-song,cZ-VW3QYQQA,2025-01-01,0,2026-04-28T20:19:30.99804+00:00
8001a452-bac8-4ab9-b9f3-35204e78553f,The Lumineers,Sleep On The Floor,The Lumineers - Sleep On The Floor,,,Sleep On The Floor,The Lumineers,2016-04-08,93102,lumineers,sleep-on-the-floor,v4pi1LxuDHc,2016-11-01,0,2026-04-29T15:20:06.246361+00:00
3bdd69d8-f775-47e3-8994-a820ca2b7461,The Lumineers,Stubborn Love,The Lumineers - Stubborn Love,,,Stubborn Love,The Lumineers,2012-04-03,93082,lumineers,stubborn-love,UJWk_KNbDHo,2013-02-01,0,2026-04-29T15:20:13.005217+00:00
9a283ef5-219a-4a81-9743-4ed3e30e0e1a,The Lumineers,Walls,The Lumineers - Walls,,,Walls,The Lumineers,2018-10-02,93112,lumineers,walls-2,DAUMCoD5I30,2018-10-01,0,2026-04-29T15:20:03.462615+00:00
ae899a88-7d8b-48f7-9aa1-e2eed62ab555,The Lumineers,Where We Are,The Lumineers - Where We Are,,,WHERE WE ARE,The Lumineers,2022-01-14,93148,lumineers,where-we-are,znRJvIGTjts,2022-01-01,0,2026-04-28T20:19:32.275242+00:00
dc61e4b0-a63a-4f24-924a-7922cbee2141,The Main Squeeze,She Loves You,The Main Squeeze - She Loves You,,,,,,82629,main-squeeze,she-loves-you-2,KIeX0bVwcmw,2024-05-01,0,2026-04-28T20:23:28.510841+00:00
26318b17-9d5b-4aae-be19-27727f970b10,The Marías,Back To Me,The Marías - Back To Me,,,Back To Me,The Marías,2025-04-04,94745,marias,back-to-me-3,4kCVGodVS88,2025-04-01,0,2026-04-28T20:25:49.545246+00:00
60681426-2dc0-4860-a0bd-0d7e35ba1662,The Marías,Nobody New,The Marías - Nobody New,,,Nobody New,The Marías,2025-04-04,95063,marias,nobody-new,nTejAxg7byc,2025-04-01,0,2026-04-28T20:25:50.733725+00:00
1e108fb7-c0cd-4081-a713-9599b440e3fd,The Midnight,Friction,The Midnight - Friction,,,Friction,The Midnight,2025-10-03,110241,midnight,friction-2,LVwgSIheW1Y,2025-10-01,0,2026-04-29T05:12:53.945208+00:00
d1cef52a-ca6c-46ab-b5df-b722a2d5ffab,The Midnight,Los Angeles,The Midnight - Los Angeles,,,Los Angeles,The Midnight,2014-03-19,103524,midnight,los-angeles,os7K1onmZjc,2025-03-01,0,2026-04-29T05:13:04.765353+00:00
8bc10493-056d-489c-adda-c8cc3a7ba124,The Midnight,Love Is An Ocean,The Midnight - Love Is An Ocean,,,Love Is an Ocean,The Midnight,2025-02-21,91455,midnight,love-is-an-ocean,BEhlYL8ev18,2025-02-01,0,2026-04-29T05:13:06.847557+00:00
4e37a285-2537-40e5-921d-2a726c90a040,The Midnight,Summer's Ending Soon,The Midnight - Summer's Ending Soon,,,Summer's Ending Soon,The Midnight,2025-08-29,106831,midnight,summers-ending-soon,dAjJNnhmA4c,2025-08-01,0,2026-04-29T05:12:58.330358+00:00
c48525bf-268e-4a19-8774-89c4a89f241e,The Neighbourhood,Sweater Weather,The Neighbourhood - Sweater Weather,,,,,,,,,,,1,2026-04-25T08:16:41.900551+00:00
db499be4-01b6-46a0-bc86-15d50c3a0cdf,The New Age Steppers,Fade Away,The New Age Steppers - Fade Away,,,Fade Away,New Age Steppers,1980-01-01,108024,new-age-steppers,fade-away-2,NAo-uXUTN44,1980-01-01,0,2026-04-29T05:39:37.824197+00:00
c64b5108-08cd-4f9b-b0c6-a9a3cf5a0582,The NIGHT FLIGHT ORCHESTRA,Paloma,The NIGHT FLIGHT ORCHESTRA - Paloma,,,Paloma,ザ・ナイト・フライト・オーケストラ,2025-01-31,90799,night-flight-orchestra,paloma,WB8rqlb-bOs,2025-01-01,0,2026-04-29T05:43:38.406857+00:00
ac861c66-abcd-40b5-a4b5-e8a9a253289a,The Northern Boys,Nobody Likes Me,The Northern Boys - Nobody Likes Me,,,,,,38432,northern-boys,nobody-likes-me,b7Bj1dBMYBE,2022-10-01,0,2026-04-29T05:51:35.120836+00:00
91bca51e-ae70-4530-9f81-7c5fc89a0184,The Offspring,Here Kitty Kitty,The Offspring - Here Kitty Kitty,,,,,,41608,offspring,here-kitty-kitty,JJMTzsh26gA,2020-04-01,0,2026-04-29T05:59:21.353215+00:00
9fd72a8f-93f4-4076-96ca-8dd2eb20a833,The Offspring,Truth In Fiction,The Offspring - Truth In Fiction,,,Truth In Fiction,The Offspring,2024-10-11,106778,offspring,truth-in-fiction,w6JAV4yeXEY,2025-08-01,0,2026-04-29T05:58:49.561675+00:00
36e49a18-afa3-41e1-ae11-6ae2ca0d3d57,The Olympic Runners,Get It While You Can,The Olympic Runners - Get It While You Can,,,,,,74958,olympic-runners,get-it-while-you-can,cMYbwfFH7l0,1978-01-01,0,2026-04-29T06:04:22.488411+00:00
46481db9-51d8-4459-9940-d0d4c33293de,The Olympic Runners,Keep It Up!!,The Olympic Runners - Keep It Up!!,,,undefined,,,74955,olympic-runners,keep-it-up-2,0iuj2GJz2Wk,1977-01-01,0,2026-04-29T06:04:24.652046+00:00
b1ff8310-436b-4e02-8203-220d44b25b47,The Olympic Runners,The Bitch,The Olympic Runners - The Bitch,,,undefined,,,74946,olympic-runners,the-bitch,gs0aqNpBvQ0,1979-01-01,0,2026-04-29T06:04:20.314048+00:00
5fe8bca9-cfcc-49cc-9d19-8c93af249cc2,The Orb,It's Coming Soon,The Orb - It's Coming Soon,,,It's Coming Soon,The Orb,2025-09-10,108528,orb,its-coming-soon,-5c3opcVm5Y,2025-09-01,0,2026-04-29T06:08:37.953827+00:00
76fbd9c7-c5a8-4e88-91ce-46337bba757b,The Orb,Little Fluffy Clouds,The Orb - Little Fluffy Clouds,,,Little Fluffy Clouds,The Orb,1991-04-02,108534,orb,little-fluffy-clouds,8Ecdn5SGT1E,1990-11-01,0,2026-04-29T06:08:41.942062+00:00
e8c29b46-b1cc-46f6-9196-bd94096e20f1,The Presidents Of The United States Of America,Can't Stop,The Presidents Of The United States Of America - Can't Stop,,,,,,72902,presidents-of-the-united-states-of-america,cant-stop-catchin-em-all,3GKykZ5zmqU,2011-04-01,0,2026-04-29T06:37:56.887545+00:00
058e1143-6b98-42fb-b077-891296d4f0e6,The Pretty Reckless,For I Am Death,The Pretty Reckless - For I Am Death,,,For I Am Death,The Pretty Reckless,2025-08-22,106089,pretty-reckless,for-i-am-death,GWTNGMAH500,2025-08-01,0,2026-04-29T06:39:01.039996+00:00
77503d99-1c30-4dca-b1c7-1bf6fb29c33d,The Pretty Reckless,Love Me,The Pretty Reckless - Love Me,,,,,,132320,pretty-reckless,love-me-6,0hbHJMG13A0,2026-04-01,0,2026-04-29T06:38:54.714778+00:00
563f94a3-2bab-4633-ae0a-f3c113f0700b,The Pretty Wild,Button Eyes,The Pretty Wild - Button Eyes,,,Button Eyes,The Pretty Wild,2025-03-07,92589,pretty-wild,button-eyes,yRq2Kv1AJgI,2025-03-01,0,2026-04-29T06:39:16.484178+00:00
c0b13adf-83f9-4c4b-82a9-23eccbf0e393,The Prodigy,Firestarter,The Prodigy - Firestarter,,,Firestarter,The Prodigy,1997,99098,prodigy,firestarter,wmin5WkOuPw,1996-03-01,2,2026-03-30T12:10:39.42593+00:00
e9efaae0-c0b4-4b73-83de-58c1091fd81d,The Rasmus,Creatures Of Chaos,The Rasmus - Creatures Of Chaos,,,Creatures of Chaos,The Rasmus,2025-03-28,94678,rasmus,creatures-of-chaos,uY4vweIBFcY,2025-03-01,0,2026-04-29T06:54:30.859138+00:00
83d1c819-d84d-43fd-860f-01d7772f1ba9,The Red Clay Strays,People Hatin',The Red Clay Strays - People Hatin',,,People Hatin',The Red Clay Strays,2025-10-03,110103,red-clay-strays,people-hatin,AkhX0m7SrLs,2025-10-01,0,2026-04-29T06:56:30.937012+00:00
d55f8b21-1dfd-45df-b8f8-87c759044154,The Ritchie Family,Brazil,The Ritchie Family - Brazil,,,undefined,,,76989,ritchie-family,brazil,e8eaNxJaGsQ,1975-06-01,0,2026-04-29T07:12:54.369929+00:00
362ccb6d-94c8-46b0-9628-2e11d8911e47,The Ritchie Family,Give Me A Break,The Ritchie Family - Give Me A Break,,,,,,76997,ritchie-family,give-me-a-break,_beG5_n9UbA,1980-01-01,0,2026-04-29T07:12:45.850127+00:00
602e0809-320f-43a8-9701-498d3569e168,The Ritchie Family,Put Your Feet To The Beat,The Ritchie Family - Put Your Feet To The Beat,,,,,,76985,ritchie-family,put-your-feet-to-the-beat,xxgRUFfVjsA,1979-01-01,0,2026-04-29T07:12:48.30823+00:00
85fba6e0-e05f-4f9e-9693-ea53bfb592e8,The Rolling Stones,"Paint It, Black","The Rolling Stones - Paint It, Black",,,,,,,,,,,1,2026-04-17T07:40:43.614206+00:00
18a3c4b2-93da-4e49-92b9-3c9e2d7f78ce,The Rumjacks,Danny Boy,The Rumjacks - Danny Boy,,,Danny Boy,The Rumjacks,2025-03-17,94296,rumjacks,danny-boy-2,K18uuWbexls,2025-03-01,0,2026-04-29T07:24:36.366418+00:00
33eb700d-4559-46bf-a527-5aa849feef6c,The Script,Inside Out,The Script - Inside Out,,,Inside Out,The Script,2024-08-16,98960,script,inside-out-5,Uuw0qEVNG9I,2025-04-01,0,2026-04-29T07:35:38.096422+00:00
3a2099b3-d8fe-468e-bd58-a7eeb1ae6d7d,The Script,The Man Who Can’t Be Moved,The Script - The Man Who Can’t Be Moved,,,,,,,,,,,1,2026-04-21T12:58:45.902272+00:00
7bde08cf-7719-455d-87c1-d18714685925,The Smashing Pumpkins,Chrome Jets,The Smashing Pumpkins - Chrome Jets,,,Chrome Jets,The Smashing Pumpkins,2025-09-12,108329,smashing-pumpkins,chrome-jets,A7rT-qoGmrA,2025-09-01,0,2026-04-29T07:56:51.183155+00:00
9862b91f-aa55-4fe3-8ed4-cc1be7479ac2,The Smashing Pumpkins,"Tonight, Tonight","The Smashing Pumpkins - Tonight, Tonight",,,,,,,,,,,1,2026-04-21T12:29:15.615878+00:00
b18388db-54c9-4b98-aa88-8837ff9849b1,The Streets,Utopia,The Streets - Utopia,,,Utopia,The Streets,2025-09-19,108870,streets,utopia-2,95k2KKyc-Pc,2025-09-01,0,2026-04-29T08:23:27.08456+00:00
a52dc12e-703a-44a5-8fa5-607b2e73afb1,The Strokes,Reptilia,The Strokes - Reptilia,,,,,,,,,,,1,2026-05-21T06:37:08.068373+00:00
8ccac825-e856-4c97-9880-1a1fe7918bd4,The Struts,21st Century Dandy,The Struts - 21st Century Dandy,,,,,,42437,struts,21st-century-dandy,WkmNVnJPkfc,2018-11-01,0,2026-04-29T08:24:48.762686+00:00
bd649627-2e9b-4894-a6a4-1e50d8bace38,The Struts,I Just Know,The Struts - I Just Know,,,,,,44007,struts,i-just-know,rLzuZpHtzD8,2013-01-01,1,2026-04-08T15:16:29.752127+00:00
e33bbcef-069e-4729-9655-0a94cf88c092,The Struts,Rock 'N' Roll Fantasy,The Struts - Rock 'N' Roll Fantasy,,,undefined,,,106708,struts,rock-n-roll-fantasy-tribute-to-bad-company,ke9QAW4LCHc,2025-08-01,1,2026-04-18T15:54:01.050387+00:00
65a056a3-45e0-42ed-9d57-e6702356db1e,The Sugababes,Jungle,The Sugababes - Jungle,,,Jungle,Sugababes,2025-03-13,93257,sugababes,jungle-2,Qme8Ydk8aT0,2025-03-01,0,2026-04-29T08:28:39.52153+00:00
86d4bc2c-7fd5-433f-a25e-ac657aa81809,The Temper Trap,Giving Up Air,The Temper Trap - Giving Up Air,,,Giving Up Air,The Temper Trap,2025-09-24,109709,temper-trap,giving-up-air-2,EaERDAJxnTc,2025-09-01,0,2026-04-29T08:47:23.086069+00:00
e0f04f1d-ed8d-4a45-b265-eab4c909dd1b,The Temper Trap,Lucky Dimes,The Temper Trap - Lucky Dimes,,,Lucky Dimes,The Temper Trap,2025-08-13,105822,temper-trap,lucky-dimes,IaBWrH_5QYU,2025-08-01,0,2026-04-29T08:47:25.095197+00:00
81ae2859-c47f-482e-88fb-b7788687d5a4,The The,I Saw The Light,The The - I Saw The Light,,,,,,69292,the-the,i-saw-the-light,ijKKL5t8b04,1995-01-01,0,2026-04-29T08:50:03.18598+00:00
c5f6f3e0-effd-4918-9d03-6739c077be9e,The Traveling Wilburys,End Of The Line,The Traveling Wilburys - End Of The Line,,,,,,,,,,,3,2026-04-12T10:52:04.192767+00:00
9c4284f3-ab61-41c6-86b3-25fbf1748b44,The Traveling Wilburys,Handle With Care.,The Traveling Wilburys - Handle With Care.,,,,,,,,,,,2,2026-04-12T10:35:50.967415+00:00
aba1ebba-ab29-4d54-a6fa-3bccb6eadc4a,The Velveteers,Bound In Leather,The Velveteers - Bound In Leather,,,Bound In Leather,The Velveteers,2025-01-16,89764,velveteers,bound-in-leather,gl7VWsrjEo8,2025-01-01,0,2026-04-29T09:22:35.421925+00:00
80df38c2-8df0-45c2-8524-ddbf83ff66dc,The Volunteers,Rules,The Volunteers - Rules,,,Rules,The Volunteers,2025-02-25,92658,volunteers,rules,VD-27Oogr4A,2025-02-01,0,2026-04-29T09:28:11.248372+00:00
88dc7979-4b31-49e0-99d8-7cb1fbedf005,The Waterboys,Hopper's On Top,The Waterboys - Hopper's On Top,,,Hopper's On Top (Genius),The Waterboys,2014,89482,waterboys,hoppers-on-top,N6o9HsvbekQ,2025-01-01,0,2026-04-29T09:32:12.071084+00:00
f30c1d0d-fa46-4cea-a04f-ad63a34899eb,The Weeknd,Closing Night,The Weeknd - Closing Night,,,undefined,,,107734,weeknd,closing-night,JkDHARbprq8,2025-09-01,0,2026-04-29T09:33:55.504529+00:00
aa2f7f29-4d41-48ec-abe5-400385a8d835,The Weeknd,Cry For Me,The Weeknd - Cry For Me,,,Cry For Me,ザ・ウィークエンド,2025-01-31,90538,weeknd,cry-for-me,bn8gP5N8hqM,2025-02-01,0,2026-04-29T09:34:06.24461+00:00
3d1ef256-1344-4fc6-8f6b-a06599da9abe,The Weeknd,Drive,The Weeknd - Drive,,,Drive,The Weeknd,2025-01-31,97507,weeknd,drive-8,Fv2Y1odMjvE,2025-04-01,0,2026-04-29T09:34:03.973597+00:00
56ac8915-0ac8-44ff-bff3-9443928f018f,The Weeknd,One Week Until Tomorrow,The Weeknd - One Week Until Tomorrow,,,undefined,,,90041,weeknd,one-week-until-tomorrow,3rxBCq0YDIA,2025-01-01,0,2026-04-29T09:34:15.324852+00:00
6ef6e38e-1ea7-44f0-99c3-18c7dce2999d,The Weeknd,Open Hearts,The Weeknd - Open Hearts,,,Open Hearts,ザ・ウィークエンド,2025-01-31,90311,weeknd,open-hearts,Bn-3ICGjz0U,2025-02-01,0,2026-04-29T09:34:08.377759+00:00
350f2283-a41b-4dc4-b866-0c9a00e6be17,The Weeknd,Red Terror,The Weeknd - Red Terror,,,Red Terror,ザ・ウィークエンド,2025-01-31,90316,weeknd,red-terror,UxzKSHLqdfo,2025-02-01,0,2026-04-29T09:34:10.799621+00:00
378fbcc4-1ad4-489b-9ad4-c148b920399d,The Weeknd,Society,The Weeknd - Society,,,undefined,,,108065,weeknd,society,Mh68QRg9MH8,2025-09-01,0,2026-04-29T09:33:52.955554+00:00
e821da3b-071d-4465-a321-ea6b3f9ebc2e,The White Stripes,Seven Nation Army,The White Stripes - Seven Nation Army,,,,,,,,,,,1,2026-04-25T04:33:47.686074+00:00
48945d00-8209-46b0-9100-39bea9aa2f9a,"The White Stripes: ""Seven Nation Army"" Live On 4/22/03 (Hd Premiere)",Late Night With Conan O’brien,"The White Stripes: ""Seven Nation Army"" Live On 4/22/03 (Hd Premiere) - Late Night With Conan O’brien",,,,,,,,,,,1,2026-05-21T06:40:44.518515+00:00
4deb215f-1e74-40ec-8ca4-de034ed2477e,The Winery Dogs,Stars,The Winery Dogs - Stars,,,,,,,,,,,1,2026-03-29T15:16:08.843448+00:00
7c14bdf1-fcbb-4d76-96ad-911f98ef79c5,The Wolston Butchers,Live Dead Die Fast,The Wolston Butchers - Live Dead Die Fast,,,LDDF,The Wolston Butchers,2024-11-27,92166,wolston-butchers,live-dead-die-fast,eQCNBhJKnwI,2024-11-01,0,2026-04-29T09:44:05.551603+00:00
c0a36dac-330a-4514-94ac-25f0496eec7b,The Wrecks,Speed,The Wrecks - Speed,,,Speed,The Wrecks,2025-03-07,94278,wrecks,speed,pmRn4_TdNXw,2025-03-01,0,2026-04-29T09:44:45.103198+00:00
4248188e-78c5-4b93-8af5-f385cdd7ab8c,The Yagas,Life Of A Widow,The Yagas - Life Of A Widow,,,Life of a Widow,The Yagas,2025-03-27,97687,yagas,life-of-a-widow,7v8DcG6t3_w,2025-04-01,0,2026-04-29T09:47:13.856528+00:00
48886d4e-b841-48e1-842d-bcfd22b0e2e1,The Yagas,She's Walking Down,The Yagas - She's Walking Down,,,She's Walking Down,The Yagas,2025-02-21,91362,yagas,shes-walking-down,LV1526FsxsU,2025-02-01,0,2026-04-29T09:47:16.189875+00:00
4c0427f2-cd78-4bd9-9029-2e799d5758d7,THEM,Vintage Jeans,THEM - Vintage Jeans,,,Vintage Jeans,THEM,2025-02-21,92746,them,vintage-jeans,Ivw3UPmUBlM,2025-03-01,0,2026-04-29T08:50:39.941505+00:00
26ac96ca-76b1-4922-a26e-f97868c038a3,Thirty Seconds To Mars,Avalanche,Thirty Seconds To Mars - Avalanche,,,Avalanche,Thirty Seconds To Mars,2023-09-15,107686,thirty-seconds-to-mars,avalanche-3,cA0TafOdU-Y,2025-09-01,0,2026-04-29T08:51:39.940477+00:00
f666d59e-61b8-4c9c-b61f-d13ea07e57cf,Thomas Day,Sleep When We're Dead,Thomas Day - Sleep When We're Dead,,,Sleep When We're Dead,Thomas Day,2025-03-21,104211,thomas-day,sleep-when-were-dead,XJiQSoi14PU,2025-03-01,0,2026-04-29T08:51:57.520675+00:00
0f81b610-5bfb-436d-bc8e-39642b83d405,Those Damn Crows,Dreaming,Those Damn Crows - Dreaming,,,Dreaming,Those Damn Crows,2025-02-19,92811,those-damn-crows,dreaming-4,Wqi5vRtdhsE,2025-02-01,0,2026-04-29T08:52:21.668612+00:00
002de3ee-3417-41c6-8f7f-3030061efb40,Those Damn Crows,Find A Way,Those Damn Crows - Find A Way,,,Find a Way,Those Damn Crows,2023-02-17,92831,those-damn-crows,find-a-way-4,uv1tKiNXy7o,2023-08-01,0,2026-04-29T08:52:30.106984+00:00
ed304710-f340-4a2f-bebb-8010ee7bcc40,Those Damn Crows,Glass Heart,Those Damn Crows - Glass Heart,,,Glass Heart,Those Damn Crows,2024-11-20,92821,those-damn-crows,glass-heart,sacy60cjN84,2024-11-01,0,2026-04-29T08:52:28.085098+00:00
76588b1c-9017-49ce-ac4c-986b7c37504b,Those Damn Crows,No Surrender,Those Damn Crows - No Surrender,,,No Surrender,Those Damn Crows,2025-01-15,92816,those-damn-crows,no-surrender,FfvgHmSOEaI,2025-01-01,0,2026-04-29T08:52:23.903029+00:00
bea3a73b-0b13-4334-ba81-15ddc6c172ef,Those Damn Crows,Still,Those Damn Crows - Still,,,Still,Those Damn Crows,2024-12-10,92826,those-damn-crows,still-3,YUIWgX4GHtM,2024-12-01,0,2026-04-29T08:52:26.022481+00:00
018490ac-6077-49e4-975e-5189dec0e7a6,Those Damn Crows,This Time I'm Ready,Those Damn Crows - This Time I'm Ready,,,This Time I'm Ready,Those Damn Crows,2023-02-17,92836,those-damn-crows,this-time-im-ready,ovweIEaFCvo,2022-12-01,0,2026-04-29T08:52:32.112838+00:00
73589cda-5d9e-4f69-9999-b8e786ac2d7b,Three Days Grace,Don't Wanna Go Home Tonight,Three Days Grace - Don't Wanna Go Home Tonight,,,Don't Wanna Go Home Tonight,Three Days Grace,2025-08-22,106547,three-days-grace,dont-wanna-go-home-tonight,ifFBnf6yLwQ,2025-08-01,0,2026-04-29T08:52:36.155584+00:00
41aaf1c2-82ed-4ab5-9f33-e5874dad04af,Three Days Grace,In Waves,Three Days Grace - In Waves,,,In Waves,Three Days Grace,2025-08-22,106473,three-days-grace,in-waves,6gVGdPceBJY,2025-08-01,0,2026-04-29T08:52:38.100826+00:00
55b9d93b-25b9-4d68-95fb-f580e57db1f6,Thundercat,I Wish I Didn’t Waste Your Time,Thundercat - I Wish I Didn’t Waste Your Time,,,I Wish I Didn’t Waste Your Time,Thundercat,2025-09-15,108950,thundercat,i-wish-i-didnt-waste-your-time,UeBoIujRE9s,2025-09-01,0,2026-04-29T08:53:04.9638+00:00
80be6bd0-c654-4436-bbb8-df2ecf175930,Thundermother,It´s Just A Tease,Thundermother - It´s Just A Tease,,,It's Just a Tease,Thundermother,2015-09-04,106580,thundermother,its-just-a-tease,L_dhhU3qgM4,2015-09-01,0,2026-04-29T08:53:14.093958+00:00
75c7a284-6ace-4d7e-a3d1-0d8511985894,ThxSoMch,Keep It To Yourself,ThxSoMch - Keep It To Yourself,,,Keep It To Yourself,ThxSoMch,2025-08-22,106562,thxsomch,keep-it-to-yourself-2,I371xSpZFiw,2025-08-01,0,2026-04-29T08:53:44.320087+00:00
f88fba2f-bb90-4176-a099-7e64fe9fde5c,Tiana Major9,Alone,Tiana Major9 - Alone,,,alone,Tiana Major9,2024-11-11,106239,tiana-major9,alone-10,-8qywhqj-MI,2024-11-01,0,2026-04-29T08:54:13.279235+00:00
e7096dcc-322c-4ce4-a712-f3194225d83c,Tiana Major9,Money,Tiana Major9 - Money,,,money,Tiana Major9,2025-04-29,106235,tiana-major9,money-7,xI-tos_xCOc,2025-04-01,0,2026-04-29T08:54:11.073914+00:00
f29e3d2b-fe87-4cdf-abde-421296845518,Tiana Major9,Same Space?,Tiana Major9 - Same Space?,,,Same Space?,Tiana Major9,2020-12-18,106249,tiana-major9,same-space,DQ5xYwtZkK0,2020-12-01,0,2026-04-29T08:54:15.529523+00:00
9b9dd5bb-1cd5-4e9a-9b42-0c7bb2f4b845,Tiana Major9,Shook One,Tiana Major9 - Shook One,,,Shook One,Tiana Major9,2025-08-19,106230,tiana-major9,shook-one,l6ZxC0qfThU,2025-08-01,0,2026-04-29T08:54:08.151052+00:00
9a34980b-c877-4eea-914e-59b6101cf32e,Tiara Thomas,Hit You Right,Tiara Thomas - Hit You Right,,,Hit You Right Back,"Tiara Thomas, Tone Stith",2023-10-20,104396,tiara-thomas,hit-you-right,m5ht-p7lB9Q,2023-10-01,0,2026-04-29T08:54:22.80596+00:00
35029677-0d1f-4c7d-9e5f-bb80c1a16242,Tiësto,Ibiza,Tiësto - Ibiza,,,undefined,,,93486,tiesto,ibiza,rytN5AVFBqo,2025-03-01,0,2026-04-29T08:54:51.719148+00:00
65d16880-de78-4d2b-a4ad-fcf2ecf9637a,Tiësto,Una Velita,Tiësto - Una Velita,,,Una Velita,Tiësto,2024-12-20,103427,tiesto,una-velita,Gx5LxcAyz5s,2025-01-01,0,2026-04-29T08:54:54.010065+00:00
146d0c43-8a1a-439a-9952-d8b6645fd16f,Till Lindemann,Meine Welt,Till Lindemann - Meine Welt,,,Meine Welt,Till Lindemann,2024-12-20,94774,till-lindemann,meine-welt,uTkNXLRDx50,2025-03-01,0,2026-04-29T08:56:25.932135+00:00
1a1c7f80-e4a3-4fd1-b02b-d8533341325c,Till Lindemann,Prostitution,Till Lindemann - Prostitution,,,Prostitution,Till Lindemann,2025-09-26,109779,till-lindemann,prostitution,Nlb884_SC54,2025-09-01,0,2026-04-29T08:56:23.206022+00:00
70ce3e87-be92-4702-8f4f-d1952e84167a,Tina Turner,What's Love Got To Do With It,Tina Turner - What's Love Got To Do With It,,,,,,,,,,,1,2026-04-24T14:53:35.079198+00:00
e0d61eae-13d5-4c14-acd9-0f5cac4738f7,Ting Tings,Danced On The Wire,Ting Tings - Danced On The Wire,,,,,,80228,ting-tings,danced-on-the-wire,6wmJiN0WTNA,2024-08-01,0,2026-04-29T08:57:27.113592+00:00
43f5bf9a-5a47-451e-834a-88afd4a99d2e,Tobii,Hotel Lobby,Tobii - Hotel Lobby,,,Hotel Lobby,Tobii,2025-03-20,95328,tobii,hotel-lobby,8kz8zi-It0o,2025-03-01,0,2026-04-29T08:59:06.977764+00:00
0b388e65-7750-434b-8bdb-7740e69bcd83,Tokio Hotel,Hands Up,Tokio Hotel - Hands Up,,,Hands Up,Tokio Hotel,2025-03-21,94107,tokio-hotel,hands-up-2,97eQRAM7o7k,2025-03-01,0,2026-04-29T08:59:20.957247+00:00
4cdfc697-91d4-4b18-8d16-8c182279f5e9,Tom Grennan,Boys Don't Cry,Tom Grennan - Boys Don't Cry,,,Boys Don't Cry,Tom Grennan,2025-03-13,93313,tom-grennan,boys-dont-cry-4,b1k-SvvVExo,2025-03-01,0,2026-04-29T08:59:34.704072+00:00
6683d6cb-9727-47ce-aa21-41fdfc04ff31,Tom Grennan,Diamond,Tom Grennan - Diamond,,,Diamond,Tom Grennan,2025-08-15,105995,tom-grennan,diamond,QELZIZjwEWE,2025-08-01,0,2026-04-29T08:59:30.191594+00:00
52b75c96-d280-4292-8af6-17c9a985e568,Tom Grennan,It Can't Be Christmas,Tom Grennan - It Can't Be Christmas,,,,,,88781,tom-grennan,it-cant-be-christmas,IqK3RY8XCBg,2024-12-01,0,2026-04-29T08:59:41.365139+00:00
bd665388-a0b0-4892-8d34-97011a6719ce,Tom Grennan,Shadowboxing,Tom Grennan - Shadowboxing,,,Shadowboxing,Tom Grennan,2025-01-31,91663,tom-grennan,shadowboxing,TLhJb1Uj4Fc,2025-02-01,0,2026-04-29T08:59:38.325687+00:00
a4bb4b3d-cf78-4994-8133-e66e04c4873e,Tom MacDonald,Charlie,Tom MacDonald - Charlie,,,CHARLIE,Tom MacDonald,2025-09-11,108085,tom-macdonald,charlie-2,q8SbeHhNR9k,2025-09-01,0,2026-04-29T09:00:14.040277+00:00
412b229d-81c6-4406-bc3d-e3e76a3c979f,Tom MacDonald,Man In The Sky,Tom MacDonald - Man In The Sky,,,Man In the Sky,Tom MacDonald,2025-02-21,91444,tom-macdonald,man-in-the-sky,U58DTJwKCro,2025-02-01,0,2026-04-29T09:00:21.910707+00:00
5f56cc24-b1c1-40cb-81d1-3b65c783f011,Tom MacDonald,Proud To Be A Problem,Tom MacDonald - Proud To Be A Problem,,,Proud To Be A Problem,Tom MacDonald,2025-04-18,97667,tom-macdonald,proud-to-be-a-problem,0BNhuPJDTJg,2025-04-01,0,2026-04-29T09:00:19.31652+00:00
31003693-98a5-4ba8-bd31-5a19e82becb5,Tom Misch,Old Man,Tom Misch - Old Man,,,Old Man,Tom Misch,2025-03-21,94048,tom-misch,old-man-2,LI8OSjMFaJM,2025-03-01,0,2026-04-29T09:00:42.300831+00:00
90ffa840-4de6-46d0-9366-9e13c2e618fc,"Tom Petty, The Heartbreakers",American Girl,"Tom Petty, The Heartbreakers - American Girl",,,,,,,,,,,1,2026-04-24T01:32:06.759733+00:00
48a6b752-7c51-40eb-83d9-a41f2db752d9,TOMiGOTTi,I Believe In You,TOMiGOTTi - I Believe In You,,,I believe in You,Tomigotti,2025-03-06,93506,tomigotti,i-believe-in-you,oyn02c78rb0,2025-03-01,0,2026-04-29T09:01:33.709992+00:00
0ff7b308-806c-4f12-bdb2-df8bff35dc7a,Tommy Johansson,Blinding Lights,Tommy Johansson - Blinding Lights,,,,,,38669,tommy-johansson,blinding-lights-the-weeknd-metal-version,8IawVGRlLm0,2022-09-01,0,2026-04-29T09:01:39.361351+00:00
92dcdead-b00b-4048-a589-63bb9adaeff2,Tommy Johansson,Set The World On Fire,Tommy Johansson - Set The World On Fire,,,,,,92778,tommy-johansson,set-the-world-on-fire,taP8yoob27s,2025-03-01,0,2026-04-29T09:01:36.429718+00:00
6131e4da-8d06-4deb-9cf0-504d4ccc1e03,Tommy Richman,Elephant In The Room,Tommy Richman - Elephant In The Room,,,ELEPHANT IN THE ROOM,Tommy Richman,2024-09-27,93434,tommy-richman,elephant-in-the-room,4R-T_4qrvLM,2025-03-01,0,2026-04-29T09:01:48.998021+00:00
b6558a6f-4215-4794-ba53-4c82552e9e32,Tonio Armani,Country Girl,Tonio Armani - Country Girl,,,Country Girl,Tonio Armani,2023-02-02,110144,tonio-armani,country-girl-2,qf-Eh2fvn6I,2025-09-01,0,2026-04-29T09:02:35.394447+00:00
5e8a1095-7386-44ea-857a-dafb5fc5f6d0,Tonio Armani,Help Me Find My Drawls,Tonio Armani - Help Me Find My Drawls,,,Help Me Find My Drawls,Tonio Armani,2024-10-01,110149,tonio-armani,help-me-find-my-drawls,_URawj31WRQ,2025-09-01,0,2026-04-29T09:02:33.172452+00:00
e4cda261-3213-49c8-9c6a-32c30caaf842,Top Gun,Motion Picture Soundtrack,Top Gun - Motion Picture Soundtrack,,,,,,,,,,,1,2026-04-05T13:28:02.137727+00:00
62985a3b-25a9-45b2-8199-2baadd4e17b5,Toto,Africa,Toto - Africa,,,,,,,,,,,2,2026-03-17T14:49:49.668105+00:00
f3383a19-fa12-4658-b83c-0701dbdc5d8b,Tracy Chapman,Fast Car,Tracy Chapman - Fast Car,,,,,,,,,,,1,2026-03-28T19:19:53.694617+00:00
e17df881-61dd-4223-b3d4-60720707af5f,Travis Scott,2000 Excursion,Travis Scott - 2000 Excursion,,,undefined,,,102599,travis-scott,2000-excursion,dwuYa2DcC-o,2025-07-01,0,2026-04-29T09:05:11.266542+00:00
728ae789-2f6c-4301-98ac-6e04109e26c1,Travis Scott,4x4,Travis Scott - 4x4,,,4X4,トラヴィス・スコット,2025-01-24,90057,travis-scott,4x4,LkIS4DpRPHY,2025-01-01,0,2026-04-29T09:05:13.515464+00:00
fe18fbf3-3657-4bc5-a26f-99216ac2614c,Travis Scott,Mo City Flexologist,Travis Scott - Mo City Flexologist,,,undefined,,,82796,travis-scott,mo-city-flexologist,2JPIFEtMJ6o,2024-09-01,0,2026-04-29T09:05:20.827535+00:00
0e332fc7-4a15-4507-ae42-f4b966b4decc,Treat,"""1985""","Treat - ""1985""",,,,,,,,,,,1,2026-04-18T15:18:42.888511+00:00
6459f15c-24c7-4580-8ff9-ebf3179635d1,Trey Songz,Lonely,Trey Songz - Lonely,,,Lonely,Trey Songz,2025-02-28,92526,trey-songz,lonely-5,q91d4vc-Es8,2025-02-01,0,2026-04-29T09:07:33.357606+00:00
c40d16be-0210-4824-84a2-41286935e407,Tricatel Inc.,Friday Night,Tricatel Inc. - Friday Night,,,Friday night (moodorama rmx.),Tricatel Inc.,2007-12-31,107529,tricatel-inc,friday-night,4fzl5j0LsrQ,2007-12-01,0,2026-04-29T09:07:36.433983+00:00
49cbc841-3ae3-4720-b842-046aa52f274d,TRICK OR TREAT,Dance With The Dancing Clown,TRICK OR TREAT - Dance With The Dancing Clown,,,Dance With The Dancing Clown,Trick or Treat,2025-04-10,97717,trick-or-treat,dance-with-the-dancing-clown,RIDW7v6WZ0c,2025-04-01,0,2026-04-29T09:07:39.009186+00:00
2963d3b0-d1ff-44be-8758-ce10dda886db,TRICK OR TREAT,Ghosted,TRICK OR TREAT - Ghosted,,,,,,91484,trick-or-treat,ghosted,iUFAi___2tE,2025-02-01,0,2026-04-29T09:07:41.019346+00:00
b0a754eb-6f21-4c60-aebe-fb520098d10f,Trivium,Dying In Your Arms,Trivium - Dying In Your Arms,,,Dying in Your Arms,Trivium,2005,97632,trivium,dying-in-your-arms,6Bgssaoe14g,2025-04-01,0,2026-04-29T09:07:46.491352+00:00
2ecb5527-fd02-4e1d-b7d7-9d86a96d48e5,Trousdale,The Ick,Trousdale - The Ick,,,The Ick,Trousdale,2025-09-23,109441,trousdale,the-ick,5dAiFv2ut0U,2025-09-01,0,2026-04-29T09:07:57.690556+00:00
d3e7292d-5e42-4cee-903c-9f271952b4ba,Trousdale,Want Me Back,Trousdale - Want Me Back,,,Want Me Back,Trousdale,2025-02-14,91816,trousdale,want-me-back-2,AVrJw8u_8II,2025-02-01,0,2026-04-29T09:08:00.103012+00:00
299e02e3-5950-4985-9e68-a7991b0c492b,Trüby Trio,A Go Go,Trüby Trio - A Go Go,,,A Go Go,Trüby Trio,2003-06-03,107533,truby-trio,a-go-go,huQgGEmIv1A,2003-06-01,0,2026-04-29T09:08:15.35308+00:00
417d037f-0e59-4fbc-92d9-654222f85fcc,Tunde Adebimpe,Somebody New,Tunde Adebimpe - Somebody New,,,Somebody New,Tunde Adebimpe,2025-04-15,97642,tunde-adebimpe,somebody-new-2,Z_ilbTU5zGQ,2025-04-01,0,2026-04-29T09:08:17.672757+00:00
b8218384-004e-4e26-916d-06d330753a3a,Turnstile,I Care,Turnstile - I Care,,,I CARE,Turnstile,2025-06-06,107157,turnstile,i-care,PnYzk4nsJAo,2025-06-01,0,2026-04-29T09:08:26.941911+00:00
515350ea-fe70-4474-836b-6bccc33b9a93,Turnstile,Never Enough,Turnstile - Never Enough,,,NEVER ENOUGH,Turnstile,2025-04-08,95119,turnstile,never-enough,Nfk1Su1Q8SI,2025-04-01,0,2026-04-29T09:08:33.166014+00:00
1820ec39-56bf-4b13-a24b-b56c72094736,TWEN,Godlike,TWEN - Godlike,,,Godlike,Twen,2025-08-12,106318,twen,godlike,7aI0OF1kGH4,2025-08-01,0,2026-04-29T09:10:00.930934+00:00
22c06448-5b51-481e-8f52-f12279bd32a4,Twenty One Pilots,City Walls,Twenty One Pilots - City Walls,,,City Walls,Twenty One Pilots,2025-09-12,108121,twenty-one-pilots,city-walls,5Ozjel72yjQ,2025-09-01,0,2026-04-29T09:09:28.815011+00:00
9922567c-7420-417b-a41d-f910806bfff8,Twenty One Pilots,Doubt,Twenty One Pilots - Doubt,,,Doubt,Twenty One Pilots,2015-05-15,95241,twenty-one-pilots,doubt-3,7s1033v2DTQ,2025-04-01,0,2026-04-29T09:09:35.026815+00:00
37a5b4ff-37af-4d8e-8e85-c15bf29c2b2b,Twenty One Pilots,Garbage,Twenty One Pilots - Garbage,,,Garbage,Twenty One Pilots,2025-09-12,108253,twenty-one-pilots,garbage,tdFNA7YBM4c,2025-09-01,0,2026-04-29T09:09:26.75068+00:00
088e3905-3733-4a35-b526-104ac23949bd,TWO LANES,Sign,TWO LANES - Sign,,,Sign,TWO LANES,2024-12-06,89777,two-lanes,sign,zRlenbKb0WE,2025-01-01,0,2026-04-29T09:10:27.381653+00:00
c70f0539-7b26-4d55-ad62-ecb19123fbfa,twocolors,Chemical,twocolors - Chemical,,,Chemical,twocolors,2025-09-26,109684,twocolors,chemical-2,EqvuvntjN84,2025-09-01,0,2026-04-29T09:10:33.640812+00:00
9573bcd2-f682-4d2c-88a9-208b706020a4,Tyga,It Aint Safe 2,Tyga - It Aint Safe 2,,,,,,93223,tyga,it-aint-safe-2,7hdsRgQ0jXI,2025-02-01,0,2026-05-01T07:57:13.802622+00:00
2f82905d-1bfe-482e-bfbb-aea973c7a180,Tyga,Slave,Tyga - Slave,,,,,,93224,tyga,slave-2,Rd0eCuakmgA,2024-12-01,0,2026-05-02T02:47:08.270375+00:00
2877e019-9b84-47bf-8f89-e486920c4fd2,Tyla,Butterflies,Tyla - Butterflies,,,Butterflies,Tyla,2024-10-11,57625,tyla,butterflies-5,APGmBPc1R64,2023-12-01,0,2026-04-29T09:12:01.09031+00:00
017e128a-894b-4d4d-9dc6-25149ffffbeb,Tyler Shaw,Woman On The Moon,Tyler Shaw - Woman On The Moon,,,Woman on the Moon,Tyler Shaw,2025-01-17,93564,tyler-shaw,woman-on-the-moon-2,2wI64khXXQw,2025-03-01,0,2026-04-29T09:12:19.184361+00:00
09c1dd2a-a0f1-4fbd-9a50-dd4ce710ba2f,"Tyler, the Creator","Darling, I","Tyler, the Creator - Darling, I",,,"Darling, I (feat. Teezo Touchdown)","Tyler, The Creator, Teezo Touchdown",2024-10-28,105976,tyler-the-creator,darling-i,kZfz5UlsHlQ,2025-08-01,0,2026-04-29T09:12:29.848412+00:00
ca94efd5-5821-470b-bd69-2ac640cbde2f,"Tyler, the Creator",That Guy,"Tyler, the Creator - That Guy",,,,,,88306,tyler-the-creator,that-guy-2,M0qiZHV4E3U,2024-12-01,0,2026-04-29T09:12:34.051767+00:00
14a1a172-d615-4bcb-908b-e5e7a71eb547,UB40,Tyler,UB40 - Tyler,,,Tyler,UB40,1980-01-01,105883,ub40,tyler,lQV2ADXUcM0,2025-08-01,0,2026-04-29T09:14:35.533298+00:00
e0f02bc8-28ab-442c-824a-431e87b4d4c7,uKanDanZ,War Pigs,uKanDanZ - War Pigs,,,War Pigs,Ukandanz,2025-04-04,98424,ukandanz,war-pigs,8kVYdLjoyPE,2025-04-01,0,2026-04-29T09:14:48.846263+00:00
8e69d200-7357-45cc-8c58-ee8b9992e451,UMI,Right/wrong,UMI - Right/wrong,,,RIGHT/WRONG,UMI,2025-08-22,106515,umi,right-wrong,xAO851qj6d0,2025-08-01,0,2026-04-29T09:14:59.723918+00:00
1711594f-5e27-433f-a397-66dd91167db7,Ummet Ozcan,Blood Is Pumping Remix,Ummet Ozcan - Blood Is Pumping Remix,,,undefined,,,78083,ummet-ozcan,blood-is-pumping-remix,YMSXoc3Xj3c,2024-08-01,0,2026-04-29T09:15:31.441081+00:00
96b9ee5f-3a6e-49be-aeb6-1d27c96d6b6d,Ummet Ozcan,Drift,Ummet Ozcan - Drift,,,Drift,Ummet Ozcan,2025-09-05,107586,ummet-ozcan,drift-2,bkkJ-aHiou8,2025-09-01,0,2026-04-29T09:15:18.031089+00:00
5871e193-4841-40a3-b4f3-3e778e126b9b,Ummet Ozcan,Ocean's Voice,Ummet Ozcan - Ocean's Voice,,,Ocean's Voice,Ummet Ozcan,2025-03-07,92584,ummet-ozcan,oceans-voice,8U3iuqFw4W0,2025-03-01,0,2026-04-29T09:15:27.2844+00:00
b9112247-5449-46c4-9dec-2e213c27300d,Ummet Ozcan,The Forest Song,Ummet Ozcan - The Forest Song,,,,,,59778,ummet-ozcan,the-forest-song,vtVI2AE4SZo,2023-12-01,0,2026-04-29T09:15:37.985315+00:00
8c46abe7-3e74-49bf-a433-269799865100,Ummet Ozcan,Vortex,Ummet Ozcan - Vortex,,,Vortex,Ummet Ozcan,2025-01-17,89520,ummet-ozcan,vortex-2,M_4T2uLCTJ0,2025-01-01,0,2026-04-29T09:15:29.362758+00:00
96235f27-b6ef-4667-9ad7-1d932c7efa90,Underoath,All The Love Is Gone,Underoath - All The Love Is Gone,,,All The Love Is Gone,Underoath,2025-02-14,90724,underoath,all-the-love-is-gone,oIJTnUYb--o,2025-02-01,0,2026-04-29T09:16:08.173034+00:00
9eb9ef5d-b69d-4d66-a7d8-4ce2d1d00ee7,Unflirt,Something Familiar,Unflirt - Something Familiar,,,Something Familiar,Unflirt,2025-09-25,109524,unflirt,something-familiar,iom0m67QrQk,2025-09-01,0,2026-04-29T09:17:40.428431+00:00
5c6579d9-2755-4ed5-87cf-2924fdfe9139,United Future Organization,Loud Minority,United Future Organization - Loud Minority,,,LOUD MINORITY - radio mix,United Future Organization,1992,107349,united-future-organization,loud-minority,wx0H1VsTbJw,1992-01-01,0,2026-04-29T09:17:46.574966+00:00
ee41aeff-d4fa-4609-9dd7-5640205cb9f1,Unknown,Close To The Bone,Unknown - Close To The Bone,,,,,,131769,,close-to-the-bone,QUyUzxd4Wuc,2026-03-01,0,2026-05-01T09:34:11.642523+00:00
e828bc89-9784-446e-9e17-6e580ebf36e8,Upchurch,Dooin’ Rappin,Upchurch - Dooin’ Rappin,,,undefined,,,89736,upchurch,dooin-rappin,K3Y4Ihw2yqQ,2025-01-01,0,2026-04-29T09:18:03.031235+00:00
657a8026-c1ad-47b2-b418-d8bb4e356aef,Upchurch,Flame & Halo,Upchurch - Flame & Halo,,,Flame & Halo,"Upchurch, The Dixielanders",2025-01-17,89731,upchurch,flame-halo,dCPIMV0Dkhg,2025-01-01,0,2026-04-29T09:18:01.006564+00:00
e7a6dd8a-36b8-4e33-9d96-258b40c98be9,Us3,You Can't Hold Me Down,Us3 - You Can't Hold Me Down,,,You Can't Hold Me Down,Us3,2001-10-15,107515,us3,you-cant-hold-me-down,8xFEen-DG5E,2001-10-01,0,2026-04-29T09:18:55.133237+00:00
6eb36536-cefd-4f76-86c4-7bb5201e6845,Valentyne,Hate Me,Valentyne - Hate Me,,,Hate Me,Valentyne,2024-11-15,91380,valentyne,hate-me,_yqRfwfTnLg,2025-02-01,0,2026-04-29T09:19:55.926164+00:00
a51a4ef2-9393-4551-b8dd-d72b6f87b81b,Van Halen,Can't Stop Lovin' You,Van Halen - Can't Stop Lovin' You,,,,,,,,,,,3,2026-04-04T02:20:09.89395+00:00
257baf67-c2d6-4380-829a-6b394c5c662c,Van Halen,Don't Tell Me,Van Halen - Don't Tell Me,,,,,,,,,,,1,2026-04-23T14:59:50.910823+00:00
88f8267e-9518-4e6a-86f8-e5937a5d2836,Van Morrison,Down To Joy,Van Morrison - Down To Joy,,,Down To Joy,Van Morrison,2025-02-27,91863,van-morrison,down-to-joy,Z_mUSDhrYLs,2025-02-01,0,2026-04-29T09:20:22.898526+00:00
7d3c7fe6-327e-4fb2-989b-87a0a6f18cff,Vance Joy,Divine Feelings,Vance Joy - Divine Feelings,,,Divine Feelings,Vance Joy,2025-09-03,107600,vance-joy,divine-feelings,1eTPwxwLmKg,2025-09-01,0,2026-04-29T09:20:31.552755+00:00
9256cba8-d75a-479b-b564-6e53398cd9aa,Vanessa Carlton,A Thousand Miles,Vanessa Carlton - A Thousand Miles,,,A Thousand Miles,Vanessa Carlton,2002-04-30,91508,vanessa-carlton,a-thousand-miles,Cwkej79U3ek,2002-02-01,0,2026-04-29T09:20:37.87282+00:00
7e73b7ed-791f-4c85-b7ae-717438dcc7e5,Vanessa Carlton,Ordinary Day,Vanessa Carlton - Ordinary Day,,,Ordinary Day,Vanessa Carlton,2002-04-30,91513,vanessa-carlton,ordinary-day,zdmbjaReGmY,2002-01-01,0,2026-04-29T09:20:40.186007+00:00
bf4a63a5-dd29-4a1d-8373-bf39d6b4c0b1,Vanessa Carlton,White Houses,Vanessa Carlton - White Houses,,,White Houses,Vanessa Carlton,2004-11-09,91518,vanessa-carlton,white-houses,SM3fEJyPrrg,2004-08-01,0,2026-04-29T09:20:35.690672+00:00
9a9b5b36-1030-422f-ad64-8a91501be48a,Vengaboys,We Like To Party!,Vengaboys - We Like To Party!,,,,,,,,,,,1,2026-04-25T14:20:38.750056+00:00
5c8c5d9a-6fa2-4362-b32c-c829578e8b6a,Vernon Burch,And You Call That Love,Vernon Burch - And You Call That Love,,,undefined,,,75661,vernon-burch,and-you-call-that-love,F1kjFUZKNKs,1975-01-01,0,2026-04-29T09:23:25.021755+00:00
11fced0b-8847-428d-a0ae-ea179ff51905,Vernon Burch,Changes,Vernon Burch - Changes,,,undefined,,,75664,vernon-burch,changes-messin-with-my-mind,2MDN3fd9mmk,1975-01-01,0,2026-04-29T09:23:22.584258+00:00
23f23eaa-0df8-4e74-9319-c432e50cc970,Vernon Burch,Frame Of Mind,Vernon Burch - Frame Of Mind,,,undefined,,,75667,vernon-burch,frame-of-mind,MrE1oLq9-dk,1975-10-01,0,2026-04-29T09:23:18.783243+00:00
a4669060-c0b1-495b-8496-27fb38ac22fe,Vernon Burch,Fun City,Vernon Burch - Fun City,,,,,,75670,vernon-burch,fun-city,fwome7cc1rk,1980-01-01,0,2026-04-29T09:23:08.766233+00:00
1bc4ea6e-132b-44e4-9b8f-9bd561efa9fb,Viagra Boys,Man Made Of Meat,Viagra Boys - Man Made Of Meat,,,Man Made of Meat,Viagra Boys,2025-01-23,89937,viagra-boys,man-made-of-meat,UD4jRK5j2Ow,2025-01-01,0,2026-04-29T09:25:05.342832+00:00
5f9a592b-fc4f-48b2-a5e7-f7e406205919,Viagra Boys,Uno Ii,Viagra Boys - Uno Ii,,,Uno II,Viagra Boys,2025-02-27,92028,viagra-boys,uno-ii,9kWgvEKIo4c,2025-02-01,0,2026-04-29T09:25:03.011454+00:00
ffbbe199-673f-4547-89da-0d50a9f3342f,Viagra Boys,Viagra Boys - The Bog Body,Viagra Boys - Viagra Boys - The Bog Body,,,The Bog Body,Viagra Boys,2025-03-24,94595,viagra-boys,viagra-boys-the-bog-body,BFhMRvnj0n4,2025-03-01,0,2026-04-29T09:25:00.604906+00:00
4be67f83-0911-4213-a561-7ceda3086096,VIANOVA,Más Rápido,VIANOVA - Más Rápido,,,Más Rápido,vianova,2024-10-04,92162,vianova,mas-rapido,wBXcBccTSTQ,2024-10-01,0,2026-04-29T09:25:19.065777+00:00
ebfa8094-589f-4744-a4e8-b7f31be457a5,VIANOVA,Melanchronic,VIANOVA - Melanchronic,,,Melanchronic,vianova,2025-02-12,92152,vianova,melanchronic,Uba0M2k9pQs,2025-02-01,0,2026-04-29T09:25:13.877117+00:00
7ec7f5da-2aa2-4a03-9201-c9ab6fd56913,VIANOVA,Wheel Of Fortune,VIANOVA - Wheel Of Fortune,,,Wheel of Fortune,vianova,2024-12-06,92157,vianova,wheel-of-fortune-2,phGSLUiuDzE,2024-12-01,0,2026-04-29T09:25:16.464018+00:00
3b0d7a2f-c5d0-4edb-a7f0-42e60d1dffe0,Victoria Justice,Love Zombie,Victoria Justice - Love Zombie,,,Love Zombie,Victoria Justice,2025-10-03,109850,victoria-justice,love-zombie,M-S91K81NRk,2025-10-01,0,2026-04-29T09:25:32.341195+00:00
98d98ca3-6b39-42cf-ba87-b85ecece7876,Village People,Ymca,Village People - Ymca,,,,,,,,,,,1,2026-03-17T08:15:37.95+00:00
00039dbe-aa26-41c2-bffc-3621c5f0a9d6,Violent Vira,Saccharine,Violent Vira - Saccharine,,,Saccharine,VIOLENT VIRA,2025-01-24,90978,violent-vira,saccharine,BGWgho39Xvk,2025-01-01,0,2026-04-29T09:26:57.934959+00:00
ed90446e-d91c-4ad8-bf62-435c813d0499,Vj/motion Graphics : Koshi,Kun Https://twitter.com/koshi_kun,Vj/motion Graphics : Koshi - Kun Https://twitter.com/koshi_kun,,,,,,,,,,,1,2026-04-04T20:36:12.729783+00:00
974cdf29-e5c6-4823-86f5-bde1f618da94,Volbeat,By A Monster’s Hand,Volbeat - By A Monster’s Hand,,,By a Monster's Hand,Volbeat,2025-03-06,97996,volbeat,by-a-monsters-hand,UTUPgEse6_A,2025-03-01,0,2026-04-29T09:28:09.073508+00:00
a235861c-99fd-4cb8-90de-92709535b019,Vulfpeck,Big Dipper & Matter Of Time,Vulfpeck - Big Dipper & Matter Of Time,,,Big Dipper,Vulfpeck,2025-02-04,90329,vulfpeck,big-dipper-matter-of-time,QEah75Oyv8c,2025-02-01,0,2026-04-29T09:28:50.476089+00:00
ddf6ee43-ff85-4b2e-b770-fc11169fc1f1,Vulfpeck,Can You Tell,Vulfpeck - Can You Tell,,,Can You Tell,"Vulfpeck, Joey Dosik",2025-03-04,92847,vulfpeck,can-you-tell,zRB0gBJaCpA,2025-03-01,0,2026-04-29T09:28:43.894936+00:00
1e429b13-9711-4bcb-addf-cdc4ff30123f,Vulfpeck,New Beastly,Vulfpeck - New Beastly,,,New Beastly,Vulfpeck,2025-02-11,90812,vulfpeck,new-beastly,hvYnw9Fse2U,2025-02-01,0,2026-04-29T09:28:48.451079+00:00
2056e746-7f47-4097-8311-fe3c8744cf99,Vulfpeck,This Is Not The Song I Wrote,Vulfpeck - This Is Not The Song I Wrote,,,This Is Not The Song I Wrote,"Vulfpeck, Joey Dosik, Jacob Jeffries",2025-02-25,91989,vulfpeck,this-is-not-the-song-i-wrote,7Nf-cQj_SLE,2025-02-01,0,2026-04-29T09:28:45.904541+00:00
ce294182-2ae9-4012-8e90-de6cf49c12d1,Vundabar,Beta Fish,Vundabar - Beta Fish,,,Beta Fish,Vundabar,2025-03-07,107152,vundabar,beta-fish,xyxsWyTYh0E,2025-03-01,0,2026-04-29T09:28:59.533364+00:00
f09f1253-0a08-4f3c-aacd-e46ca5c393bb,Vundabar,Big Bad Bubble Boy,Vundabar - Big Bad Bubble Boy,,,Big Bad Bubble Boy,Vundabar,2025-08-14,107147,vundabar,big-bad-bubble-boy,MXJuswdVS8A,2025-08-01,0,2026-04-29T09:28:57.426339+00:00
ac152def-e3cc-4632-910b-1a0779dec83b,W.E.T.,This House Is On Fire,W.E.T. - This House Is On Fire,,,This House Is on Fire,W.E.T.,2025-03-03,92893,w-e-t,this-house-is-on-fire,FDc2Wops0bs,2025-03-01,0,2026-04-29T09:29:01.612616+00:00
5144cae7-0cac-43fd-a5a6-3b921eb04fa1,W.E.T.,Where Are The Heroes Now,W.E.T. - Where Are The Heroes Now,,,Where Are the Heroes Now,W.E.T.,2025-01-31,90190,w-e-t,where-are-the-heroes-now,u23LLdtv-u8,2025-02-01,0,2026-04-29T09:29:03.71838+00:00
969e0b62-4fa9-4a6c-bad7-6a4e18c711b4,WAAX,No Doz,WAAX - No Doz,,,No Doz,WAAX,2022-08-12,107281,waax,no-doz,ZTrAwGwRBoA,2022-08-01,0,2026-04-29T09:29:07.947025+00:00
18fe3542-8d96-4c15-9358-5842d696c1df,WAAX,Ur A Rat,WAAX - Ur A Rat,,,Ur A Rat,WAAX,2025-08-08,107276,waax,ur-a-rat,ULFzt4I0QhQ,2025-08-01,0,2026-04-29T09:29:05.860147+00:00
2c1a6944-e60a-4b35-bd35-1acffd4a2ebc,wakelee,Bangkok,wakelee - Bangkok,,,Bangkok,wakelee,2025-02-07,107647,wakelee,bangkok,KgLlENu63oY,2025-08-01,0,2026-04-29T09:29:14.481725+00:00
14b682fe-5d0b-4cff-9acf-f8d4ae107b96,Walk This Way,Run Dmc Ft. Aerosmith,Walk This Way - Run Dmc Ft. Aerosmith,,,,,,,,,,,4,2026-03-30T18:27:05.063005+00:00
ce374a12-8705-481b-92eb-82f071ffb964,Wallice,23,Wallice - 23,,,23,Wallice,2021-02-23,105583,wallice,23-2,XmzKWr0x-ws,2021-02-01,0,2026-04-29T09:30:31.518724+00:00
5614ee1c-af4d-4b7b-b9da-3ce7f3d04ab3,Wallice,Best Friend,Wallice - Best Friend,,,Best Friend,Wallice,2023-04-04,105607,wallice,best-friend-3,ihH0RMaes8k,2022-04-01,0,2026-04-29T09:30:23.108426+00:00
145cebe9-2606-48fb-8671-eec03f424034,Wallice,Heaven Has To Happen,Wallice - Heaven Has To Happen,,,Heaven Has To Happen,Wallice,2024-11-15,105597,wallice,heaven-has-to-happen,x-1HNoOwn5g,2024-08-01,0,2026-04-29T09:30:17.965041+00:00
2fab42b3-9e83-4534-b9d0-c7493a66af74,Wallice,Hey Michael,Wallice - Hey Michael,,,Hey Michael,"Wallice, marinelli",2021-04-06,105588,wallice,hey-michael,v3WDiYo8RH8,2021-04-01,0,2026-04-29T09:30:29.429542+00:00
958ac67f-60b3-4c66-93e4-b7d59b11e9d6,Wallice,Japan,Wallice - Japan,,,Japan,Wallice,2022-11-30,105602,wallice,japan-2,uAfFm4kRZpk,2022-11-01,0,2026-04-29T09:30:20.809605+00:00
47a498a4-6861-4192-90a7-557fb79ea512,Wallice,Off The Rails -,Wallice - Off The Rails -,,,Off the Rails,Wallice,2021-05-11,105592,wallice,off-the-rails-2,-U-PwsjHtNc,2021-05-01,0,2026-04-29T09:30:27.366713+00:00
5c3d9c78-cde4-4896-9f92-fdb7ffe18c62,Wallice,Punching Bag,Wallice - Punching Bag,,,Punching Bag,Wallice,2020-10-21,105579,wallice,punching-bag,Ug5kH_JEVFQ,2020-10-01,0,2026-04-29T09:30:33.576027+00:00
31a24274-03ce-43dd-bc8e-7fd312b6884f,Wallice,Wisdom Tooth,Wallice - Wisdom Tooth,,,Wisdom Tooth,Wallice,2021-11-19,105611,wallice,wisdom-tooth,BS1EL0mEq4Y,2021-12-01,0,2026-04-29T09:30:25.181593+00:00
dd88094c-c1d5-4735-a6b6-56433df853bc,Wallows,Coffin Change,Wallows - Coffin Change,,,Coffin Change,Wallows,2025-02-20,91471,wallows,coffin-change,uFv2sGLPgOI,2025-02-01,0,2026-04-29T09:30:37.725666+00:00
e9db1104-9f1a-4cd6-b8e9-31c33b16eccb,Wallows,Hide It Away,Wallows - Hide It Away,,,Hide It Away,Wallows,2025-03-28,94571,wallows,hide-it-away-2,ftAYh7AEL5A,2025-03-01,0,2026-04-29T09:30:35.634948+00:00
24b8dd93-978e-4b6f-8d97-a82a59828cee,Wallows,Your New Favorite Song,Wallows - Your New Favorite Song,,,Your New Favorite Song,Wallows,2025-01-10,89933,wallows,your-new-favorite-song,M8OGs-eH10k,2025-01-01,0,2026-04-29T09:30:39.781053+00:00
2508422c-9c06-4e84-9730-c608389ca845,WARKINGS,Armageddon,WARKINGS - Armageddon,,,Armageddon,Warkings,2025-04-09,100763,warkings,armageddon,6MrFIMxUWP4,2025-04-01,0,2026-04-29T09:31:31.687586+00:00
e7030ed3-13c0-4ad9-9f01-b902f757583e,Warner Music Japan,"【公式】中森明菜／飾りじゃないのよ涙は (Live In '87・a Hundred Days At 東京厚生年金会館, 1987.10.17) Akina Nakamori","Warner Music Japan - 【公式】中森明菜／飾りじゃないのよ涙は (Live In '87・a Hundred Days At 東京厚生年金会館, 1987.10.17) Akina Nakamori",,,,,,,,,,,0,2026-03-31T02:21:44.408084+00:00
a62f7b8e-2d2e-43fc-a16b-0a570ab2a30e,Warrant,Heaven,Warrant - Heaven,,,,,,,,,,,1,2026-04-04T18:47:08.748738+00:00
ee27cbf7-70eb-47bd-8770-f2e6be39a1b2,Was Not Was,Walk The Dinosaur,Was Not Was - Walk The Dinosaur,,,Walk The Dinosaur,Was (Not Was),2003-01-01,108927,was-not-was,walk-the-dinosaur,vgiDcJi534Y,1987-01-01,0,2026-04-29T09:32:01.065377+00:00
dbf555ff-1aed-4d7d-b7a9-b70332a6f49c,We Are The In Crowd,Easy,We Are The In Crowd - Easy,,,,,,44370,we-are-the-in-crowd,easy-2,sfVHxZnhP1A,2009-12-01,0,2026-04-29T09:33:09.273789+00:00
a268fd4c-a573-4963-b030-da8f74312ba5,We Are The In Crowd,This Isn't Rocket Surgery,We Are The In Crowd - This Isn't Rocket Surgery,,,,,,44368,we-are-the-in-crowd,this-isnt-rocket-surgery,jgL6wBxqD2A,2009-12-01,0,2026-04-29T09:33:07.261877+00:00
93ea3ee9-73cd-475e-96c6-0d99fa2dbcf5,We Came As Romans,One By One,We Came As Romans - One By One,,,one by one,We Came As Romans,2025-08-20,106034,we-came-as-romans,one-by-one-3,fKg7ut3u8KQ,2025-08-01,0,2026-04-29T09:33:13.983233+00:00
4b35bcdd-8644-4a25-a0f7-1436410285a3,We The Lion,Free,We The Lion - Free,,,Free,We The Lion,2025-09-19,110288,we-the-lion,free-4,rVw01L1S6bs,2025-10-01,0,2026-04-29T09:33:22.884521+00:00
f9684635-e887-45ff-a07b-32ee851f2871,Wednesday,Bitter Everyday,Wednesday - Bitter Everyday,,,Bitter Everyday,Wednesday,2025-08-19,106145,wednesday,bitter-everyday,qGNRGk5TOLE,2025-08-01,0,2026-04-29T09:33:36.211071+00:00
35ddf4e7-4e34-4097-8c7c-d9cec7fd9e85,WEDNESDAY 13,In Misery,WEDNESDAY 13 - In Misery,,,In Misery,Wednesday 13,2025-03-27,94683,wednesday-13,in-misery,t2LtpaL0ObE,2025-03-01,0,2026-04-29T09:33:29.968579+00:00
4fb7a665-3d69-451e-a966-c7943d4ce198,WEDNESDAY 13,When The Devil Commands,WEDNESDAY 13 - When The Devil Commands,,,When the Devil Commands,Wednesday 13,2025-02-18,92888,wednesday-13,when-the-devil-commands,_K3VNoGwFY8,2025-02-01,0,2026-04-29T09:33:32.061224+00:00
f043c974-737b-415a-b496-6a248020060b,Weezer,The Blue Album Live,Weezer - The Blue Album Live,,,,,,,,,,,1,2026-03-22T07:42:26.604799+00:00
378b9f5b-117f-4627-9fa9-e8dae549ef46,Wet Leg,Catch These Fists,Wet Leg - Catch These Fists,,,catch these fists,Wet Leg,2025-04-01,94740,wet-leg,catch-these-fists,6Kjz89xYmS4,2025-04-01,0,2026-04-29T09:37:28.822212+00:00
09b95132-46aa-47bb-b88b-8ea64edad939,Weval,Movement,Weval - Movement,,,MOVEMENT,Weval,2025-09-02,109109,weval,movement,cL_NKHKuV4s,2025-09-01,0,2026-04-29T09:37:53.981309+00:00
c8181c4e-f0a7-4dda-b967-a218d71adcfc,Wheels On The Bus + More Nursery Rhymes,Cocomelon,Wheels On The Bus + More Nursery Rhymes - Cocomelon,,,,,,,,,,,1,2026-03-31T00:21:14.583628+00:00
915d1fed-7b3c-4393-83c3-2bc975166109,While My Guitar Gently Weeps (Acoustic Version,Take 1),While My Guitar Gently Weeps (Acoustic Version - Take 1),,,,,,,,,,,1,2026-03-17T04:24:13.623386+00:00
f816f7a4-37c6-4f5a-affb-1c9ab1aea64b,Whitesnake,Fool For Your Loving,Whitesnake - Fool For Your Loving,,,,,,,,,,,1,2026-04-18T15:59:35.018808+00:00
eef071ed-efff-4b77-9463-9726b8b8aa97,Whitney Houston,I Will Always Love You,Whitney Houston - I Will Always Love You,,,,,,,,,,,2,2026-03-21T11:52:14.525549+00:00
0fa94d85-0f54-4c6d-80b3-d034b48a3e48,Will Young,Me Without You,Will Young - Me Without You,,,Me Without You,Will Young,2024-08-09,106294,will-young,me-without-you,rervZv8C1yU,2025-08-01,0,2026-04-29T09:40:06.189643+00:00
f2c2a9e0-b65c-4ed7-b67d-04fd35c73959,will.i.am,Yes She Can,will.i.am - Yes She Can,,,,,,84721,will-i-am,yes-she-can,lR1rxxIYa-w,2024-11-01,0,2026-04-29T09:39:37.758643+00:00
cdb69327-2c2f-491e-b72e-bd1164a1cfcc,William Singe,Lay,William Singe - Lay,,,Lay,William Singe,2025-02-21,92567,william-singe,lay,o_lWRCwOCo8,2025-02-01,0,2026-04-29T09:40:08.310367+00:00
c62188c2-f8ba-4852-a15c-1e561bb46281,WIM,Snacks & Wine,WIM - Snacks & Wine,,,Snacks & Wine,WIM,2025-04-02,94914,wim,snacks-wine,4mQAZgV9_AM,2025-04-01,0,2026-04-29T09:41:20.155491+00:00
4f23cc74-dc6e-4f48-a60a-0f0591691374,Wind Walkers,The End Aesthetic,Wind Walkers - The End Aesthetic,,,The End Aesthetic,Wind Walkers,2025-04-18,98333,wind-walkers,the-end-aesthetic,5-lVKGuM8Kc,2025-04-01,0,2026-04-29T09:41:45.429378+00:00
101b9781-4db9-4dd6-8d66-2c3da7056a6f,Windrunner,Cyan,Windrunner - Cyan,,,,,,,,,,,1,2026-04-04T18:54:14.814194+00:00
584539da-ab8c-45a3-8611-a86126283574,Winter,Without You,Winter - Without You,,,Without You,Winter,2025-07-15,105794,winter,without-you-8,Qmi6-4F4EwE,2025-07-01,0,2026-04-29T09:42:29.294491+00:00
e4e471b8-3d2b-42d8-8538-38bbe0a41dd7,Wisp,Get Back To Me,Wisp - Get Back To Me,,,Get back to me,Wisp,2025-04-18,97614,wisp,get-back-to-me,QoIyd5T_bNU,2025-04-01,0,2026-04-29T09:42:33.758628+00:00
48ae9f2a-587d-47b6-8e72-bede7e1bf8f5,Wisp,Pandora,Wisp - Pandora,,,Pandora,Wisp,2024-04-05,94702,wisp,pandora-2,foTFjWd21e0,2024-04-01,0,2026-04-29T09:42:40.998372+00:00
c5c97297-3e8a-4a60-a297-94483629cb0a,Wisp,Sword,Wisp - Sword,,,Sword,Wisp,2025-03-14,94697,wisp,sword,SIYSf9-eA8c,2025-03-01,0,2026-04-29T09:42:36.530561+00:00
9b4faaad-e067-4918-b6fd-c41d69b5f04d,Wiz Khalifa,Love To Smoke,Wiz Khalifa - Love To Smoke,,,,,,58897,wiz-khalifa,love-to-smoke,3CwShYEA0ao,2023-01-01,0,2026-04-29T09:43:26.489259+00:00
b97d31da-19cd-4075-9b89-07775f759275,Wiz Khalifa,So Many Pounds Freestyle,Wiz Khalifa - So Many Pounds Freestyle,,,undefined,,,91384,wiz-khalifa,so-many-pounds-freestyle,76gsFSLItdA,2025-02-01,0,2026-04-29T09:43:10.36026+00:00
d4fd50dc-ceb9-4a6d-9128-816cca51e3af,WizKid,Kese,WizKid - Kese,,,Kese (Dance),Wizkid,2024-11-22,92535,wizkid,kese,HLnf2Hz7uNQ,2025-03-01,0,2026-04-29T09:43:33.756296+00:00
04654869-39f3-47fc-b2a1-17afd5b7808d,Wolf Alice,Just Two Girls,Wolf Alice - Just Two Girls,,,Just Two Girls,Wolf Alice,2025-08-22,106871,wolf-alice,just-two-girls,JbSlTXitgMk,2025-08-01,0,2026-04-29T09:43:47.731321+00:00
74a9c51c-e139-419c-a5f5-0f8dfe78693b,Wolf Alice,Leaning Against The Wall,Wolf Alice - Leaning Against The Wall,,,Leaning Against The Wall,Wolf Alice,2025-08-22,106168,wolf-alice,leaning-against-the-wall,d2vu-8N0it0,2025-08-01,0,2026-04-29T09:43:49.997679+00:00
1a799aa2-c834-4aeb-8014-7d4b78313f88,Wombats,Can’t Say No,Wombats - Can’t Say No,,,Can't Say No,The Wombats,2025-01-15,89689,wombats,cant-say-no,hRJesMmlRDo,2025-01-01,0,2026-04-29T09:44:11.806951+00:00
8644b0a5-f2dc-47dd-9685-ebc4d247e3cc,Wombats,I Love America And She Hates Me,Wombats - I Love America And She Hates Me,,,I Love America And She Hates Me,The Wombats,2025-02-14,90780,wombats,i-love-america-and-she-hates-me,rYNhlxiJF8Q,2025-02-01,0,2026-04-29T09:44:09.632161+00:00
65be091c-10a3-4167-bc53-a44d76bfea58,Wu-Tang Clan,Mandingo,Wu-Tang Clan - Mandingo,,,Mandingo,"Wu-Tang Clan, Raekwon, Inspectah Deck, Method Man, Cappadonna, Mathematics",2025-03-07,92497,wu-tang-clan,mandingo,ZBTb_xJBh5c,2025-03-01,0,2026-04-29T09:44:50.496296+00:00
87491d23-d05e-4cd1-807e-e91efec32e05,Wunderhorse,The Rope,Wunderhorse - The Rope,,,The Rope,Wunderhorse,2025-06-02,107265,wunderhorse,the-rope,62nPtINPw2A,2025-06-01,0,2026-04-29T09:44:55.101993+00:00
e28b9cab-48ff-41d6-a3ff-6561ca8e35e9,Wynne,Big Stepper,Wynne - Big Stepper,,,"Big Step (feat. YTG, Deech & Yvngboi P)","Lunv Loyal, YTG, Deech, Yvngboi P",2025-05-08,110251,wynne,big-stepper,OARp4n89bZE,2025-09-01,0,2026-04-29T09:44:59.407244+00:00
b4cb7cad-ca33-4f20-bfa8-360522f55101,XANA,Confidential,XANA - Confidential,,,Confidential,Xana,2025-02-07,92793,xana,confidential,gyAvO-4Xl7s,2025-02-01,0,2026-04-29T09:45:10.600255+00:00
b9273b6d-b877-46c4-946f-0b4ead2c6236,XANA,Girlsgirl,XANA - Girlsgirl,,,GIRLSGIRL,Xana,2025-07-07,110277,xana,girlsgirl,8mHRBMfnetg,2025-07-01,0,2026-04-29T09:45:08.412749+00:00
4b1de731-7d5d-4002-8b5e-d0663a0895ee,XG,Gala,XG - Gala,,,GALA,XG,2025-09-19,108772,xg,gala,8cEdndsuzSE,2025-09-01,2,2026-03-22T06:13:23.346968+00:00
b1450fc4-b653-4054-83ae-0b03c8f1fee3,XG,In The Rain,XG - In The Rain,,,IN THE RAIN,XG,2024-11-08,95286,xg,in-the-rain-2,BydbhAzmAzg,2025-04-01,0,2026-04-29T09:45:44.435668+00:00
f89d4e64-5ff8-4f70-bd19-9bc257f17131,XG,Is This Love,XG - Is This Love,,,IS THIS LOVE,XG,2024-11-08,93238,xg,is-this-love-3,aHTI0SXGVS0,2025-03-01,0,2026-04-29T09:45:46.846975+00:00
101a9271-6248-4704-9826-385573a9c819,XG,Losing You,XG - Losing You,,,undefined,,,66893,xg,losing-you,1OrIcpfI5i8,2024-05-01,0,2026-04-29T09:46:01.296739+00:00
2a7fc803-accc-48e9-bdad-5ad759acd4cc,Yard Act,The Overload,Yard Act - The Overload,,,,,,,,,,,1,2026-04-22T01:39:57.647131+00:00
5c3e8f7c-87ad-4a9f-a917-c968fe0e41b4,Yasiin Gaye,Inner City Travellin' Man,Yasiin Gaye - Inner City Travellin' Man,,,,,,69170,yasiin-gaye,inner-city-travellin-man,fHqVkUPZE6Y,2014-02-01,0,2026-04-29T09:47:36.819646+00:00
d6c3aca8-a2e2-4cbc-8619-f0cf54c119ab,Yeat,Comë N Go,Yeat - Comë N Go,,,COMË N GO,Yeat,2025-08-01,107050,yeat,come-n-go,QqzXvvdk3bQ,2025-08-01,0,2026-04-29T09:47:57.353407+00:00
7db4a928-0989-47fc-b9b0-8a8c5049f79b,Yellow Magic Orchestra,"""Rydeen""","Yellow Magic Orchestra - ""Rydeen""",,,,,,,,,,,0,2026-04-04T18:26:02.28103+00:00
97913aac-3a14-498f-975d-59c48ab22d29,Yes,Owner Of A Lonely Heart,Yes - Owner Of A Lonely Heart,,,,,,,,,,,1,2026-03-31T03:05:29.944573+00:00
4cfd63bd-e902-4e45-860a-768694380d09,Yes,Roundabout,Yes - Roundabout,,,,,,,,,,,1,2026-04-04T20:30:57.086965+00:00
f1b041d9-4409-4fbd-bfa3-05682301530e,yeule,Dazies,yeule - Dazies,,,dazies,yeule,2023-09-22,95192,yeule,dazies,U112Stii6uE,2023-07-01,0,2026-04-29T09:49:13.49902+00:00
0c29ec8f-2a23-4d0a-b06a-7cfa2a86e23a,yeule,Eko,yeule - Eko,,,Eko,yeule,2024-10-23,95177,yeule,eko,NiV5d6-GKJ4,2024-10-01,0,2026-04-29T09:49:08.460775+00:00
8f63dfb0-85c6-4cd6-b6bd-45c903091eb3,yeule,Evangelic Girl Is A Gun,yeule - Evangelic Girl Is A Gun,,,Evangelic Girl is a Gun,yeule,2025-04-08,95170,yeule,evangelic-girl-is-a-gun,XjUKQSmGw-U,2025-04-01,0,2026-04-29T09:49:03.855462+00:00
424697d1-068a-4f77-90c0-66d963a812bb,yeule,Ghosts,yeule - Ghosts,,,ghosts,yeule,2023-09-22,95182,yeule,ghosts-4,FX13DHHPYYg,2024-09-01,0,2026-04-29T09:49:10.560851+00:00
58be084b-8c8f-4134-9afc-68270c9cd5fe,yeule,Skullcrusher,yeule - Skullcrusher,,,Skullcrusher,yeule,2025-03-03,93430,yeule,skullcrusher,llj5V4Bbsmw,2025-03-01,0,2026-04-29T09:49:06.024972+00:00
68cd43e1-c82c-43ab-8596-5fcf38a9309c,yeule,Sulky Baby,yeule - Sulky Baby,,,sulky baby,yeule,2023-09-22,95187,yeule,sulky-baby,ca7zUSNpL70,2023-05-01,0,2026-04-29T09:49:15.875503+00:00
f5fd62b3-7711-4a97-b010-0b9b7e6b5e79,Yoasobi「怪物」official Music Video (Yoasobi,Monster),Yoasobi「怪物」official Music Video (Yoasobi - Monster),,,,,,,,,,,1,2026-03-22T06:11:02.775882+00:00
bb261509-feda-4d14-b222-369b18c37093,YONLAPA,Little Faster,YONLAPA - Little Faster,,,Little Faster,YONLAPA,2025-09-17,109264,yonlapa,little-faster,FSF2iGdsas4,2025-09-01,0,2026-04-29T09:50:05.037814+00:00
bcac4ceb-e173-482a-8568-f32e706bbd3d,Yorke,Airplane Mode,Yorke - Airplane Mode,,,airplane mode,Yorke,2025-08-21,106974,yorke,airplane-mode,f9GlFAzRDrU,2025-08-01,0,2026-04-29T09:50:11.784667+00:00
e9016977-28ee-40b8-9641-bab10eca7a98,Yorke,I Wanna Hate You,Yorke - I Wanna Hate You,,,i wanna hate you,Yorke,2025-01-23,90084,yorke,i-wanna-hate-you,imQ88Q_BWtY,2025-01-01,0,2026-04-29T09:50:13.811501+00:00
51f2b82b-3fc4-4856-9935-0f494b919270,Young Gun Silver Fox,Stevie & Sly,Young Gun Silver Fox - Stevie & Sly,,,Stevie Doesn't Wonder,Hotel Ugly,2021-12-07,93819,young-gun-silver-fox,stevie-sly,Op6OWa_bCLM,2025-03-01,0,2026-04-29T09:50:21.392875+00:00
8f7909f5-7be4-433c-979e-48567a75a31a,Young Miko,Meiomi,Young Miko - Meiomi,,,Meiomi,Young Miko,2025-10-01,109799,young-miko,meiomi,SE4KayrsaPg,2025-10-01,0,2026-04-29T09:50:26.082531+00:00
0bd1f541-6216-4f76-b69a-d099dbdaad48,Young Wolf,Hold Your Hand,Young Wolf - Hold Your Hand,,,Hold Your Hand (“Shine” Original Soundtrack),The Young Wolf,2025-07-24,106591,young-wolf,hold-your-hand,BIltOHi_2fo,2025-08-01,0,2026-04-29T09:50:35.42673+00:00
817ff877-1482-4a18-a88a-a79765d37461,YoungBoy Never Broke Again,Shark,YoungBoy Never Broke Again - Shark,,,Shark,YoungBoy Never Broke Again,2025-09-12,108500,youngboy-never-broke-again,shark,UehNbOmsrtE,2025-09-01,0,2026-04-29T09:50:37.542699+00:00
567eb699-a85a-4bca-bcd1-fe9564ab2f1a,Your Song,Elton John - 1970【和訳】エルトンジョン「僕の歌は君の歌」,Your Song - Elton John - 1970【和訳】エルトンジョン「僕の歌は君の歌」,,,,,,,,,,,1,2026-03-18T17:28:44.513088+00:00
8850e0cc-b3c7-4cae-bd37-81e678debb99,Youth Lagoon,Gumshoe,Youth Lagoon - Gumshoe,,,Gumshoe (Dracula From Arkansas),Youth Lagoon,2025-02-18,91621,youth-lagoon,gumshoe,hYHQA4qogDM,2025-02-01,0,2026-04-29T09:51:04.492172+00:00
29812015-b954-4c92-a55a-b74fa1479561,Youth Lagoon,Speed Freak,Youth Lagoon - Speed Freak,,,Speed Freak,Youth Lagoon,2025-01-08,89885,youth-lagoon,speed-freak,0AC-7XUS18U,2025-01-01,0,2026-04-29T09:51:06.752127+00:00
c3bb75e2-a5b9-479c-98fb-4c04a205bd8c,Yukihiro Fukutomi,Play Back,Yukihiro Fukutomi - Play Back,,,PLAY BACK,Yukihiro Fukutomi,2001-10-03,107525,yukihiro-fukutomi,play-back,BL83jxbLSNg,2001-10-01,0,2026-04-29T09:51:11.671039+00:00
89e9c395-d273-4f40-933e-7d9ae7781e40,Yumi Zouma,Bashville On The Sugar,Yumi Zouma - Bashville On The Sugar,,,Bashville on the Sugar,Yumi Zouma,2025-04-18,97772,yumi-zouma,bashville-on-the-sugar,crzO3TkXwFI,2025-04-01,0,2026-04-29T09:51:19.615695+00:00
74d8d86e-c0ea-4224-bb6d-0dcd4903a7e3,Yumi Zouma,Drag,Yumi Zouma - Drag,,,Drag,Yumi Zouma,2025-09-12,108403,yumi-zouma,drag,m9I-U1ZynIw,2025-09-01,0,2026-04-29T09:51:16.940746+00:00
81e6a4f3-6d32-4647-8d25-f2ca3d1dae3a,yung kai,Do You Think You Could Love Me?,yung kai - Do You Think You Could Love Me?,,,do you think you could love me?,yung kai,2025-03-07,92951,yung-kai,do-you-think-you-could-love-me,RWqXVOUgfxs,2025-03-01,0,2026-04-29T09:52:05.818311+00:00
af46e5bf-237d-4129-ae9c-396ef0648811,Yung Lean,Babyface Maniacs,Yung Lean - Babyface Maniacs,,,Babyface Maniacs,Yung Lean,2025-03-28,94621,yung-lean,babyface-maniacs,aioAlgp_XoQ,2025-03-01,0,2026-04-29T09:52:10.697+00:00
da7f027e-361e-4b64-b824-45c3faac7ad8,Yung Lean,Forever Yung,Yung Lean - Forever Yung,,,Forever Yung,Yung Lean,2025-02-21,91417,yung-lean,forever-yung,qjYkr78anZs,2025-02-01,0,2026-04-29T09:52:12.770235+00:00
4fd5e56f-342b-41d9-9971-9ccbbea5d9af,yungblud,Braindead!,yungblud - Braindead!,,,braindead!,YUNGBLUD,2019-10-18,105685,yungblud,braindead,SFZjFCMrdWI,2019-10-01,0,2026-04-29T09:53:30.873245+00:00
b6f96472-93ee-4a43-ba13-de46bcd0cb96,yungblud,California,yungblud - California,,,California,YUNGBLUD,2018-07-06,105671,yungblud,california-6,LqtCRoLtyNI,2018-06-01,0,2026-04-29T09:53:47.325542+00:00
4d812f15-d055-41a8-a87b-fa14e3ce98bf,yungblud,Change,yungblud - Change,,,"Changes (Live From Villa Park) Back To The Beginning (feat. Nuno Bettencourt, Frank Bello, Adam Wakeman, II)","YUNGBLUD, Nuno Bettencourt, Frank Bello, Adam Wakeman, II",2025-07-18,105666,yungblud,change-6,33jh7UEHA0E,2025-06-01,0,2026-04-29T09:52:36.185037+00:00
ca8aedee-9d16-4543-b8b0-f98b478d9a3e,yungblud,"Hello Heaven, Hello","yungblud - Hello Heaven, Hello",,,"Hello Heaven, Hello",YUNGBLUD,2025-03-18,93579,yungblud,hello-heaven-hello,xrZX47RbeJs,2025-03-01,0,2026-04-29T09:52:43.123795+00:00
e35d8c89-6869-487d-b56b-223dacaed163,Yungblud,I Will Follow You Into The Dark,Yungblud - I Will Follow You Into The Dark,,,,,,42293,halsey,i-will-follow-you-into-the-dark,q1aKG1hrlbk,2019-02-01,0,2026-04-30T15:06:27.644937+00:00
6a0f5ff9-5b27-46b9-9cdc-472b34449542,yungblud,Tin Pan Boy,yungblud - Tin Pan Boy,,,Tin Pan Boy,YUNGBLUD,2018-01-19,105680,yungblud,tin-pan-boy,QKnIKYE2yUo,2017-12-01,0,2026-04-29T09:53:58.335111+00:00
028bd9c3-9848-49ce-a88a-844ba8b5afb4,yungblud,War,yungblud - War,,,War,YUNGBLUD,2025-06-20,105676,yungblud,war-2,Q1I5WghxDu8,2025-06-01,0,2026-04-29T09:52:34.036834+00:00
a09f30ed-82be-4313-9dc8-dfd514676438,Zach Bryan,Blue Jean Baby,Zach Bryan - Blue Jean Baby,,,Blue Jean Baby,Zach Bryan,2025-01-27,91120,zach-bryan,blue-jean-baby,HL6osaiYTP4,2025-01-01,0,2026-04-29T09:55:03.07504+00:00
104b906a-9729-4086-ab86-35ec61e87f48,Zach Bryan,Dear Miss,Zach Bryan - Dear Miss,,,Dear Miss,Zach Bryan,2025-02-11,91125,zach-bryan,dear-miss,7-eTkPzmpVg,2025-02-01,0,2026-04-29T09:55:00.860176+00:00
e4be1fe1-c4f9-4c69-8dca-c112eb8c2f36,Zack Tabudlo,Diving,Zack Tabudlo - Diving,,,Diving,Zack Tabudlo,2025-02-21,92522,zack-tabudlo,diving,ZPXHlx4jJds,2025-02-01,0,2026-04-29T09:55:18.945608+00:00
47ba2059-baa1-4cd8-afba-c5e9e712597b,Zara Larsson,Crush,Zara Larsson - Crush,,,Crush,Zara Larsson,2025-08-15,105966,zara-larsson,crush-9,Mu-y_3kIeG0,2025-08-01,0,2026-04-29T09:55:30.675033+00:00
66759fff-c18e-430c-bf9b-b008588edff3,Zara Larsson,Hot & Sexy,Zara Larsson - Hot & Sexy,,,Hot & Sexy,Zara Larsson,2025-09-26,109674,zara-larsson,hot-sexy,drsgNdfhV0Q,2025-09-01,0,2026-04-29T09:55:28.577979+00:00
be2cf45c-7954-4b3d-94fa-c686d4d7782c,ZAYN,Die For Me,ZAYN - Die For Me,,,Die For Me,ZAYN,2026-02-06,128681,zayn,die-for-me-2,LoElk8clGVg,2026-02-01,0,2026-04-29T09:55:52.928038+00:00
761e3c46-d0c1-4143-98d7-6b16aee90a3c,ZEDS DEAD,Bad Guy,ZEDS DEAD - Bad Guy,,,Bad Guy,Zeds Dead,2025-03-07,92512,zeds-dead,bad-guy-3,mQq14AqEd0Y,2025-03-01,0,2026-04-29T09:56:59.733184+00:00
d5bafc5b-19e3-4eba-9dfe-fd104e6911ed,ZEDS DEAD,Channel Flipping,ZEDS DEAD - Channel Flipping,,,undefined,,,85164,zeds-dead,channel-flipping,qSQKvnWnCtY,2024-11-01,0,2026-04-29T09:57:06.845011+00:00
55588412-bf97-45ae-89aa-46403dcd2b63,ZEDS DEAD,One Of These Mornings,ZEDS DEAD - One Of These Mornings,,,One Of These Mornings,Zeds Dead,2025-01-17,89793,zeds-dead,one-of-these-mornings,1mo8NZ1U5os,2025-01-01,0,2026-04-29T09:57:01.83207+00:00
890b0520-5894-4bdf-b033-aba0f04f3aca,ZHEANI,Naked,ZHEANI - Naked,,,NAKED,Zheani,2025-08-29,107016,zheani,naked-4,0_gMIUh6IUg,2025-08-01,0,2026-04-29T09:57:28.562262+00:00
e3576c02-8e48-42b0-ae28-40446fb6dcc5,ZHU,3am In ???????,ZHU - 3am In ???????,,,3AM IN ???????,ZHU,2025-08-22,106533,zhu,3am-in,CkmHQVFF8Ww,2025-08-01,0,2026-04-29T09:57:40.552357+00:00
41cf15ff-43ef-4f40-886c-d7cc01f882d2,Zoe Wees,Hello Again,Zoe Wees - Hello Again,,,Hello Again,Zoe Wees,2025-04-04,95075,zoe-wees,hello-again,2_J79cM_kXs,2025-04-01,0,2026-04-29T09:58:05.983143+00:00
d0ce47bd-c822-45ec-bb53-7f614418c9f0,Zoe Wees,Traitor,Zoe Wees - Traitor,,,Traitor,Zoe Wees,2025-01-17,89614,zoe-wees,traitor-2,eb12ol0DiT8,2025-01-01,0,2026-04-29T09:58:08.175533+00:00
95e72ea3-7208-49f5-a4b2-e67c7845bda3,Zoom,Blasting Off,Zoom - Blasting Off,,,undefined,,,75802,zoom,blasting-off,K3DDecLBwGQ,1983-01-01,0,2026-04-29T09:58:27.952206+00:00
3d148852-6dc3-4c81-a774-facd713a0164,Zoom,If You Don't Want To Party Go Home,Zoom - If You Don't Want To Party Go Home,,,,,,75805,zoom,if-you-dont-want-to-party-go-home,WjrprTAMSE0,1983-01-01,0,2026-04-29T09:58:25.824611+00:00
1a1b3829-03a0-4e58-a5e4-e1fe2753bc43,Zoom,Let Your Fingers Do The Walking,Zoom - Let Your Fingers Do The Walking,,,,,,75808,zoom,let-your-fingers-do-the-walking,GBRxqcDgTmE,1983-01-01,0,2026-04-29T09:58:23.176352+00:00
db520112-7fb0-42d2-99c0-f9c049cb55cd,Zoom,Next Door Neighbors,Zoom - Next Door Neighbors,,,,,,75799,zoom,next-door-neighbors,36EeXfLsBzk,1983-01-01,0,2026-04-29T09:58:30.171243+00:00
d9fecac9-67ef-44c8-8b43-9dd074d950fd,Zxlh-_twyru,zXlH-_TwyRU,Zxlh-_twyru,,,,,,,,,,,0,2026-03-30T16:01:45.765895+00:00
80f3bdd0-60a3-4056-9127-f04bf85ce7c2,Σtella,Adagio,Σtella - Adagio,,,Adagio,Σtella,2025-01-09,89491,stella,adagio,4ByFni-WyaU,2025-01-01,0,2026-04-29T08:13:06.115343+00:00
579b6d64-c64c-4bc9-b9c2-5f9d2b8c51f7,たけ【アニメ】,【無双】主人公最強おすすめアニメTop30!!【おすすめアニメ】,たけ【アニメ】 - 【無双】主人公最強おすすめアニメTop30!!【おすすめアニメ】,,,,,,,,,,,1,2026-03-17T16:44:24.415287+00:00
dcf9b4f4-cc91-46fa-9db7-03f937ecdc30,ビリー・ジョエル｜Billy Joel,「オネスティ (Honesty)」,ビリー・ジョエル｜Billy Joel - 「オネスティ (Honesty)」,,,,,,,,,,,1,2026-03-18T16:06:11.560102+00:00
7ca727bf-5b4a-4288-876b-f8d39b3838d9,ビリー・ジョエル｜Billy Joel,「ピアノ・マン (Piano Man)」,ビリー・ジョエル｜Billy Joel - 「ピアノ・マン (Piano Man)」,,,,,,,,,,,1,2026-03-18T17:14:38.045795+00:00
83605c3d-61ac-4b2e-aeda-449b83a0a3de,やさしさに包まれたなら,荒井由実（松任谷由実）,やさしさに包まれたなら - 荒井由実（松任谷由実）,,,,,,,,,,,1,2026-03-30T15:55:56.602524+00:00
398e6aed-fe93-4eb2-8e40-3fb44eec0b2e,ルージュの伝言,荒井由実（松任谷由実）（フル）,ルージュの伝言 - 荒井由実（松任谷由実）（フル）,,,,,,,,,,,1,2026-03-30T15:57:43.124802+00:00
340fe154-40b8-4fb9-93a2-e10da913eae3,僕の歌は君の歌（ユア・ソング） エルトン・ジョン Your Song,Elton John,僕の歌は君の歌（ユア・ソング） エルトン・ジョン Your Song - Elton John,,,,,,,,,,,0,2026-03-18T17:25:13.00649+00:00
4513ecb5-bbce-4dc0-8369-c576557583b4,山下達郎 Tatsuro Yamashita,山下達郎「クリスマス・イブ (Christmas Eve)」 Mv,山下達郎 Tatsuro Yamashita - 山下達郎「クリスマス・イブ (Christmas Eve)」 Mv,,,,,,,,,,,2,2026-03-31T02:22:06.150684+00:00
0ff43fb3-53f0-4c6b-b1aa-7d5e898ea0d5,感動画.Ch,僕の歌は君の歌（ユア・ソング）　エルトン・ジョン　Your Song - Elton John,感動画.Ch - 僕の歌は君の歌（ユア・ソング）　エルトン・ジョン　Your Song - Elton John,,,,,,,,,,,1,2026-03-18T17:25:13.058652+00:00
5274823b-b9a2-484d-a148-7fdf406fcecc,未分類,Next To You,未分類 - Next To You,,,,,,108757,uncategorized,next-to-you-8,QucmeFo-G_E,2019-04-01,0,2026-04-29T09:15:58.784615+00:00
214a4c35-9ab9-4519-aab3-5f4a9755e187,穴釣りペンギン,【穴釣り】超ライトタックルで遊んでいたらとんでもないサイズが来ました。,穴釣りペンギン - 【穴釣り】超ライトタックルで遊んでいたらとんでもないサイズが来ました。,,,,,,,,,,,1,2026-03-17T16:53:54.709439+00:00
7f6d4218-889b-4af6-a72e-a823935ab83d,紅蓮華 / The First Take,Lisa,紅蓮華 / The First Take - Lisa,,,,,,,,,,,1,2026-03-22T07:36:06.865099+00:00
