{
  "mode": "apply",
  "manifest": "E:\\mc\\tmp\\music8-sync-plan-2026-06-28T20-22-04\\manifest.json",
  "artistCount": 33,
  "songCount": 816,
  "realDeltaOnly": true,
  "artistsDir": "E:\\m8\\public\\data\\artists",
  "songsDir": "E:\\m8\\public\\data\\songs"
}
[apply] artists (33 slugs)窶ｦ
[update] age-of-ravens b3d77cca-ecc1-4ae9-8201-10b003fb3f11 Age of Ravens
[update] angine-de-poitrine 49ece883-7f4a-4a65-9615-d9afca040ec3 Angine de Poitrine
[insert] chalk 31165221-e571-4e45-bd35-5ecfb1db17a9 Chalk
[insert] charm 4c46b8b0-0f47-4d3f-81c9-6275f32b7316 Charm
[insert] cola abd948b8-3a11-4d8b-8a19-e00c8a960167 Cola
[insert] cormae 35251065-c8da-4ff8-9e13-4ceccb45c085 CorMae
[insert] deux-visages 62247f65-66e8-4eff-a264-d1672b25693c Deux Visages
[insert] dizzee-rascal e98b3f51-7ca1-4fff-9fdc-a4d112ae183e Dizzee Rascal
[insert] dj-goja 029286e7-08f6-49ee-80b1-c80c9af51b7c Dj Goja
[insert] dua-saleh c4f2056a-b4ab-4d06-bdcf-6ff4b5b36529 Dua Saleh
[insert] eladio-carrion b96e886d-646d-497a-ae9d-5866c96a3b98 Eladio Carriﾃｳn
[insert] fiddlehead 94bad0ed-a7a1-45d3-8298-c4aca1a54a60 Fiddlehead
[insert] gretel 2d55ac15-11cd-4cc7-84fa-384ec577b1ad Gretel
[insert] iceage a073b3fd-80c0-4ed4-880e-d3d0a558c53c Iceage
[insert] itch 81b704e9-e6fa-4536-9003-25275407f655 The Itch
[insert] j-me 20312223-b1ee-453b-babb-5903a4847307 J.ME
[update] lay 449600ad-9c76-4843-a12f-1354bfca3602 LAY
[insert] lip-critic ce28655e-2265-411c-9aaa-e49b95716187 Lip Critic
[insert] melody b4520e79-0ada-42cd-906c-c59c71029a34 Melody
[insert] modern-woman 667bc915-251d-4c2e-8232-33079b0221ae Modern Woman
[insert] my-new-band-believe 51c13c1a-5195-487a-a41c-cc9263ec0794 My New Band Believe
[update] ozi 5a413d5d-0124-4a15-b780-3b9ba98a1ab4 ﾃ六I
[insert] pineapple-thief 69767457-7b45-41b9-81e4-7854957b8b5c Pineapple Thief
[insert] prof 1e132312-d00c-4a70-951f-dbfbf302d3c4 PROF
[insert] radiator 6835201c-0ddc-47b7-a579-3229968c405b The Radiator
[insert] sahbabii a1d37323-a29e-404c-9e64-d2e99c6263f4 SahBabii
[insert] seb-lowe 961af9f9-1109-48a7-9362-db5c922fc415 Seb Lowe
[insert] sinner 53d24c95-2fa2-43e4-be5f-ed59f8219304 SINNER
[insert] six40two b6584ce5-4504-4c28-bd89-18e18470c930 SIX40TWO
[insert] teeks 0604f8a9-4182-40f6-9b8f-f3ffdd63b41b TEEKS
[insert] tony-sheridan af29b2f7-4345-4c8b-9d94-a3f7907d4ddf Tony Sheridan
[insert] waterbaby 3a5a41f0-82ac-4a16-b988-2bd59271a588 waterbaby
[insert] witch-post a4295f46-37e0-4868-8760-efeb3bf46db0 Witch Post
{
  "dryRun": false,
  "total": 33,
  "ok": 33,
  "fail": 0,
  "skip": 0
}
[apply] songs (816 keys)窶ｦ
{
  "mode": "import",
  "importKeysFile": "E:\\mc\\tmp\\music8-sync-plan-2026-06-28T20-22-04\\song-keys-apply.txt",
  "onlyVideoOverrideKeys": false,
  "keyedOnlyMode": true,
  "keyedTaskTotal": 816,
  "artistCount": 495,
  "skipArtists": 0,
  "artistSongsBase": "https://storage.googleapis.com/music8-json-prod/data/artists",
  "songsBase": "https://storage.googleapis.com/music8-json-prod/data/songs",
  "songsLocalDir": "E:/m8/public/data/songs",
  "sleepMs": 80,
  "failureLogPath": "tmp/music8-sync-apply-chunks.jsonl",
  "videoOverridesLoaded": 0
}
[artist] %ef%bd%97ilkinson key-import-tasks=4
[import-music8-songs-bulk] 繧ｭ繝ｼ荳隕ｧ繝｢繝ｼ繝・ON: import-keys-file 縺九ｉ 816 譖ｲ / 繧｢繝ｼ繝・ぅ繧ｹ繝・495 莉ｶ繧貞・逅・＠縺ｾ縺吶・[artist] %ef%bd%97ilkinson _songs.json has 0 songs; using synthetic row for slug=balance
[import] resolve %ef%bd%97ilkinson_balance 窶ｦ
[import] upsert %ef%bd%97ilkinson_balance video=X9RylLX0lvs
[song-credits-sync] loading artist lookup index (paginated)窶ｦ
[artist] %ef%bd%97ilkinson _songs.json has 0 songs; using synthetic row for slug=break-it-down
[import] resolve %ef%bd%97ilkinson_break-it-down 窶ｦ
[import] upsert %ef%bd%97ilkinson_break-it-down video=kFUzP6UyyR4
[artist] %ef%bd%97ilkinson _songs.json has 0 songs; using synthetic row for slug=here-for-you-2
[import] resolve %ef%bd%97ilkinson_here-for-you-2 窶ｦ
[import] upsert %ef%bd%97ilkinson_here-for-you-2 video=hY2IB2gGC14
[artist] %ef%bd%97ilkinson _songs.json has 0 songs; using synthetic row for slug=infinity
[import] resolve %ef%bd%97ilkinson_infinity 窶ｦ
[import] upsert %ef%bd%97ilkinson_infinity video=xyMP1XA-Aa0
[artist-done] %ef%bd%97ilkinson cumulative: attempted=4 imported=4 failures=0
[artist] 1975 key-import-tasks=29
[artist] 1975 _songs.json has 0 songs; using synthetic row for slug=a-change-of-heart
[import] resolve 1975_a-change-of-heart 窶ｦ
[import] upsert 1975_a-change-of-heart video=trbwqF0d7NA
[artist] 1975 _songs.json has 0 songs; using synthetic row for slug=by-your-side-3
[import] resolve 1975_by-your-side-3 窶ｦ
[import] upsert 1975_by-your-side-3 video=WCyYho9yVlE
[artist] 1975 _songs.json has 0 songs; using synthetic row for slug=frail-state-of-mind
[import] resolve 1975_frail-state-of-mind 窶ｦ
[import] upsert 1975_frail-state-of-mind video=VOkUE0OB7V0
[artist] 1975 _songs.json has 0 songs; using synthetic row for slug=girls-3
[import] resolve 1975_girls-3 窶ｦ
[import] upsert 1975_girls-3 video=QkubQCI4Fxo
[artist] 1975 _songs.json has 0 songs; using synthetic row for slug=give-yourself-a-try
[import] resolve 1975_give-yourself-a-try 窶ｦ
[import] upsert 1975_give-yourself-a-try video=zUzBfBqbSmc
[artist] 1975 _songs.json has 0 songs; using synthetic row for slug=guys
[import] resolve 1975_guys 窶ｦ
[import] upsert 1975_guys video=X0mzMd17jG0
[artist] 1975 _songs.json has 0 songs; using synthetic row for slug=if-youre-too-shy-let-me-know
[import] resolve 1975_if-youre-too-shy-let-me-know 窶ｦ
[import] upsert 1975_if-youre-too-shy-let-me-know video=wYYQpTbBSBM
[artist] 1975 _songs.json has 0 songs; using synthetic row for slug=its-not-living-if-its-not-with-you
[import] resolve 1975_its-not-living-if-its-not-with-you 窶ｦ
[import] upsert 1975_its-not-living-if-its-not-with-you video=G0WKkjgNU4
[artist] 1975 _songs.json has 0 songs; using synthetic row for slug=jesus-christ-2005-god-bless-america
[import] resolve 1975_jesus-christ-2005-god-bless-america 窶ｦ
[import] upsert 1975_jesus-christ-2005-god-bless-america video=K0kbllNyEO0
[artist] 1975 _songs.json has 0 songs; using synthetic row for slug=love-it-if-we-made-it
[import] resolve 1975_love-it-if-we-made-it 窶ｦ
[import] upsert 1975_love-it-if-we-made-it video=1Wl1B7DPegc
[artist] 1975 _songs.json has 0 songs; using synthetic row for slug=love-me
[import] resolve 1975_love-me 窶ｦ
[import] upsert 1975_love-me video=TJ5bZuUlftI
[artist] 1975 _songs.json has 0 songs; using synthetic row for slug=loving-someone
[import] resolve 1975_loving-someone 窶ｦ
[import] upsert 1975_loving-someone video=MVSBYG99AAg
[artist] 1975 _songs.json has 0 songs; using synthetic row for slug=me-you-together-song
[import] resolve 1975_me-you-together-song 窶ｦ
[import] upsert 1975_me-you-together-song video=NF47oaT6qzc
[artist] 1975 _songs.json has 0 songs; using synthetic row for slug=medicine
[import] resolve 1975_medicine 窶ｦ
[import] upsert 1975_medicine video=lur5B3a4_fk
[artist] 1975 _songs.json has 0 songs; using synthetic row for slug=milk-2
[import] resolve 1975_milk-2 窶ｦ
[import] upsert 1975_milk-2 video=IFXIjI1ZZQs
[artist] 1975 _songs.json has 0 songs; using synthetic row for slug=oh-caroline
[import] resolve 1975_oh-caroline 窶ｦ
[import] upsert 1975_oh-caroline video=QJOzUpNaD6Y
[artist] 1975 _songs.json has 0 songs; using synthetic row for slug=paris-acoustic
[import] resolve 1975_paris-acoustic 窶ｦ
[import] upsert 1975_paris-acoustic video=XIUQeSOFm0M
[artist] 1975 _songs.json has 0 songs; using synthetic row for slug=people
[import] resolve 1975_people 窶ｦ
[import] upsert 1975_people video=EKdPxXWm7Jg
[artist] 1975 _songs.json has 0 songs; using synthetic row for slug=robbers
[import] resolve 1975_robbers 窶ｦ
[import] upsert 1975_robbers video=Iyy3YOpxL2k
[artist] 1975 _songs.json has 0 songs; using synthetic row for slug=settle-down-2
[import] resolve 1975_settle-down-2 窶ｦ
[import] upsert 1975_settle-down-2 video=BsYE078RQCI
[artist] 1975 _songs.json has 0 songs; using synthetic row for slug=sex
[import] resolve 1975_sex 窶ｦ
[import] upsert 1975_sex video=xeDGfk0UJw8
[artist] 1975 _songs.json has 0 songs; using synthetic row for slug=shes-american
[import] resolve 1975_shes-american 窶ｦ
[import] upsert 1975_shes-american video=y9rK58sbLf8
[artist] 1975 _songs.json has 0 songs; using synthetic row for slug=sincerity-is-scary
[import] resolve 1975_sincerity-is-scary 窶ｦ
[import] upsert 1975_sincerity-is-scary video=1K93ioXL63c
[artist] 1975 _songs.json has 0 songs; using synthetic row for slug=somebody-else
[import] resolve 1975_somebody-else 窶ｦ
[import] upsert 1975_somebody-else video=STbSEQ5LpJg
[artist] 1975 _songs.json has 0 songs; using synthetic row for slug=the-birthday-party
[import] resolve 1975_the-birthday-party 窶ｦ
[import] upsert 1975_the-birthday-party video=Do7B74dyEVs
[artist] 1975 _songs.json has 0 songs; using synthetic row for slug=the-city
[import] resolve 1975_the-city 窶ｦ
[import] upsert 1975_the-city video=UuihJInaeN4
[artist] 1975 _songs.json has 0 songs; using synthetic row for slug=the-sound
[import] resolve 1975_the-sound 窶ｦ
[import] upsert 1975_the-sound video=FSnAllHtG70
[artist] 1975 _songs.json has 0 songs; using synthetic row for slug=tootimetootimetootime
[import] resolve 1975_tootimetootimetootime 窶ｦ
[import] upsert 1975_tootimetootimetootime video=4fxPQUKfim4
[artist] 1975 _songs.json has 0 songs; using synthetic row for slug=ugh
[import] resolve 1975_ugh 窶ｦ
[import] upsert 1975_ugh video=hXaU0QzByIM
[artist-done] 1975 cumulative: attempted=33 imported=33 failures=0
[artist] 38-special key-import-tasks=1
[artist] 38-special _songs.json has 0 songs; using synthetic row for slug=all-i-havent-said-2
[import] resolve 38-special_all-i-havent-said-2 窶ｦ
[import] upsert 38-special_all-i-havent-said-2 video=zPU8qxTEvgc
[artist-done] 38-special cumulative: attempted=34 imported=34 failures=0
[artist] 4batz key-import-tasks=1
[artist] 4batz _songs.json has 0 songs; using synthetic row for slug=act-ii-date-8-remix
[import] resolve 4batz_act-ii-date-8-remix 窶ｦ
[import] upsert 4batz_act-ii-date-8-remix video=bwb8oA6JBDc
[artist-done] 4batz cumulative: attempted=35 imported=35 failures=0
[artist] 5sos key-import-tasks=2
[artist] 5sos _songs.json has 0 songs; using synthetic row for slug=blender-2
[import] resolve 5sos_blender-2 窶ｦ
[import] upsert 5sos_blender-2 video=8RaeTPo5a_c
[artist] 5sos _songs.json has 0 songs; using synthetic row for slug=youngblood-2
[import] resolve 5sos_youngblood-2 窶ｦ
[import] upsert 5sos_youngblood-2 video=ZfVjxD6C89o
[artist-done] 5sos cumulative: attempted=37 imported=37 failures=0
[artist] absolutely key-import-tasks=1
[artist] absolutely _songs.json has 0 songs; using synthetic row for slug=i-just-dont-know-you-yet-2
[import] resolve absolutely_i-just-dont-know-you-yet-2 窶ｦ
[import] upsert absolutely_i-just-dont-know-you-yet-2 video=nQ5aIl_yfAw
[artist-done] absolutely cumulative: attempted=38 imported=38 failures=0
[artist] aerosmith key-import-tasks=3
[artist] aerosmith _songs.json has 0 songs; using synthetic row for slug=lightning-strikes
[import] resolve aerosmith_lightning-strikes 窶ｦ
[import] upsert aerosmith_lightning-strikes video=C-TSvxZ40RQ
[artist] aerosmith _songs.json has 0 songs; using synthetic row for slug=walk-on-water
[import] resolve aerosmith_walk-on-water 窶ｦ
[import] upsert aerosmith_walk-on-water video=#NAME?
[artist] aerosmith _songs.json has 0 songs; using synthetic row for slug=what-kind-of-love-are-you-on
[import] resolve aerosmith_what-kind-of-love-are-you-on 窶ｦ
[import] upsert aerosmith_what-kind-of-love-are-you-on video=d7lCZ0rpH3o
[artist-done] aerosmith cumulative: attempted=41 imported=41 failures=0
[artist] after-the-fire key-import-tasks=1
[artist] after-the-fire _songs.json has 0 songs; using synthetic row for slug=der-kommissar-re-recorded-sped-up
[import] resolve after-the-fire_der-kommissar-re-recorded-sped-up 窶ｦ
[import] upsert after-the-fire_der-kommissar-re-recorded-sped-up video=qcxFCDuis2o
[artist-done] after-the-fire cumulative: attempted=42 imported=42 failures=0
[artist] against-the-current key-import-tasks=1
[artist] against-the-current _songs.json has 0 songs; using synthetic row for slug=heavenly-3
[import] resolve against-the-current_heavenly-3 窶ｦ
[import] upsert against-the-current_heavenly-3 video=0GpkuLmnc0Q
[artist-done] against-the-current cumulative: attempted=43 imported=43 failures=0
[artist] aka key-import-tasks=1
[artist] aka _songs.json has 0 songs; using synthetic row for slug=coffee-4
[import] resolve aka_coffee-4 窶ｦ
[import] upsert aka_coffee-4 video=cmj_hUd7yjc
[artist-done] aka cumulative: attempted=44 imported=44 failures=0
[artist] al-green key-import-tasks=2
[artist] al-green _songs.json has 0 songs; using synthetic row for slug=everybody-hurts-3
[import] resolve al-green_everybody-hurts-3 窶ｦ
[import] upsert al-green_everybody-hurts-3 video=Cjr8TOcKi-s
[artist] al-green _songs.json has 0 songs; using synthetic row for slug=perfect-day-3
[import] resolve al-green_perfect-day-3 窶ｦ
[import] upsert al-green_perfect-day-3 video=6GKjbF0qpIE
[artist-done] al-green cumulative: attempted=46 imported=46 failures=0
[artist] alan-walker key-import-tasks=1
[artist] alan-walker _songs.json has 0 songs; using synthetic row for slug=fate-2
[import] resolve alan-walker_fate-2 窶ｦ
[import] upsert alan-walker_fate-2 video=LKp-IdxVf4A
[artist-done] alan-walker cumulative: attempted=47 imported=47 failures=0
[artist] aldous-harding key-import-tasks=1
[artist] aldous-harding _songs.json has 0 songs; using synthetic row for slug=venus-in-the-zinnia
[import] resolve aldous-harding_venus-in-the-zinnia 窶ｦ
[import] upsert aldous-harding_venus-in-the-zinnia video=g1DiJEEpulE
[artist-done] aldous-harding cumulative: attempted=48 imported=48 failures=0
[artist] alex-warren key-import-tasks=1
[artist] alex-warren _songs.json has 0 songs; using synthetic row for slug=burning-down-2
[import] resolve alex-warren_burning-down-2 窶ｦ
[import] upsert alex-warren_burning-down-2 video=QC_mOB2uBj4
[artist-done] alex-warren cumulative: attempted=49 imported=49 failures=0
[artist] all-time-low key-import-tasks=1
[artist] all-time-low _songs.json has 0 songs; using synthetic row for slug=dear-maria-count-me-in-3
[import] resolve all-time-low_dear-maria-count-me-in-3 窶ｦ
[import] upsert all-time-low_dear-maria-count-me-in-3 video=2e5dcUNoxkY
[artist-done] all-time-low cumulative: attempted=50 imported=50 failures=0
[artist] alok key-import-tasks=1
[artist] alok _songs.json has 0 songs; using synthetic row for slug=deep-in-your-love-2
[import] resolve alok_deep-in-your-love-2 窶ｦ
[import] upsert alok_deep-in-your-love-2 video=H9P_L4-7lRQ
[artist-done] alok cumulative: attempted=51 imported=51 failures=0
[artist] alphaville key-import-tasks=1
[artist] alphaville _songs.json has 0 songs; using synthetic row for slug=forever-young
[import] resolve alphaville_forever-young 窶ｦ
[import] upsert alphaville_forever-young video=t1TcDHrkQYg
[artist-done] alphaville cumulative: attempted=52 imported=52 failures=0
[artist] amorphis key-import-tasks=1
[artist] amorphis _songs.json has 0 songs; using synthetic row for slug=bones-5
[import] resolve amorphis_bones-5 窶ｦ
[import] upsert amorphis_bones-5 video=dnSjYxh5yHM
[artist-done] amorphis cumulative: attempted=53 imported=53 failures=0
[artist] amyl-and-the-sniffers key-import-tasks=1
[artist] amyl-and-the-sniffers _songs.json has 0 songs; using synthetic row for slug=monsoon-rock
[import] resolve amyl-and-the-sniffers_monsoon-rock 窶ｦ
[import] upsert amyl-and-the-sniffers_monsoon-rock video=#NAME?
[artist-done] amyl-and-the-sniffers cumulative: attempted=54 imported=54 failures=0
[artist] angelina-jordan key-import-tasks=1
[artist] angelina-jordan _songs.json has 0 songs; using synthetic row for slug=bad-valentine-jazzy-piano-version
[import] resolve angelina-jordan_bad-valentine-jazzy-piano-version 窶ｦ
[import] upsert angelina-jordan_bad-valentine-jazzy-piano-version video=vN3YzuX1kkY
[song-credits-sync] loading artist lookup index (paginated)窶ｦ
[artist-done] angelina-jordan cumulative: attempted=55 imported=55 failures=0
[artist] angine-de-poitrine key-import-tasks=1
[artist] angine-de-poitrine _songs.json has 0 songs; using synthetic row for slug=fabienk
[import] resolve angine-de-poitrine_fabienk 窶ｦ
[import] upsert angine-de-poitrine_fabienk video=ZYNRaq_4OcU
[artist-done] angine-de-poitrine cumulative: attempted=56 imported=56 failures=0
[artist] annisokay key-import-tasks=1
[artist] annisokay _songs.json has 0 songs; using synthetic row for slug=splinters-2
[import] resolve annisokay_splinters-2 窶ｦ
[import] upsert annisokay_splinters-2 video=6T4JAn4lFL0
[artist-done] annisokay cumulative: attempted=57 imported=57 failures=0
[artist] apashe _songs.json has 0 songs; using synthetic row for slug=catch-me-3
[artist] apashe key-import-tasks=1
[import] resolve apashe_catch-me-3 窶ｦ
[import] upsert apashe_catch-me-3 video=JvcT8T_Fym4
[artist-done] apashe cumulative: attempted=58 imported=58 failures=0
[artist] arcy-drive key-import-tasks=1
[artist] arcy-drive _songs.json has 0 songs; using synthetic row for slug=time-shrinks-2
[import] resolve arcy-drive_time-shrinks-2 窶ｦ
[import] upsert arcy-drive_time-shrinks-2 video=9FE5nWm6xso
[artist-done] arcy-drive cumulative: attempted=59 imported=59 failures=0
[artist] ariana-grande key-import-tasks=3
[artist] ariana-grande _songs.json has 0 songs; using synthetic row for slug=the-boy-is-mine-2
[import] resolve ariana-grande_the-boy-is-mine-2 窶ｦ
[import] upsert ariana-grande_the-boy-is-mine-2 video=j69AZ7mfPlU
[artist] ariana-grande _songs.json has 0 songs; using synthetic row for slug=twilight-zone-2
[import] resolve ariana-grande_twilight-zone-2 窶ｦ
[import] upsert ariana-grande_twilight-zone-2 video=XKPAzTPsWrw
[artist] ariana-grande _songs.json has 0 songs; using synthetic row for slug=yes-and-2
[import] resolve ariana-grande_yes-and-2 窶ｦ
[import] upsert ariana-grande_yes-and-2 video=r6vz9ym3Qso
[artist-done] ariana-grande cumulative: attempted=62 imported=62 failures=0
[artist] armin-van-buuren key-import-tasks=1
[artist] armin-van-buuren _songs.json has 0 songs; using synthetic row for slug=sound-of-you-2
[import] resolve armin-van-buuren_sound-of-you-2 窶ｦ
[import] upsert armin-van-buuren_sound-of-you-2 video=q7pUqXIeyI0
[artist-done] armin-van-buuren cumulative: attempted=63 imported=63 failures=0
[artist] art-of-noise key-import-tasks=1
[artist] art-of-noise _songs.json has 0 songs; using synthetic row for slug=close-to-the-edit
[import] resolve art-of-noise_close-to-the-edit 窶ｦ
[import] upsert art-of-noise_close-to-the-edit video=#NAME?
[artist-done] art-of-noise cumulative: attempted=64 imported=64 failures=0
[artist] artbat key-import-tasks=1
[artist] artbat _songs.json has 0 songs; using synthetic row for slug=take-you-there-2
[import] resolve artbat_take-you-there-2 窶ｦ
[import] upsert artbat_take-you-there-2 video=dJGAqC-NH2k
[artist-done] artbat cumulative: attempted=65 imported=65 failures=0
[artist] ash key-import-tasks=1
[artist] ash _songs.json has 0 songs; using synthetic row for slug=oh-yeah
[import] resolve ash_oh-yeah 窶ｦ
[import] upsert ash_oh-yeah video=#NAME?
[artist-done] ash cumulative: attempted=66 imported=66 failures=0
[artist] ashnikko key-import-tasks=1
[artist] ashnikko _songs.json has 0 songs; using synthetic row for slug=itty-bitty-2
[import] resolve ashnikko_itty-bitty-2 窶ｦ
[import] upsert ashnikko_itty-bitty-2 video=oAHoEWgPL00
[artist-done] ashnikko cumulative: attempted=67 imported=67 failures=0
[artist] aurora key-import-tasks=2
[artist] aurora _songs.json has 0 songs; using synthetic row for slug=limousine-live-from-japan
[import] resolve aurora_limousine-live-from-japan 窶ｦ
[import] upsert aurora_limousine-live-from-japan video=zc9A2FLNt_Y
[artist] aurora _songs.json has 0 songs; using synthetic row for slug=runaway-8
[import] resolve aurora_runaway-8 窶ｦ
[import] upsert aurora_runaway-8 video=f9L6DR_mtH0
[artist-done] aurora cumulative: attempted=69 imported=69 failures=0
[artist] avalon-emerson key-import-tasks=1
[artist] avalon-emerson _songs.json has 0 songs; using synthetic row for slug=jupiter-and-mars
[import] resolve avalon-emerson_jupiter-and-mars 窶ｦ
[import] upsert avalon-emerson_jupiter-and-mars video=wg7zmUBZErA
[artist-done] avalon-emerson cumulative: attempted=70 imported=70 failures=0
[artist] avril-lavigne key-import-tasks=2
[artist] avril-lavigne _songs.json has 0 songs; using synthetic row for slug=bite-me-acoustic
[import] resolve avril-lavigne_bite-me-acoustic 窶ｦ
[import] upsert avril-lavigne_bite-me-acoustic video=-zs63sGJZlU
[artist] avril-lavigne _songs.json has 0 songs; using synthetic row for slug=girlfriend-2
[import] resolve avril-lavigne_girlfriend-2 窶ｦ
[import] upsert avril-lavigne_girlfriend-2 video=EnwLrQ2ys_g
[artist-done] avril-lavigne cumulative: attempted=72 imported=72 failures=0
[artist] ayra-starr key-import-tasks=1
[artist] ayra-starr _songs.json has 0 songs; using synthetic row for slug=where-do-we-go-peggy-gou-remix
[import] resolve ayra-starr_where-do-we-go-peggy-gou-remix 窶ｦ
[import] upsert ayra-starr_where-do-we-go-peggy-gou-remix video=qfFRxiY0XbM
[artist-done] ayra-starr cumulative: attempted=73 imported=73 failures=0
[artist] baby-keem key-import-tasks=2
[artist] baby-keem _songs.json has 0 songs; using synthetic row for slug=birds-the-bees
[import] resolve baby-keem_birds-the-bees 窶ｦ
[import] upsert baby-keem_birds-the-bees video=8sAVQWKgMjg
[artist] baby-keem _songs.json has 0 songs; using synthetic row for slug=good-flirts-2
[import] resolve baby-keem_good-flirts-2 窶ｦ
[import] upsert baby-keem_good-flirts-2 video=N8bI6FYLqgc
[artist-done] baby-keem cumulative: attempted=75 imported=75 failures=0
[artist] babyface key-import-tasks=1
[artist] babyface _songs.json has 0 songs; using synthetic row for slug=i-love-you-babe
[import] resolve babyface_i-love-you-babe 窶ｦ
[import] upsert babyface_i-love-you-babe video=#NAME?
[artist-done] babyface cumulative: attempted=76 imported=76 failures=0
[artist] bad-bunny key-import-tasks=1
[artist] bad-bunny _songs.json has 0 songs; using synthetic row for slug=moscow-mule-2
[import] resolve bad-bunny_moscow-mule-2 窶ｦ
[import] upsert bad-bunny_moscow-mule-2 video=p38WgakuYDo
[artist-done] bad-bunny cumulative: attempted=77 imported=77 failures=0
[artist] bambie-thug key-import-tasks=1
[artist] bambie-thug _songs.json has 0 songs; using synthetic row for slug=zombie-4
[import] resolve bambie-thug_zombie-4 窶ｦ
[import] upsert bambie-thug_zombie-4 video=PHv87xwBwj8
[artist-done] bambie-thug cumulative: attempted=78 imported=78 failures=0
[artist] beabadoobee key-import-tasks=1
[artist] beabadoobee _songs.json has 0 songs; using synthetic row for slug=sun-has-set
[import] resolve beabadoobee_sun-has-set 窶ｦ
[import] upsert beabadoobee_sun-has-set video=OkApy8LE8s8
[artist-done] beabadoobee cumulative: attempted=79 imported=79 failures=0
[artist] beatles key-import-tasks=67
[artist] beatles _songs.json has 0 songs; using synthetic row for slug=a-hard-days-night
[import] resolve beatles_a-hard-days-night 窶ｦ
[import] upsert beatles_a-hard-days-night video=AMSiHdrHl0g
[artist] beatles _songs.json has 0 songs; using synthetic row for slug=across-the-universe
[import] resolve beatles_across-the-universe 窶ｦ
[import] upsert beatles_across-the-universe video=90M60PzmxEE
[artist] beatles _songs.json has 0 songs; using synthetic row for slug=all-my-loving
[import] resolve beatles_all-my-loving 窶ｦ
[import] upsert beatles_all-my-loving video=TSpiwK5fig0
[artist] beatles _songs.json has 0 songs; using synthetic row for slug=all-together-now
[import] resolve beatles_all-together-now 窶ｦ
[import] upsert beatles_all-together-now video=73lj5qJbrms
[artist] beatles _songs.json has 0 songs; using synthetic row for slug=all-you-need-is-love
[import] resolve beatles_all-you-need-is-love 窶ｦ
[import] upsert beatles_all-you-need-is-love video=_7xMfIp-irg
[artist] beatles _songs.json has 0 songs; using synthetic row for slug=all-you-need-is-love-live-from-abbey-road-studios-june-25th-1967
[import] resolve beatles_all-you-need-is-love-live-from-abbey-road-studios-june-25th-1967 窶ｦ
[import] upsert beatles_all-you-need-is-love-live-from-abbey-road-studios-june-25th-1967 video=Mki34tyoCp0
[artist] beatles _songs.json has 0 songs; using synthetic row for slug=and-i-love-her
[import] resolve beatles_and-i-love-her 窶ｦ
[import] upsert beatles_and-i-love-her video=5tc0gLSSU1M
[artist] beatles _songs.json has 0 songs; using synthetic row for slug=baby-its-you
[import] resolve beatles_baby-its-you 窶ｦ
[import] upsert beatles_baby-its-you video=AWUTlM6hz0g
[artist] beatles _songs.json has 0 songs; using synthetic row for slug=back-in-the-u-s-s-r
[import] resolve beatles_back-in-the-u-s-s-r 窶ｦ
[import] upsert beatles_back-in-the-u-s-s-r video=nS5_EQgbuLc
[artist] beatles _songs.json has 0 songs; using synthetic row for slug=blackbird
[import] resolve beatles_blackbird 窶ｦ
[import] upsert beatles_blackbird video=Man4Xw8Xypo
[artist] beatles _songs.json has 0 songs; using synthetic row for slug=cant-buy-me-love
[import] resolve beatles_cant-buy-me-love 窶ｦ
[import] upsert beatles_cant-buy-me-love video=srwxJUXPHvE
[artist] beatles _songs.json has 0 songs; using synthetic row for slug=come-together-3
[import] resolve beatles_come-together-3 窶ｦ
[import] upsert beatles_come-together-3 video=45cYwDMibGo
[artist] beatles _songs.json has 0 songs; using synthetic row for slug=day-tripper
[import] resolve beatles_day-tripper 窶ｦ
[import] upsert beatles_day-tripper video=2IbPn5j2YKk
[artist] beatles _songs.json has 0 songs; using synthetic row for slug=do-you-want-to-know-a-secret
[import] resolve beatles_do-you-want-to-know-a-secret 窶ｦ
[import] upsert beatles_do-you-want-to-know-a-secret video=uRQ7ecvU56k
[artist] beatles _songs.json has 0 songs; using synthetic row for slug=drive-my-car
[import] resolve beatles_drive-my-car 窶ｦ
[import] upsert beatles_drive-my-car video=kfSQkZuIx84
[artist] beatles _songs.json has 0 songs; using synthetic row for slug=eight-days-a-week
[import] resolve beatles_eight-days-a-week 窶ｦ
[import] upsert beatles_eight-days-a-week video=kle2xHhRHg4
[artist] beatles _songs.json has 0 songs; using synthetic row for slug=eleanor-rigby
[import] resolve beatles_eleanor-rigby 窶ｦ
[import] upsert beatles_eleanor-rigby video=HuS5NuXRb5Y
[artist] beatles _songs.json has 0 songs; using synthetic row for slug=free-as-a-bird-2
[import] resolve beatles_free-as-a-bird-2 窶ｦ
[import] upsert beatles_free-as-a-bird-2 video=ODIvONHPqpk
[artist] beatles _songs.json has 0 songs; using synthetic row for slug=from-me-to-you
[import] resolve beatles_from-me-to-you 窶ｦ
[import] upsert beatles_from-me-to-you video=GN-iTB-CEC4
[artist] beatles _songs.json has 0 songs; using synthetic row for slug=from-me-to-you-2
[import] resolve beatles_from-me-to-you-2 窶ｦ
[import] upsert beatles_from-me-to-you-2 video=-XTB3bCYMK0
[artist] beatles _songs.json has 0 songs; using synthetic row for slug=get-back-2
[import] resolve beatles_get-back-2 窶ｦ
[import] upsert beatles_get-back-2 video=IKJqecxswCA
[artist] beatles _songs.json has 0 songs; using synthetic row for slug=golden-slumbers
[import] resolve beatles_golden-slumbers 窶ｦ
[import] upsert beatles_golden-slumbers video=AcQjM7gV6mI
[artist] beatles _songs.json has 0 songs; using synthetic row for slug=got-to-get-you-into-my-life-2
[import] resolve beatles_got-to-get-you-into-my-life-2 窶ｦ
[import] upsert beatles_got-to-get-you-into-my-life-2 video=r95-7zfgtLw
[artist] beatles _songs.json has 0 songs; using synthetic row for slug=hello-goodbye-2
[import] resolve beatles_hello-goodbye-2 窶ｦ
[import] upsert beatles_hello-goodbye-2 video=rblYSKz_VnI
[artist] beatles _songs.json has 0 songs; using synthetic row for slug=help
[import] resolve beatles_help 窶ｦ
[import] upsert beatles_help video=2Q_ZzBGPdqE
[artist] beatles _songs.json has 0 songs; using synthetic row for slug=here-comes-the-sun
[import] resolve beatles_here-comes-the-sun 窶ｦ
[import] upsert beatles_here-comes-the-sun video=KQetemT1sWc
[artist] beatles _songs.json has 0 songs; using synthetic row for slug=here-there-and-everywhere
[import] resolve beatles_here-there-and-everywhere 窶ｦ
[import] upsert beatles_here-there-and-everywhere video=FusIKjztap8
[artist] beatles _songs.json has 0 songs; using synthetic row for slug=hey-jude
[import] resolve beatles_hey-jude 窶ｦ
[import] upsert beatles_hey-jude video=A_MjCqQoLLA
[artist] beatles _songs.json has 0 songs; using synthetic row for slug=i-feel-fine
[import] resolve beatles_i-feel-fine 窶ｦ
[import] upsert beatles_i-feel-fine video=WrAV5EVI4tU
[artist] beatles _songs.json has 0 songs; using synthetic row for slug=i-saw-her-standing-there
[import] resolve beatles_i-saw-her-standing-there 窶ｦ
[import] upsert beatles_i-saw-her-standing-there video=oxwAB3SECtc
[artist] beatles _songs.json has 0 songs; using synthetic row for slug=i-want-to-hold-your-hand
[import] resolve beatles_i-want-to-hold-your-hand 窶ｦ
[import] upsert beatles_i-want-to-hold-your-hand video=v1HDt1tknTc
[artist] beatles _songs.json has 0 songs; using synthetic row for slug=if-i-fell
[import] resolve beatles_if-i-fell 窶ｦ
[import] upsert beatles_if-i-fell video=F_80s6S_7Vw
[artist] beatles _songs.json has 0 songs; using synthetic row for slug=in-my-life
[import] resolve beatles_in-my-life 窶ｦ
[import] upsert beatles_in-my-life video=YBcdt6DsLQA
[artist] beatles _songs.json has 0 songs; using synthetic row for slug=lady-madonna
[import] resolve beatles_lady-madonna 窶ｦ
[import] upsert beatles_lady-madonna video=uLRiGX3L-kw
[artist] beatles _songs.json has 0 songs; using synthetic row for slug=let-it-be
[import] resolve beatles_let-it-be 窶ｦ
[import] upsert beatles_let-it-be video=CGj85pVzRJs
[artist] beatles _songs.json has 0 songs; using synthetic row for slug=love-me-do
[import] resolve beatles_love-me-do 窶ｦ
[import] upsert beatles_love-me-do video=0pGOFX1D_jg
[artist] beatles _songs.json has 0 songs; using synthetic row for slug=lucy-in-the-sky-with-diamonds
[import] resolve beatles_lucy-in-the-sky-with-diamonds 窶ｦ
[import] upsert beatles_lucy-in-the-sky-with-diamonds video=LgR6UNeQxXE
[artist] beatles _songs.json has 0 songs; using synthetic row for slug=magical-mystery-tour
[import] resolve beatles_magical-mystery-tour 窶ｦ
[import] upsert beatles_magical-mystery-tour video=l8WMGBuNaus
[artist] beatles _songs.json has 0 songs; using synthetic row for slug=michelle
[import] resolve beatles_michelle 窶ｦ
[import] upsert beatles_michelle video=WoBLi5eE-wY
[artist] beatles _songs.json has 0 songs; using synthetic row for slug=misery-4
[import] resolve beatles_misery-4 窶ｦ
[import] upsert beatles_misery-4 video=qhbcN3ew9z0
[artist] beatles _songs.json has 0 songs; using synthetic row for slug=my-bonnie
[import] resolve beatles_my-bonnie 窶ｦ
[import] upsert beatles_my-bonnie video=8KNedjsgnwY
[artist] beatles _songs.json has 0 songs; using synthetic row for slug=no-reply
[import] resolve beatles_no-reply 窶ｦ
[import] upsert beatles_no-reply video=YgFo9STa70E
[artist] beatles _songs.json has 0 songs; using synthetic row for slug=norwegian-wood-this-bird-has-flown
[import] resolve beatles_norwegian-wood-this-bird-has-flown 窶ｦ
[import] upsert beatles_norwegian-wood-this-bird-has-flown video=Y_V6y1ZCg_8
[artist] beatles _songs.json has 0 songs; using synthetic row for slug=nowhere-man
[import] resolve beatles_nowhere-man 窶ｦ
[import] upsert beatles_nowhere-man video=8scSwaKbE64
[artist] beatles _songs.json has 0 songs; using synthetic row for slug=ob-la-di-ob-la-da
[import] resolve beatles_ob-la-di-ob-la-da 窶ｦ
[import] upsert beatles_ob-la-di-ob-la-da video=_J9NpHKrKMw
[artist] beatles _songs.json has 0 songs; using synthetic row for slug=octopuss-garden
[import] resolve beatles_octopuss-garden 窶ｦ
[import] upsert beatles_octopuss-garden video=De1LCQvbqV4
[artist] beatles _songs.json has 0 songs; using synthetic row for slug=oh-darling
[import] resolve beatles_oh-darling 窶ｦ
[import] upsert beatles_oh-darling video=9BznFjbcBVs
[artist] beatles _songs.json has 0 songs; using synthetic row for slug=paperback-writer
[import] resolve beatles_paperback-writer 窶ｦ
[import] upsert beatles_paperback-writer video=yYvkICbTZIQ
[artist] beatles _songs.json has 0 songs; using synthetic row for slug=penny-lane
[import] resolve beatles_penny-lane 窶ｦ
[import] upsert beatles_penny-lane video=S-rB0pHI9fU
[artist] beatles _songs.json has 0 songs; using synthetic row for slug=please-please-me
[import] resolve beatles_please-please-me 窶ｦ
[import] upsert beatles_please-please-me video=czw8eqepir8
[artist] beatles _songs.json has 0 songs; using synthetic row for slug=real-love-5
[import] resolve beatles_real-love-5 窶ｦ
[import] upsert beatles_real-love-5 video=ax7krBKzmVI
[artist] beatles _songs.json has 0 songs; using synthetic row for slug=revolution-6
[import] resolve beatles_revolution-6 窶ｦ
[import] upsert beatles_revolution-6 video=BGLGzRXY5Bw
[artist] beatles _songs.json has 0 songs; using synthetic row for slug=rock-and-roll-music
[import] resolve beatles_rock-and-roll-music 窶ｦ
[import] upsert beatles_rock-and-roll-music video=IRF6nmqcbxo
[artist] beatles _songs.json has 0 songs; using synthetic row for slug=roll-over-beethoven
[import] resolve beatles_roll-over-beethoven 窶ｦ
[import] upsert beatles_roll-over-beethoven video=Hz5jXwOXgKQ
[artist] beatles _songs.json has 0 songs; using synthetic row for slug=sgt-peppers-lonely-hearts-club-band
[import] resolve beatles_sgt-peppers-lonely-hearts-club-band 窶ｦ
[import] upsert beatles_sgt-peppers-lonely-hearts-club-band video=VtXl8xAPAtA
[artist] beatles _songs.json has 0 songs; using synthetic row for slug=she-loves-you
[import] resolve beatles_she-loves-you 窶ｦ
[import] upsert beatles_she-loves-you video=nGbWU8S3vzs
[artist] beatles _songs.json has 0 songs; using synthetic row for slug=something-2
[import] resolve beatles_something-2 窶ｦ
[import] upsert beatles_something-2 video=UelDrZ1aFeY
[artist] beatles _songs.json has 0 songs; using synthetic row for slug=strawberry-fields-forever
[import] resolve beatles_strawberry-fields-forever 窶ｦ
[import] upsert beatles_strawberry-fields-forever video=HtUH9z_Oey8
[artist] beatles _songs.json has 0 songs; using synthetic row for slug=the-ballad-of-john-and-yoko
[import] resolve beatles_the-ballad-of-john-and-yoko 窶ｦ
[import] upsert beatles_the-ballad-of-john-and-yoko video=v-1OgNqBkVE
[artist] beatles _songs.json has 0 songs; using synthetic row for slug=the-long-and-winding-road
[import] resolve beatles_the-long-and-winding-road 窶ｦ
[import] upsert beatles_the-long-and-winding-road video=fR4HjTH_fTM
[artist] beatles _songs.json has 0 songs; using synthetic row for slug=ticket-to-ride
[import] resolve beatles_ticket-to-ride 窶ｦ
[import] upsert beatles_ticket-to-ride video=SyNt5zm3U_M
[artist] beatles _songs.json has 0 songs; using synthetic row for slug=twist-and-shout-2
[import] resolve beatles_twist-and-shout-2 窶ｦ
[import] upsert beatles_twist-and-shout-2 video=2RicaUqd9Hg
[artist] beatles _songs.json has 0 songs; using synthetic row for slug=we-can-work-it-out
[import] resolve beatles_we-can-work-it-out 窶ｦ
[import] upsert beatles_we-can-work-it-out video=Qyclqo_AV2M
[artist] beatles _songs.json has 0 songs; using synthetic row for slug=when-im-sixty-four
[import] resolve beatles_when-im-sixty-four 窶ｦ
[import] upsert beatles_when-im-sixty-four video=HCTunqv1Xt4
[artist] beatles _songs.json has 0 songs; using synthetic row for slug=yellow-submarine
[import] resolve beatles_yellow-submarine 窶ｦ
[import] upsert beatles_yellow-submarine video=m2uTFF_3MaA
[artist] beatles _songs.json has 0 songs; using synthetic row for slug=yesterday-4
[import] resolve beatles_yesterday-4 窶ｦ
[import] upsert beatles_yesterday-4 video=wXTJBr9tt8Q
[artist] beatles _songs.json has 0 songs; using synthetic row for slug=youve-got-to-hide-your-love-away
[import] resolve beatles_youve-got-to-hide-your-love-away 窶ｦ
[import] upsert beatles_youve-got-to-hide-your-love-away video=V8nLraecPRY
[artist-done] beatles cumulative: attempted=146 imported=146 failures=0
[artist] becky-g key-import-tasks=1
[artist] becky-g _songs.json has 0 songs; using synthetic row for slug=patrona
[import] resolve becky-g_patrona 窶ｦ
[import] upsert becky-g_patrona video=gnPOCwh7HE0
[artist-done] becky-g cumulative: attempted=147 imported=147 failures=0
[artist] bella-poarch key-import-tasks=1
[artist] bella-poarch _songs.json has 0 songs; using synthetic row for slug=my-boy
[import] resolve bella-poarch_my-boy 窶ｦ
[import] upsert bella-poarch_my-boy video=qOCLX-h2PAc
[artist-done] bella-poarch cumulative: attempted=148 imported=148 failures=0
[artist] benee key-import-tasks=3
[artist] benee _songs.json has 0 songs; using synthetic row for slug=if-i-get-to-meet-you
[import] resolve benee_if-i-get-to-meet-you 窶ｦ
[import] upsert benee_if-i-get-to-meet-you video=#NAME?
[artist] benee _songs.json has 0 songs; using synthetic row for slug=never-ending
[import] resolve benee_never-ending 窶ｦ
[import] upsert benee_never-ending video=#NAME?
[artist] benee _songs.json has 0 songs; using synthetic row for slug=supalonely-lownely
[import] resolve benee_supalonely-lownely 窶ｦ
[import] upsert benee_supalonely-lownely video=LvArsH_JIXs
[artist-done] benee cumulative: attempted=151 imported=151 failures=0
[artist] benson-boone key-import-tasks=2
[artist] benson-boone _songs.json has 0 songs; using synthetic row for slug=beautiful-things-2
[import] resolve benson-boone_beautiful-things-2 窶ｦ
[import] upsert benson-boone_beautiful-things-2 video=Oa_RSwwpPaA
[artist] benson-boone _songs.json has 0 songs; using synthetic row for slug=the-time-of-my-life
[import] resolve benson-boone_the-time-of-my-life 窶ｦ
[import] upsert benson-boone_the-time-of-my-life video=ptlsli-QXXc
[artist-done] benson-boone cumulative: attempted=153 imported=153 failures=0
[artist] billy-idol key-import-tasks=1
[artist] billy-idol _songs.json has 0 songs; using synthetic row for slug=john-wayne-2
[import] resolve billy-idol_john-wayne-2 窶ｦ
[import] upsert billy-idol_john-wayne-2 video=47LNk7oiTVI
[artist-done] billy-idol cumulative: attempted=154 imported=154 failures=0
[artist] billy-joel key-import-tasks=1
[artist] billy-joel _songs.json has 0 songs; using synthetic row for slug=a-matter-of-trust
[import] resolve billy-joel_a-matter-of-trust 窶ｦ
[import] upsert billy-joel_a-matter-of-trust video=#NAME?
[artist-done] billy-joel cumulative: attempted=155 imported=155 failures=0
[artist] black-eyed-peas key-import-tasks=2
[artist] black-eyed-peas _songs.json has 0 songs; using synthetic row for slug=rock-that-body
[import] resolve black-eyed-peas_rock-that-body 窶ｦ
[import] upsert black-eyed-peas_rock-that-body video=nmnjL26OBcY
[artist] black-eyed-peas _songs.json has 0 songs; using synthetic row for slug=rock-that-body-2
[import] resolve black-eyed-peas_rock-that-body-2 窶ｦ
[import] upsert black-eyed-peas_rock-that-body-2 video=nmnjL26OBcY
[artist-done] black-eyed-peas cumulative: attempted=157 imported=157 failures=0
[artist] blood-orange key-import-tasks=1
[artist] blood-orange _songs.json has 0 songs; using synthetic row for slug=the-field-2
[import] resolve blood-orange_the-field-2 窶ｦ
[import] upsert blood-orange_the-field-2 video=yTaz0TB9Zco
[artist-done] blood-orange cumulative: attempted=158 imported=158 failures=0
[artist] blue-swede key-import-tasks=1
[artist] blue-swede _songs.json has 0 songs; using synthetic row for slug=hooked-on-a-feeling-david-van-bylen-big-beat-xmas-special-rework
[import] resolve blue-swede_hooked-on-a-feeling-david-van-bylen-big-beat-xmas-special-rework 窶ｦ
[import] upsert blue-swede_hooked-on-a-feeling-david-van-bylen-big-beat-xmas-special-rework video=Hkn0op7Tqjw
[artist-done] blue-swede cumulative: attempted=159 imported=159 failures=0
[artist] bluetones key-import-tasks=1
[artist] bluetones _songs.json has 0 songs; using synthetic row for slug=if
[import] resolve bluetones_if 窶ｦ
[import] upsert bluetones_if video=#NAME?
[artist-done] bluetones cumulative: attempted=160 imported=160 failures=0
[artist] bon-jovi key-import-tasks=2
[artist] bon-jovi _songs.json has 0 songs; using synthetic row for slug=living-proof-2
[import] resolve bon-jovi_living-proof-2 窶ｦ
[import] upsert bon-jovi_living-proof-2 video=qOHCngCC5Fw
[artist] bon-jovi _songs.json has 0 songs; using synthetic row for slug=this-aint-a-love-song
[import] resolve bon-jovi_this-aint-a-love-song 窶ｦ
[import] upsert bon-jovi_this-aint-a-love-song video=#NAME?
[artist-done] bon-jovi cumulative: attempted=162 imported=162 failures=0
[artist] bonobo key-import-tasks=1
[artist] bonobo _songs.json has 0 songs; using synthetic row for slug=defender
[import] resolve bonobo_defender 窶ｦ
[import] upsert bonobo_defender video=#NAME?
[artist-done] bonobo cumulative: attempted=163 imported=163 failures=0
[artist] boy-harsher key-import-tasks=1
[artist] boy-harsher _songs.json has 0 songs; using synthetic row for slug=jeans-2
[import] resolve boy-harsher_jeans-2 窶ｦ
[import] upsert boy-harsher_jeans-2 video=oYz-8ElDHBQ
[artist-done] boy-harsher cumulative: attempted=164 imported=164 failures=0
[artist] breaking-benjamin key-import-tasks=1
[artist] breaking-benjamin _songs.json has 0 songs; using synthetic row for slug=awaken-2
[import] resolve breaking-benjamin_awaken-2 窶ｦ
[import] upsert breaking-benjamin_awaken-2 video=w0GfewGYR3g
[artist-done] breaking-benjamin cumulative: attempted=165 imported=165 failures=0
[artist] brent-faiyaz key-import-tasks=1
[artist] brent-faiyaz _songs.json has 0 songs; using synthetic row for slug=butterflies-11
[import] resolve brent-faiyaz_butterflies-11 窶ｦ
[import] upsert brent-faiyaz_butterflies-11 video=P4GnrzUACmU
[artist-done] brent-faiyaz cumulative: attempted=166 imported=166 failures=0
[artist] bring-me-the-horizon key-import-tasks=2
[artist] bring-me-the-horizon _songs.json has 0 songs; using synthetic row for slug=dehumanized
[import] resolve bring-me-the-horizon_dehumanized 窶ｦ
[import] upsert bring-me-the-horizon_dehumanized video=ilqeDbu4E8Y
[artist] bring-me-the-horizon _songs.json has 0 songs; using synthetic row for slug=limousine
[import] resolve bring-me-the-horizon_limousine 窶ｦ
[import] upsert bring-me-the-horizon_limousine video=e8U96n8L-lg
[artist] bronski-beat key-import-tasks=1
[artist-done] bring-me-the-horizon cumulative: attempted=168 imported=168 failures=0
[artist] bronski-beat _songs.json has 0 songs; using synthetic row for slug=smalltown-boy-3
[import] resolve bronski-beat_smalltown-boy-3 窶ｦ
[import] upsert bronski-beat_smalltown-boy-3 video=ULUZg1iVNys
[artist-done] bronski-beat cumulative: attempted=169 imported=169 failures=0
[artist] bruno-mars key-import-tasks=1
[artist] bruno-mars _songs.json has 0 songs; using synthetic row for slug=wake-up-in-the-sky
[import] resolve bruno-mars_wake-up-in-the-sky 窶ｦ
[import] upsert bruno-mars_wake-up-in-the-sky video=U68MJz9DrI4
[artist-done] bruno-mars cumulative: attempted=170 imported=170 failures=0
[artist] bryan-adams key-import-tasks=2
[artist] bryan-adams _songs.json has 0 songs; using synthetic row for slug=have-you-ever-really-loved-a-woman-classic-version
[import] resolve bryan-adams_have-you-ever-really-loved-a-woman-classic-version 窶ｦ
[import] upsert bryan-adams_have-you-ever-really-loved-a-woman-classic-version video=diKIYv8tMC8
[artist] bryan-adams _songs.json has 0 songs; using synthetic row for slug=what-if-there-were-no-sides-at-all-2
[import] resolve bryan-adams_what-if-there-were-no-sides-at-all-2 窶ｦ
[import] upsert bryan-adams_what-if-there-were-no-sides-at-all-2 video=opp1LzmrQqo
[artist-done] bryan-adams cumulative: attempted=172 imported=172 failures=0
[artist] bryan-ferry key-import-tasks=1
[artist] bryan-ferry _songs.json has 0 songs; using synthetic row for slug=star-3
[import] resolve bryan-ferry_star-3 窶ｦ
[import] upsert bryan-ferry_star-3 video=TnGTTOJvAz4
[artist-done] bryan-ferry cumulative: attempted=173 imported=173 failures=0
[artist] buddy key-import-tasks=2
[artist] buddy _songs.json has 0 songs; using synthetic row for slug=free-my-mind-2
[import] resolve buddy_free-my-mind-2 窶ｦ
[import] upsert buddy_free-my-mind-2 video=l3wwu5uvyIo
[artist] buddy _songs.json has 0 songs; using synthetic row for slug=trouble-on-central-2
[import] resolve buddy_trouble-on-central-2 窶ｦ
[import] upsert buddy_trouble-on-central-2 video=kMcawQWipSM
[artist-done] buddy cumulative: attempted=175 imported=175 failures=0
[artist] bunt key-import-tasks=2
[artist] bunt _songs.json has 0 songs; using synthetic row for slug=spaces-2
[import] resolve bunt_spaces-2 窶ｦ
[import] upsert bunt_spaces-2 video=gMTH3DwjPo0
[artist] bunt _songs.json has 0 songs; using synthetic row for slug=what-if-you-fly-sweet-disposition-2
[import] resolve bunt_what-if-you-fly-sweet-disposition-2 窶ｦ
[import] upsert bunt_what-if-you-fly-sweet-disposition-2 video=MOZa-WkYh8A
[artist-done] bunt cumulative: attempted=177 imported=177 failures=0
[artist] busta-rhymes key-import-tasks=1
[artist] busta-rhymes _songs.json has 0 songs; using synthetic row for slug=wassup
[import] resolve busta-rhymes_wassup 窶ｦ
[import] upsert busta-rhymes_wassup video=n62-JS5T5jI
[artist-done] busta-rhymes cumulative: attempted=178 imported=178 failures=0
[artist] camila-cabello key-import-tasks=1
[artist] camila-cabello _songs.json has 0 songs; using synthetic row for slug=i-luv-it-2
[import] resolve camila-cabello_i-luv-it-2 窶ｦ
[import] upsert camila-cabello_i-luv-it-2 video=rDG-6Ue_Qbw
[artist-done] camila-cabello cumulative: attempted=179 imported=179 failures=0
[artist] carly-rae-jepsen key-import-tasks=2
[artist] carly-rae-jepsen _songs.json has 0 songs; using synthetic row for slug=on-wires
[import] resolve carly-rae-jepsen_on-wires 窶ｦ
[import] upsert carly-rae-jepsen_on-wires video=_Xqexqiqkdk
[artist] carly-rae-jepsen _songs.json has 0 songs; using synthetic row for slug=western-wind-2
[import] resolve carly-rae-jepsen_western-wind-2 窶ｦ
[import] upsert carly-rae-jepsen_western-wind-2 video=gZiEvY6d8Y4
[artist-done] carly-rae-jepsen cumulative: attempted=181 imported=181 failures=0
[artist] carolesdaughter key-import-tasks=1
[artist] carolesdaughter _songs.json has 0 songs; using synthetic row for slug=sunshine-and-roses
[import] resolve carolesdaughter_sunshine-and-roses 窶ｦ
[import] upsert carolesdaughter_sunshine-and-roses video=#NAME?
[artist-done] carolesdaughter cumulative: attempted=182 imported=182 failures=0
[artist] caroline-polachek key-import-tasks=1
[artist] caroline-polachek _songs.json has 0 songs; using synthetic row for slug=sunset
[import] resolve caroline-polachek_sunset 窶ｦ
[import] upsert caroline-polachek_sunset video=#NAME?
[artist-done] caroline-polachek cumulative: attempted=183 imported=183 failures=0
[artist] cascada key-import-tasks=1
[artist] cascada _songs.json has 0 songs; using synthetic row for slug=aint-no-mountain-high-enough-jax-jones-rmx
[import] resolve cascada_aint-no-mountain-high-enough-jax-jones-rmx 窶ｦ
[import] upsert cascada_aint-no-mountain-high-enough-jax-jones-rmx video=vA0dy0xFXRU
[artist-done] cascada cumulative: attempted=184 imported=184 failures=0
[artist] chalk key-import-tasks=2
[artist] chalk _songs.json has 0 songs; using synthetic row for slug=i-d-c
[import] resolve chalk_i-d-c 窶ｦ
[import] upsert chalk_i-d-c video=4G_IvBNofjQ
[artist] chalk _songs.json has 0 songs; using synthetic row for slug=longer
[import] resolve chalk_longer 窶ｦ
[import] upsert chalk_longer video=kHVNkZGm0fI
[artist-done] chalk cumulative: attempted=186 imported=186 failures=0
[artist] charlotte-de-witte key-import-tasks=1
[artist] charlotte-de-witte _songs.json has 0 songs; using synthetic row for slug=high-street-2
[import] resolve charlotte-de-witte_high-street-2 窶ｦ
[import] upsert charlotte-de-witte_high-street-2 video=vJtTq0JDTyY
[artist-done] charlotte-de-witte cumulative: attempted=187 imported=187 failures=0
[artist] chase-atlantic key-import-tasks=1
[artist] chase-atlantic _songs.json has 0 songs; using synthetic row for slug=disconnected-2
[import] resolve chase-atlantic_disconnected-2 窶ｦ
[import] upsert chase-atlantic_disconnected-2 video=0yFy32q_jR0
[artist-done] chase-atlantic cumulative: attempted=188 imported=188 failures=0
[artist] chats key-import-tasks=1
[artist] chats _songs.json has 0 songs; using synthetic row for slug=struck-by-lightning
[import] resolve chats_struck-by-lightning 窶ｦ
[import] upsert chats_struck-by-lightning video=#NAME?
[artist-done] chats cumulative: attempted=189 imported=189 failures=0
[artist] chelsea-wolfe _songs.json has 0 songs; using synthetic row for slug=death-is-not-the-end
[artist] chelsea-wolfe key-import-tasks=2
[import] resolve chelsea-wolfe_death-is-not-the-end 窶ｦ
[import] upsert chelsea-wolfe_death-is-not-the-end video=I1u3GCvJTo8
[artist] chelsea-wolfe _songs.json has 0 songs; using synthetic row for slug=the-dark
[import] resolve chelsea-wolfe_the-dark 窶ｦ
[import] upsert chelsea-wolfe_the-dark video=wm8gnjp01fY
[artist-done] chelsea-wolfe cumulative: attempted=191 imported=191 failures=0
[artist] chris-brown key-import-tasks=2
[artist] chris-brown _songs.json has 0 songs; using synthetic row for slug=go-crazy-2
[import] resolve chris-brown_go-crazy-2 窶ｦ
[import] upsert chris-brown_go-crazy-2 video=dPhwbZBvW2o
[artist] chris-brown _songs.json has 0 songs; using synthetic row for slug=summer-too-hot-2
[import] resolve chris-brown_summer-too-hot-2 窶ｦ
[import] upsert chris-brown_summer-too-hot-2 video=qxTqRFSWmm8
[artist-done] chris-brown cumulative: attempted=193 imported=193 failures=0
[artist] chris-rea key-import-tasks=1
[artist] chris-rea _songs.json has 0 songs; using synthetic row for slug=on-the-beach
[import] resolve chris-rea_on-the-beach 窶ｦ
[import] upsert chris-rea_on-the-beach video=#NAME?
[artist-done] chris-rea cumulative: attempted=194 imported=194 failures=0
[artist] christopher-cross key-import-tasks=1
[artist] christopher-cross _songs.json has 0 songs; using synthetic row for slug=ride-like-the-wind-2
[import] resolve christopher-cross_ride-like-the-wind-2 窶ｦ
[import] upsert christopher-cross_ride-like-the-wind-2 video=kA9uaBqvRtA
[artist-done] christopher-cross cumulative: attempted=195 imported=195 failures=0
[artist] ciara key-import-tasks=2
[artist] ciara _songs.json has 0 songs; using synthetic row for slug=ecstasy-remix
[import] resolve ciara_ecstasy-remix 窶ｦ
[import] upsert ciara_ecstasy-remix video=bhfokfOztKc
[artist] ciara _songs.json has 0 songs; using synthetic row for slug=wassup-2
[import] resolve ciara_wassup-2 窶ｦ
[import] upsert ciara_wassup-2 video=bhV49iTvV4o
[artist-done] ciara cumulative: attempted=197 imported=197 failures=0
[artist] clairo _songs.json has 0 songs; using synthetic row for slug=sexy-to-someone-2
[artist] clairo key-import-tasks=1
[import] resolve clairo_sexy-to-someone-2 窶ｦ
[import] upsert clairo_sexy-to-someone-2 video=iUxlnNnAoTc
[artist-done] clairo cumulative: attempted=198 imported=198 failures=0
[artist] clean-bandit key-import-tasks=1
[artist] clean-bandit _songs.json has 0 songs; using synthetic row for slug=i-dont-wanna-hurt-you
[import] resolve clean-bandit_i-dont-wanna-hurt-you 窶ｦ
[import] upsert clean-bandit_i-dont-wanna-hurt-you video=cMNZbCznobc
[artist-done] clean-bandit cumulative: attempted=199 imported=199 failures=0
[artist] cocteau-twins key-import-tasks=2
[artist] cocteau-twins _songs.json has 0 songs; using synthetic row for slug=heaven-or-las-vegas-2
[import] resolve cocteau-twins_heaven-or-las-vegas-2 窶ｦ
[import] upsert cocteau-twins_heaven-or-las-vegas-2 video=DUWxIFQtzBg
[artist] cocteau-twins _songs.json has 0 songs; using synthetic row for slug=pearly-dewdrops-drops
[import] resolve cocteau-twins_pearly-dewdrops-drops 窶ｦ
[import] upsert cocteau-twins_pearly-dewdrops-drops video=#NAME?
[artist-done] cocteau-twins cumulative: attempted=201 imported=201 failures=0
[artist] coheed-and-cambria key-import-tasks=1
[artist] coheed-and-cambria _songs.json has 0 songs; using synthetic row for slug=goodbye-sunshine-2
[import] resolve coheed-and-cambria_goodbye-sunshine-2 窶ｦ
[import] upsert coheed-and-cambria_goodbye-sunshine-2 video=rhZNvnd5PYg
[artist-done] coheed-and-cambria cumulative: attempted=202 imported=202 failures=0
[artist] coi-leray key-import-tasks=1
[artist] coi-leray _songs.json has 0 songs; using synthetic row for slug=outside-6
[import] resolve coi-leray_outside-6 窶ｦ
[import] upsert coi-leray_outside-6 video=nR5wwDk9Y4E
[artist-done] coi-leray cumulative: attempted=203 imported=203 failures=0
[artist] cola key-import-tasks=1
[artist] cola _songs.json has 0 songs; using synthetic row for slug=haveluck-country
[import] resolve cola_haveluck-country 窶ｦ
[import] upsert cola_haveluck-country video=IBwfQcYH14M
[artist-done] cola cumulative: attempted=204 imported=204 failures=0
[artist] coldplay key-import-tasks=1
[artist] coldplay _songs.json has 0 songs; using synthetic row for slug=all-my-love-3
[import] resolve coldplay_all-my-love-3 窶ｦ
[import] upsert coldplay_all-my-love-3 video=q0lO78i2w3M
[artist-done] coldplay cumulative: attempted=205 imported=205 failures=0
[artist] con-funk-shun key-import-tasks=1
[artist] con-funk-shun _songs.json has 0 songs; using synthetic row for slug=more-than-love-2
[import] resolve con-funk-shun_more-than-love-2 窶ｦ
[import] upsert con-funk-shun_more-than-love-2 video=iA4doAADhGk
[artist-done] con-funk-shun cumulative: attempted=206 imported=206 failures=0
[artist] conan-gray key-import-tasks=1
[artist] conan-gray _songs.json has 0 songs; using synthetic row for slug=killing-me-2
[import] resolve conan-gray_killing-me-2 窶ｦ
[import] upsert conan-gray_killing-me-2 video=cQzJWnYVNoQ
[artist-done] conan-gray cumulative: attempted=207 imported=207 failures=0
[artist] cormae key-import-tasks=1
[artist] cormae _songs.json has 0 songs; using synthetic row for slug=rut
[import] resolve cormae_rut 窶ｦ
[import] upsert cormae_rut video=7CAGbpEMMx8
[artist-done] cormae cumulative: attempted=208 imported=208 failures=0
[artist] creeds key-import-tasks=1
[artist] creeds _songs.json has 0 songs; using synthetic row for slug=push-up-luminatix-remix
[import] resolve creeds_push-up-luminatix-remix 窶ｦ
[import] upsert creeds_push-up-luminatix-remix video=MQIVguU3v3k
[artist-done] creeds cumulative: attempted=209 imported=209 failures=0
[artist] crosses key-import-tasks=1
[artist] crosses _songs.json has 0 songs; using synthetic row for slug=invisible-hand
[import] resolve crosses_invisible-hand 窶ｦ
[import] upsert crosses_invisible-hand video=eiisOTm05W0
[artist-done] crosses cumulative: attempted=210 imported=210 failures=0
[artist] cure key-import-tasks=1
[artist] cure _songs.json has 0 songs; using synthetic row for slug=a-forest-acoustic-version
[import] resolve cure_a-forest-acoustic-version 窶ｦ
[import] upsert cure_a-forest-acoustic-version video=8WtSo1W3664
[artist-done] cure cumulative: attempted=211 imported=211 failures=0
[artist] damiano-david key-import-tasks=1
[artist] damiano-david _songs.json has 0 songs; using synthetic row for slug=born-with-a-broken-heart-live-from-nyc
[import] resolve damiano-david_born-with-a-broken-heart-live-from-nyc 窶ｦ
[import] upsert damiano-david_born-with-a-broken-heart-live-from-nyc video=4OvBp7lJtbY
[artist-done] damiano-david cumulative: attempted=212 imported=212 failures=0
[artist] daniel-caesar key-import-tasks=1
[artist] daniel-caesar _songs.json has 0 songs; using synthetic row for slug=call-on-me-5
[import] resolve daniel-caesar_call-on-me-5 窶ｦ
[import] upsert daniel-caesar_call-on-me-5 video=lG0YUUeZVmw
[artist-done] daniel-caesar cumulative: attempted=213 imported=213 failures=0
[artist] dartagnan key-import-tasks=2
[artist] dartagnan _songs.json has 0 songs; using synthetic row for slug=holding-out-for-a-hero-3
[import] resolve dartagnan_holding-out-for-a-hero-3 窶ｦ
[import] upsert dartagnan_holding-out-for-a-hero-3 video=egLoz_DPQ8E
[artist] dartagnan _songs.json has 0 songs; using synthetic row for slug=were-gonna-be-drinking
[import] resolve dartagnan_were-gonna-be-drinking 窶ｦ
[import] upsert dartagnan_were-gonna-be-drinking video=KPlYOA8UMrs
[artist-done] dartagnan cumulative: attempted=215 imported=215 failures=0
[artist] dash-berlin key-import-tasks=1
[artist] dash-berlin _songs.json has 0 songs; using synthetic row for slug=oceans-2
[import] resolve dash-berlin_oceans-2 窶ｦ
[import] upsert dash-berlin_oceans-2 video=rAQl-TTI4bQ
[artist-done] dash-berlin cumulative: attempted=216 imported=216 failures=0
[artist] dasha key-import-tasks=1
[artist] dasha _songs.json has 0 songs; using synthetic row for slug=not-at-this-party-2
[import] resolve dasha_not-at-this-party-2 窶ｦ
[import] upsert dasha_not-at-this-party-2 video=zsOl-4iIUjo
[artist-done] dasha cumulative: attempted=217 imported=217 failures=0
[artist] david-guetta key-import-tasks=4
[artist] david-guetta _songs.json has 0 songs; using synthetic row for slug=a-better-world
[import] resolve david-guetta_a-better-world 窶ｦ
[import] upsert david-guetta_a-better-world video=RRCuysV9Z18
[artist] david-guetta _songs.json has 0 songs; using synthetic row for slug=a-better-world-2
[import] resolve david-guetta_a-better-world-2 窶ｦ
[import] upsert david-guetta_a-better-world-2 video=ybcZqv5lgKM
[artist] david-guetta _songs.json has 0 songs; using synthetic row for slug=forever-young-3
[import] resolve david-guetta_forever-young-3 窶ｦ
[import] upsert david-guetta_forever-young-3 video=JMtack-i2vw
[artist] david-guetta _songs.json has 0 songs; using synthetic row for slug=run-run-river
[import] resolve david-guetta_run-run-river 窶ｦ
[import] upsert david-guetta_run-run-river video=pXdGKRENTKM
[artist-done] david-guetta cumulative: attempted=221 imported=221 failures=0
[artist] david-kushner key-import-tasks=1
[artist] david-kushner _songs.json has 0 songs; using synthetic row for slug=dead-man-3
[import] resolve david-kushner_dead-man-3 窶ｦ
[import] upsert david-kushner_dead-man-3 video=rY4Pq2KsGsk
[artist-done] david-kushner cumulative: attempted=222 imported=222 failures=0
[artist] davido key-import-tasks=2
[artist] davido _songs.json has 0 songs; using synthetic row for slug=feel-orchestral-version
[import] resolve davido_feel-orchestral-version 窶ｦ
[import] upsert davido_feel-orchestral-version video=dwKhoUJ03Dc
[artist] davido _songs.json has 0 songs; using synthetic row for slug=unavailable-ft-musa-keys
[import] resolve davido_unavailable-ft-musa-keys 窶ｦ
[import] upsert davido_unavailable-ft-musa-keys video=aSlBnAijziI
[artist-done] davido cumulative: attempted=224 imported=224 failures=0
[artist] dead-poet-society key-import-tasks=1
[artist] dead-poet-society _songs.json has 0 songs; using synthetic row for slug=hurt-4
[import] resolve dead-poet-society_hurt-4 窶ｦ
[import] upsert dead-poet-society_hurt-4 video=MNJKMKO_rRw
[artist-done] dead-poet-society cumulative: attempted=225 imported=225 failures=0
[artist] dean-lewis key-import-tasks=1
[artist] dean-lewis _songs.json has 0 songs; using synthetic row for slug=withyou
[import] resolve dean-lewis_withyou 窶ｦ
[import] upsert dean-lewis_withyou video=6rF7sHedHzg
[artist-done] dean-lewis cumulative: attempted=226 imported=226 failures=0
[artist] deep-purple key-import-tasks=1
[artist] deep-purple _songs.json has 0 songs; using synthetic row for slug=guilt-trippin-2
[import] resolve deep-purple_guilt-trippin-2 窶ｦ
[import] upsert deep-purple_guilt-trippin-2 video=_G_OQYvuXzs
[artist-done] deep-purple cumulative: attempted=227 imported=227 failures=0
[artist] def-leppard key-import-tasks=1
[artist] def-leppard _songs.json has 0 songs; using synthetic row for slug=pour-some-sugar-on-me
[import] resolve def-leppard_pour-some-sugar-on-me 窶ｦ
[import] upsert def-leppard_pour-some-sugar-on-me video=0UIB9Y4OFPs
[artist-done] def-leppard cumulative: attempted=228 imported=228 failures=0
[artist] demi-lovato _songs.json has 0 songs; using synthetic row for slug=cool-for-the-summer-rock-version
[artist] demi-lovato key-import-tasks=4
[import] resolve demi-lovato_cool-for-the-summer-rock-version 窶ｦ
[import] upsert demi-lovato_cool-for-the-summer-rock-version video=GP8NsEHguHk
[artist] demi-lovato _songs.json has 0 songs; using synthetic row for slug=heart-attack-rock-version
[import] resolve demi-lovato_heart-attack-rock-version 窶ｦ
[import] upsert demi-lovato_heart-attack-rock-version video=wP0CB_2QjGo
[artist] demi-lovato _songs.json has 0 songs; using synthetic row for slug=i-love-me-emo-version
[import] resolve demi-lovato_i-love-me-emo-version 窶ｦ
[import] upsert demi-lovato_i-love-me-emo-version video=QhYQsXfYy9c
[artist] demi-lovato _songs.json has 0 songs; using synthetic row for slug=sorry-not-sorry
[import] resolve demi-lovato_sorry-not-sorry 窶ｦ
[import] upsert demi-lovato_sorry-not-sorry video=#NAME?
[artist-done] demi-lovato cumulative: attempted=232 imported=232 failures=0
[artist] deux-visages key-import-tasks=1
[artist] deux-visages _songs.json has 0 songs; using synthetic row for slug=always-you-2
[import] resolve deux-visages_always-you-2 窶ｦ
[import] upsert deux-visages_always-you-2 video=0GVZcmUsJUY
[artist-done] deux-visages cumulative: attempted=233 imported=233 failures=0
[artist] devilish-trio key-import-tasks=1
[artist] devilish-trio _songs.json has 0 songs; using synthetic row for slug=matrix-clubbed-to-death
[import] resolve devilish-trio_matrix-clubbed-to-death 窶ｦ
[import] upsert devilish-trio_matrix-clubbed-to-death video=OpIgcbrIjUg
[artist-done] devilish-trio cumulative: attempted=234 imported=234 failures=0
[artist] dimitri-vegas key-import-tasks=2
[artist] dimitri-vegas _songs.json has 0 songs; using synthetic row for slug=pum-pum
[import] resolve dimitri-vegas_pum-pum 窶ｦ
[import] upsert dimitri-vegas_pum-pum video=tX9KezWwaJo
[artist] dimitri-vegas _songs.json has 0 songs; using synthetic row for slug=pum-pum-2
[import] resolve dimitri-vegas_pum-pum-2 窶ｦ
[import] upsert dimitri-vegas_pum-pum-2 video=XGTF4yOfOjA
[artist-done] dimitri-vegas cumulative: attempted=236 imported=236 failures=0
[artist] diplo key-import-tasks=1
[artist] diplo _songs.json has 0 songs; using synthetic row for slug=would-u-still-love-me
[import] resolve diplo_would-u-still-love-me 窶ｦ
[import] upsert diplo_would-u-still-love-me video=au1lD_XF9ug
[artist-done] diplo cumulative: attempted=237 imported=237 failures=0
[artist] dirty-honey key-import-tasks=1
[artist] dirty-honey _songs.json has 0 songs; using synthetic row for slug=wont-take-me-alive-2
[import] resolve dirty-honey_wont-take-me-alive-2 窶ｦ
[import] upsert dirty-honey_wont-take-me-alive-2 video=p4O6Puwco2g
[artist-done] dirty-honey cumulative: attempted=238 imported=238 failures=0
[artist] disturbed key-import-tasks=3
[artist] disturbed _songs.json has 0 songs; using synthetic row for slug=dont-tell-me-4
[import] resolve disturbed_dont-tell-me-4 窶ｦ
[import] upsert disturbed_dont-tell-me-4 video=s4JudskwgAc
[artist] disturbed _songs.json has 0 songs; using synthetic row for slug=dont-tell-me-5
[import] resolve disturbed_dont-tell-me-5 窶ｦ
[import] upsert disturbed_dont-tell-me-5 video=YaEBglkCFVc
[artist] disturbed _songs.json has 0 songs; using synthetic row for slug=the-sound-of-silence-cyril-remix
[import] resolve disturbed_the-sound-of-silence-cyril-remix 窶ｦ
[import] upsert disturbed_the-sound-of-silence-cyril-remix video=uIBJJ3M76Mg
[artist-done] disturbed cumulative: attempted=241 imported=241 failures=0
[artist] dizzee-rascal key-import-tasks=1
[artist] dizzee-rascal _songs.json has 0 songs; using synthetic row for slug=all-night-7
[import] resolve dizzee-rascal_all-night-7 窶ｦ
[import] upsert dizzee-rascal_all-night-7 video=gxgQK8C_tQk
[artist-done] dizzee-rascal cumulative: attempted=242 imported=242 failures=0
[artist] dj-goja key-import-tasks=1
[artist] dj-goja _songs.json has 0 songs; using synthetic row for slug=mi-chico
[import] resolve dj-goja_mi-chico 窶ｦ
[import] upsert dj-goja_mi-chico video=6Db-cEgbmC4
[artist-done] dj-goja cumulative: attempted=243 imported=243 failures=0
[artist] doechii key-import-tasks=2
[artist] doechii _songs.json has 0 songs; using synthetic row for slug=anxiety-3
[import] resolve doechii_anxiety-3 窶ｦ
[import] upsert doechii_anxiety-3 video=riCP9x31Kuk
[artist] doechii _songs.json has 0 songs; using synthetic row for slug=persuasive-2
[import] resolve doechii_persuasive-2 窶ｦ
[import] upsert doechii_persuasive-2 video=ES9CqKPkdeU
[artist-done] doechii cumulative: attempted=245 imported=245 failures=0
[artist] don-toliver key-import-tasks=1
[artist] don-toliver _songs.json has 0 songs; using synthetic row for slug=k9
[import] resolve don-toliver_k9 窶ｦ
[import] upsert don-toliver_k9 video=l8SlIEh-Je8
[artist-done] don-toliver cumulative: attempted=246 imported=246 failures=0
[artist] doobie-brothers key-import-tasks=1
[artist] doobie-brothers _songs.json has 0 songs; using synthetic row for slug=angels-mercy-2
[import] resolve doobie-brothers_angels-mercy-2 窶ｦ
[import] upsert doobie-brothers_angels-mercy-2 video=W_aau8saDLc
[artist-done] doobie-brothers cumulative: attempted=247 imported=247 failures=0
[artist] dorian-electra key-import-tasks=2
[artist] dorian-electra _songs.json has 0 songs; using synthetic row for slug=feel-good-inc-2
[import] resolve dorian-electra_feel-good-inc-2 窶ｦ
[import] upsert dorian-electra_feel-good-inc-2 video=WtYGHlZGRAI
[artist] dorian-electra _songs.json has 0 songs; using synthetic row for slug=hips-dont-lie-2
[import] resolve dorian-electra_hips-dont-lie-2 窶ｦ
[import] upsert dorian-electra_hips-dont-lie-2 video=LYXDGWhHd9g
[artist-done] dorian-electra cumulative: attempted=249 imported=249 failures=0
[artist] drake key-import-tasks=1
[artist] drake _songs.json has 0 songs; using synthetic row for slug=which-one
[progress] songsAttempted=250 imported=249 failures=0 artist=drake
[import] resolve drake_which-one 窶ｦ
[import] upsert drake_which-one video=9-dEHfSCZUQ
[artist-done] drake cumulative: attempted=250 imported=250 failures=0
[artist] dry-cleaning key-import-tasks=2
[artist] dry-cleaning _songs.json has 0 songs; using synthetic row for slug=evil-evil-idiot
[import] resolve dry-cleaning_evil-evil-idiot 窶ｦ
[import] upsert dry-cleaning_evil-evil-idiot video=Fgptqpd55b0
[artist] dry-cleaning _songs.json has 0 songs; using synthetic row for slug=the-cute-things
[import] resolve dry-cleaning_the-cute-things 窶ｦ
[import] upsert dry-cleaning_the-cute-things video=8rYxUlsJ-jM
[artist-done] dry-cleaning cumulative: attempted=252 imported=252 failures=0
[artist] dua-lipa key-import-tasks=3
[artist] dua-lipa _songs.json has 0 songs; using synthetic row for slug=illusion
[import] resolve dua-lipa_illusion 窶ｦ
[import] upsert dua-lipa_illusion video=7ZHSq3GamUo
[artist] dua-lipa _songs.json has 0 songs; using synthetic row for slug=training-season-live-from-the-royal-albert-hall
[import] resolve dua-lipa_training-season-live-from-the-royal-albert-hall 窶ｦ
[import] upsert dua-lipa_training-season-live-from-the-royal-albert-hall video=3DcoC8p9az8
[artist] dua-lipa _songs.json has 0 songs; using synthetic row for slug=un-dia
[import] resolve dua-lipa_un-dia 窶ｦ
[import] upsert dua-lipa_un-dia video=BjhW3vBA1QU
[artist-done] dua-lipa cumulative: attempted=255 imported=255 failures=0
[artist] dua-saleh key-import-tasks=1
[artist] dua-saleh _songs.json has 0 songs; using synthetic row for slug=flood-2
[import] resolve dua-saleh_flood-2 窶ｦ
[import] upsert dua-saleh_flood-2 video=t_z4UdzxJuA
[artist-done] dua-saleh cumulative: attempted=256 imported=256 failures=0
[artist] duran-duran key-import-tasks=1
[artist] duran-duran _songs.json has 0 songs; using synthetic row for slug=free-to-love
[import] resolve duran-duran_free-to-love 窶ｦ
[import] upsert duran-duran_free-to-love video=W1-2XVQs46U
[artist-done] duran-duran cumulative: attempted=257 imported=257 failures=0
[artist] earth-wind-fire key-import-tasks=1
[artist] earth-wind-fire _songs.json has 0 songs; using synthetic row for slug=saturday-nite
[import] resolve earth-wind-fire_saturday-nite 窶ｦ
[import] upsert earth-wind-fire_saturday-nite video=#NAME?
[artist-done] earth-wind-fire cumulative: attempted=258 imported=258 failures=0
[artist] easy-life key-import-tasks=1
[artist] easy-life _songs.json has 0 songs; using synthetic row for slug=nightmares-2
[import] resolve easy-life_nightmares-2 窶ｦ
[import] upsert easy-life_nightmares-2 video=#NAME?
[artist-done] easy-life cumulative: attempted=259 imported=259 failures=0
[artist] ecca-vandal key-import-tasks=1
[artist] ecca-vandal _songs.json has 0 songs; using synthetic row for slug=sorry-crash
[import] resolve ecca-vandal_sorry-crash 窶ｦ
[import] upsert ecca-vandal_sorry-crash video=Z53PFxgu3do
[artist-done] ecca-vandal cumulative: attempted=260 imported=260 failures=0
[artist] editors key-import-tasks=1
[artist] editors _songs.json has 0 songs; using synthetic row for slug=the-rush
[import] resolve editors_the-rush 窶ｦ
[import] upsert editors_the-rush video=JYJ5ne7Ekfg
[artist-done] editors cumulative: attempted=261 imported=261 failures=0
[artist] ella-eyre key-import-tasks=1
[artist] ella-eyre _songs.json has 0 songs; using synthetic row for slug=high-on-the-internet
[import] resolve ella-eyre_high-on-the-internet 窶ｦ
[import] upsert ella-eyre_high-on-the-internet video=JWchxbZgIis
[artist] ella-langley key-import-tasks=1
[artist-done] ella-eyre cumulative: attempted=262 imported=262 failures=0
[artist] ella-langley _songs.json has 0 songs; using synthetic row for slug=choosin-texas-2
[import] resolve ella-langley_choosin-texas-2 窶ｦ
[import] upsert ella-langley_choosin-texas-2 video=nUsrYVxrDwI
[artist-done] ella-langley cumulative: attempted=263 imported=263 failures=0
[artist] ella-red key-import-tasks=1
[artist] ella-red _songs.json has 0 songs; using synthetic row for slug=he-asked-for-it-2
[import] resolve ella-red_he-asked-for-it-2 窶ｦ
[import] upsert ella-red_he-asked-for-it-2 video=ZFc4itpTpxc
[artist-done] ella-red cumulative: attempted=264 imported=264 failures=0
[artist] ellie-goulding key-import-tasks=1
[artist] ellie-goulding _songs.json has 0 songs; using synthetic row for slug=dont-want-your-love-2
[import] resolve ellie-goulding_dont-want-your-love-2 窶ｦ
[import] upsert ellie-goulding_dont-want-your-love-2 video=zdt7vg1G6pE
[artist-done] ellie-goulding cumulative: attempted=265 imported=265 failures=0
[artist] elmiene key-import-tasks=1
[artist] elmiene _songs.json has 0 songs; using synthetic row for slug=time-doesnt-heal
[import] resolve elmiene_time-doesnt-heal 窶ｦ
[import] upsert elmiene_time-doesnt-heal video=pRawTr3rZZ4
[artist-done] elmiene cumulative: attempted=266 imported=266 failures=0
[artist] elton-john key-import-tasks=2
[artist] elton-john _songs.json has 0 songs; using synthetic row for slug=dont-let-the-sun-go-down-on-me-2
[import] resolve elton-john_dont-let-the-sun-go-down-on-me-2 窶ｦ
[import] upsert elton-john_dont-let-the-sun-go-down-on-me-2 video=TxipVM_0CBA
[artist] elton-john _songs.json has 0 songs; using synthetic row for slug=sartorial-eloquence
[import] resolve elton-john_sartorial-eloquence 窶ｦ
[import] upsert elton-john_sartorial-eloquence video=#NAME?
[artist-done] elton-john cumulative: attempted=268 imported=268 failures=0
[artist] eminem key-import-tasks=1
[artist] eminem _songs.json has 0 songs; using synthetic row for slug=keep-on
[import] resolve eminem_keep-on 窶ｦ
[import] upsert eminem_keep-on video=v8rMliM-Ijk
[artist-done] eminem cumulative: attempted=269 imported=269 failures=0
[artist] enisa key-import-tasks=1
[artist] enisa _songs.json has 0 songs; using synthetic row for slug=disco-cone-2
[import] resolve enisa_disco-cone-2 窶ｦ
[import] upsert enisa_disco-cone-2 video=aXMLpL90Yxk
[artist-done] enisa cumulative: attempted=270 imported=270 failures=0
[artist] erik-gronwall key-import-tasks=1
[artist] erik-gronwall _songs.json has 0 songs; using synthetic row for slug=alone-9
[import] resolve erik-gronwall_alone-9 窶ｦ
[import] upsert erik-gronwall_alone-9 video=r7aeHHiZEGU
[artist-done] erik-gronwall cumulative: attempted=271 imported=271 failures=0
[artist] ernest key-import-tasks=1
[artist] ernest _songs.json has 0 songs; using synthetic row for slug=whats-a-little-rain
[import] resolve ernest_whats-a-little-rain 窶ｦ
[import] upsert ernest_whats-a-little-rain video=U-3AGDH3mf4
[artist-done] ernest cumulative: attempted=272 imported=272 failures=0
[artist] erykah-badu key-import-tasks=2
[artist] erykah-badu _songs.json has 0 songs; using synthetic row for slug=next-to-you-4
[import] resolve erykah-badu_next-to-you-4 窶ｦ
[import] upsert erykah-badu_next-to-you-4 video=xrQic9S1Qf4
[artist] erykah-badu _songs.json has 0 songs; using synthetic row for slug=next-to-you-5
[import] resolve erykah-badu_next-to-you-5 窶ｦ
[import] upsert erykah-badu_next-to-you-5 video=jDYg3Opm6lw
[artist-done] erykah-badu cumulative: attempted=274 imported=274 failures=0
[artist] evan-taubenfeld key-import-tasks=1
[artist] evan-taubenfeld _songs.json has 0 songs; using synthetic row for slug=best-years-of-our-lives
[import] resolve evan-taubenfeld_best-years-of-our-lives 窶ｦ
[import] upsert evan-taubenfeld_best-years-of-our-lives video=I9c9bKkUxew
[artist-done] evan-taubenfeld cumulative: attempted=275 imported=275 failures=0
[artist] evanescence key-import-tasks=2
[artist] evanescence _songs.json has 0 songs; using synthetic row for slug=afterlife-gunship-remix
[import] resolve evanescence_afterlife-gunship-remix 窶ｦ
[import] upsert evanescence_afterlife-gunship-remix video=MO0LdXqwDP0
[artist] evanescence _songs.json has 0 songs; using synthetic row for slug=who-will-you-follow-2
[import] resolve evanescence_who-will-you-follow-2 窶ｦ
[import] upsert evanescence_who-will-you-follow-2 video=ak4Ti54Y6rY
[artist-done] evanescence cumulative: attempted=277 imported=277 failures=0
[artist] eyedress key-import-tasks=1
[artist] eyedress _songs.json has 0 songs; using synthetic row for slug=mrs-valentine-2
[import] resolve eyedress_mrs-valentine-2 窶ｦ
[import] upsert eyedress_mrs-valentine-2 video=9XIa6ISsGjg
[artist-done] eyedress cumulative: attempted=278 imported=278 failures=0
[artist] eyeliners key-import-tasks=1
[artist] eyeliners _songs.json has 0 songs; using synthetic row for slug=i-could-never-hate-you-2
[import] resolve eyeliners_i-could-never-hate-you-2 窶ｦ
[import] upsert eyeliners_i-could-never-hate-you-2 video=lE3fqLiJg4I
[artist-done] eyeliners cumulative: attempted=279 imported=279 failures=0
[artist] faithless key-import-tasks=1
[artist] faithless _songs.json has 0 songs; using synthetic row for slug=find-a-way-5
[import] resolve faithless_find-a-way-5 窶ｦ
[import] upsert faithless_find-a-way-5 video=VTHNO8JEh8Q
[artist-done] faithless cumulative: attempted=280 imported=280 failures=0
[artist] fantaazma key-import-tasks=1
[artist] fantaazma _songs.json has 0 songs; using synthetic row for slug=hip-hop-lollipop
[import] resolve fantaazma_hip-hop-lollipop 窶ｦ
[import] upsert fantaazma_hip-hop-lollipop video=93BEOz1WSn0
[artist-done] fantaazma cumulative: attempted=281 imported=281 failures=0
[artist] fast-boy key-import-tasks=1
[artist] fast-boy _songs.json has 0 songs; using synthetic row for slug=wave-2
[import] resolve fast-boy_wave-2 窶ｦ
[import] upsert fast-boy_wave-2 video=b566Joo1BEU
[artist-done] fast-boy cumulative: attempted=282 imported=282 failures=0
[artist] fat-dog key-import-tasks=1
[artist] fat-dog _songs.json has 0 songs; using synthetic row for slug=go-fuck-urself
[import] resolve fat-dog_go-fuck-urself 窶ｦ
[import] upsert fat-dog_go-fuck-urself video=cS99XaH01_A
[artist-done] fat-dog cumulative: attempted=283 imported=283 failures=0
[artist] fatboy-slim key-import-tasks=1
[artist] fatboy-slim _songs.json has 0 songs; using synthetic row for slug=weapon-of-choice
[import] resolve fatboy-slim_weapon-of-choice 窶ｦ
[import] upsert fatboy-slim_weapon-of-choice video=wCDIYvFmgW8
[artist-done] fatboy-slim cumulative: attempted=284 imported=284 failures=0
[artist] father-of-peace key-import-tasks=1
[artist] father-of-peace _songs.json has 0 songs; using synthetic row for slug=no-complaints-2
[import] resolve father-of-peace_no-complaints-2 窶ｦ
[import] upsert father-of-peace_no-complaints-2 video=H7GgRmu_my4
[artist-done] father-of-peace cumulative: attempted=285 imported=285 failures=0
[artist] fiddlehead key-import-tasks=1
[artist] fiddlehead _songs.json has 0 songs; using synthetic row for slug=baby-ill-change
[import] resolve fiddlehead_baby-ill-change 窶ｦ
[import] upsert fiddlehead_baby-ill-change video=hK5FuEMdVho
[artist-done] fiddlehead cumulative: attempted=286 imported=286 failures=0
[artist] fine-young-cannibals key-import-tasks=1
[artist] fine-young-cannibals _songs.json has 0 songs; using synthetic row for slug=dont-look-back-3
[import] resolve fine-young-cannibals_dont-look-back-3 窶ｦ
[import] upsert fine-young-cannibals_dont-look-back-3 video=S8Yq6exiZ2E
[artist-done] fine-young-cannibals cumulative: attempted=287 imported=287 failures=0
[artist] five-finger-death-punch key-import-tasks=2
[artist] five-finger-death-punch _songs.json has 0 songs; using synthetic row for slug=de-oppresso-liber
[import] resolve five-finger-death-punch_de-oppresso-liber 窶ｦ
[import] upsert five-finger-death-punch_de-oppresso-liber video=pWB5jlTbwzA
[artist] five-finger-death-punch _songs.json has 0 songs; using synthetic row for slug=this-is-the-way
[import] resolve five-finger-death-punch_this-is-the-way 窶ｦ
[import] upsert five-finger-death-punch_this-is-the-way video=BjK2lPBzGzo
[artist-done] five-finger-death-punch cumulative: attempted=289 imported=289 failures=0
[artist] floor-jansen key-import-tasks=1
[artist] floor-jansen _songs.json has 0 songs; using synthetic row for slug=run-12
[import] resolve floor-jansen_run-12 窶ｦ
[import] upsert floor-jansen_run-12 video=vRjnO1XX3ec
[artist-done] floor-jansen cumulative: attempted=290 imported=290 failures=0
[artist] florence-the-machine key-import-tasks=1
[artist] florence-the-machine _songs.json has 0 songs; using synthetic row for slug=sympathy-magic
[import] resolve florence-the-machine_sympathy-magic 窶ｦ
[import] upsert florence-the-machine_sympathy-magic video=wRfet_VLbzU
[artist-done] florence-the-machine cumulative: attempted=291 imported=291 failures=0
[artist] flume key-import-tasks=1
[artist] flume _songs.json has 0 songs; using synthetic row for slug=hollow-2
[import] resolve flume_hollow-2 窶ｦ
[import] upsert flume_hollow-2 video=3QViiISJzd0
[artist-done] flume cumulative: attempted=292 imported=292 failures=0
[artist] foo-fighters key-import-tasks=2
[artist] foo-fighters _songs.json has 0 songs; using synthetic row for slug=spit-shine
[import] resolve foo-fighters_spit-shine 窶ｦ
[import] upsert foo-fighters_spit-shine video=LlPiZU-zkgM
[artist] foo-fighters _songs.json has 0 songs; using synthetic row for slug=the-glass-2
[import] resolve foo-fighters_the-glass-2 窶ｦ
[import] upsert foo-fighters_the-glass-2 video=RVpFu31xxWo
[artist-done] foo-fighters cumulative: attempted=294 imported=294 failures=0
[artist] fred-again key-import-tasks=2
[artist] fred-again _songs.json has 0 songs; using synthetic row for slug=leavemealone
[import] resolve fred-again_leavemealone 窶ｦ
[import] upsert fred-again_leavemealone video=POajNdBtNYE
[artist] fred-again _songs.json has 0 songs; using synthetic row for slug=leavemealone-2
[import] resolve fred-again_leavemealone-2 窶ｦ
[import] upsert fred-again_leavemealone-2 video=rNv8K8AYGi8
[artist-done] fred-again cumulative: attempted=296 imported=296 failures=0
[artist] frozen-crown key-import-tasks=1
[artist] frozen-crown _songs.json has 0 songs; using synthetic row for slug=the-one-11
[import] resolve frozen-crown_the-one-11 窶ｦ
[import] upsert frozen-crown_the-one-11 video=CxZRztxo8FM
[artist-done] frozen-crown cumulative: attempted=297 imported=297 failures=0
[artist] galantis key-import-tasks=1
[artist] galantis _songs.json has 0 songs; using synthetic row for slug=stay-alive-2
[import] resolve galantis_stay-alive-2 窶ｦ
[import] upsert galantis_stay-alive-2 video=a3WjSNVh2GQ
[artist-done] galantis cumulative: attempted=298 imported=298 failures=0
[artist] gambino key-import-tasks=1
[artist] gambino _songs.json has 0 songs; using synthetic row for slug=cuba
[import] resolve gambino_cuba 窶ｦ
[import] upsert gambino_cuba video=#NAME?
[artist-done] gambino cumulative: attempted=299 imported=299 failures=0
[artist] garbage key-import-tasks=2
[artist] garbage _songs.json has 0 songs; using synthetic row for slug=androgyny-rough-mix
[import] resolve garbage_androgyny-rough-mix 窶ｦ
[import] upsert garbage_androgyny-rough-mix video=VZlMOsP1_14
[artist] garbage _songs.json has 0 songs; using synthetic row for slug=breaking-up-the-girl-timo-mass-radio-mix
[import] resolve garbage_breaking-up-the-girl-timo-mass-radio-mix 窶ｦ
[import] upsert garbage_breaking-up-the-girl-timo-mass-radio-mix video=7Q7Y1BDzTYk
[artist-done] garbage cumulative: attempted=301 imported=301 failures=0
[artist] george-michael key-import-tasks=1
[artist] george-michael _songs.json has 0 songs; using synthetic row for slug=dont-let-the-sun-go-down-on-me
[import] resolve george-michael_dont-let-the-sun-go-down-on-me 窶ｦ
[import] upsert george-michael_dont-let-the-sun-go-down-on-me video=RsKqMNDoR4o
[artist-done] george-michael cumulative: attempted=302 imported=302 failures=0
[artist] gesaffelstein key-import-tasks=1
[artist] gesaffelstein _songs.json has 0 songs; using synthetic row for slug=control-movement
[import] resolve gesaffelstein_control-movement 窶ｦ
[import] upsert gesaffelstein_control-movement video=FB58S5ywPm8
[artist-done] gesaffelstein cumulative: attempted=303 imported=303 failures=0
[artist] girli key-import-tasks=1
[artist] girli _songs.json has 0 songs; using synthetic row for slug=i-really-fked-it-up-2
[import] resolve girli_i-really-fked-it-up-2 窶ｦ
[import] upsert girli_i-really-fked-it-up-2 video=3iE6d6qTDoU
[artist-done] girli cumulative: attempted=304 imported=304 failures=0
[artist] glass-animals key-import-tasks=1
[artist] glass-animals _songs.json has 0 songs; using synthetic row for slug=show-pony-2
[import] resolve glass-animals_show-pony-2 窶ｦ
[import] upsert glass-animals_show-pony-2 video=cAG_-GXDGME
[artist-done] glass-animals cumulative: attempted=305 imported=305 failures=0
[artist] goldfinger _songs.json has 0 songs; using synthetic row for slug=here-in-your-bedroom
[artist] goldfinger key-import-tasks=1
[import] resolve goldfinger_here-in-your-bedroom 窶ｦ
[import] upsert goldfinger_here-in-your-bedroom video=rk7BxyoKk_I
[artist-done] goldfinger cumulative: attempted=306 imported=306 failures=0
[artist] goo-goo-dolls key-import-tasks=3
[artist] goo-goo-dolls _songs.json has 0 songs; using synthetic row for slug=iris
[import] resolve goo-goo-dolls_iris 窶ｦ
[import] upsert goo-goo-dolls_iris video=NdYWuo9OFAw
[artist] goo-goo-dolls _songs.json has 0 songs; using synthetic row for slug=iris-live-in-buffalo
[import] resolve goo-goo-dolls_iris-live-in-buffalo 窶ｦ
[import] upsert goo-goo-dolls_iris-live-in-buffalo video=_HZM0QiuUS8
[artist] goo-goo-dolls _songs.json has 0 songs; using synthetic row for slug=let-love-in-live
[import] resolve goo-goo-dolls_let-love-in-live 窶ｦ
[import] upsert goo-goo-dolls_let-love-in-live video=EXa8949Mggw
[artist-done] goo-goo-dolls cumulative: attempted=309 imported=309 failures=0
[artist] good-kid key-import-tasks=2
[artist] good-kid _songs.json has 0 songs; using synthetic row for slug=dance-class-2
[import] resolve good-kid_dance-class-2 窶ｦ
[import] upsert good-kid_dance-class-2 video=mCM_rdO6EQU
[artist] good-kid _songs.json has 0 songs; using synthetic row for slug=from-the-start-3
[import] resolve good-kid_from-the-start-3 窶ｦ
[import] upsert good-kid_from-the-start-3 video=rdt-ulh62-s
[artist-done] good-kid cumulative: attempted=311 imported=311 failures=0
[artist] gracie-abrams key-import-tasks=1
[artist] gracie-abrams _songs.json has 0 songs; using synthetic row for slug=look-at-my-life
[import] resolve gracie-abrams_look-at-my-life 窶ｦ
[import] upsert gracie-abrams_look-at-my-life video=2YSnCqHXMGY
[artist-done] gracie-abrams cumulative: attempted=312 imported=312 failures=0
[artist] greta-van-fleet key-import-tasks=2
[artist] greta-van-fleet _songs.json has 0 songs; using synthetic row for slug=fate-of-the-faithful-2
[import] resolve greta-van-fleet_fate-of-the-faithful-2 窶ｦ
[import] upsert greta-van-fleet_fate-of-the-faithful-2 video=5waF8YR3GmQ
[artist] greta-van-fleet _songs.json has 0 songs; using synthetic row for slug=the-indigo-streak-2
[import] resolve greta-van-fleet_the-indigo-streak-2 窶ｦ
[import] upsert greta-van-fleet_the-indigo-streak-2 video=IoQygnA3_Jg
[artist-done] greta-van-fleet cumulative: attempted=314 imported=314 failures=0
[artist] gretel key-import-tasks=1
[artist] gretel _songs.json has 0 songs; using synthetic row for slug=squish
[import] resolve gretel_squish 窶ｦ
[import] upsert gretel_squish video=QKSOqmwP31c
[artist-done] gretel cumulative: attempted=315 imported=315 failures=0
[artist] grimes key-import-tasks=4
[artist] grimes _songs.json has 0 songs; using synthetic row for slug=artificial-angels-2
[import] resolve grimes_artificial-angels-2 窶ｦ
[import] upsert grimes_artificial-angels-2 video=tvGnYM14-1A
[artist] grimes _songs.json has 0 songs; using synthetic row for slug=grimes-go
[import] resolve grimes_grimes-go 窶ｦ
[import] upsert grimes_grimes-go video=vIi57zhDl78
[artist] grimes _songs.json has 0 songs; using synthetic row for slug=my-name-is-dark
[import] resolve grimes_my-name-is-dark 窶ｦ
[import] upsert grimes_my-name-is-dark video=CZe7cbC2Jp8
[artist] grimes _songs.json has 0 songs; using synthetic row for slug=so-heavy-i-fell-through-the-earth-2
[import] resolve grimes_so-heavy-i-fell-through-the-earth-2 窶ｦ
[import] upsert grimes_so-heavy-i-fell-through-the-earth-2 video=eLo1pQ45XYs
[artist-done] grimes cumulative: attempted=319 imported=319 failures=0
[artist] gryffin key-import-tasks=1
[artist] gryffin _songs.json has 0 songs; using synthetic row for slug=without-you-14
[import] resolve gryffin_without-you-14 窶ｦ
[import] upsert gryffin_without-you-14 video=8Ezfi7m6gAs
[artist-done] gryffin cumulative: attempted=320 imported=320 failures=0
[artist] gucci-mane key-import-tasks=1
[artist] gucci-mane _songs.json has 0 songs; using synthetic row for slug=wake-up-in-the-sky-2
[import] resolve gucci-mane_wake-up-in-the-sky-2 窶ｦ
[import] upsert gucci-mane_wake-up-in-the-sky-2 video=U68MJz9DrI4
[artist-done] gucci-mane cumulative: attempted=321 imported=321 failures=0
[artist] gunship key-import-tasks=3
[artist] gunship _songs.json has 0 songs; using synthetic row for slug=doom-dance
[import] resolve gunship_doom-dance 窶ｦ
[import] upsert gunship_doom-dance video=qcEVvIwpel0
[artist] gunship _songs.json has 0 songs; using synthetic row for slug=doom-dance-2
[import] resolve gunship_doom-dance-2 窶ｦ
[import] upsert gunship_doom-dance-2 video=trF4sGKwfEQ
[artist] gunship _songs.json has 0 songs; using synthetic row for slug=taste-like-venom-2
[import] resolve gunship_taste-like-venom-2 窶ｦ
[import] upsert gunship_taste-like-venom-2 video=q-GeNUuyi94
[artist-done] gunship cumulative: attempted=324 imported=324 failures=0
[artist] gwen-stefani key-import-tasks=4
[artist] gwen-stefani _songs.json has 0 songs; using synthetic row for slug=hollaback-girl-2
[import] resolve gwen-stefani_hollaback-girl-2 窶ｦ
[import] upsert gwen-stefani_hollaback-girl-2 video=_J0UtWgOhRM
[artist] gwen-stefani _songs.json has 0 songs; using synthetic row for slug=purple-irises
[import] resolve gwen-stefani_purple-irises 窶ｦ
[import] upsert gwen-stefani_purple-irises video=0_eWy09Zg5I
[artist] gwen-stefani _songs.json has 0 songs; using synthetic row for slug=purple-irises-2
[import] resolve gwen-stefani_purple-irises-2 窶ｦ
[import] upsert gwen-stefani_purple-irises-2 video=TXaRjhodFRM
[artist] gwen-stefani _songs.json has 0 songs; using synthetic row for slug=santa-baby
[import] resolve gwen-stefani_santa-baby 窶ｦ
[import] upsert gwen-stefani_santa-baby video=#NAME?
[artist-done] gwen-stefani cumulative: attempted=328 imported=328 failures=0
[artist] halflives key-import-tasks=1
[artist] halflives _songs.json has 0 songs; using synthetic row for slug=fugitive-reimagined
[import] resolve halflives_fugitive-reimagined 窶ｦ
[import] upsert halflives_fugitive-reimagined video=xGOly7ojCGE
[artist-done] halflives cumulative: attempted=329 imported=329 failures=0
[artist] halsey key-import-tasks=2
[artist] halsey _songs.json has 0 songs; using synthetic row for slug=alone-2
[import] resolve halsey_alone-2 窶ｦ
[import] upsert halsey_alone-2 video=ZEkImgh--PE
[artist] halsey _songs.json has 0 songs; using synthetic row for slug=drive-3
[import] resolve halsey_drive-3 窶ｦ
[import] upsert halsey_drive-3 video=2oI-BsWbIg4
[artist-done] halsey cumulative: attempted=331 imported=331 failures=0
[artist] hardy key-import-tasks=1
[artist] hardy _songs.json has 0 songs; using synthetic row for slug=jim-bob-2
[import] resolve hardy_jim-bob-2 窶ｦ
[import] upsert hardy_jim-bob-2 video=wwtFnCZI2E4
[artist-done] hardy cumulative: attempted=332 imported=332 failures=0
[artist] harry-styles key-import-tasks=2
[artist] harry-styles _songs.json has 0 songs; using synthetic row for slug=american-girls-2
[import] resolve harry-styles_american-girls-2 窶ｦ
[import] upsert harry-styles_american-girls-2 video=o6jQo3-iCao
[artist] harry-styles _songs.json has 0 songs; using synthetic row for slug=satellite-3
[import] resolve harry-styles_satellite-3 窶ｦ
[import] upsert harry-styles_satellite-3 video=bGZplqeIb3w
[artist-done] harry-styles cumulative: attempted=334 imported=334 failures=0
[artist] health key-import-tasks=1
[artist] health _songs.json has 0 songs; using synthetic row for slug=ordinary-loss-2
[import] resolve health_ordinary-loss-2 窶ｦ
[import] upsert health_ordinary-loss-2 video=-tvl8sDu9vo
[artist-done] health cumulative: attempted=335 imported=335 failures=0
[artist] hemlocke-springs key-import-tasks=1
[artist] hemlocke-springs _songs.json has 0 songs; using synthetic row for slug=w-w-w-w-w
[import] resolve hemlocke-springs_w-w-w-w-w 窶ｦ
[import] upsert hemlocke-springs_w-w-w-w-w video=tDA2qMV2KmA
[artist-done] hemlocke-springs cumulative: attempted=336 imported=336 failures=0
[artist] her key-import-tasks=1
[artist] her _songs.json has 0 songs; using synthetic row for slug=the-glass
[import] resolve her_the-glass 窶ｦ
[import] upsert her_the-glass video=3B-bjAYmAqs
[artist-done] her cumulative: attempted=337 imported=337 failures=0
[artist] hernandz key-import-tasks=1
[artist] hernandz _songs.json has 0 songs; using synthetic row for slug=scars-2
[import] resolve hernandz_scars-2 窶ｦ
[import] upsert hernandz_scars-2 video=ubHPP4pjR5c
[artist-done] hernandz cumulative: attempted=338 imported=338 failures=0
[artist] hives key-import-tasks=1
[artist] hives _songs.json has 0 songs; using synthetic row for slug=a-christmas-duel
[import] resolve hives_a-christmas-duel 窶ｦ
[import] upsert hives_a-christmas-duel video=My5Bzf0PQhc
[artist-done] hives cumulative: attempted=339 imported=339 failures=0
[artist] ho99o9 key-import-tasks=1
[artist] ho99o9 _songs.json has 0 songs; using synthetic row for slug=power-in-numbers
[import] resolve ho99o9_power-in-numbers 窶ｦ
[import] upsert ho99o9_power-in-numbers video=-cfISSvhztc
[artist-done] ho99o9 cumulative: attempted=340 imported=340 failures=0
[artist] honey-dijon key-import-tasks=1
[artist] honey-dijon _songs.json has 0 songs; using synthetic row for slug=illusion-honey-dijon-remix
[import] resolve honey-dijon_illusion-honey-dijon-remix 窶ｦ
[import] upsert honey-dijon_illusion-honey-dijon-remix video=hQbY_hz7s_o
[artist-done] honey-dijon cumulative: attempted=341 imported=341 failures=0
[artist] honey-revenge key-import-tasks=1
[artist] honey-revenge _songs.json has 0 songs; using synthetic row for slug=run-your-mouth-3
[import] resolve honey-revenge_run-your-mouth-3 窶ｦ
[import] upsert honey-revenge_run-your-mouth-3 video=62JFVEhKwbE
[artist-done] honey-revenge cumulative: attempted=342 imported=342 failures=0
[artist] howard-jones key-import-tasks=1
[artist] howard-jones _songs.json has 0 songs; using synthetic row for slug=what-is-love
[import] resolve howard-jones_what-is-love 窶ｦ
[import] upsert howard-jones_what-is-love video=G9KZg-mFPgI
[artist-done] howard-jones cumulative: attempted=343 imported=343 failures=0
[artist] hu key-import-tasks=1
[artist] hu _songs.json has 0 songs; using synthetic row for slug=grey-hun
[import] resolve hu_grey-hun 窶ｦ
[import] upsert hu_grey-hun video=DydYoyRX2cI
[artist-done] hu cumulative: attempted=344 imported=344 failures=0
[artist] hurricane-wisdom key-import-tasks=1
[artist] hurricane-wisdom _songs.json has 0 songs; using synthetic row for slug=barbie-doll
[import] resolve hurricane-wisdom_barbie-doll 窶ｦ
[import] upsert hurricane-wisdom_barbie-doll video=POEtNqTuB48
[artist-done] hurricane-wisdom cumulative: attempted=345 imported=345 failures=0
[artist] i-prevail key-import-tasks=1
[artist] i-prevail _songs.json has 0 songs; using synthetic row for slug=paradise-13
[import] resolve i-prevail_paradise-13 窶ｦ
[import] upsert i-prevail_paradise-13 video=9u8FAc5B8R0
[artist-done] i-prevail cumulative: attempted=346 imported=346 failures=0
[artist] iam-tongi key-import-tasks=1
[artist] iam-tongi _songs.json has 0 songs; using synthetic row for slug=monsters-american-idol-2023
[import] resolve iam-tongi_monsters-american-idol-2023 窶ｦ
[import] upsert iam-tongi_monsters-american-idol-2023 video=M9hdHDXyo-8
[artist-done] iam-tongi cumulative: attempted=347 imported=347 failures=0
[artist] iann-dior key-import-tasks=2
[artist] iann-dior _songs.json has 0 songs; using synthetic row for slug=complicate-it-2
[import] resolve iann-dior_complicate-it-2 窶ｦ
[import] upsert iann-dior_complicate-it-2 video=1pSCOlFU3co
[artist] iann-dior _songs.json has 0 songs; using synthetic row for slug=live-fast-die-numb-2
[import] resolve iann-dior_live-fast-die-numb-2 窶ｦ
[import] upsert iann-dior_live-fast-die-numb-2 video=8PKNK4N9IJE
[artist-done] iann-dior cumulative: attempted=349 imported=349 failures=0
[artist] ice-nine-kills key-import-tasks=1
[artist] ice-nine-kills _songs.json has 0 songs; using synthetic row for slug=play-dead-2
[import] resolve ice-nine-kills_play-dead-2 窶ｦ
[import] upsert ice-nine-kills_play-dead-2 video=7WpxyUbltqw
[artist-done] ice-nine-kills cumulative: attempted=350 imported=350 failures=0
[artist] iceage key-import-tasks=2
[artist] iceage _songs.json has 0 songs; using synthetic row for slug=ember
[import] resolve iceage_ember 窶ｦ
[import] upsert iceage_ember video=CvZeiiipRMk
[artist] iceage _songs.json has 0 songs; using synthetic row for slug=star-4
[import] resolve iceage_star-4 窶ｦ
[import] upsert iceage_star-4 video=1rvqA8rMTu8
[artist-done] iceage cumulative: attempted=352 imported=352 failures=0
[artist] icon-for-hire key-import-tasks=2
[artist] icon-for-hire _songs.json has 0 songs; using synthetic row for slug=off-with-her-head
[import] resolve icon-for-hire_off-with-her-head 窶ｦ
[import] upsert icon-for-hire_off-with-her-head video=#NAME?
[artist] icon-for-hire _songs.json has 0 songs; using synthetic row for slug=sugar-spice
[import] resolve icon-for-hire_sugar-spice 窶ｦ
[import] upsert icon-for-hire_sugar-spice video=#NAME?
[artist-done] icon-for-hire cumulative: attempted=354 imported=354 failures=0
[artist] illenium key-import-tasks=1
[artist] illenium _songs.json has 0 songs; using synthetic row for slug=dont-want-your-love
[import] resolve illenium_dont-want-your-love 窶ｦ
[import] upsert illenium_dont-want-your-love video=WZq3gvBd4JA
[artist-done] illenium cumulative: attempted=355 imported=355 failures=0
[artist] induction _songs.json has 0 songs; using synthetic row for slug=strangers-to-love
[artist] induction key-import-tasks=1
[import] resolve induction_strangers-to-love 窶ｦ
[import] upsert induction_strangers-to-love video=LSGC0ksIQOs
[artist-done] induction cumulative: attempted=356 imported=356 failures=0
[artist] inhaler key-import-tasks=1
[artist] inhaler _songs.json has 0 songs; using synthetic row for slug=if-youre-gonna-break-my-heart-2
[import] resolve inhaler_if-youre-gonna-break-my-heart-2 窶ｦ
[import] upsert inhaler_if-youre-gonna-break-my-heart-2 video=TSrxZkzUGGI
[artist-done] inhaler cumulative: attempted=357 imported=357 failures=0
[artist] inpatient key-import-tasks=2
[artist] inpatient _songs.json has 0 songs; using synthetic row for slug=caskets
[import] resolve inpatient_caskets 窶ｦ
[import] upsert inpatient_caskets video=Hd19DLlHA7w
[artist] inpatient _songs.json has 0 songs; using synthetic row for slug=smoking-gun
[import] resolve inpatient_smoking-gun 窶ｦ
[import] upsert inpatient_smoking-gun video=O431N-XdZpQ
[artist-done] inpatient cumulative: attempted=359 imported=359 failures=0
[artist] instant-funk key-import-tasks=1
[artist] instant-funk _songs.json has 0 songs; using synthetic row for slug=i-got-my-mind-made-up-you-can-get-it-girl
[import] resolve instant-funk_i-got-my-mind-made-up-you-can-get-it-girl 窶ｦ
[import] upsert instant-funk_i-got-my-mind-made-up-you-can-get-it-girl video=ALIGgEqDwck
[artist-done] instant-funk cumulative: attempted=360 imported=360 failures=0
[artist] interrupters key-import-tasks=1
[artist] interrupters _songs.json has 0 songs; using synthetic row for slug=raised-by-wolves-acoustic
[import] resolve interrupters_raised-by-wolves-acoustic 窶ｦ
[import] upsert interrupters_raised-by-wolves-acoustic video=GW01gUavEVQ
[artist-done] interrupters cumulative: attempted=361 imported=361 failures=0
[artist] itch key-import-tasks=1
[artist] itch _songs.json has 0 songs; using synthetic row for slug=no-more-sprechgesang
[import] resolve itch_no-more-sprechgesang 窶ｦ
[import] upsert itch_no-more-sprechgesang video=jdy0fqZvVdU
[artist-done] itch cumulative: attempted=362 imported=362 failures=0
[artist] j-me key-import-tasks=1
[artist] j-me _songs.json has 0 songs; using synthetic row for slug=j-me
[import] resolve j-me_j-me 窶ｦ
[import] upsert j-me_j-me video=cVgATGM4Vyg
[artist-done] j-me cumulative: attempted=363 imported=363 failures=0
[artist] jacob-collier key-import-tasks=1
[artist] jacob-collier _songs.json has 0 songs; using synthetic row for slug=witness-me-3
[import] resolve jacob-collier_witness-me-3 窶ｦ
[import] upsert jacob-collier_witness-me-3 video=S2MohocDh78
[artist-done] jacob-collier cumulative: attempted=364 imported=364 failures=0
[artist] jade key-import-tasks=1
[artist] jade _songs.json has 0 songs; using synthetic row for slug=angel-of-my-dreams-2
[import] resolve jade_angel-of-my-dreams-2 窶ｦ
[import] upsert jade_angel-of-my-dreams-2 video=ulNMj05RKSU
[artist-done] jade cumulative: attempted=365 imported=365 failures=0
[artist] jaden key-import-tasks=1
[artist] jaden _songs.json has 0 songs; using synthetic row for slug=gorgeous-5
[import] resolve jaden_gorgeous-5 窶ｦ
[import] upsert jaden_gorgeous-5 video=8kJEdqgU1LI
[artist-done] jaden cumulative: attempted=366 imported=366 failures=0
[artist] jan-blomqvist key-import-tasks=1
[artist] jan-blomqvist _songs.json has 0 songs; using synthetic row for slug=teardrop-2
[import] resolve jan-blomqvist_teardrop-2 窶ｦ
[import] upsert jan-blomqvist_teardrop-2 video=yeOXjRwfhoU
[artist-done] jan-blomqvist cumulative: attempted=367 imported=367 failures=0
[artist] janet-jackson key-import-tasks=3
[artist] janet-jackson _songs.json has 0 songs; using synthetic row for slug=doesnt-really-matter
[import] resolve janet-jackson_doesnt-really-matter 窶ｦ
[import] upsert janet-jackson_doesnt-really-matter video=ZGo4WebNIjM
[artist] janet-jackson _songs.json has 0 songs; using synthetic row for slug=doesnt-really-matter-remix
[import] resolve janet-jackson_doesnt-really-matter-remix 窶ｦ
[import] upsert janet-jackson_doesnt-really-matter-remix video=lhDLAWFtsLE
[artist] janet-jackson _songs.json has 0 songs; using synthetic row for slug=two-to-the-power-of-love
[import] resolve janet-jackson_two-to-the-power-of-love 窶ｦ
[import] upsert janet-jackson_two-to-the-power-of-love video=Janet Jackson - Two to the Power of Love
[artist-done] janet-jackson cumulative: attempted=370 imported=370 failures=0
[artist] jazzy key-import-tasks=1
[artist] jazzy _songs.json has 0 songs; using synthetic row for slug=invisible-2
[import] resolve jazzy_invisible-2 窶ｦ
[import] upsert jazzy_invisible-2 video=AJBjGfmlTvk
[artist-done] jazzy cumulative: attempted=371 imported=371 failures=0
[artist] jennifer-lopez key-import-tasks=2
[artist] jennifer-lopez _songs.json has 0 songs; using synthetic row for slug=save-me-tonight
[import] resolve jennifer-lopez_save-me-tonight 窶ｦ
[import] upsert jennifer-lopez_save-me-tonight video=y8HLQn3YAiw
[artist] jennifer-lopez _songs.json has 0 songs; using synthetic row for slug=step-into-my-world-2
[artist-done] jennifer-lopez cumulative: attempted=373 imported=372 failures=1
[artist] jessie-j key-import-tasks=1
[artist] jessie-j _songs.json has 0 songs; using synthetic row for slug=ill-never-know-why-2
[import] resolve jessie-j_ill-never-know-why-2 窶ｦ
[import] upsert jessie-j_ill-never-know-why-2 video=xD0LK3OYij0
[artist-done] jessie-j cumulative: attempted=374 imported=373 failures=1
[artist] jessie-murph key-import-tasks=1
[artist] jessie-murph _songs.json has 0 songs; using synthetic row for slug=forever-12
[import] resolve jessie-murph_forever-12 窶ｦ
[import] upsert jessie-murph_forever-12 video=epB1ffJGRts
[artist-done] jessie-murph cumulative: attempted=375 imported=374 failures=1
[artist] jessie-reyez key-import-tasks=1
[artist] jessie-reyez _songs.json has 0 songs; using synthetic row for slug=forever-4
[import] resolve jessie-reyez_forever-4 窶ｦ
[import] upsert jessie-reyez_forever-4 video=Q_75_2fWFhY
[artist-done] jessie-reyez cumulative: attempted=376 imported=375 failures=1
[artist] jid key-import-tasks=1
[artist] jid _songs.json has 0 songs; using synthetic row for slug=animals-3
[import] resolve jid_animals-3 窶ｦ
[import] upsert jid_animals-3 video=JPyOYoNleFo
[artist-done] jid cumulative: attempted=377 imported=376 failures=1
[artist] jill-scott key-import-tasks=1
[artist] jill-scott _songs.json has 0 songs; using synthetic row for slug=pressha-2
[import] resolve jill-scott_pressha-2 窶ｦ
[import] upsert jill-scott_pressha-2 video=Wr0e0zCwUB0
[artist-done] jill-scott cumulative: attempted=378 imported=377 failures=1
[artist] jimmy-eat-world key-import-tasks=1
[artist] jimmy-eat-world _songs.json has 0 songs; using synthetic row for slug=love-never-2
[import] resolve jimmy-eat-world_love-never-2 窶ｦ
[import] upsert jimmy-eat-world_love-never-2 video=mXExVFqrvgs
[artist-done] jimmy-eat-world cumulative: attempted=379 imported=378 failures=1
[artist] joe-bonamassa key-import-tasks=1
[artist] joe-bonamassa _songs.json has 0 songs; using synthetic row for slug=trigger-finger-2
[import] resolve joe-bonamassa_trigger-finger-2 窶ｦ
[import] upsert joe-bonamassa_trigger-finger-2 video=NCxQFZfh4zE
[artist-done] joe-bonamassa cumulative: attempted=380 imported=379 failures=1
[artist] john-norum key-import-tasks=1
[artist] john-norum _songs.json has 0 songs; using synthetic row for slug=norma
[import] resolve john-norum_norma 窶ｦ
[import] upsert john-norum_norma video=xfxxwvRFCH0
[artist-done] john-norum cumulative: attempted=381 imported=380 failures=1
[artist] jon-hopkins key-import-tasks=1
[artist] jon-hopkins _songs.json has 0 songs; using synthetic row for slug=ritual-palace
[import] resolve jon-hopkins_ritual-palace 窶ｦ
[import] upsert jon-hopkins_ritual-palace video=u3E_hG5c5QI
[artist-done] jon-hopkins cumulative: attempted=382 imported=381 failures=1
[artist] jonas-blue key-import-tasks=2
[artist] jonas-blue _songs.json has 0 songs; using synthetic row for slug=i-see-love
[import] resolve jonas-blue_i-see-love 窶ｦ
[import] upsert jonas-blue_i-see-love video=pvmNeNd5SYk
[artist] jonas-blue _songs.json has 0 songs; using synthetic row for slug=mountains-2
[import] resolve jonas-blue_mountains-2 窶ｦ
[import] upsert jonas-blue_mountains-2 video=BEzNy1381aQ
[artist-done] jonas-blue cumulative: attempted=384 imported=383 failures=1
[artist] jorja-smith key-import-tasks=1
[artist] jorja-smith _songs.json has 0 songs; using synthetic row for slug=with-you-7
[import] resolve jorja-smith_with-you-7 窶ｦ
[import] upsert jorja-smith_with-you-7 video=1EJp6z06hHM
[artist-done] jorja-smith cumulative: attempted=385 imported=384 failures=1
[artist] joy-crookes key-import-tasks=2
[artist] joy-crookes _songs.json has 0 songs; using synthetic row for slug=perfect-crime-2
[import] resolve joy-crookes_perfect-crime-2 窶ｦ
[import] upsert joy-crookes_perfect-crime-2 video=JhAqvMxo49I
[artist] joy-crookes _songs.json has 0 songs; using synthetic row for slug=somebody-to-you-2
[import] resolve joy-crookes_somebody-to-you-2 窶ｦ
[import] upsert joy-crookes_somebody-to-you-2 video=-ec22jTkz-Y
[artist-done] joy-crookes cumulative: attempted=387 imported=386 failures=1
[artist] juicy-j key-import-tasks=1
[artist] juicy-j _songs.json has 0 songs; using synthetic row for slug=to-you
[import] resolve juicy-j_to-you 窶ｦ
[import] upsert juicy-j_to-you video=gPzBDjfyTzE
[artist-done] juicy-j cumulative: attempted=388 imported=387 failures=1
[artist] justice key-import-tasks=1
[artist] justice _songs.json has 0 songs; using synthetic row for slug=what-you-want-2
[import] resolve justice_what-you-want-2 窶ｦ
[import] upsert justice_what-you-want-2 video=e5s8MdtnbMM
[artist-done] justice cumulative: attempted=389 imported=388 failures=1
[artist] jvke key-import-tasks=2
[artist] jvke _songs.json has 0 songs; using synthetic row for slug=her-remix
[import] resolve jvke_her-remix 窶ｦ
[import] upsert jvke_her-remix video=ZxE0QzE2K9o
[artist] jvke _songs.json has 0 songs; using synthetic row for slug=worlds-collide-2
[import] resolve jvke_worlds-collide-2 窶ｦ
[import] upsert jvke_worlds-collide-2 video=jsR3XYk_rGY
[artist-done] jvke cumulative: attempted=391 imported=390 failures=1
[artist] kaaze key-import-tasks=1
[artist] kaaze _songs.json has 0 songs; using synthetic row for slug=on-the-floor
[import] resolve kaaze_on-the-floor 窶ｦ
[import] upsert kaaze_on-the-floor video=heKXdBGcTGc
[artist-done] kaaze cumulative: attempted=392 imported=391 failures=1
[artist] kacey-musgraves key-import-tasks=2
[artist] kacey-musgraves _songs.json has 0 songs; using synthetic row for slug=high-horse
[import] resolve kacey-musgraves_high-horse 窶ｦ
[import] upsert kacey-musgraves_high-horse video=fbNDJRwXKGc
[artist] kacey-musgraves _songs.json has 0 songs; using synthetic row for slug=high-time
[import] resolve kacey-musgraves_high-time 窶ｦ
[import] upsert kacey-musgraves_high-time video=#NAME?
[artist-done] kacey-musgraves cumulative: attempted=394 imported=393 failures=1
[artist] kamasi-washington key-import-tasks=1
[artist] kamasi-washington _songs.json has 0 songs; using synthetic row for slug=get-lit
[import] resolve kamasi-washington_get-lit 窶ｦ
[import] upsert kamasi-washington_get-lit video=2bK6P04o_Lg
[artist-done] kamasi-washington cumulative: attempted=395 imported=394 failures=1
[artist] kasabian key-import-tasks=1
[artist] kasabian _songs.json has 0 songs; using synthetic row for slug=chemicals
[import] resolve kasabian_chemicals 窶ｦ
[import] upsert kasabian_chemicals video=#NAME?
[artist-done] kasabian cumulative: attempted=396 imported=395 failures=1
[artist] katy-perry key-import-tasks=4
[artist] katy-perry _songs.json has 0 songs; using synthetic row for slug=dark-horse
[import] resolve katy-perry_dark-horse 窶ｦ
[import] upsert katy-perry_dark-horse video=0KSOMA3QBU0
[artist] katy-perry _songs.json has 0 songs; using synthetic row for slug=im-his-hes-mine
[import] resolve katy-perry_im-his-hes-mine 窶ｦ
[import] upsert katy-perry_im-his-hes-mine video=sH89mSsCTu8
[artist] katy-perry _songs.json has 0 songs; using synthetic row for slug=legendary-lovers
[import] resolve katy-perry_legendary-lovers 窶ｦ
[import] upsert katy-perry_legendary-lovers video=xfSkoPnCoU8
[artist] katy-perry _songs.json has 0 songs; using synthetic row for slug=watch-it-burn
[import] resolve katy-perry_watch-it-burn 窶ｦ
[import] upsert katy-perry_watch-it-burn video=YzUs8ohSB3w
[artist-done] katy-perry cumulative: attempted=400 imported=399 failures=1
[artist] kaytranada key-import-tasks=2
[artist] kaytranada _songs.json has 0 songs; using synthetic row for slug=witchy
[import] resolve kaytranada_witchy 窶ｦ
[import] upsert kaytranada_witchy video=621srMtTkbE
[artist] kaytranada _songs.json has 0 songs; using synthetic row for slug=witchy-2
[import] resolve kaytranada_witchy-2 窶ｦ
[import] upsert kaytranada_witchy-2 video=jGK3YVmGZ3Y
[artist-done] kaytranada cumulative: attempted=402 imported=401 failures=1
[artist] keith-turner key-import-tasks=1
[artist] keith-turner _songs.json has 0 songs; using synthetic row for slug=all-that-a
[import] resolve keith-turner_all-that-a 窶ｦ
[import] upsert keith-turner_all-that-a video=3KJAVmI2k0k
[artist-done] keith-turner cumulative: attempted=403 imported=402 failures=1
[artist] keith-urban key-import-tasks=1
[artist] keith-urban _songs.json has 0 songs; using synthetic row for slug=guitar-man
[import] resolve keith-urban_guitar-man 窶ｦ
[import] upsert keith-urban_guitar-man video=mbeuduUWxsI
[artist-done] keith-urban cumulative: attempted=404 imported=403 failures=1
[artist] kelela key-import-tasks=1
[artist] kelela _songs.json has 0 songs; using synthetic row for slug=outta-time
[import] resolve kelela_outta-time 窶ｦ
[import] upsert kelela_outta-time video=1mLNza10dKs
[artist-done] kelela cumulative: attempted=405 imported=404 failures=1
[artist] kelsea-ballerini key-import-tasks=1
[artist] kelsea-ballerini _songs.json has 0 songs; using synthetic row for slug=sorry-mom-2
[import] resolve kelsea-ballerini_sorry-mom-2 窶ｦ
[import] upsert kelsea-ballerini_sorry-mom-2 video=Wvcc7_krvnE
[artist-done] kelsea-ballerini cumulative: attempted=406 imported=405 failures=1
[artist] kendrick-lamar key-import-tasks=2
[artist] kendrick-lamar _songs.json has 0 songs; using synthetic row for slug=luther
[import] resolve kendrick-lamar_luther 窶ｦ
[import] upsert kendrick-lamar_luther video=HfWLgELllZs
[artist] kendrick-lamar _songs.json has 0 songs; using synthetic row for slug=tv-off
[import] resolve kendrick-lamar_tv-off 窶ｦ
[import] upsert kendrick-lamar_tv-off video=U8F5G5wR1mk
[artist-done] kendrick-lamar cumulative: attempted=408 imported=407 failures=1
[artist] kenny-aronoff key-import-tasks=1
[artist] kenny-aronoff _songs.json has 0 songs; using synthetic row for slug=fiend
[import] resolve kenny-aronoff_fiend 窶ｦ
[import] upsert kenny-aronoff_fiend video=oyrvpND-_Vw
[artist-done] kenny-aronoff cumulative: attempted=409 imported=408 failures=1
[artist] kenny-mason key-import-tasks=2
[artist] kenny-mason _songs.json has 0 songs; using synthetic row for slug=find-god
[import] resolve kenny-mason_find-god 窶ｦ
[import] upsert kenny-mason_find-god video=dcGNp4ePoME
[artist] kenny-mason _songs.json has 0 songs; using synthetic row for slug=test-me
[import] resolve kenny-mason_test-me 窶ｦ
[import] upsert kenny-mason_test-me video=RLoADD4f1UY
[artist-done] kenny-mason cumulative: attempted=411 imported=410 failures=1
[artist] kid-kapichi key-import-tasks=1
[artist] kid-kapichi _songs.json has 0 songs; using synthetic row for slug=5-days-on-2-days-off
[import] resolve kid-kapichi_5-days-on-2-days-off 窶ｦ
[import] upsert kid-kapichi_5-days-on-2-days-off video=#NAME?
[artist-done] kid-kapichi cumulative: attempted=412 imported=411 failures=1
[artist] kid-laroi key-import-tasks=3
[artist] kid-laroi _songs.json has 0 songs; using synthetic row for slug=a-cold-play-2
[import] resolve kid-laroi_a-cold-play-2 窶ｦ
[import] upsert kid-laroi_a-cold-play-2 video=W5PRdmYsCIs
[artist] kid-laroi _songs.json has 0 songs; using synthetic row for slug=girls-10
[import] resolve kid-laroi_girls-10 窶ｦ
[import] upsert kid-laroi_girls-10 video=_I58n1j1npE
[artist] kid-laroi _songs.json has 0 songs; using synthetic row for slug=too-much-3
[import] resolve kid-laroi_too-much-3 窶ｦ
[import] upsert kid-laroi_too-much-3 video=83Lv790h79k
[artist-done] kid-laroi cumulative: attempted=415 imported=414 failures=1
[artist] kim-petras key-import-tasks=1
[artist] kim-petras _songs.json has 0 songs; using synthetic row for slug=mr-producer
[import] resolve kim-petras_mr-producer 窶ｦ
[import] upsert kim-petras_mr-producer video=ukNXJLYk9yQ
[artist-done] kim-petras cumulative: attempted=416 imported=415 failures=1
[artist] kings-of-leon key-import-tasks=1
[artist] kings-of-leon _songs.json has 0 songs; using synthetic row for slug=split-screen-2
[import] resolve kings-of-leon_split-screen-2 窶ｦ
[import] upsert kings-of-leon_split-screen-2 video=3Jykoa-Fgn0
[artist-done] kings-of-leon cumulative: attempted=417 imported=416 failures=1
[artist] kiss key-import-tasks=1
[artist] kiss _songs.json has 0 songs; using synthetic row for slug=i-was-made-for-boogie-wonderland
[import] resolve kiss_i-was-made-for-boogie-wonderland 窶ｦ
[import] upsert kiss_i-was-made-for-boogie-wonderland video=qMZIg0btqMU
[artist-done] kiss cumulative: attempted=418 imported=417 failures=1
[artist] kneecap key-import-tasks=1
[artist] kneecap _songs.json has 0 songs; using synthetic row for slug=fenian
[import] resolve kneecap_fenian 窶ｦ
[import] upsert kneecap_fenian video=PLDHQVJZuGQ
[artist-done] kneecap cumulative: attempted=419 imported=418 failures=1
[artist] kula-shaker key-import-tasks=1
[artist] kula-shaker _songs.json has 0 songs; using synthetic row for slug=tattva
[import] resolve kula-shaker_tattva 窶ｦ
[import] upsert kula-shaker_tattva video=wfONbfAVWGk
[artist-done] kula-shaker cumulative: attempted=420 imported=419 failures=1
[artist] kungs key-import-tasks=1
[artist] kungs _songs.json has 0 songs; using synthetic row for slug=get-away-2
[import] resolve kungs_get-away-2 窶ｦ
[import] upsert kungs_get-away-2 video=YvFUDtdG7SY
[artist-done] kungs cumulative: attempted=421 imported=420 failures=1
[artist] kwn key-import-tasks=1
[artist] kwn _songs.json has 0 songs; using synthetic row for slug=risk-it-all-4
[import] resolve kwn_risk-it-all-4 窶ｦ
[import] upsert kwn_risk-it-all-4 video=dYd1TyhMK40
[artist-done] kwn cumulative: attempted=422 imported=421 failures=1
[artist] kygo key-import-tasks=1
[artist] kygo _songs.json has 0 songs; using synthetic row for slug=dancing-feet
[import] resolve kygo_dancing-feet 窶ｦ
[import] upsert kygo_dancing-feet video=RlaBTqv8tQs
[artist-done] kygo cumulative: attempted=423 imported=422 failures=1
[artist] l-a-guns key-import-tasks=1
[artist] l-a-guns _songs.json has 0 songs; using synthetic row for slug=taste-it-2
[import] resolve l-a-guns_taste-it-2 窶ｦ
[import] upsert l-a-guns_taste-it-2 video=6Lj3pD7H5rM
[artist-done] l-a-guns cumulative: attempted=424 imported=423 failures=1
[artist] lady-gaga key-import-tasks=2
[artist] lady-gaga _songs.json has 0 songs; using synthetic row for slug=runway
[import] resolve lady-gaga_runway 窶ｦ
[import] upsert lady-gaga_runway video=Ll6kYJPLNxg
[artist] lady-gaga _songs.json has 0 songs; using synthetic row for slug=runway-2
[import] resolve lady-gaga_runway-2 窶ｦ
[import] upsert lady-gaga_runway-2 video=XXIX2WnfbpE
[artist-done] lady-gaga cumulative: attempted=426 imported=425 failures=1
[artist] lainey-wilson key-import-tasks=1
[artist] lainey-wilson _songs.json has 0 songs; using synthetic row for slug=phone-keys-wallet
[import] resolve lainey-wilson_phone-keys-wallet 窶ｦ
[import] upsert lainey-wilson_phone-keys-wallet video=JzW6RnzeF9A
[artist-done] lainey-wilson cumulative: attempted=427 imported=426 failures=1
[artist] lany key-import-tasks=1
[artist] lany _songs.json has 0 songs; using synthetic row for slug=when-did-you-stop-loving-me-2
[import] resolve lany_when-did-you-stop-loving-me-2 窶ｦ
[import] upsert lany_when-did-you-stop-loving-me-2 video=iAWithnjOXo
[artist-done] lany cumulative: attempted=428 imported=427 failures=1
[artist] last-dinner-party key-import-tasks=1
[artist] last-dinner-party _songs.json has 0 songs; using synthetic row for slug=sinner-2
[import] resolve last-dinner-party_sinner-2 窶ｦ
[import] upsert last-dinner-party_sinner-2 video=BtKukl_klGk
[artist-done] last-dinner-party cumulative: attempted=429 imported=428 failures=1
[artist] latto key-import-tasks=1
[artist] latto _songs.json has 0 songs; using synthetic row for slug=okayyy
[import] resolve latto_okayyy 窶ｦ
[import] upsert latto_okayyy video=ewFgs1NRFTI
[artist-done] latto cumulative: attempted=430 imported=429 failures=1
[artist] laufey key-import-tasks=1
[artist] laufey _songs.json has 0 songs; using synthetic row for slug=lover-girl-2
[import] resolve laufey_lover-girl-2 窶ｦ
[import] upsert laufey_lover-girl-2 video=obLSGG-oEyw
[artist-done] laufey cumulative: attempted=431 imported=430 failures=1
[artist] lefty-gunplay key-import-tasks=1
[artist] lefty-gunplay _songs.json has 0 songs; using synthetic row for slug=tv-off-2
[import] resolve lefty-gunplay_tv-off-2 窶ｦ
[import] upsert lefty-gunplay_tv-off-2 video=Rh3bJKkEhk8
[artist-done] lefty-gunplay cumulative: attempted=432 imported=431 failures=1
[artist] lens key-import-tasks=1
[artist] lens _songs.json has 0 songs; using synthetic row for slug=danger-zone
[import] resolve lens_danger-zone 窶ｦ
[import] upsert lens_danger-zone video=LdO6tIsi6uc
[artist-done] lens cumulative: attempted=433 imported=432 failures=1
[artist] letdown key-import-tasks=1
[artist] letdown _songs.json has 0 songs; using synthetic row for slug=karma-2
[import] resolve letdown_karma-2 窶ｦ
[import] upsert letdown_karma-2 video=#NAME?
[artist-done] letdown cumulative: attempted=434 imported=433 failures=1
[artist] lil-baby key-import-tasks=1
[artist] lil-baby _songs.json has 0 songs; using synthetic row for slug=close-friends
[import] resolve lil-baby_close-friends 窶ｦ
[import] upsert lil-baby_close-friends video=hhzYbExfVIY
[artist-done] lil-baby cumulative: attempted=435 imported=434 failures=1
[artist] lila-ike key-import-tasks=1
[artist] lila-ike _songs.json has 0 songs; using synthetic row for slug=fry-plantain
[import] resolve lila-ike_fry-plantain 窶ｦ
[import] upsert lila-ike_fry-plantain video=NFv1EPx7xfU
[artist-done] lila-ike cumulative: attempted=436 imported=435 failures=1
[artist] limahl key-import-tasks=1
[artist] limahl _songs.json has 0 songs; using synthetic row for slug=neverending-story
[import] resolve limahl_neverending-story 窶ｦ
[import] upsert limahl_neverending-story video=2WN0T-Ee3q4
[artist-done] limahl cumulative: attempted=437 imported=436 failures=1
[artist] lime-garden key-import-tasks=1
[artist] lime-garden _songs.json has 0 songs; using synthetic row for slug=cross-my-heart-2
[import] resolve lime-garden_cross-my-heart-2 窶ｦ
[import] upsert lime-garden_cross-my-heart-2 video=NUNsCeL_JvU
[artist] lindsey-stirling key-import-tasks=1
[artist-done] lime-garden cumulative: attempted=438 imported=437 failures=1
[artist] lindsey-stirling _songs.json has 0 songs; using synthetic row for slug=eye-of-the-untold-her
[import] resolve lindsey-stirling_eye-of-the-untold-her 窶ｦ
[import] upsert lindsey-stirling_eye-of-the-untold-her video=QsoqKVmLV9s
[artist-done] lindsey-stirling cumulative: attempted=439 imported=438 failures=1
[artist] linkin-park key-import-tasks=1
[artist] linkin-park _songs.json has 0 songs; using synthetic row for slug=in-the-end-2
[import] resolve linkin-park_in-the-end-2 窶ｦ
[import] upsert linkin-park_in-the-end-2 video=eVTXPUF4Oz4
[artist-done] linkin-park cumulative: attempted=440 imported=439 failures=1
[artist] lip-critic key-import-tasks=2
[artist] lip-critic _songs.json has 0 songs; using synthetic row for slug=legs-in-a-snare
[import] resolve lip-critic_legs-in-a-snare 窶ｦ
[import] upsert lip-critic_legs-in-a-snare video=DyqnjGmY3Nk
[artist] lip-critic _songs.json has 0 songs; using synthetic row for slug=talon
[import] resolve lip-critic_talon 窶ｦ
[import] upsert lip-critic_talon video=zb36CjFT4Ko
[artist-done] lip-critic cumulative: attempted=442 imported=441 failures=1
[artist] lisa key-import-tasks=2
[artist] lisa _songs.json has 0 songs; using synthetic row for slug=goals
[import] resolve lisa_goals 窶ｦ
[import] upsert lisa_goals video=_iLT5Mdbk0U
[artist] lisa _songs.json has 0 songs; using synthetic row for slug=moonlit-floor-kiss-me-santa-baby-remix
[import] resolve lisa_moonlit-floor-kiss-me-santa-baby-remix 窶ｦ
[import] upsert lisa_moonlit-floor-kiss-me-santa-baby-remix video=5ZCXqQnpu9k
[artist-done] lisa cumulative: attempted=444 imported=443 failures=1
[artist] ll-cool-j key-import-tasks=1
[artist] ll-cool-j _songs.json has 0 songs; using synthetic row for slug=murdergram-deux
[import] resolve ll-cool-j_murdergram-deux 窶ｦ
[import] upsert ll-cool-j_murdergram-deux video=50Tl8E0Vvms
[artist-done] ll-cool-j cumulative: attempted=445 imported=444 failures=1
[artist] loaded-lux _songs.json has 0 songs; using synthetic row for slug=my-town
[artist] loaded-lux key-import-tasks=1
[import] resolve loaded-lux_my-town 窶ｦ
[import] upsert loaded-lux_my-town video=lIxThTF_vzI
[artist-done] loaded-lux cumulative: attempted=446 imported=445 failures=1
[artist] loathe key-import-tasks=1
[artist] loathe _songs.json has 0 songs; using synthetic row for slug=fangs
[import] resolve loathe_fangs 窶ｦ
[import] upsert loathe_fangs video=8JefYd7TBck
[artist-done] loathe cumulative: attempted=447 imported=446 failures=1
[artist] logic key-import-tasks=1
[artist] logic _songs.json has 0 songs; using synthetic row for slug=shimmy
[import] resolve logic_shimmy 窶ｦ
[import] upsert logic_shimmy video=OuMOArly0Qk
[artist-done] logic cumulative: attempted=448 imported=447 failures=1
[artist] lola-young key-import-tasks=2
[artist] lola-young _songs.json has 0 songs; using synthetic row for slug=conceited-2
[import] resolve lola-young_conceited-2 窶ｦ
[import] upsert lola-young_conceited-2 video=8vcp14UJ5Og
[artist] lola-young _songs.json has 0 songs; using synthetic row for slug=post-sex-clarity-2
[import] resolve lola-young_post-sex-clarity-2 窶ｦ
[import] upsert lola-young_post-sex-clarity-2 video=YO351wpgIVM
[artist-done] lola-young cumulative: attempted=450 imported=449 failures=1
[artist] look-mum-no-computer key-import-tasks=1
[artist] look-mum-no-computer _songs.json has 0 songs; using synthetic row for slug=eins-zwei-drei-2
[import] resolve look-mum-no-computer_eins-zwei-drei-2 窶ｦ
[import] upsert look-mum-no-computer_eins-zwei-drei-2 video=8XR2RvfZ-68
[artist-done] look-mum-no-computer cumulative: attempted=451 imported=450 failures=1
[artist] lottery-winners key-import-tasks=1
[artist] lottery-winners _songs.json has 0 songs; using synthetic row for slug=ragdoll
[import] resolve lottery-winners_ragdoll 窶ｦ
[import] upsert lottery-winners_ragdoll video=wP_GTzOHl4M
[artist-done] lottery-winners cumulative: attempted=452 imported=451 failures=1
[artist] lucky-daye key-import-tasks=1
[artist] lucky-daye _songs.json has 0 songs; using synthetic row for slug=nwa
[import] resolve lucky-daye_nwa 窶ｦ
[import] upsert lucky-daye_nwa video=xOuos3tU3AE
[artist-done] lucky-daye cumulative: attempted=453 imported=452 failures=1
[artist] ludacris key-import-tasks=1
[artist] ludacris _songs.json has 0 songs; using synthetic row for slug=real-hustla
[import] resolve ludacris_real-hustla 窶ｦ
[import] upsert ludacris_real-hustla video=oL3UnnnULng
[artist-done] ludacris cumulative: attempted=454 imported=453 failures=1
[artist] luis-fonsi key-import-tasks=1
[artist] luis-fonsi _songs.json has 0 songs; using synthetic row for slug=despacito
[import] resolve luis-fonsi_despacito 窶ｦ
[import] upsert luis-fonsi_despacito video=kJQP7kiw5Fk
[artist-done] luis-fonsi cumulative: attempted=455 imported=454 failures=1
[artist] lyrical-lemonade key-import-tasks=1
[artist] lyrical-lemonade _songs.json has 0 songs; using synthetic row for slug=doomsday-2
[import] resolve lyrical-lemonade_doomsday-2 窶ｦ
[import] upsert lyrical-lemonade_doomsday-2 video=Evut8BfrZ2U
[artist-done] lyrical-lemonade cumulative: attempted=456 imported=455 failures=1
[artist] machine-gun-kelly key-import-tasks=1
[artist] machine-gun-kelly _songs.json has 0 songs; using synthetic row for slug=goddamn-2
[import] resolve machine-gun-kelly_goddamn-2 窶ｦ
[import] upsert machine-gun-kelly_goddamn-2 video=XlJkz8E-V5I
[artist-done] machine-gun-kelly cumulative: attempted=457 imported=456 failures=1
[artist] madonna key-import-tasks=4
[artist] madonna _songs.json has 0 songs; using synthetic row for slug=4-minutes
[import] resolve madonna_4-minutes 窶ｦ
[import] upsert madonna_4-minutes video=aAQZPBwz2CI
[artist] madonna _songs.json has 0 songs; using synthetic row for slug=bring-your-love-2
[import] resolve madonna_bring-your-love-2 窶ｦ
[import] upsert madonna_bring-your-love-2 video=EHrt-gFgvXo
[artist] madonna _songs.json has 0 songs; using synthetic row for slug=i-feel-so-free-peggy-gou-energy-mix
[import] resolve madonna_i-feel-so-free-peggy-gou-energy-mix 窶ｦ
[import] upsert madonna_i-feel-so-free-peggy-gou-energy-mix video=YDTazIuuDPY
[artist] madonna _songs.json has 0 songs; using synthetic row for slug=revolver
[import] resolve madonna_revolver 窶ｦ
[import] upsert madonna_revolver video=HxmFNMzLtFg
[artist-done] madonna cumulative: attempted=461 imported=460 failures=1
[artist] maine key-import-tasks=2
[artist] maine _songs.json has 0 songs; using synthetic row for slug=die-to-fall
[import] resolve maine_die-to-fall 窶ｦ
[import] upsert maine_die-to-fall video=PwLD6qVEpTc
[artist] maine _songs.json has 0 songs; using synthetic row for slug=loved-you-a-little
[import] resolve maine_loved-you-a-little 窶ｦ
[import] upsert maine_loved-you-a-little video=MAiG9eMRc64
[artist-done] maine cumulative: attempted=463 imported=462 failures=1
[artist] maino key-import-tasks=1
[artist] maino _songs.json has 0 songs; using synthetic row for slug=lets-wrap-about-it-christmas-special
[import] resolve maino_lets-wrap-about-it-christmas-special 窶ｦ
[import] upsert maino_lets-wrap-about-it-christmas-special video=1xevEHIAbfI
[artist-done] maino cumulative: attempted=464 imported=463 failures=1
[artist] maleigh-zan key-import-tasks=1
[artist] maleigh-zan _songs.json has 0 songs; using synthetic row for slug=such-a-time
[import] resolve maleigh-zan_such-a-time 窶ｦ
[import] upsert maleigh-zan_such-a-time video=TZFvjvjfOpU
[artist-done] maleigh-zan cumulative: attempted=465 imported=464 failures=1
[artist] manic-street-preachers key-import-tasks=1
[artist] manic-street-preachers _songs.json has 0 songs; using synthetic row for slug=the-secret-he-had-missed
[import] resolve manic-street-preachers_the-secret-he-had-missed 窶ｦ
[import] upsert manic-street-preachers_the-secret-he-had-missed video=4Q3sDyp3mbo
[artist-done] manic-street-preachers cumulative: attempted=466 imported=465 failures=1
[artist] mariah-the-scientist key-import-tasks=2
[artist] mariah-the-scientist _songs.json has 0 songs; using synthetic row for slug=is-it-a-crime-2
[import] resolve mariah-the-scientist_is-it-a-crime-2 窶ｦ
[import] upsert mariah-the-scientist_is-it-a-crime-2 video=PWf8jHWrK5k
[artist] mariah-the-scientist _songs.json has 0 songs; using synthetic row for slug=is-it-a-crime-3
[import] resolve mariah-the-scientist_is-it-a-crime-3 窶ｦ
[import] upsert mariah-the-scientist_is-it-a-crime-3 video=L5agl9ioLRM
[artist-done] mariah-the-scientist cumulative: attempted=468 imported=467 failures=1
[artist] marko-hietala key-import-tasks=1
[artist] marko-hietala _songs.json has 0 songs; using synthetic row for slug=frankensteins-wife-2
[import] resolve marko-hietala_frankensteins-wife-2 窶ｦ
[import] upsert marko-hietala_frankensteins-wife-2 video=kap3cktlis8
[artist-done] marko-hietala cumulative: attempted=469 imported=468 failures=1
[artist] markus-schulz key-import-tasks=1
[artist] markus-schulz _songs.json has 0 songs; using synthetic row for slug=till-we-fade
[import] resolve markus-schulz_till-we-fade 窶ｦ
[import] upsert markus-schulz_till-we-fade video=u686mbp3lpk
[artist-done] markus-schulz cumulative: attempted=470 imported=469 failures=1
[artist] maroon-5 key-import-tasks=1
[artist] maroon-5 _songs.json has 0 songs; using synthetic row for slug=maroon5-this-love
[import] resolve maroon-5_maroon5-this-love 窶ｦ
[import] upsert maroon-5_maroon5-this-love video=XPpTgCho5ZA
[artist-done] maroon-5 cumulative: attempted=471 imported=470 failures=1
[artist] marshmello key-import-tasks=1
[artist] marshmello _songs.json has 0 songs; using synthetic row for slug=better-man-than-me
[import] resolve marshmello_better-man-than-me 窶ｦ
[import] upsert marshmello_better-man-than-me video=W79jD67_-fk
[artist-done] marshmello cumulative: attempted=472 imported=471 failures=1
[artist] martika key-import-tasks=1
[artist] martika _songs.json has 0 songs; using synthetic row for slug=love-thy-will-be-done
[import] resolve martika_love-thy-will-be-done 窶ｦ
[import] upsert martika_love-thy-will-be-done video=10V_Z0_udjg
[artist-done] martika cumulative: attempted=473 imported=472 failures=1
[artist] martin-garrix key-import-tasks=2
[artist] martin-garrix _songs.json has 0 songs; using synthetic row for slug=repeat-it
[import] resolve martin-garrix_repeat-it 窶ｦ
[import] upsert martin-garrix_repeat-it video=Sf9NZF5qBak
[artist] martin-garrix _songs.json has 0 songs; using synthetic row for slug=repeat-it-acoustic-version
[import] resolve martin-garrix_repeat-it-acoustic-version 窶ｦ
[import] upsert martin-garrix_repeat-it-acoustic-version video=yrt9GwugK7g
[artist-done] martin-garrix cumulative: attempted=475 imported=474 failures=1
[artist] mary-j-blige key-import-tasks=3
[artist] mary-j-blige _songs.json has 0 songs; using synthetic row for slug=family-affair
[import] resolve mary-j-blige_family-affair 窶ｦ
[import] upsert mary-j-blige_family-affair video=znlFu_lemsU
[artist] mary-j-blige _songs.json has 0 songs; using synthetic row for slug=family-affair-spanish-fly-remix
[import] resolve mary-j-blige_family-affair-spanish-fly-remix 窶ｦ
[import] upsert mary-j-blige_family-affair-spanish-fly-remix video=4y5dImUX6cw
[artist] mary-j-blige _songs.json has 0 songs; using synthetic row for slug=gone-forever
[import] resolve mary-j-blige_gone-forever 窶ｦ
[import] upsert mary-j-blige_gone-forever video=Lhzubqo8AEM
[artist-done] mary-j-blige cumulative: attempted=478 imported=477 failures=1
[artist] masego key-import-tasks=1
[artist] masego _songs.json has 0 songs; using synthetic row for slug=breathe-7
[import] resolve masego_breathe-7 窶ｦ
[import] upsert masego_breathe-7 video=Lns2oQkVQt8
[artist-done] masego cumulative: attempted=479 imported=478 failures=1
[artist] mass-production key-import-tasks=1
[artist] mass-production _songs.json has 0 songs; using synthetic row for slug=just-wanna-make-a-dream-come-true-mass-in-f-minor-2
[import] resolve mass-production_just-wanna-make-a-dream-come-true-mass-in-f-minor-2 窶ｦ
[import] upsert mass-production_just-wanna-make-a-dream-come-true-mass-in-f-minor-2 video=QDIlW9mNTjg
[artist-done] mass-production cumulative: attempted=480 imported=479 failures=1
[artist] max key-import-tasks=1
[artist] max _songs.json has 0 songs; using synthetic row for slug=stupid-in-love
[import] resolve max_stupid-in-love 窶ｦ
[import] upsert max_stupid-in-love video=qklsqykuD_0
[artist-done] max cumulative: attempted=481 imported=480 failures=1
[artist] meduza key-import-tasks=2
[artist] meduza _songs.json has 0 songs; using synthetic row for slug=another-world
[import] resolve meduza_another-world 窶ｦ
[import] upsert meduza_another-world video=QRBKRLjBYH0
[artist] meduza _songs.json has 0 songs; using synthetic row for slug=another-world-2
[import] resolve meduza_another-world-2 窶ｦ
[import] upsert meduza_another-world-2 video=3epcQuRmKK4
[artist-done] meduza cumulative: attempted=483 imported=482 failures=1
[artist] michael-jackson key-import-tasks=2
[artist] michael-jackson _songs.json has 0 songs; using synthetic row for slug=hold-my-hand
[import] resolve michael-jackson_hold-my-hand 窶ｦ
[import] upsert michael-jackson_hold-my-hand video=#NAME?
[artist] michael-jackson _songs.json has 0 songs; using synthetic row for slug=one-more-chance
[import] resolve michael-jackson_one-more-chance 窶ｦ
[import] upsert michael-jackson_one-more-chance video=#NAME?
[artist-done] michael-jackson cumulative: attempted=485 imported=484 failures=1
[artist] midnight key-import-tasks=1
[artist] midnight _songs.json has 0 songs; using synthetic row for slug=runaways
[import] resolve midnight_runaways 窶ｦ
[import] upsert midnight_runaways video=FEJm6vd6HbY
[artist-done] midnight cumulative: attempted=486 imported=485 failures=1
[artist] mike-posner key-import-tasks=1
[artist] mike-posner _songs.json has 0 songs; using synthetic row for slug=i-took-a-pill-in-ibiza-seeb-remix
[import] resolve mike-posner_i-took-a-pill-in-ibiza-seeb-remix 窶ｦ
[import] upsert mike-posner_i-took-a-pill-in-ibiza-seeb-remix video=foE1mO2yM04
[artist-done] mike-posner cumulative: attempted=487 imported=486 failures=1
[artist] milky key-import-tasks=2
[artist] milky _songs.json has 0 songs; using synthetic row for slug=just-the-way-you-are-3
[import] resolve milky_just-the-way-you-are-3 窶ｦ
[import] upsert milky_just-the-way-you-are-3 video=dm7LUy724B8
[artist] milky _songs.json has 0 songs; using synthetic row for slug=just-the-way-you-are-4
[import] resolve milky_just-the-way-you-are-4 窶ｦ
[import] upsert milky_just-the-way-you-are-4 video=QZGsGB7cX3g
[artist-done] milky cumulative: attempted=489 imported=488 failures=1
[artist] milky-chance key-import-tasks=1
[artist] milky-chance _songs.json has 0 songs; using synthetic row for slug=golden-3
[import] resolve milky-chance_golden-3 窶ｦ
[import] upsert milky-chance_golden-3 video=asAV164acOE
[artist-done] milky-chance cumulative: attempted=490 imported=489 failures=1
[artist] mimi-webb key-import-tasks=1
[artist] mimi-webb _songs.json has 0 songs; using synthetic row for slug=erase-you-2
[import] resolve mimi-webb_erase-you-2 窶ｦ
[import] upsert mimi-webb_erase-you-2 video=SDpFMPpwOlM
[artist-done] mimi-webb cumulative: attempted=491 imported=490 failures=1
[artist] miranda-lambert key-import-tasks=2
[artist] miranda-lambert _songs.json has 0 songs; using synthetic row for slug=a-song-to-sing
[import] resolve miranda-lambert_a-song-to-sing 窶ｦ
[import] upsert miranda-lambert_a-song-to-sing video=x3K0otRbNY4
[artist] miranda-lambert _songs.json has 0 songs; using synthetic row for slug=a-song-to-sing-2
[import] resolve miranda-lambert_a-song-to-sing-2 窶ｦ
[import] upsert miranda-lambert_a-song-to-sing-2 video=x3K0otRbNY4
[artist-done] miranda-lambert cumulative: attempted=493 imported=492 failures=1
[artist] moby key-import-tasks=1
[artist] moby _songs.json has 0 songs; using synthetic row for slug=you-me-2
[import] resolve moby_you-me-2 窶ｦ
[import] upsert moby_you-me-2 video=PN3thx9SGsw
[artist-done] moby cumulative: attempted=494 imported=493 failures=1
[artist] modern-woman key-import-tasks=4
[artist] modern-woman _songs.json has 0 songs; using synthetic row for slug=daniel-2
[import] resolve modern-woman_daniel-2 窶ｦ
[import] upsert modern-woman_daniel-2 video=iM6jjhn9t0M
[artist] modern-woman _songs.json has 0 songs; using synthetic row for slug=dashboard-mary
[import] resolve modern-woman_dashboard-mary 窶ｦ
[import] upsert modern-woman_dashboard-mary video=9Dh0DTdaEb8
[artist] modern-woman _songs.json has 0 songs; using synthetic row for slug=johnnys-dreamworld
[import] resolve modern-woman_johnnys-dreamworld 窶ｦ
[import] upsert modern-woman_johnnys-dreamworld video=wffyswgu_Z4
[artist] modern-woman _songs.json has 0 songs; using synthetic row for slug=neptune-girl
[import] resolve modern-woman_neptune-girl 窶ｦ
[import] upsert modern-woman_neptune-girl video=46MukluivTc
[artist-done] modern-woman cumulative: attempted=498 imported=497 failures=1
[artist] modest-mouse key-import-tasks=1
[artist] modest-mouse _songs.json has 0 songs; using synthetic row for slug=dashboard-2
[import] resolve modest-mouse_dashboard-2 窶ｦ
[import] upsert modest-mouse_dashboard-2 video=21euaOPVneM
[artist-done] modest-mouse cumulative: attempted=499 imported=498 failures=1
[artist] moonchild key-import-tasks=1
[artist] moonchild _songs.json has 0 songs; using synthetic row for slug=up-from-here
[progress] songsAttempted=500 imported=498 failures=1 artist=moonchild
[import] resolve moonchild_up-from-here 窶ｦ
[import] upsert moonchild_up-from-here video=eCLOrwBLF_o
[artist-done] moonchild cumulative: attempted=500 imported=499 failures=1
[artist] mortemia key-import-tasks=1
[artist] mortemia _songs.json has 0 songs; using synthetic row for slug=riders-on-the-storm-2
[import] resolve mortemia_riders-on-the-storm-2 窶ｦ
[import] upsert mortemia_riders-on-the-storm-2 video=nyUCqtMy-MU
[artist-done] mortemia cumulative: attempted=501 imported=500 failures=1
[artist] motionless-in-white key-import-tasks=1
[artist] motionless-in-white _songs.json has 0 songs; using synthetic row for slug=playing-god-2
[import] resolve motionless-in-white_playing-god-2 窶ｦ
[import] upsert motionless-in-white_playing-god-2 video=L2ZBtkEpGdw
[artist-done] motionless-in-white cumulative: attempted=502 imported=501 failures=1
[artist] mr-probz key-import-tasks=2
[artist] mr-probz _songs.json has 0 songs; using synthetic row for slug=waves-4
[import] resolve mr-probz_waves-4 窶ｦ
[import] upsert mr-probz_waves-4 video=pUjE9H8QlA4
[artist] mr-probz _songs.json has 0 songs; using synthetic row for slug=waves-5
[import] resolve mr-probz_waves-5 窶ｦ
[import] upsert mr-probz_waves-5 video=0a5WyAjL1MM
[artist-done] mr-probz cumulative: attempted=504 imported=503 failures=1
[artist] mumford-sons key-import-tasks=1
[artist] mumford-sons _songs.json has 0 songs; using synthetic row for slug=the-banjo-song-2
[import] resolve mumford-sons_the-banjo-song-2 窶ｦ
[import] upsert mumford-sons_the-banjo-song-2 video=KbIM97uzGog
[artist-done] mumford-sons cumulative: attempted=505 imported=504 failures=1
[artist] musalini key-import-tasks=1
[artist] musalini _songs.json has 0 songs; using synthetic row for slug=red-eye-2
[import] resolve musalini_red-eye-2 窶ｦ
[import] upsert musalini_red-eye-2 video=uiBKmoPm3ms
[artist-done] musalini cumulative: attempted=506 imported=505 failures=1
[artist] muse key-import-tasks=2
[artist] muse _songs.json has 0 songs; using synthetic row for slug=cryogen-2
[import] resolve muse_cryogen-2 窶ｦ
[import] upsert muse_cryogen-2 video=XVvLRbR4Pa0
[artist] muse _songs.json has 0 songs; using synthetic row for slug=hush-5
[import] resolve muse_hush-5 窶ｦ
[import] upsert muse_hush-5 video=WUlJMCqy9-M
[artist] mustard key-import-tasks=1
[artist-done] muse cumulative: attempted=508 imported=507 failures=1
[artist] mustard _songs.json has 0 songs; using synthetic row for slug=ghetto
[import] resolve mustard_ghetto 窶ｦ
[import] upsert mustard_ghetto video=50ugWtSmWOU
[artist-done] mustard cumulative: attempted=509 imported=508 failures=1
[artist] mxmtoon key-import-tasks=1
[artist] mxmtoon _songs.json has 0 songs; using synthetic row for slug=the-situation
[import] resolve mxmtoon_the-situation 窶ｦ
[import] upsert mxmtoon_the-situation video=EbQQgk3y_A8
[artist-done] mxmtoon cumulative: attempted=510 imported=509 failures=1
[artist] my-chemical-romance key-import-tasks=1
[artist] my-chemical-romance _songs.json has 0 songs; using synthetic row for slug=vampire-money
[import] resolve my-chemical-romance_vampire-money 窶ｦ
[import] upsert my-chemical-romance_vampire-money video=OPS1Qb9ap8A
[artist-done] my-chemical-romance cumulative: attempted=511 imported=510 failures=1
[artist] my-new-band-believe key-import-tasks=1
[artist] my-new-band-believe _songs.json has 0 songs; using synthetic row for slug=numerology
[import] resolve my-new-band-believe_numerology 窶ｦ
[import] upsert my-new-band-believe_numerology video=21zVFKf7vSk
[artist-done] my-new-band-believe cumulative: attempted=512 imported=511 failures=1
[artist] naked-eyes key-import-tasks=3
[artist] naked-eyes _songs.json has 0 songs; using synthetic row for slug=promises-promises-tony-mansfield-12-mix
[import] resolve naked-eyes_promises-promises-tony-mansfield-12-mix 窶ｦ
[import] upsert naked-eyes_promises-promises-tony-mansfield-12-mix video=uNOyqquwUmk
[artist] naked-eyes _songs.json has 0 songs; using synthetic row for slug=sacrifice-arthur-baker-12-mix
[import] resolve naked-eyes_sacrifice-arthur-baker-12-mix 窶ｦ
[import] upsert naked-eyes_sacrifice-arthur-baker-12-mix video=XgYolaqIfHg
[artist] naked-eyes _songs.json has 0 songs; using synthetic row for slug=what-in-the-name-of-love-arthur-baker-12-mix
[import] resolve naked-eyes_what-in-the-name-of-love-arthur-baker-12-mix 窶ｦ
[import] upsert naked-eyes_what-in-the-name-of-love-arthur-baker-12-mix video=yeaPz6iHQjM
[artist-done] naked-eyes cumulative: attempted=515 imported=514 failures=1
[artist] nas key-import-tasks=1
[artist] nas _songs.json has 0 songs; using synthetic row for slug=define-my-name
[import] resolve nas_define-my-name 窶ｦ
[import] upsert nas_define-my-name video=WPF1X58IOFA
[artist-done] nas cumulative: attempted=516 imported=515 failures=1
[artist] neighbourhood key-import-tasks=1
[artist] neighbourhood _songs.json has 0 songs; using synthetic row for slug=private-2
[import] resolve neighbourhood_private-2 窶ｦ
[import] upsert neighbourhood_private-2 video=92u2nAUOkmg
[artist-done] neighbourhood cumulative: attempted=517 imported=516 failures=1
[artist] nekrogoblikon key-import-tasks=1
[artist] nekrogoblikon _songs.json has 0 songs; using synthetic row for slug=dragon-smash-goblin
[import] resolve nekrogoblikon_dragon-smash-goblin 窶ｦ
[import] upsert nekrogoblikon_dragon-smash-goblin video=jfaiSnW23rk
[artist-done] nekrogoblikon cumulative: attempted=518 imported=517 failures=1
[artist] nessa-barrett key-import-tasks=2
[artist] nessa-barrett _songs.json has 0 songs; using synthetic row for slug=buffalo-66
[import] resolve nessa-barrett_buffalo-66 窶ｦ
[import] upsert nessa-barrett_buffalo-66 video=mPFugXvNW1U
[artist] nessa-barrett _songs.json has 0 songs; using synthetic row for slug=does-god-cry-2
[import] resolve nessa-barrett_does-god-cry-2 窶ｦ
[import] upsert nessa-barrett_does-god-cry-2 video=MpGbko4PluQ
[artist-done] nessa-barrett cumulative: attempted=520 imported=519 failures=1
[artist] new-order key-import-tasks=1
[artist] new-order _songs.json has 0 songs; using synthetic row for slug=tutti-frutti
[import] resolve new-order_tutti-frutti 窶ｦ
[import] upsert new-order_tutti-frutti video=ieqGJgqiXFk
[artist-done] new-order cumulative: attempted=521 imported=520 failures=1
[artist] nick-cave-the-bad-seeds key-import-tasks=1
[artist] nick-cave-the-bad-seeds _songs.json has 0 songs; using synthetic row for slug=frogs-2
[import] resolve nick-cave-the-bad-seeds_frogs-2 窶ｦ
[import] upsert nick-cave-the-bad-seeds_frogs-2 video=rNfrLoQdB_E
[artist-done] nick-cave-the-bad-seeds cumulative: attempted=522 imported=521 failures=1
[artist] nick-jonas key-import-tasks=1
[artist] nick-jonas _songs.json has 0 songs; using synthetic row for slug=gut-punch-2
[import] resolve nick-jonas_gut-punch-2 窶ｦ
[import] upsert nick-jonas_gut-punch-2 video=ISId7FbHjxc
[artist-done] nick-jonas cumulative: attempted=523 imported=522 failures=1
[artist] night-tapes key-import-tasks=1
[artist] night-tapes _songs.json has 0 songs; using synthetic row for slug=swim-4
[import] resolve night-tapes_swim-4 窶ｦ
[import] upsert night-tapes_swim-4 video=fnFoxHIUIt4
[artist-done] night-tapes cumulative: attempted=524 imported=523 failures=1
[artist] nightly key-import-tasks=1
[artist] nightly _songs.json has 0 songs; using synthetic row for slug=1989
[import] resolve nightly_1989 窶ｦ
[import] upsert nightly_1989 video=F4ndJUCsHKg
[artist-done] nightly cumulative: attempted=525 imported=524 failures=1
[artist] ninajirachi key-import-tasks=1
[artist] ninajirachi _songs.json has 0 songs; using synthetic row for slug=fuck-my-computer-2
[import] resolve ninajirachi_fuck-my-computer-2 窶ｦ
[import] upsert ninajirachi_fuck-my-computer-2 video=HWl1Tu9oZmY
[artist-done] ninajirachi cumulative: attempted=526 imported=525 failures=1
[artist] nine-inch-nails key-import-tasks=1
[artist] nine-inch-nails _songs.json has 0 songs; using synthetic row for slug=head-like-a-hole-2
[import] resolve nine-inch-nails_head-like-a-hole-2 窶ｦ
[import] upsert nine-inch-nails_head-like-a-hole-2 video=ao-Sahfy7Hg
[artist-done] nine-inch-nails cumulative: attempted=527 imported=526 failures=1
[artist] no-rome key-import-tasks=1
[artist] no-rome _songs.json has 0 songs; using synthetic row for slug=spinning
[import] resolve no-rome_spinning 窶ｦ
[import] upsert no-rome_spinning video=ql4wn9M0fho
[artist-done] no-rome cumulative: attempted=528 imported=527 failures=1
[artist] noah-kahan key-import-tasks=1
[artist] noah-kahan _songs.json has 0 songs; using synthetic row for slug=the-great-divide-3
[import] resolve noah-kahan_the-great-divide-3 窶ｦ
[import] upsert noah-kahan_the-great-divide-3 video=SKs80r2Lp34
[artist-done] noah-kahan cumulative: attempted=529 imported=528 failures=1
[artist] noel-gallaghers-high-flying-birds key-import-tasks=1
[artist] noel-gallaghers-high-flying-birds _songs.json has 0 songs; using synthetic row for slug=pretty-boy-robert-smith-remix
[import] resolve noel-gallaghers-high-flying-birds_pretty-boy-robert-smith-remix 窶ｦ
[import] upsert noel-gallaghers-high-flying-birds_pretty-boy-robert-smith-remix video=KBMjCzA8ayY
[artist-done] noel-gallaghers-high-flying-birds cumulative: attempted=530 imported=529 failures=1
[artist] nxworries key-import-tasks=1
[artist] nxworries _songs.json has 0 songs; using synthetic row for slug=where-i-go-feat
[import] resolve nxworries_where-i-go-feat 窶ｦ
[import] upsert nxworries_where-i-go-feat video=#NAME?
[artist-done] nxworries cumulative: attempted=531 imported=530 failures=1
[artist] oasis key-import-tasks=3
[artist] oasis _songs.json has 0 songs; using synthetic row for slug=acquiesce-2
[import] resolve oasis_acquiesce-2 窶ｦ
[import] upsert oasis_acquiesce-2 video=cggevmH5LCM
[artist] oasis _songs.json has 0 songs; using synthetic row for slug=live-forever-monnow-valley-version
[import] resolve oasis_live-forever-monnow-valley-version 窶ｦ
[import] upsert oasis_live-forever-monnow-valley-version video=pmPEsZHosh0
[artist] oasis _songs.json has 0 songs; using synthetic row for slug=whatever-4k-with-remastered-audio
[import] resolve oasis_whatever-4k-with-remastered-audio 窶ｦ
[import] upsert oasis_whatever-4k-with-remastered-audio video=h_8kEmOtkZo
[artist-done] oasis cumulative: attempted=534 imported=533 failures=1
[artist] ofenbach key-import-tasks=1
[artist] ofenbach _songs.json has 0 songs; using synthetic row for slug=miles-away-2
[import] resolve ofenbach_miles-away-2 窶ｦ
[import] upsert ofenbach_miles-away-2 video=FUo-g8GW6Z8
[artist-done] ofenbach cumulative: attempted=535 imported=534 failures=1
[artist] offset key-import-tasks=2
[artist] offset _songs.json has 0 songs; using synthetic row for slug=different-species
[import] resolve offset_different-species 窶ｦ
[import] upsert offset_different-species video=rmr6iqID2d4
[artist] offset _songs.json has 0 songs; using synthetic row for slug=different-species-2
[import] resolve offset_different-species-2 窶ｦ
[import] upsert offset_different-species-2 video=HhoA5qPEP0E
[artist-done] offset cumulative: attempted=537 imported=536 failures=1
[artist] offspring key-import-tasks=1
[artist] offspring _songs.json has 0 songs; using synthetic row for slug=smash-it-up
[import] resolve offspring_smash-it-up 窶ｦ
[import] upsert offspring_smash-it-up video=#NAME?
[artist-done] offspring cumulative: attempted=538 imported=537 failures=1
[artist] old-flame key-import-tasks=2
[artist] old-flame _songs.json has 0 songs; using synthetic row for slug=pray
[import] resolve old-flame_pray 窶ｦ
[import] upsert old-flame_pray video=nD_0vXVa-oY
[artist] old-flame _songs.json has 0 songs; using synthetic row for slug=thank-you-for-the-patience
[import] resolve old-flame_thank-you-for-the-patience 窶ｦ
[import] upsert old-flame_thank-you-for-the-patience video=sjtPorYM6e0
[artist-done] old-flame cumulative: attempted=540 imported=539 failures=1
[artist] olivia-dean key-import-tasks=2
[artist] olivia-dean _songs.json has 0 songs; using synthetic row for slug=be-my-own-boyfriend-2
[import] resolve olivia-dean_be-my-own-boyfriend-2 窶ｦ
[import] upsert olivia-dean_be-my-own-boyfriend-2 video=COYkXwMc4ck
[artist] olivia-dean _songs.json has 0 songs; using synthetic row for slug=messy-3
[import] resolve olivia-dean_messy-3 窶ｦ
[import] upsert olivia-dean_messy-3 video=Xtp503oxbiM
[artist-done] olivia-dean cumulative: attempted=542 imported=541 failures=1
[artist] olly-alexander key-import-tasks=1
[artist] olly-alexander _songs.json has 0 songs; using synthetic row for slug=cupids-bow-2
[import] resolve olly-alexander_cupids-bow-2 窶ｦ
[import] upsert olly-alexander_cupids-bow-2 video=hgzLmyVeCUE
[artist-done] olly-alexander cumulative: attempted=543 imported=542 failures=1
[artist] onerepublic key-import-tasks=1
[artist] onerepublic _songs.json has 0 songs; using synthetic row for slug=if-i-lose-myself-2
[import] resolve onerepublic_if-i-lose-myself-2 窶ｦ
[import] upsert onerepublic_if-i-lose-myself-2 video=TGx0rApSk6w
[artist-done] onerepublic cumulative: attempted=544 imported=543 failures=1
[artist] orbital key-import-tasks=1
[artist] orbital _songs.json has 0 songs; using synthetic row for slug=halcyon-long-version
[import] resolve orbital_halcyon-long-version 窶ｦ
[import] upsert orbital_halcyon-long-version video=xFAwPUFuMfI
[artist-done] orbital cumulative: attempted=545 imported=544 failures=1
[artist] owl-city key-import-tasks=1
[artist] owl-city _songs.json has 0 songs; using synthetic row for slug=fireflies-lexurus-remix
[import] resolve owl-city_fireflies-lexurus-remix 窶ｦ
[import] upsert owl-city_fireflies-lexurus-remix video=gFWGjrPrsNc
[artist-done] owl-city cumulative: attempted=546 imported=545 failures=1
[artist] papa-roach key-import-tasks=3
[artist] papa-roach _songs.json has 0 songs; using synthetic row for slug=braindead
[import] resolve papa-roach_braindead 窶ｦ
[import] upsert papa-roach_braindead video=C0pkWdijSAM
[artist] papa-roach _songs.json has 0 songs; using synthetic row for slug=braindead-3
[import] resolve papa-roach_braindead-3 窶ｦ
[import] upsert papa-roach_braindead-3 video=O3TwQqgpyKk
[artist] papa-roach _songs.json has 0 songs; using synthetic row for slug=wake-up-calling-2
[import] resolve papa-roach_wake-up-calling-2 窶ｦ
[import] upsert papa-roach_wake-up-calling-2 video=-z32Aar4Bz4
[artist-done] papa-roach cumulative: attempted=549 imported=548 failures=1
[artist] paramore key-import-tasks=1
[artist] paramore _songs.json has 0 songs; using synthetic row for slug=sanity-3
[import] resolve paramore_sanity-3 窶ｦ
[import] upsert paramore_sanity-3 video=muC8QiGiY1w
[artist-done] paramore cumulative: attempted=550 imported=549 failures=1
[artist] passenger key-import-tasks=1
[artist] passenger _songs.json has 0 songs; using synthetic row for slug=let-her-go-2
[import] resolve passenger_let-her-go-2 窶ｦ
[import] upsert passenger_let-her-go-2 video=HTcL9WkB_wg
[artist-done] passenger cumulative: attempted=551 imported=550 failures=1
[artist] patti-smith key-import-tasks=1
[artist] patti-smith _songs.json has 0 songs; using synthetic row for slug=sometimes-love-just-aint-enough
[import] resolve patti-smith_sometimes-love-just-aint-enough 窶ｦ
[import] upsert patti-smith_sometimes-love-just-aint-enough video=qdzbjUWu2VU
[artist-done] patti-smith cumulative: attempted=552 imported=551 failures=1
[artist] paul-mccartney key-import-tasks=1
[artist] paul-mccartney _songs.json has 0 songs; using synthetic row for slug=say-say-say
[import] resolve paul-mccartney_say-say-say 窶ｦ
[import] upsert paul-mccartney_say-say-say video=iSRbINhFqGE
[artist-done] paul-mccartney cumulative: attempted=553 imported=552 failures=1
[artist] paul-wall key-import-tasks=4
[artist] paul-wall _songs.json has 0 songs; using synthetic row for slug=blantons-tonite
[import] resolve paul-wall_blantons-tonite 窶ｦ
[import] upsert paul-wall_blantons-tonite video=6MMbZYbb_F4
[artist] paul-wall _songs.json has 0 songs; using synthetic row for slug=get-the-paper
[import] resolve paul-wall_get-the-paper 窶ｦ
[import] upsert paul-wall_get-the-paper video=b1aMJGpfbLE
[artist] paul-wall _songs.json has 0 songs; using synthetic row for slug=its-necessary
[import] resolve paul-wall_its-necessary 窶ｦ
[import] upsert paul-wall_its-necessary video=DwfA--2WIQM
[artist] paul-wall _songs.json has 0 songs; using synthetic row for slug=riding
[import] resolve paul-wall_riding 窶ｦ
[import] upsert paul-wall_riding video=PY6iDZy48qM
[artist-done] paul-wall cumulative: attempted=557 imported=556 failures=1
[artist] peach-tree-rascals key-import-tasks=1
[artist] peach-tree-rascals _songs.json has 0 songs; using synthetic row for slug=i-need-that-2
[import] resolve peach-tree-rascals_i-need-that-2 窶ｦ
[import] upsert peach-tree-rascals_i-need-that-2 video=8A_FFyrevrI
[artist-done] peach-tree-rascals cumulative: attempted=558 imported=557 failures=1
[artist] pebbles key-import-tasks=1
[artist] pebbles _songs.json has 0 songs; using synthetic row for slug=love-makes-things-happen
[import] resolve pebbles_love-makes-things-happen 窶ｦ
[import] upsert pebbles_love-makes-things-happen video=5egURt6AKPk
[artist-done] pebbles cumulative: attempted=559 imported=558 failures=1
[artist] peggy-gou key-import-tasks=3
[artist] peggy-gou _songs.json has 0 songs; using synthetic row for slug=i-go-soulwax-remix
[import] resolve peggy-gou_i-go-soulwax-remix 窶ｦ
[import] upsert peggy-gou_i-go-soulwax-remix video=jqLVlYc47GM
[artist] peggy-gou _songs.json has 0 songs; using synthetic row for slug=it-goes-like-nanana-dj-dark-remix
[import] resolve peggy-gou_it-goes-like-nanana-dj-dark-remix 窶ｦ
[import] upsert peggy-gou_it-goes-like-nanana-dj-dark-remix video=hQ-rx3TPH2g
[artist] peggy-gou _songs.json has 0 songs; using synthetic row for slug=wo-man
[import] resolve peggy-gou_wo-man 窶ｦ
[import] upsert peggy-gou_wo-man video=CLkV6Se8JLk
[artist-done] peggy-gou cumulative: attempted=562 imported=561 failures=1
[artist] pendulum key-import-tasks=2
[artist] pendulum _songs.json has 0 songs; using synthetic row for slug=colourfast-2
[import] resolve pendulum_colourfast-2 窶ｦ
[import] upsert pendulum_colourfast-2 video=rIbmZSvyU_4
[artist] pendulum _songs.json has 0 songs; using synthetic row for slug=sound-of-you
[import] resolve pendulum_sound-of-you 窶ｦ
[import] upsert pendulum_sound-of-you video=UkALtin4Lf4
[artist-done] pendulum cumulative: attempted=564 imported=563 failures=1
[artist] pet-shop-boys key-import-tasks=2
[artist] pet-shop-boys _songs.json has 0 songs; using synthetic row for slug=west-end-girls-new-lockdown-version
[import] resolve pet-shop-boys_west-end-girls-new-lockdown-version 窶ｦ
[import] upsert pet-shop-boys_west-end-girls-new-lockdown-version video=YRNJ9GbNULM
[artist] pet-shop-boys _songs.json has 0 songs; using synthetic row for slug=yesterday-when-i-was-mad
[import] resolve pet-shop-boys_yesterday-when-i-was-mad 窶ｦ
[import] upsert pet-shop-boys_yesterday-when-i-was-mad video=jS0fsoyrFg4
[artist-done] pet-shop-boys cumulative: attempted=566 imported=565 failures=1
[artist] peter-gabriel key-import-tasks=2
[artist] peter-gabriel _songs.json has 0 songs; using synthetic row for slug=dont-give-up
[import] resolve peter-gabriel_dont-give-up 窶ｦ
[import] upsert peter-gabriel_dont-give-up video=VjEq-r2agqc
[artist] peter-gabriel _songs.json has 0 songs; using synthetic row for slug=four-kinds-of-horses-2
[import] resolve peter-gabriel_four-kinds-of-horses-2 窶ｦ
[import] upsert peter-gabriel_four-kinds-of-horses-2 video=xX5Tv6ThxKE
[artist-done] peter-gabriel cumulative: attempted=568 imported=567 failures=1
[artist] phil-collins key-import-tasks=1
[artist] phil-collins _songs.json has 0 songs; using synthetic row for slug=in-the-air-tonight2
[import] resolve phil-collins_in-the-air-tonight2 窶ｦ
[import] upsert phil-collins_in-the-air-tonight2 video=X9015HGcGOY
[artist-done] phil-collins cumulative: attempted=569 imported=568 failures=1
[artist] phoebe-bridgers key-import-tasks=1
[artist] phoebe-bridgers _songs.json has 0 songs; using synthetic row for slug=lost-boys-2
[import] resolve phoebe-bridgers_lost-boys-2 窶ｦ
[import] upsert phoebe-bridgers_lost-boys-2 video=4KXnboPN1p4
[artist-done] phoebe-bridgers cumulative: attempted=570 imported=569 failures=1
[artist] phoenix key-import-tasks=1
[artist] phoenix _songs.json has 0 songs; using synthetic row for slug=trying-to-be-cool-breakbot-remix
[import] resolve phoenix_trying-to-be-cool-breakbot-remix 窶ｦ
[import] upsert phoenix_trying-to-be-cool-breakbot-remix video=KDg2VxRN7iw
[artist-done] phoenix cumulative: attempted=571 imported=570 failures=1
[artist] pierce-the-veil key-import-tasks=1
[artist] pierce-the-veil _songs.json has 0 songs; using synthetic row for slug=karma-police-3
[import] resolve pierce-the-veil_karma-police-3 窶ｦ
[import] upsert pierce-the-veil_karma-police-3 video=tO3pgGjXZPA
[artist-done] pierce-the-veil cumulative: attempted=572 imported=571 failures=1
[artist] pineapple-thief key-import-tasks=1
[artist] pineapple-thief _songs.json has 0 songs; using synthetic row for slug=hold-the-ashes
[import] resolve pineapple-thief_hold-the-ashes 窶ｦ
[import] upsert pineapple-thief_hold-the-ashes video=IkjXCyO0fi4
[artist-done] pineapple-thief cumulative: attempted=573 imported=572 failures=1
[artist] pinkpantheress key-import-tasks=2
[artist] pinkpantheress _songs.json has 0 songs; using synthetic row for slug=nice-to-meet-you
[import] resolve pinkpantheress_nice-to-meet-you 窶ｦ
[import] upsert pinkpantheress_nice-to-meet-you video=eiPX0qqT_Nk
[artist] pinkpantheress _songs.json has 0 songs; using synthetic row for slug=stateside-2
[import] resolve pinkpantheress_stateside-2 窶ｦ
[import] upsert pinkpantheress_stateside-2 video=lIxQe1R5hs0
[artist-done] pinkpantheress cumulative: attempted=575 imported=574 failures=1
[artist] piri-tommy key-import-tasks=4
[artist] piri-tommy _songs.json has 0 songs; using synthetic row for slug=someone-3
[import] resolve piri-tommy_someone-3 窶ｦ
[import] upsert piri-tommy_someone-3 video=H4hd93padu4
[artist] piri-tommy _songs.json has 0 songs; using synthetic row for slug=someone-4
[import] resolve piri-tommy_someone-4 窶ｦ
[import] upsert piri-tommy_someone-4 video=H4hd93padu4
[artist] piri-tommy _songs.json has 0 songs; using synthetic row for slug=someone-5
[import] resolve piri-tommy_someone-5 窶ｦ
[import] upsert piri-tommy_someone-5 video=H4hd93padu4
[artist] piri-tommy _songs.json has 0 songs; using synthetic row for slug=someone-7
[import] resolve piri-tommy_someone-7 窶ｦ
[import] upsert piri-tommy_someone-7 video=H4hd93padu4
[artist-done] piri-tommy cumulative: attempted=579 imported=578 failures=1
[artist] pj-harvey key-import-tasks=1
[artist] pj-harvey _songs.json has 0 songs; using synthetic row for slug=voyager
[import] resolve pj-harvey_voyager 窶ｦ
[import] upsert pj-harvey_voyager video=XzCjzFsGl_c
[artist-done] pj-harvey cumulative: attempted=580 imported=579 failures=1
[artist] pnau key-import-tasks=1
[artist] pnau _songs.json has 0 songs; using synthetic row for slug=nirvana-2
[import] resolve pnau_nirvana-2 窶ｦ
[import] upsert pnau_nirvana-2 video=r-E56ywq0Us
[artist] pooh-shiesty key-import-tasks=2
[artist-done] pnau cumulative: attempted=581 imported=580 failures=1
[artist] pooh-shiesty _songs.json has 0 songs; using synthetic row for slug=back-in-blood
[import] resolve pooh-shiesty_back-in-blood 窶ｦ
[import] upsert pooh-shiesty_back-in-blood video=0-Tm65i96TY
[artist] pooh-shiesty _songs.json has 0 songs; using synthetic row for slug=fdo
[import] resolve pooh-shiesty_fdo 窶ｦ
[import] upsert pooh-shiesty_fdo video=MPuK06zUIhc
[artist-done] pooh-shiesty cumulative: attempted=583 imported=582 failures=1
[artist] poppy key-import-tasks=1
[artist] poppy _songs.json has 0 songs; using synthetic row for slug=the-cost-of-giving-up-2
[import] resolve poppy_the-cost-of-giving-up-2 窶ｦ
[import] upsert poppy_the-cost-of-giving-up-2 video=NEDot7WkQHY
[artist-done] poppy cumulative: attempted=584 imported=583 failures=1
[artist] porter-robinson key-import-tasks=1
[artist] porter-robinson _songs.json has 0 songs; using synthetic row for slug=hollowheart
[import] resolve porter-robinson_hollowheart 窶ｦ
[import] upsert porter-robinson_hollowheart video=bdXPhRj10jQ
[artist-done] porter-robinson cumulative: attempted=585 imported=584 failures=1
[artist] post-malone key-import-tasks=1
[artist] post-malone _songs.json has 0 songs; using synthetic row for slug=sorry-i-like-you
[import] resolve post-malone_sorry-i-like-you 窶ｦ
[import] upsert post-malone_sorry-i-like-you video=jO15O4Ty1Sc
[artist-done] post-malone cumulative: attempted=586 imported=585 failures=1
[artist] pretenders key-import-tasks=6
[artist] pretenders _songs.json has 0 songs; using synthetic row for slug=back-on-the-chain-gang
[import] resolve pretenders_back-on-the-chain-gang 窶ｦ
[import] upsert pretenders_back-on-the-chain-gang video=cMOKamtpUA8
[artist] pretenders _songs.json has 0 songs; using synthetic row for slug=brass-in-pocket
[import] resolve pretenders_brass-in-pocket 窶ｦ
[import] upsert pretenders_brass-in-pocket video=0H6re3PCP3E
[artist] pretenders _songs.json has 0 songs; using synthetic row for slug=dont-get-me-wrong
[import] resolve pretenders_dont-get-me-wrong 窶ｦ
[import] upsert pretenders_dont-get-me-wrong video=qbAab1hTxN4
[artist] pretenders _songs.json has 0 songs; using synthetic row for slug=ill-stand-by-you
[import] resolve pretenders_ill-stand-by-you 窶ｦ
[import] upsert pretenders_ill-stand-by-you video=nobHZ3nOp38
[artist] pretenders _songs.json has 0 songs; using synthetic row for slug=let-the-sun-come-in
[import] resolve pretenders_let-the-sun-come-in 窶ｦ
[import] upsert pretenders_let-the-sun-come-in video=ocb4KkliFXc
[artist] pretenders _songs.json has 0 songs; using synthetic row for slug=the-buzz
[import] resolve pretenders_the-buzz 窶ｦ
[import] upsert pretenders_the-buzz video=wlekpdXx2wc
[artist-done] pretenders cumulative: attempted=592 imported=591 failures=1
[artist] pretty-reckless key-import-tasks=1
[artist] pretty-reckless _songs.json has 0 songs; using synthetic row for slug=eye-of-the-storm-3
[import] resolve pretty-reckless_eye-of-the-storm-3 窶ｦ
[import] upsert pretty-reckless_eye-of-the-storm-3 video=LoVaj7jYZDo
[artist-done] pretty-reckless cumulative: attempted=593 imported=592 failures=1
[artist] prince key-import-tasks=3
[artist] prince _songs.json has 0 songs; using synthetic row for slug=cinnamon-girl-2
[import] resolve prince_cinnamon-girl-2 窶ｦ
[import] upsert prince_cinnamon-girl-2 video=eGjTc7iIJbg
[artist] prince _songs.json has 0 songs; using synthetic row for slug=pop-life-extended-version
[import] resolve prince_pop-life-extended-version 窶ｦ
[import] upsert prince_pop-life-extended-version video=5gI9vK9HvV4
[artist] prince _songs.json has 0 songs; using synthetic row for slug=take-me-with-u
[import] resolve prince_take-me-with-u 窶ｦ
[import] upsert prince_take-me-with-u video=v5HuK6u1eJw
[artist-done] prince cumulative: attempted=596 imported=595 failures=1
[artist] prof key-import-tasks=1
[artist] prof _songs.json has 0 songs; using synthetic row for slug=good-time-boy
[import] resolve prof_good-time-boy 窶ｦ
[import] upsert prof_good-time-boy video=fPEWoGlir0o
[artist-done] prof cumulative: attempted=597 imported=596 failures=1
[artist] purple-disco-machine key-import-tasks=1
[artist] purple-disco-machine _songs.json has 0 songs; using synthetic row for slug=supernature-mmxxv
[import] resolve purple-disco-machine_supernature-mmxxv 窶ｦ
[import] upsert purple-disco-machine_supernature-mmxxv video=swm_q6gUS38
[artist-done] purple-disco-machine cumulative: attempted=598 imported=597 failures=1
[artist] pvris key-import-tasks=2
[artist] pvris _songs.json has 0 songs; using synthetic row for slug=gimme-a-minute
[import] resolve pvris_gimme-a-minute 窶ｦ
[import] upsert pvris_gimme-a-minute video=#NAME?
[artist] pvris _songs.json has 0 songs; using synthetic row for slug=old-wounds
[import] resolve pvris_old-wounds 窶ｦ
[import] upsert pvris_old-wounds video=#NAME?
[artist-done] pvris cumulative: attempted=600 imported=599 failures=1
[artist] queen key-import-tasks=1
[artist] queen _songs.json has 0 songs; using synthetic row for slug=one-vision
[import] resolve queen_one-vision 窶ｦ
[import] upsert queen_one-vision video=#NAME?
[artist-done] queen cumulative: attempted=601 imported=600 failures=1
[artist] radiator key-import-tasks=1
[artist] radiator _songs.json has 0 songs; using synthetic row for slug=the-radiator
[import] resolve radiator_the-radiator 窶ｦ
[import] upsert radiator_the-radiator video=IDwmxAEFEoE
[artist-done] radiator cumulative: attempted=602 imported=601 failures=1
[artist] randa-the-soul-kingdom key-import-tasks=1
[artist] randa-the-soul-kingdom _songs.json has 0 songs; using synthetic row for slug=feel-it-in-your-soul-2
[import] resolve randa-the-soul-kingdom_feel-it-in-your-soul-2 窶ｦ
[import] upsert randa-the-soul-kingdom_feel-it-in-your-soul-2 video=igolFVREsBU
[artist-done] randa-the-soul-kingdom cumulative: attempted=603 imported=602 failures=1
[artist] ravyn-lenae key-import-tasks=1
[artist] ravyn-lenae _songs.json has 0 songs; using synthetic row for slug=handle-2
[import] resolve ravyn-lenae_handle-2 窶ｦ
[import] upsert ravyn-lenae_handle-2 video=e2MS5f3Mnn8
[artist-done] ravyn-lenae cumulative: attempted=604 imported=603 failures=1
[artist] raye key-import-tasks=1
[artist] raye _songs.json has 0 songs; using synthetic row for slug=skin-bones
[import] resolve raye_skin-bones 窶ｦ
[import] upsert raye_skin-bones video=J7f7evuZJ8A
[artist-done] raye cumulative: attempted=605 imported=604 failures=1
[artist] reggie key-import-tasks=1
[artist] reggie _songs.json has 0 songs; using synthetic row for slug=take-whats-given
[import] resolve reggie_take-whats-given 窶ｦ
[import] upsert reggie_take-whats-given video=Fk4hzxy7NkA
[artist-done] reggie cumulative: attempted=606 imported=605 failures=1
[artist] regrettes key-import-tasks=1
[artist] regrettes _songs.json has 0 songs; using synthetic row for slug=pumpkin
[import] resolve regrettes_pumpkin 窶ｦ
[import] upsert regrettes_pumpkin video=#NAME?
[artist-done] regrettes cumulative: attempted=607 imported=606 failures=1
[artist] rem _songs.json has 0 songs; using synthetic row for slug=alligator_aviator_autopilot_antimatter
[artist] rem key-import-tasks=5
[import] resolve rem_alligator_aviator_autopilot_antimatter 窶ｦ
[import] upsert rem_alligator_aviator_autopilot_antimatter video=PqGTXL10l-w
[artist] rem _songs.json has 0 songs; using synthetic row for slug=blue-2
[import] resolve rem_blue-2 窶ｦ
[import] upsert rem_blue-2 video=GvI_U8PJ-4Q
[artist] rem _songs.json has 0 songs; using synthetic row for slug=drive-4
[import] resolve rem_drive-4 窶ｦ
[import] upsert rem_drive-4 video=#NAME?
[artist] rem _songs.json has 0 songs; using synthetic row for slug=e-bow-the-letter
[import] resolve rem_e-bow-the-letter 窶ｦ
[import] upsert rem_e-bow-the-letter video=5cnIQHJ169s
[artist] rem _songs.json has 0 songs; using synthetic row for slug=shiny-happy-people
[import] resolve rem_shiny-happy-people 窶ｦ
[import] upsert rem_shiny-happy-people video=YYOKMUTTDdA
[artist-done] rem cumulative: attempted=612 imported=611 failures=1
[artist] rika key-import-tasks=1
[artist] rika _songs.json has 0 songs; using synthetic row for slug=hooked
[import] resolve rika_hooked 窶ｦ
[import] upsert rika_hooked video=Ej5PnAbqFDY
[artist-done] rika cumulative: attempted=613 imported=612 failures=1
[artist] rita-ora key-import-tasks=1
[artist] rita-ora _songs.json has 0 songs; using synthetic row for slug=all-natural-2
[import] resolve rita-ora_all-natural-2 窶ｦ
[import] upsert rita-ora_all-natural-2 video=4qVOMGNrVC4
[artist-done] rita-ora cumulative: attempted=614 imported=613 failures=1
[artist] rob-zombie key-import-tasks=1
[artist] rob-zombie _songs.json has 0 songs; using synthetic row for slug=tarantula
[import] resolve rob-zombie_tarantula 窶ｦ
[import] upsert rob-zombie_tarantula video=bTEwpGrigPw
[artist-done] rob-zombie cumulative: attempted=615 imported=614 failures=1
[artist] robin-schulz key-import-tasks=3
[artist] robin-schulz _songs.json has 0 songs; using synthetic row for slug=better-times
[import] resolve robin-schulz_better-times 窶ｦ
[import] upsert robin-schulz_better-times video=Q9pQ1eCYLyw
[artist] robin-schulz _songs.json has 0 songs; using synthetic row for slug=million-good-reasons
[import] resolve robin-schulz_million-good-reasons 窶ｦ
[import] upsert robin-schulz_million-good-reasons video=c5c9_94WxHs
[artist] robin-schulz _songs.json has 0 songs; using synthetic row for slug=world-gone-wild
[import] resolve robin-schulz_world-gone-wild 窶ｦ
[import] upsert robin-schulz_world-gone-wild video=TDobuoZVPfQ
[artist-done] robin-schulz cumulative: attempted=618 imported=617 failures=1
[artist] robyn key-import-tasks=2
[artist] robyn _songs.json has 0 songs; using synthetic row for slug=really-real
[import] resolve robyn_really-real 窶ｦ
[import] upsert robyn_really-real video=hBw8jHk1c9k
[artist] robyn _songs.json has 0 songs; using synthetic row for slug=sucker-for-love-2
[import] resolve robyn_sucker-for-love-2 窶ｦ
[import] upsert robyn_sucker-for-love-2 video=uzf2OP1mvHY
[artist-done] robyn cumulative: attempted=620 imported=619 failures=1
[artist] rod-stewart key-import-tasks=2
[artist] rod-stewart _songs.json has 0 songs; using synthetic row for slug=rod-stewart-dnce-da-ya-think-im-sexy
[import] resolve rod-stewart_rod-stewart-dnce-da-ya-think-im-sexy 窶ｦ
[import] upsert rod-stewart_rod-stewart-dnce-da-ya-think-im-sexy video=Nx-upnybjGs
[artist] rod-stewart _songs.json has 0 songs; using synthetic row for slug=rod-stewart-everybody-hurts
[import] resolve rod-stewart_rod-stewart-everybody-hurts 窶ｦ
[import] upsert rod-stewart_rod-stewart-everybody-hurts video=RD3RtRmtSA8
[artist] rod-wave key-import-tasks=1
[artist-done] rod-stewart cumulative: attempted=622 imported=621 failures=1
[artist] rod-wave _songs.json has 0 songs; using synthetic row for slug=rags2riches-2
[import] resolve rod-wave_rags2riches-2 窶ｦ
[import] upsert rod-wave_rags2riches-2 video=A2mJSG0L9U0
[artist-done] rod-wave cumulative: attempted=623 imported=622 failures=1
[artist] rolling-stones key-import-tasks=1
[artist] rolling-stones _songs.json has 0 songs; using synthetic row for slug=jealous-lover
[import] resolve rolling-stones_jealous-lover 窶ｦ
[import] upsert rolling-stones_jealous-lover video=0IOL-vfkpJM
[artist-done] rolling-stones cumulative: attempted=624 imported=623 failures=1
[artist] rostam key-import-tasks=1
[artist] rostam _songs.json has 0 songs; using synthetic row for slug=hardy
[import] resolve rostam_hardy 窶ｦ
[import] upsert rostam_hardy video=YRnST8QfH4A
[artist-done] rostam cumulative: attempted=625 imported=624 failures=1
[artist] rufus key-import-tasks=9
[artist] rufus _songs.json has 0 songs; using synthetic row for slug=any-love
[import] resolve rufus_any-love 窶ｦ
[import] upsert rufus_any-love video=opvfotohSMg
[artist] rufus _songs.json has 0 songs; using synthetic row for slug=at-midnight-2
[import] resolve rufus_at-midnight-2 窶ｦ
[import] upsert rufus_at-midnight-2 video=NoeWH0yOi4Q
[artist] rufus _songs.json has 0 songs; using synthetic row for slug=dance-wit-me
[import] resolve rufus_dance-wit-me 窶ｦ
[import] upsert rufus_dance-wit-me video=m9g5tIHQXEk
[artist] rufus _songs.json has 0 songs; using synthetic row for slug=hollywood-3
[import] resolve rufus_hollywood-3 窶ｦ
[import] upsert rufus_hollywood-3 video=bCBf93bO898
[artist] rufus _songs.json has 0 songs; using synthetic row for slug=one-million-kisses
[import] resolve rufus_one-million-kisses 窶ｦ
[import] upsert rufus_one-million-kisses video=xT9_TplWStA
[artist] rufus _songs.json has 0 songs; using synthetic row for slug=please-pardon-me-you-remind-me-of-a-friend
[import] resolve rufus_please-pardon-me-you-remind-me-of-a-friend 窶ｦ
[import] upsert rufus_please-pardon-me-you-remind-me-of-a-friend video=yNSiB4zZGc0
[artist] rufus _songs.json has 0 songs; using synthetic row for slug=stop-on-by
[import] resolve rufus_stop-on-by 窶ｦ
[import] upsert rufus_stop-on-by video=Be6RyTPT9fI
[artist] rufus _songs.json has 0 songs; using synthetic row for slug=sweet-thing
[import] resolve rufus_sweet-thing 窶ｦ
[import] upsert rufus_sweet-thing video=N_qasjqcpjw
[artist] rufus _songs.json has 0 songs; using synthetic row for slug=tell-me-something-good
[import] resolve rufus_tell-me-something-good 窶ｦ
[import] upsert rufus_tell-me-something-good video=vuDCi5neNMM
[artist-done] rufus cumulative: attempted=634 imported=633 failures=1
[artist] saint-pnhx _songs.json has 0 songs; using synthetic row for slug=happy-place
[artist] saint-pnhx key-import-tasks=1
[import] resolve saint-pnhx_happy-place 窶ｦ
[import] upsert saint-pnhx_happy-place video=2F4VCeuV898
[artist-done] saint-pnhx cumulative: attempted=635 imported=634 failures=1
[artist] saturday-night-band key-import-tasks=1
[artist] saturday-night-band _songs.json has 0 songs; using synthetic row for slug=lets-make-it-a-party-2
[import] resolve saturday-night-band_lets-make-it-a-party-2 窶ｦ
[import] upsert saturday-night-band_lets-make-it-a-party-2 video=8cvI4Yx5qfc
[artist-done] saturday-night-band cumulative: attempted=636 imported=635 failures=1
[artist] saweetie key-import-tasks=2
[artist] saweetie _songs.json has 0 songs; using synthetic row for slug=boffum-2
[import] resolve saweetie_boffum-2 窶ｦ
[import] upsert saweetie_boffum-2 video=2BMZNs_BQDo
[artist] saweetie _songs.json has 0 songs; using synthetic row for slug=closer-6
[import] resolve saweetie_closer-6 窶ｦ
[import] upsert saweetie_closer-6 video=QgzHAkoScJk
[artist-done] saweetie cumulative: attempted=638 imported=637 failures=1
[artist] seb-lowe key-import-tasks=1
[artist] seb-lowe _songs.json has 0 songs; using synthetic row for slug=dont-say-no-to-hitler
[import] resolve seb-lowe_dont-say-no-to-hitler 窶ｦ
[import] upsert seb-lowe_dont-say-no-to-hitler video=jmjLNDobZqM
[artist-done] seb-lowe cumulative: attempted=639 imported=638 failures=1
[artist] sebastian-bach key-import-tasks=2
[artist] sebastian-bach _songs.json has 0 songs; using synthetic row for slug=what-do-i-got-to-lose
[import] resolve sebastian-bach_what-do-i-got-to-lose 窶ｦ
[import] upsert sebastian-bach_what-do-i-got-to-lose video=6wRLuG7tahc
[artist] sebastian-bach _songs.json has 0 songs; using synthetic row for slug=what-do-i-got-to-lose-3
[import] resolve sebastian-bach_what-do-i-got-to-lose-3 窶ｦ
[import] upsert sebastian-bach_what-do-i-got-to-lose-3 video=OcmrfbjbJBw
[artist-done] sebastian-bach cumulative: attempted=641 imported=640 failures=1
[artist] sentinel key-import-tasks=1
[artist] sentinel _songs.json has 0 songs; using synthetic row for slug=interstellar
[import] resolve sentinel_interstellar 窶ｦ
[import] upsert sentinel_interstellar video=HY0_sPUr1wk
[artist-done] sentinel cumulative: attempted=642 imported=641 failures=1
[artist] seven-lions key-import-tasks=1
[artist] seven-lions _songs.json has 0 songs; using synthetic row for slug=by-the-light-of-the-moon
[import] resolve seven-lions_by-the-light-of-the-moon 窶ｦ
[import] upsert seven-lions_by-the-light-of-the-moon video=5-4yJfjApYo
[artist-done] seven-lions cumulative: attempted=643 imported=642 failures=1
[artist] shinedown key-import-tasks=1
[artist] shinedown _songs.json has 0 songs; using synthetic row for slug=safe-and-sound-2
[import] resolve shinedown_safe-and-sound-2 窶ｦ
[import] upsert shinedown_safe-and-sound-2 video=6Jwoiy1Z6hI
[artist-done] shinedown cumulative: attempted=644 imported=643 failures=1
[artist] sigma key-import-tasks=1
[artist] sigma _songs.json has 0 songs; using synthetic row for slug=need-u-now
[import] resolve sigma_need-u-now 窶ｦ
[import] upsert sigma_need-u-now video=cLWIZ8biQOo
[artist-done] sigma cumulative: attempted=645 imported=644 failures=1
[artist] sinner key-import-tasks=1
[artist] sinner _songs.json has 0 songs; using synthetic row for slug=leave-it-all-behind
[import] resolve sinner_leave-it-all-behind 窶ｦ
[import] upsert sinner_leave-it-all-behind video=Byy66F93jes
[artist-done] sinner cumulative: attempted=646 imported=645 failures=1
[artist] sir key-import-tasks=2
[artist] sir _songs.json has 0 songs; using synthetic row for slug=poetry-in-motion
[import] resolve sir_poetry-in-motion 窶ｦ
[import] upsert sir_poetry-in-motion video=X3bMn21Y1y0
[artist] sir _songs.json has 0 songs; using synthetic row for slug=poetry-in-motion-2
[import] resolve sir_poetry-in-motion-2 窶ｦ
[import] upsert sir_poetry-in-motion-2 video=k05k4C1krVQ
[artist-done] sir cumulative: attempted=648 imported=647 failures=1
[artist] sir-charles-jones key-import-tasks=1
[artist] sir-charles-jones _songs.json has 0 songs; using synthetic row for slug=pour-me-a-drank-2
[import] resolve sir-charles-jones_pour-me-a-drank-2 窶ｦ
[import] upsert sir-charles-jones_pour-me-a-drank-2 video=_eTHvyIdVlQ
[artist-done] sir-charles-jones cumulative: attempted=649 imported=648 failures=1
[artist] skeler key-import-tasks=1
[artist] skeler _songs.json has 0 songs; using synthetic row for slug=clubbed-to-death
[import] resolve skeler_clubbed-to-death 窶ｦ
[import] upsert skeler_clubbed-to-death video=OpIgcbrIjUg
[artist-done] skeler cumulative: attempted=650 imported=649 failures=1
[artist] sky-ferreira key-import-tasks=1
[artist] sky-ferreira _songs.json has 0 songs; using synthetic row for slug=where-the-light-gets-in-2
[import] resolve sky-ferreira_where-the-light-gets-in-2 窶ｦ
[import] upsert sky-ferreira_where-the-light-gets-in-2 video=JC77NtzW7U4
[artist-done] sky-ferreira cumulative: attempted=651 imported=650 failures=1
[artist] slayyyter key-import-tasks=1
[artist] slayyyter _songs.json has 0 songs; using synthetic row for slug=yes-goddd
[import] resolve slayyyter_yes-goddd 窶ｦ
[import] upsert slayyyter_yes-goddd video=6BSDhyojoHQ
[artist-done] slayyyter cumulative: attempted=652 imported=651 failures=1
[artist] sleep-theory key-import-tasks=1
[artist] sleep-theory _songs.json has 0 songs; using synthetic row for slug=my-heart
[import] resolve sleep-theory_my-heart 窶ｦ
[import] upsert sleep-theory_my-heart video=MhG7SSN24jo
[artist-done] sleep-theory cumulative: attempted=653 imported=652 failures=1
[artist] smash-mouth key-import-tasks=1
[artist] smash-mouth _songs.json has 0 songs; using synthetic row for slug=unity
[import] resolve smash-mouth_unity 窶ｦ
[import] upsert smash-mouth_unity video=Z9KKyUQvvEg
[artist-done] smash-mouth cumulative: attempted=654 imported=653 failures=1
[artist] snoop-dogg key-import-tasks=1
[artist] snoop-dogg _songs.json has 0 songs; using synthetic row for slug=players-way
[import] resolve snoop-dogg_players-way 窶ｦ
[import] upsert snoop-dogg_players-way video=d2S9OdbrQQ4
[artist-done] snoop-dogg cumulative: attempted=655 imported=654 failures=1
[artist] sofi-tukker key-import-tasks=2
[artist] sofi-tukker _songs.json has 0 songs; using synthetic row for slug=intensity-2
[import] resolve sofi-tukker_intensity-2 窶ｦ
[import] upsert sofi-tukker_intensity-2 video=ajgMCXPCUSU
[artist] sofi-tukker _songs.json has 0 songs; using synthetic row for slug=intensity-official
[import] resolve sofi-tukker_intensity-official 窶ｦ
[import] upsert sofi-tukker_intensity-official video=ajgMCXPCUSU
[artist-done] sofi-tukker cumulative: attempted=657 imported=656 failures=1
[artist] sombr key-import-tasks=2
[artist] sombr _songs.json has 0 songs; using synthetic row for slug=my-body-isnt-ready
[import] resolve sombr_my-body-isnt-ready 窶ｦ
[import] upsert sombr_my-body-isnt-ready video=ofywN3NgGqY
[artist] sombr _songs.json has 0 songs; using synthetic row for slug=wouldve-been-you-2
[import] resolve sombr_wouldve-been-you-2 窶ｦ
[import] upsert sombr_wouldve-been-you-2 video=648pvkQ7WIc
[artist-done] sombr cumulative: attempted=659 imported=658 failures=1
[artist] sonia key-import-tasks=1
[artist] sonia _songs.json has 0 songs; using synthetic row for slug=youve-got-a-friend
[import] resolve sonia_youve-got-a-friend 窶ｦ
[import] upsert sonia_youve-got-a-friend video=XfzjE_mwk8M
[artist-done] sonia cumulative: attempted=660 imported=659 failures=1
[artist] sonny-fodera key-import-tasks=5
[artist] sonny-fodera _songs.json has 0 songs; using synthetic row for slug=all-this-time-3
[import] resolve sonny-fodera_all-this-time-3 窶ｦ
[import] upsert sonny-fodera_all-this-time-3 video=FkV9Mdhnsa8
[artist] sonny-fodera _songs.json has 0 songs; using synthetic row for slug=all-this-time-4
[import] resolve sonny-fodera_all-this-time-4 窶ｦ
[import] upsert sonny-fodera_all-this-time-4 video=uxt08HusEhY
[artist] sonny-fodera _songs.json has 0 songs; using synthetic row for slug=let-me-be-in-your-arms
[import] resolve sonny-fodera_let-me-be-in-your-arms 窶ｦ
[import] upsert sonny-fodera_let-me-be-in-your-arms video=bMUVfjM6HQM
[artist] sonny-fodera _songs.json has 0 songs; using synthetic row for slug=somedays
[import] resolve sonny-fodera_somedays 窶ｦ
[import] upsert sonny-fodera_somedays video=dX8orLrVwtY
[artist] sonny-fodera _songs.json has 0 songs; using synthetic row for slug=think-about-us
[import] resolve sonny-fodera_think-about-us 窶ｦ
[import] upsert sonny-fodera_think-about-us video=j-QsQXnwoPU
[artist-done] sonny-fodera cumulative: attempted=665 imported=664 failures=1
[artist] spinal-tap key-import-tasks=1
[artist] spinal-tap _songs.json has 0 songs; using synthetic row for slug=stonehenge-2
[import] resolve spinal-tap_stonehenge-2 窶ｦ
[import] upsert spinal-tap_stonehenge-2 video=2WWTzQ-mRFw
[artist-done] spinal-tap cumulative: attempted=666 imported=665 failures=1
[artist] spiritbox key-import-tasks=1
[artist] spiritbox _songs.json has 0 songs; using synthetic row for slug=soft-spine-2
[import] resolve spiritbox_soft-spine-2 窶ｦ
[import] upsert spiritbox_soft-spine-2 video=80VTmBAnTSE
[artist-done] spiritbox cumulative: attempted=667 imported=666 failures=1
[artist] starcrawler key-import-tasks=1
[artist] starcrawler _songs.json has 0 songs; using synthetic row for slug=i-need-to-know
[import] resolve starcrawler_i-need-to-know 窶ｦ
[import] upsert starcrawler_i-need-to-know video=#NAME?
[artist-done] starcrawler cumulative: attempted=668 imported=667 failures=1
[artist] static-dress key-import-tasks=1
[artist] static-dress _songs.json has 0 songs; using synthetic row for slug=dull-blade-disguise
[import] resolve static-dress_dull-blade-disguise 窶ｦ
[import] upsert static-dress_dull-blade-disguise video=jlTuZkIKBKg
[artist-done] static-dress cumulative: attempted=669 imported=668 failures=1
[artist] stephen-sanchez key-import-tasks=1
[artist] stephen-sanchez _songs.json has 0 songs; using synthetic row for slug=until-i-found-you
[import] resolve stephen-sanchez_until-i-found-you 窶ｦ
[import] upsert stephen-sanchez_until-i-found-you video=GxldQ9eX2wo
[artist-done] stephen-sanchez cumulative: attempted=670 imported=669 failures=1
[artist] stereophonics key-import-tasks=3
[artist] stereophonics _songs.json has 0 songs; using synthetic row for slug=more-life-in-a-tramps-vest
[import] resolve stereophonics_more-life-in-a-tramps-vest 窶ｦ
[import] upsert stereophonics_more-life-in-a-tramps-vest video=si9FLVOK8nQ
[artist] stereophonics _songs.json has 0 songs; using synthetic row for slug=since-i-told-you-its-over
[import] resolve stereophonics_since-i-told-you-its-over 窶ｦ
[import] upsert stereophonics_since-i-told-you-its-over video=#NAME?
[artist] stereophonics _songs.json has 0 songs; using synthetic row for slug=superman
[import] resolve stereophonics_superman 窶ｦ
[import] upsert stereophonics_superman video=#NAME?
[artist-done] stereophonics cumulative: attempted=673 imported=672 failures=1
[artist] steve-aoki key-import-tasks=2
[artist] steve-aoki _songs.json has 0 songs; using synthetic row for slug=hungry-heart
[import] resolve steve-aoki_hungry-heart 窶ｦ
[import] upsert steve-aoki_hungry-heart video=A1JrlBfksRk
[artist] steve-aoki _songs.json has 0 songs; using synthetic row for slug=incoming
[import] resolve steve-aoki_incoming 窶ｦ
[import] upsert steve-aoki_incoming video=IeKG2t5GH_o
[artist-done] steve-aoki cumulative: attempted=675 imported=674 failures=1
[artist] sting key-import-tasks=1
[artist] sting _songs.json has 0 songs; using synthetic row for slug=stolen-car-take-me-dancing-batson-doc-wili-i-am-remix
[import] resolve sting_stolen-car-take-me-dancing-batson-doc-wili-i-am-remix 窶ｦ
[import] upsert sting_stolen-car-take-me-dancing-batson-doc-wili-i-am-remix video=4nPPdssDrdE
[artist-done] sting cumulative: attempted=676 imported=675 failures=1
[artist] stormzy key-import-tasks=1
[artist] stormzy _songs.json has 0 songs; using synthetic row for slug=24-hours-2
[import] resolve stormzy_24-hours-2 窶ｦ
[import] upsert stormzy_24-hours-2 video=NZ4FWTeYTa4
[artist-done] stormzy cumulative: attempted=677 imported=676 failures=1
[artist] stranglers key-import-tasks=1
[artist] stranglers _songs.json has 0 songs; using synthetic row for slug=golden-brown-2
[import] resolve stranglers_golden-brown-2 窶ｦ
[import] upsert stranglers_golden-brown-2 video=z-GUjA67mdc
[artist-done] stranglers cumulative: attempted=678 imported=677 failures=1
[artist] strike key-import-tasks=1
[artist] strike _songs.json has 0 songs; using synthetic row for slug=the-getaway-2
[import] resolve strike_the-getaway-2 窶ｦ
[import] upsert strike_the-getaway-2 video=BV30Hiv647k
[artist-done] strike cumulative: attempted=679 imported=678 failures=1
[artist] struts key-import-tasks=2
[artist] struts _songs.json has 0 songs; using synthetic row for slug=body-talks
[import] resolve struts_body-talks 窶ｦ
[import] upsert struts_body-talks video=GcvBnhq0lFA
[artist] struts _songs.json has 0 songs; using synthetic row for slug=i-hate-how-much-i-want-you
[import] resolve struts_i-hate-how-much-i-want-you 窶ｦ
[import] upsert struts_i-hate-how-much-i-want-you video=Cd12wjIqCjE
[artist-done] struts cumulative: attempted=681 imported=680 failures=1
[artist] sub-focus _songs.json has 0 songs; using synthetic row for slug=entwined
[artist] sub-focus key-import-tasks=2
[import] resolve sub-focus_entwined 窶ｦ
[import] upsert sub-focus_entwined video=PNBIr-BeDZY
[artist] sub-focus _songs.json has 0 songs; using synthetic row for slug=entwined-2
[import] resolve sub-focus_entwined-2 窶ｦ
[import] upsert sub-focus_entwined-2 video=zJy98_rm2yU
[artist-done] sub-focus cumulative: attempted=683 imported=682 failures=1
[artist] sub-urban key-import-tasks=1
[artist] sub-urban _songs.json has 0 songs; using synthetic row for slug=make-me-forget-3
[import] resolve sub-urban_make-me-forget-3 窶ｦ
[import] upsert sub-urban_make-me-forget-3 video=JD5oazjDhTI
[artist-done] sub-urban cumulative: attempted=684 imported=683 failures=1
[artist] sueco key-import-tasks=1
[artist] sueco _songs.json has 0 songs; using synthetic row for slug=are-you-entertained-2
[import] resolve sueco_are-you-entertained-2 窶ｦ
[import] upsert sueco_are-you-entertained-2 video=7iskEPUCtSE
[artist-done] sueco cumulative: attempted=685 imported=684 failures=1
[artist] suede key-import-tasks=1
[artist] suede _songs.json has 0 songs; using synthetic row for slug=trash
[import] resolve suede_trash 窶ｦ
[import] upsert suede_trash video=#NAME?
[artist-done] suede cumulative: attempted=686 imported=685 failures=1
[artist] sugar-ray key-import-tasks=1
[artist] sugar-ray _songs.json has 0 songs; using synthetic row for slug=sugar-ray-2
[import] resolve sugar-ray_sugar-ray-2 窶ｦ
[import] upsert sugar-ray_sugar-ray-2 video=lZxRx3qLGdY
[artist-done] sugar-ray cumulative: attempted=687 imported=686 failures=1
[artist] sugarhill-gang key-import-tasks=2
[artist] sugarhill-gang _songs.json has 0 songs; using synthetic row for slug=8th-wonder
[import] resolve sugarhill-gang_8th-wonder 窶ｦ
[import] upsert sugarhill-gang_8th-wonder video=EYzGdtoEkEc
[artist] sugarhill-gang _songs.json has 0 songs; using synthetic row for slug=rappers-delight
[import] resolve sugarhill-gang_rappers-delight 窶ｦ
[import] upsert sugarhill-gang_rappers-delight video=IOD0DQ7AN5Q
[artist-done] sugarhill-gang cumulative: attempted=689 imported=688 failures=1
[artist] supergrass key-import-tasks=1
[artist] supergrass _songs.json has 0 songs; using synthetic row for slug=never-done-nothing-like-that-before
[import] resolve supergrass_never-done-nothing-like-that-before 窶ｦ
[import] upsert supergrass_never-done-nothing-like-that-before video=#NAME?
[artist-done] supergrass cumulative: attempted=690 imported=689 failures=1
[artist] surf-mesa key-import-tasks=1
[artist] surf-mesa _songs.json has 0 songs; using synthetic row for slug=ily-i-love-you-baby
[import] resolve surf-mesa_ily-i-love-you-baby 窶ｦ
[import] upsert surf-mesa_ily-i-love-you-baby video=piOIvNO2M8Q
[artist-done] surf-mesa cumulative: attempted=691 imported=690 failures=1
[artist] swedish-house-mafia key-import-tasks=1
[artist] swedish-house-mafia _songs.json has 0 songs; using synthetic row for slug=ray-of-solar-tiesto-remix
[import] resolve swedish-house-mafia_ray-of-solar-tiesto-remix 窶ｦ
[import] upsert swedish-house-mafia_ray-of-solar-tiesto-remix video=xtOPq61Mm_c
[artist-done] swedish-house-mafia cumulative: attempted=692 imported=691 failures=1
[artist] t-i key-import-tasks=3
[artist] t-i _songs.json has 0 songs; using synthetic row for slug=and-wont
[import] resolve t-i_and-wont 窶ｦ
[import] upsert t-i_and-wont video=h4UhpM3uvuE
[artist] t-i _songs.json has 0 songs; using synthetic row for slug=dope-boys-academy
[import] resolve t-i_dope-boys-academy 窶ｦ
[import] upsert t-i_dope-boys-academy video=kk1wlCWnBGA
[artist] t-i _songs.json has 0 songs; using synthetic row for slug=where-im-from
[import] resolve t-i_where-im-from 窶ｦ
[import] upsert t-i_where-im-from video=0Q8X8T86swM
[artist-done] t-i cumulative: attempted=695 imported=694 failures=1
[artist] takeoff key-import-tasks=1
[artist] takeoff _songs.json has 0 songs; using synthetic row for slug=where-ya-goin
[import] resolve takeoff_where-ya-goin 窶ｦ
[import] upsert takeoff_where-ya-goin video=DgkbEO7Npno
[artist-done] takeoff cumulative: attempted=696 imported=695 failures=1
[artist] tame-impala key-import-tasks=1
[artist] tame-impala _songs.json has 0 songs; using synthetic row for slug=back-together
[import] resolve tame-impala_back-together 窶ｦ
[import] upsert tame-impala_back-together video=HN0l9RTGgYg
[artist-done] tame-impala cumulative: attempted=697 imported=696 failures=1
[artist] taylor-swift key-import-tasks=2
[artist] taylor-swift _songs.json has 0 songs; using synthetic row for slug=love-story-2
[import] resolve taylor-swift_love-story-2 窶ｦ
[import] upsert taylor-swift_love-story-2 video=aXzVF3XeS8M
[artist] taylor-swift _songs.json has 0 songs; using synthetic row for slug=the-fate-of-ophelia-2
[import] resolve taylor-swift_the-fate-of-ophelia-2 窶ｦ
[import] upsert taylor-swift_the-fate-of-ophelia-2 video=ko70cExuzZM
[artist-done] taylor-swift cumulative: attempted=699 imported=698 failures=1
[artist] tears-for-fears key-import-tasks=1
[artist] tears-for-fears _songs.json has 0 songs; using synthetic row for slug=the-world-is-yours-to-take
[import] resolve tears-for-fears_the-world-is-yours-to-take 窶ｦ
[import] upsert tears-for-fears_the-world-is-yours-to-take video=v_8A6xOsSdE
[artist-done] tears-for-fears cumulative: attempted=700 imported=699 failures=1
[artist] teeks key-import-tasks=1
[artist] teeks _songs.json has 0 songs; using synthetic row for slug=my-boy-2
[import] resolve teeks_my-boy-2 窶ｦ
[import] upsert teeks_my-boy-2 video=hAQlsFPvhSY
[artist-done] teeks cumulative: attempted=701 imported=700 failures=1
[artist] tems key-import-tasks=1
[artist] tems _songs.json has 0 songs; using synthetic row for slug=what-you-need-5
[import] resolve tems_what-you-need-5 窶ｦ
[import] upsert tems_what-you-need-5 video=A__GXZsG3hk
[artist-done] tems cumulative: attempted=702 imported=701 failures=1
[artist] tessa-violet key-import-tasks=1
[artist] tessa-violet _songs.json has 0 songs; using synthetic row for slug=words-aint-enough
[import] resolve tessa-violet_words-aint-enough 窶ｦ
[import] upsert tessa-violet_words-aint-enough video=jkKihZbLZew
[artist-done] tessa-violet cumulative: attempted=703 imported=702 failures=1
[artist] the-the _songs.json has 0 songs; using synthetic row for slug=kingdom-of-rain
[artist] the-the key-import-tasks=1
[import] resolve the-the_kingdom-of-rain 窶ｦ
[import] upsert the-the_kingdom-of-rain video=UIklk1gHbuQ
[artist-done] the-the cumulative: attempted=704 imported=703 failures=1
[artist] third-eye-blind key-import-tasks=1
[artist] third-eye-blind _songs.json has 0 songs; using synthetic row for slug=bonfire
[import] resolve third-eye-blind_bonfire 窶ｦ
[import] upsert third-eye-blind_bonfire video=U_MvEpIpEUQ
[artist-done] third-eye-blind cumulative: attempted=705 imported=704 failures=1
[artist] three-days-grace key-import-tasks=1
[artist] three-days-grace _songs.json has 0 songs; using synthetic row for slug=kill-me-fast-2
[import] resolve three-days-grace_kill-me-fast-2 窶ｦ
[import] upsert three-days-grace_kill-me-fast-2 video=-WUlW0snEms
[artist-done] three-days-grace cumulative: attempted=706 imported=705 failures=1
[artist] token key-import-tasks=1
[artist] token _songs.json has 0 songs; using synthetic row for slug=bambi
[import] resolve token_bambi 窶ｦ
[import] upsert token_bambi video=IrHmZNuuc10
[artist-done] token cumulative: attempted=707 imported=706 failures=1
[artist] tokio-hotel key-import-tasks=1
[artist] tokio-hotel _songs.json has 0 songs; using synthetic row for slug=colors-of-wind
[import] resolve tokio-hotel_colors-of-wind 窶ｦ
[import] upsert tokio-hotel_colors-of-wind video=1ZOmhWnfqqI
[artist-done] tokio-hotel cumulative: attempted=708 imported=707 failures=1
[artist] tom-jones key-import-tasks=1
[artist] tom-jones _songs.json has 0 songs; using synthetic row for slug=burning-down-the-house-2
[import] resolve tom-jones_burning-down-the-house-2 窶ｦ
[import] upsert tom-jones_burning-down-the-house-2 video=iYuldgIOelY
[artist-done] tom-jones cumulative: attempted=709 imported=708 failures=1
[artist] tom-waits key-import-tasks=1
[artist] tom-waits _songs.json has 0 songs; using synthetic row for slug=boots-on-the-ground
[import] resolve tom-waits_boots-on-the-ground 窶ｦ
[import] upsert tom-waits_boots-on-the-ground video=L-57FrioeuE
[artist-done] tom-waits cumulative: attempted=710 imported=709 failures=1
[artist] tommy-richman key-import-tasks=1
[artist] tommy-richman _songs.json has 0 songs; using synthetic row for slug=ghouls-n-ghosts
[import] resolve tommy-richman_ghouls-n-ghosts 窶ｦ
[import] upsert tommy-richman_ghouls-n-ghosts video=pWtZn_2QiPc
[artist-done] tommy-richman cumulative: attempted=711 imported=710 failures=1
[artist] topic key-import-tasks=1
[artist] topic _songs.json has 0 songs; using synthetic row for slug=take-me-away
[import] resolve topic_take-me-away 窶ｦ
[import] upsert topic_take-me-away video=1OXmO0jnQfE
[artist-done] topic cumulative: attempted=712 imported=711 failures=1
[artist] tori-kelly key-import-tasks=2
[artist] tori-kelly _songs.json has 0 songs; using synthetic row for slug=bottomline
[import] resolve tori-kelly_bottomline 窶ｦ
[import] upsert tori-kelly_bottomline video=mNRW09SrHG8
[artist] tori-kelly _songs.json has 0 songs; using synthetic row for slug=bottomline-2
[import] resolve tori-kelly_bottomline-2 窶ｦ
[import] upsert tori-kelly_bottomline-2 video=1r7KCemy39E
[artist-done] tori-kelly cumulative: attempted=714 imported=713 failures=1
[artist] toro-y-moi key-import-tasks=1
[artist] toro-y-moi _songs.json has 0 songs; using synthetic row for slug=daria
[import] resolve toro-y-moi_daria 窶ｦ
[import] upsert toro-y-moi_daria video=sIeHCFz4QP0
[artist-done] toro-y-moi cumulative: attempted=715 imported=714 failures=1
[artist] tory-lanez key-import-tasks=1
[artist] tory-lanez _songs.json has 0 songs; using synthetic row for slug=the-color-violet-2
[import] resolve tory-lanez_the-color-violet-2 窶ｦ
[import] upsert tory-lanez_the-color-violet-2 video=GfAPEko4rbU
[artist-done] tory-lanez cumulative: attempted=716 imported=715 failures=1
[artist] tove-lo key-import-tasks=5
[artist] tove-lo _songs.json has 0 songs; using synthetic row for slug=club-heat-edit
[import] resolve tove-lo_club-heat-edit 窶ｦ
[import] upsert tove-lo_club-heat-edit video=NwEj_b74r9k
[artist] tove-lo _songs.json has 0 songs; using synthetic row for slug=des-fleurs-x-stromae
[import] resolve tove-lo_des-fleurs-x-stromae 窶ｦ
[import] upsert tove-lo_des-fleurs-x-stromae video=5Zi5mI9kwhA
[artist] tove-lo _songs.json has 0 songs; using synthetic row for slug=habits-hippie-sabotage-remix
[import] resolve tove-lo_habits-hippie-sabotage-remix 窶ｦ
[import] upsert tove-lo_habits-hippie-sabotage-remix video=SYM-RJwSGQ8
[artist] tove-lo _songs.json has 0 songs; using synthetic row for slug=heat-2
[import] resolve tove-lo_heat-2 窶ｦ
[import] upsert tove-lo_heat-2 video=Y2T7yCUOgAM
[artist] tove-lo _songs.json has 0 songs; using synthetic row for slug=how-long-3
[import] resolve tove-lo_how-long-3 窶ｦ
[import] upsert tove-lo_how-long-3 video=5FNCukepaS8
[artist-done] tove-lo cumulative: attempted=721 imported=720 failures=1
[artist] travis key-import-tasks=1
[artist] travis _songs.json has 0 songs; using synthetic row for slug=selfish-jean
[import] resolve travis_selfish-jean 窶ｦ
[import] upsert travis_selfish-jean video=#NAME?
[artist-done] travis cumulative: attempted=722 imported=721 failures=1
[artist] travis-scott key-import-tasks=2
[artist] travis-scott _songs.json has 0 songs; using synthetic row for slug=goosebumps-remix
[import] resolve travis-scott_goosebumps-remix 窶ｦ
[import] upsert travis-scott_goosebumps-remix video=XULMZ907ios
[artist] travis-scott _songs.json has 0 songs; using synthetic row for slug=sicko-mode
[import] resolve travis-scott_sicko-mode 窶ｦ
[import] upsert travis-scott_sicko-mode video=6ONRf7h3Mdk
[artist-done] travis-scott cumulative: attempted=724 imported=723 failures=1
[artist] tumbe key-import-tasks=1
[artist] tumbe _songs.json has 0 songs; using synthetic row for slug=bana-ocljiu
[import] resolve tumbe_bana-ocljiu 窶ｦ
[import] upsert tumbe_bana-ocljiu video=_f7Znrw80dQ
[artist-done] tumbe cumulative: attempted=725 imported=724 failures=1
[artist] turnstile key-import-tasks=1
[artist] turnstile _songs.json has 0 songs; using synthetic row for slug=holiday-4
[import] resolve turnstile_holiday-4 窶ｦ
[import] upsert turnstile_holiday-4 video=sU1JXOB52ZI
[song-credits-sync] loading artist lookup index (paginated)窶ｦ
[artist-done] turnstile cumulative: attempted=726 imported=725 failures=1
[artist] twenty-one-pilots key-import-tasks=1
[artist] twenty-one-pilots _songs.json has 0 songs; using synthetic row for slug=drum-show-2
[import] resolve twenty-one-pilots_drum-show-2 窶ｦ
[import] upsert twenty-one-pilots_drum-show-2 video=5dA094oAy-g
[artist-done] twenty-one-pilots cumulative: attempted=727 imported=726 failures=1
[artist] tyga key-import-tasks=1
[artist] tyga _songs.json has 0 songs; using synthetic row for slug=slave-2
[artist-done] tyga cumulative: attempted=728 imported=726 failures=2
[artist] tyler-the-creator _songs.json has 0 songs; using synthetic row for slug=sugar-on-my-tongue
[artist] tyler-the-creator key-import-tasks=2
[import] resolve tyler-the-creator_sugar-on-my-tongue 窶ｦ
[import] upsert tyler-the-creator_sugar-on-my-tongue video=phELKuqnaS4
[artist] tyler-the-creator _songs.json has 0 songs; using synthetic row for slug=sugar-on-my-tongue-freak-mix
[import] resolve tyler-the-creator_sugar-on-my-tongue-freak-mix 窶ｦ
[import] upsert tyler-the-creator_sugar-on-my-tongue-freak-mix video=odtcH-FEVvg
[song-credits-sync] loading artist lookup index (paginated)窶ｦ
[artist-done] tyler-the-creator cumulative: attempted=730 imported=728 failures=2
[artist] u2 key-import-tasks=2
[artist] u2 _songs.json has 0 songs; using synthetic row for slug=i-will-follow
[import] resolve u2_i-will-follow 窶ｦ
[import] upsert u2_i-will-follow video=#NAME?
[song-credits-sync] loading artist lookup index (paginated)窶ｦ
[artist] u2 _songs.json has 0 songs; using synthetic row for slug=miss-sarajevo
[import] resolve u2_miss-sarajevo 窶ｦ
[import] upsert u2_miss-sarajevo video=gdczQ2LsY0I
[artist-done] u2 cumulative: attempted=732 imported=730 failures=2
[artist] uncategorized key-import-tasks=6
[artist] uncategorized _songs.json has 0 songs; using synthetic row for slug=gesaffelstein-control-movement
[import] resolve uncategorized_gesaffelstein-control-movement 窶ｦ
[import] upsert uncategorized_gesaffelstein-control-movement video=FB58S5ywPm8
[artist] uncategorized _songs.json has 0 songs; using synthetic row for slug=more-than-love
[import] resolve uncategorized_more-than-love 窶ｦ
[import] upsert uncategorized_more-than-love video=iA4doAADhGk
[artist] uncategorized _songs.json has 0 songs; using synthetic row for slug=next-to-you-6
[import] resolve uncategorized_next-to-you-6 窶ｦ
[import] upsert uncategorized_next-to-you-6 video=QucmeFo-G_E
[artist] uncategorized _songs.json has 0 songs; using synthetic row for slug=next-to-you-7
[import] resolve uncategorized_next-to-you-7 窶ｦ
[import] upsert uncategorized_next-to-you-7 video=QucmeFo-G_E
[artist] uncategorized _songs.json has 0 songs; using synthetic row for slug=stonehenge
[import] resolve uncategorized_stonehenge 窶ｦ
[import] upsert uncategorized_stonehenge video=2WWTzQ-mRFw
[artist] uncategorized _songs.json has 0 songs; using synthetic row for slug=too-tight
[import] resolve uncategorized_too-tight 窶ｦ
[import] upsert uncategorized_too-tight video=n27TomerjaQ
[artist-done] uncategorized cumulative: attempted=738 imported=736 failures=2
[artist] underscores key-import-tasks=2
[artist] underscores _songs.json has 0 songs; using synthetic row for slug=do-it-4
[import] resolve underscores_do-it-4 窶ｦ
[import] upsert underscores_do-it-4 video=Zd0j0xnhWFw
[artist] underscores _songs.json has 0 songs; using synthetic row for slug=music
[import] resolve underscores_music 窶ｦ
[import] upsert underscores_music video=UNYqwpx7Cys
[artist-done] underscores cumulative: attempted=740 imported=738 failures=2
[artist] underworld key-import-tasks=1
[artist] underworld _songs.json has 0 songs; using synthetic row for slug=pearls-girl-2
[import] resolve underworld_pearls-girl-2 窶ｦ
[import] upsert underworld_pearls-girl-2 video=Mwh52cl7IPU
[artist-done] underworld cumulative: attempted=741 imported=739 failures=2
[artist] unknown key-import-tasks=38
[artist] unknown _songs.json has 0 songs; using synthetic row for slug=a-million-ways-to-miss-you
[import] resolve unknown_a-million-ways-to-miss-you 窶ｦ
[import] upsert unknown_a-million-ways-to-miss-you video=Ux2R9ZEqsPA
[artist] unknown _songs.json has 0 songs; using synthetic row for slug=all-the-small-things
[import] resolve unknown_all-the-small-things 窶ｦ
[import] upsert unknown_all-the-small-things video=9Ht5RZpzPqw
[artist] unknown _songs.json has 0 songs; using synthetic row for slug=american-girls
[import] resolve unknown_american-girls 窶ｦ
[import] upsert unknown_american-girls video=o6jQo3-iCao
[artist] unknown _songs.json has 0 songs; using synthetic row for slug=blink-182-down
[import] resolve unknown_blink-182-down 窶ｦ
[import] upsert unknown_blink-182-down video=XrTZT49u0kM
[artist] unknown _songs.json has 0 songs; using synthetic row for slug=close-to-the-bone
[import] resolve unknown_close-to-the-bone 窶ｦ
[import] upsert unknown_close-to-the-bone video=QUyUzxd4Wuc
[artist] unknown _songs.json has 0 songs; using synthetic row for slug=dammit
[import] resolve unknown_dammit 窶ｦ
[import] upsert unknown_dammit video=sT0g16_LQaQ
[artist] unknown _songs.json has 0 songs; using synthetic row for slug=die-to-fall-2
[import] resolve unknown_die-to-fall-2 窶ｦ
[import] upsert unknown_die-to-fall-2 video=PwLD6qVEpTc
[artist] unknown _songs.json has 0 songs; using synthetic row for slug=drowned-world-substitute-for-love
[import] resolve unknown_drowned-world-substitute-for-love 窶ｦ
[import] upsert unknown_drowned-world-substitute-for-love video=6rsdGjNWiIw
[artist] unknown _songs.json has 0 songs; using synthetic row for slug=everyone-dies-alone
[progress] songsAttempted=750 imported=747 failures=2 artist=unknown
[import] resolve unknown_everyone-dies-alone 窶ｦ
[import] upsert unknown_everyone-dies-alone video=w1nZm_8E6gM
[artist] unknown _songs.json has 0 songs; using synthetic row for slug=feeling-this
[import] resolve unknown_feeling-this 窶ｦ
[import] upsert unknown_feeling-this video=4kMZ23T9VHE
[artist] unknown _songs.json has 0 songs; using synthetic row for slug=feels-just-like-it-should
[import] resolve unknown_feels-just-like-it-should 窶ｦ
[import] upsert unknown_feels-just-like-it-should video=H9W9rc-P9UQ
[artist] unknown _songs.json has 0 songs; using synthetic row for slug=first-date
[import] resolve unknown_first-date 窶ｦ
[import] upsert unknown_first-date video=vVy9Lgpg1m8
[artist] unknown _songs.json has 0 songs; using synthetic row for slug=for-what-its-worth
[import] resolve unknown_for-what-its-worth 窶ｦ
[import] upsert unknown_for-what-its-worth video=01_RTOD9hYc
[artist] unknown _songs.json has 0 songs; using synthetic row for slug=gesaffelstein-control-movement
[import] resolve unknown_gesaffelstein-control-movement 窶ｦ
[import] upsert unknown_gesaffelstein-control-movement video=FB58S5ywPm8
[artist] unknown _songs.json has 0 songs; using synthetic row for slug=goddamn
[import] resolve unknown_goddamn 窶ｦ
[import] upsert unknown_goddamn video=XlJkz8E-V5I
[artist] unknown _songs.json has 0 songs; using synthetic row for slug=have-a-nice-day
[import] resolve unknown_have-a-nice-day 窶ｦ
[import] upsert unknown_have-a-nice-day video=uCg2BoKiuOM
[artist] unknown _songs.json has 0 songs; using synthetic row for slug=i-miss-you
[import] resolve unknown_i-miss-you 窶ｦ
[import] upsert unknown_i-miss-you video=s1tAYmMjLdY
[artist] unknown _songs.json has 0 songs; using synthetic row for slug=its-my-life
[import] resolve unknown_its-my-life 窶ｦ
[import] upsert unknown_its-my-life video=vx2u5uUu3DE
[artist] unknown _songs.json has 0 songs; using synthetic row for slug=josie
[import] resolve unknown_josie 窶ｦ
[import] upsert unknown_josie video=I6kfin-UeAQ
[artist] unknown _songs.json has 0 songs; using synthetic row for slug=love-profusion
[import] resolve unknown_love-profusion 窶ｦ
[import] upsert unknown_love-profusion video=YUtvUFsPA6Y
[artist] unknown _songs.json has 0 songs; using synthetic row for slug=man-overboard
[import] resolve unknown_man-overboard 窶ｦ
[import] upsert unknown_man-overboard video=u38TqU5rAyk
[artist] unknown _songs.json has 0 songs; using synthetic row for slug=next-to-you-6
[import] resolve unknown_next-to-you-6 窶ｦ
[import] upsert unknown_next-to-you-6 video=QucmeFo-G_E
[artist] unknown _songs.json has 0 songs; using synthetic row for slug=next-to-you-7
[import] resolve unknown_next-to-you-7 窶ｦ
[import] upsert unknown_next-to-you-7 video=QucmeFo-G_E
[artist] unknown _songs.json has 0 songs; using synthetic row for slug=next-to-you-8
[import] resolve unknown_next-to-you-8 窶ｦ
[import] upsert unknown_next-to-you-8 video=QucmeFo-G_E
[artist] unknown _songs.json has 0 songs; using synthetic row for slug=not-now
[import] resolve unknown_not-now 窶ｦ
[import] upsert unknown_not-now video=HvcOuExmeJg
[artist] unknown _songs.json has 0 songs; using synthetic row for slug=stay-together-for-the-kids
[import] resolve unknown_stay-together-for-the-kids 窶ｦ
[import] upsert unknown_stay-together-for-the-kids video=k1BFHYtZlAU
[artist] unknown _songs.json has 0 songs; using synthetic row for slug=stonehenge
[import] resolve unknown_stonehenge 窶ｦ
[import] upsert unknown_stonehenge video=2WWTzQ-mRFw
[artist] unknown _songs.json has 0 songs; using synthetic row for slug=sympathy-magic-2
[import] resolve unknown_sympathy-magic-2 窶ｦ
[import] upsert unknown_sympathy-magic-2 video=wRfet_VLbzU
[artist] unknown _songs.json has 0 songs; using synthetic row for slug=sympathy-magic-3
[import] resolve unknown_sympathy-magic-3 窶ｦ
[import] upsert unknown_sympathy-magic-3 video=wRfet_VLbzU
[artist] unknown _songs.json has 0 songs; using synthetic row for slug=sympathy-magic-4
[import] resolve unknown_sympathy-magic-4 窶ｦ
[import] upsert unknown_sympathy-magic-4 video=wRfet_VLbzU
[artist] unknown _songs.json has 0 songs; using synthetic row for slug=the-loneliness
[import] resolve unknown_the-loneliness 窶ｦ
[import] upsert unknown_the-loneliness video=CtA8kgdeN-w
[artist] unknown _songs.json has 0 songs; using synthetic row for slug=the-power-of-good-bye
[import] resolve unknown_the-power-of-good-bye 窶ｦ
[import] upsert unknown_the-power-of-good-bye video=NHydngA5C4E
[artist] unknown _songs.json has 0 songs; using synthetic row for slug=the-rock-show
[import] resolve unknown_the-rock-show 窶ｦ
[import] upsert unknown_the-rock-show video=z7hhDINyBP0
[artist] unknown _songs.json has 0 songs; using synthetic row for slug=what-it-feels-like-for-a-girl
[import] resolve unknown_what-it-feels-like-for-a-girl 窶ｦ
[import] upsert unknown_what-it-feels-like-for-a-girl video=qYwgG2oyUbA
[artist] unknown _songs.json has 0 songs; using synthetic row for slug=whats-my-age-again
[import] resolve unknown_whats-my-age-again 窶ｦ
[import] upsert unknown_whats-my-age-again video=K7l5ZeVVoCA
[artist] unknown _songs.json has 0 songs; using synthetic row for slug=when-youre-gone-2
[import] resolve unknown_when-youre-gone-2 窶ｦ
[import] upsert unknown_when-youre-gone-2 video=W2jONIjrM0
[artist] unknown _songs.json has 0 songs; using synthetic row for slug=who-says-you-cant-go-home
[import] resolve unknown_who-says-you-cant-go-home 窶ｦ
[import] upsert unknown_who-says-you-cant-go-home video=5CeX5VEo10c
[artist] unknown _songs.json has 0 songs; using synthetic row for slug=you-want-to-make-a-memory
[import] resolve unknown_you-want-to-make-a-memory 窶ｦ
[import] upsert unknown_you-want-to-make-a-memory video=nWuZMBtrc1E
[artist-done] unknown cumulative: attempted=779 imported=777 failures=2
[artist] upsahl key-import-tasks=1
[artist] upsahl _songs.json has 0 songs; using synthetic row for slug=drugs-2
[import] resolve upsahl_drugs-2 窶ｦ
[import] upsert upsahl_drugs-2 video=DOO8AAATlzE
[artist-done] upsahl cumulative: attempted=780 imported=778 failures=2
[artist] usher key-import-tasks=2
[artist] usher _songs.json has 0 songs; using synthetic row for slug=dientes
[import] resolve usher_dientes 窶ｦ
[import] upsert usher_dientes video=gVPgwoXm5Rc
[artist] usher _songs.json has 0 songs; using synthetic row for slug=yeah-2
[import] resolve usher_yeah-2 窶ｦ
[import] upsert usher_yeah-2 video=GxBSyx85Kp8
[artist-done] usher cumulative: attempted=782 imported=780 failures=2
[artist] uuhai key-import-tasks=1
[artist] uuhai _songs.json has 0 songs; using synthetic row for slug=khar-khulz-2
[import] resolve uuhai_khar-khulz-2 窶ｦ
[import] upsert uuhai_khar-khulz-2 video=9xZAz5me4s8
[artist-done] uuhai cumulative: attempted=783 imported=781 failures=2
[artist] vegyn key-import-tasks=1
[artist] vegyn _songs.json has 0 songs; using synthetic row for slug=makeshi
[import] resolve vegyn_makeshi 窶ｦ
[import] upsert vegyn_makeshi video=HNxMnsauTgA
[artist-done] vegyn cumulative: attempted=784 imported=782 failures=2
[artist] venbee _songs.json has 0 songs; using synthetic row for slug=rampage-ft-dj-ss
[artist] venbee key-import-tasks=1
[import] resolve venbee_rampage-ft-dj-ss 窶ｦ
[import] upsert venbee_rampage-ft-dj-ss video=O4LrzqN8cRI
[artist-done] venbee cumulative: attempted=785 imported=783 failures=2
[artist] venna key-import-tasks=1
[artist] venna _songs.json has 0 songs; using synthetic row for slug=myself
[import] resolve venna_myself 窶ｦ
[import] upsert venna_myself video=WrH_8ncdFqw
[artist-done] venna cumulative: attempted=786 imported=784 failures=2
[artist] vintage-culture key-import-tasks=1
[artist] vintage-culture _songs.json has 0 songs; using synthetic row for slug=hero-4
[import] resolve vintage-culture_hero-4 窶ｦ
[import] upsert vintage-culture_hero-4 video=1sZhzKHPDTE
[artist-done] vintage-culture cumulative: attempted=787 imported=785 failures=2
[artist] war-and-treaty key-import-tasks=1
[artist] war-and-treaty _songs.json has 0 songs; using synthetic row for slug=the-peoples-house
[import] resolve war-and-treaty_the-peoples-house 窶ｦ
[import] upsert war-and-treaty_the-peoples-house video=Z7d9unb1XqE
[artist-done] war-and-treaty cumulative: attempted=788 imported=786 failures=2
[artist] waterbaby _songs.json has 0 songs; using synthetic row for slug=memory-be-a-blade
[artist] waterbaby key-import-tasks=1
[import] resolve waterbaby_memory-be-a-blade 窶ｦ
[import] upsert waterbaby_memory-be-a-blade video=OFlA8o7HDV0
[artist-done] waterbaby cumulative: attempted=789 imported=787 failures=2
[artist] watt key-import-tasks=1
[artist] watt _songs.json has 0 songs; using synthetic row for slug=burning-man
[import] resolve watt_burning-man 窶ｦ
[import] upsert watt_burning-man video=#NAME?
[artist-done] watt cumulative: attempted=790 imported=788 failures=2
[artist] we-are-the-in-crowd key-import-tasks=1
[artist] we-are-the-in-crowd _songs.json has 0 songs; using synthetic row for slug=kiss-me-again
[import] resolve we-are-the-in-crowd_kiss-me-again 窶ｦ
[import] upsert we-are-the-in-crowd_kiss-me-again video=BM3Rv2RO1Do
[artist-done] we-are-the-in-crowd cumulative: attempted=791 imported=789 failures=2
[artist] weeknd key-import-tasks=1
[artist] weeknd _songs.json has 0 songs; using synthetic row for slug=save-your-tears
[import] resolve weeknd_save-your-tears 窶ｦ
[import] upsert weeknd_save-your-tears video=LIIDh-qI9oI
[artist-done] weeknd cumulative: attempted=792 imported=790 failures=2
[artist] weezer key-import-tasks=1
[artist] weezer _songs.json has 0 songs; using synthetic row for slug=we-might-as-well-be-strangers
[import] resolve weezer_we-might-as-well-be-strangers 窶ｦ
[import] upsert weezer_we-might-as-well-be-strangers video=GyE8bkeSt8w
[artist-done] weezer cumulative: attempted=793 imported=791 failures=2
[artist] wenzl-mcgowen key-import-tasks=1
[artist] wenzl-mcgowen _songs.json has 0 songs; using synthetic row for slug=disco-cone
[import] resolve wenzl-mcgowen_disco-cone 窶ｦ
[import] upsert wenzl-mcgowen_disco-cone video=hCP66Z3nEis
[artist-done] wenzl-mcgowen cumulative: attempted=794 imported=792 failures=2
[artist] whitney-houston key-import-tasks=1
[artist] whitney-houston _songs.json has 0 songs; using synthetic row for slug=if-i-told-you-that
[import] resolve whitney-houston_if-i-told-you-that 窶ｦ
[import] upsert whitney-houston_if-i-told-you-that video=7EjfbyCpAxA
[artist-done] whitney-houston cumulative: attempted=795 imported=793 failures=2
[artist] wilkinson key-import-tasks=5
[artist] wilkinson _songs.json has 0 songs; using synthetic row for slug=balance
[import] resolve wilkinson_balance 窶ｦ
[import] upsert wilkinson_balance video=X9RylLX0lvs
[artist] wilkinson _songs.json has 0 songs; using synthetic row for slug=break-it-down
[import] resolve wilkinson_break-it-down 窶ｦ
[import] upsert wilkinson_break-it-down video=kFUzP6UyyR4
[artist] wilkinson _songs.json has 0 songs; using synthetic row for slug=feel-so-high
[import] resolve wilkinson_feel-so-high 窶ｦ
[import] upsert wilkinson_feel-so-high video=CcBWce77Ff4
[artist] wilkinson _songs.json has 0 songs; using synthetic row for slug=here-for-you-2
[import] resolve wilkinson_here-for-you-2 窶ｦ
[import] upsert wilkinson_here-for-you-2 video=hY2IB2gGC14
[artist] wilkinson _songs.json has 0 songs; using synthetic row for slug=infinity
[import] resolve wilkinson_infinity 窶ｦ
[import] upsert wilkinson_infinity video=xyMP1XA-Aa0
[artist-done] wilkinson cumulative: attempted=800 imported=798 failures=2
[artist] will-sparks key-import-tasks=1
[artist] will-sparks _songs.json has 0 songs; using synthetic row for slug=hustlr
[import] resolve will-sparks_hustlr 窶ｦ
[import] upsert will-sparks_hustlr video=z0MJj8OZwus
[artist-done] will-sparks cumulative: attempted=801 imported=799 failures=2
[artist] willow key-import-tasks=1
[artist] willow _songs.json has 0 songs; using synthetic row for slug=shes-my-religion
[import] resolve willow_shes-my-religion 窶ｦ
[import] upsert willow_shes-my-religion video=G99MeNCUwg0
[artist-done] willow cumulative: attempted=802 imported=800 failures=2
[artist] willow-avalon key-import-tasks=1
[artist] willow-avalon _songs.json has 0 songs; using synthetic row for slug=hypothetically-speaking
[import] resolve willow-avalon_hypothetically-speaking 窶ｦ
[import] upsert willow-avalon_hypothetically-speaking video=SM6-r8bg3Q0
[artist-done] willow-avalon cumulative: attempted=803 imported=801 failures=2
[artist] witch-post key-import-tasks=1
[artist] witch-post _songs.json has 0 songs; using synthetic row for slug=witching-hour
[import] resolve witch-post_witching-hour 窶ｦ
[import] upsert witch-post_witching-hour video=1PVwP5d70aU
[artist-done] witch-post cumulative: attempted=804 imported=802 failures=2
[artist] wiz-khalifa key-import-tasks=2
[artist] wiz-khalifa _songs.json has 0 songs; using synthetic row for slug=passport-2
[import] resolve wiz-khalifa_passport-2 窶ｦ
[import] upsert wiz-khalifa_passport-2 video=tf3lXvYEJv4
[artist] wiz-khalifa _songs.json has 0 songs; using synthetic row for slug=take-your-time-get-paid
[import] resolve wiz-khalifa_take-your-time-get-paid 窶ｦ
[import] upsert wiz-khalifa_take-your-time-get-paid video=JEe_N6myrQk
[artist-done] wiz-khalifa cumulative: attempted=806 imported=804 failures=2
[artist] yg key-import-tasks=1
[artist] yg _songs.json has 0 songs; using synthetic row for slug=gang-bizness
[import] resolve yg_gang-bizness 窶ｦ
[import] upsert yg_gang-bizness video=JM7BmHU_bhE
[artist-done] yg cumulative: attempted=807 imported=805 failures=2
[artist] ynw-melly key-import-tasks=1
[artist] ynw-melly _songs.json has 0 songs; using synthetic row for slug=suicidal
[import] resolve ynw-melly_suicidal 窶ｦ
[import] upsert ynw-melly_suicidal video=qcJSsUus3l8
[artist-done] ynw-melly cumulative: attempted=808 imported=806 failures=2
[artist] yours-truly key-import-tasks=1
[artist] yours-truly _songs.json has 0 songs; using synthetic row for slug=circles
[import] resolve yours-truly_circles 窶ｦ
[import] upsert yours-truly_circles video=#NAME?
[artist-done] yours-truly cumulative: attempted=809 imported=807 failures=2
[artist] yung-gravy key-import-tasks=1
[artist] yung-gravy _songs.json has 0 songs; using synthetic row for slug=i-write-hymns-not-travesties-2
[import] resolve yung-gravy_i-write-hymns-not-travesties-2 窶ｦ
[import] upsert yung-gravy_i-write-hymns-not-travesties-2 video=r3AfpDnlSQs
[artist-done] yung-gravy cumulative: attempted=810 imported=808 failures=2
[artist] yungblud key-import-tasks=1
[artist] yungblud _songs.json has 0 songs; using synthetic row for slug=zombie-acoustic
[import] resolve yungblud_zombie-acoustic 窶ｦ
[import] upsert yungblud_zombie-acoustic video=QiHDqw4q96c
[artist-done] yungblud cumulative: attempted=811 imported=809 failures=2
[artist] yves key-import-tasks=2
[artist] yves _songs.json has 0 songs; using synthetic row for slug=break-it
[import] resolve yves_break-it 窶ｦ
[import] upsert yves_break-it video=5KOzD-S1B-4
[artist] yves _songs.json has 0 songs; using synthetic row for slug=nail
[import] resolve yves_nail 窶ｦ
[import] upsert yves_nail video=04l_GY_v5Wk
[artist-done] yves cumulative: attempted=813 imported=811 failures=2
[artist] zara-larsson key-import-tasks=1
[artist] zara-larsson _songs.json has 0 songs; using synthetic row for slug=eurosummer-girls-trip
[import] resolve zara-larsson_eurosummer-girls-trip 窶ｦ
[import] upsert zara-larsson_eurosummer-girls-trip video=-IEb-ym7VeQ
[artist-done] zara-larsson cumulative: attempted=814 imported=812 failures=2
[artist] zedd key-import-tasks=1
[artist] zedd _songs.json has 0 songs; using synthetic row for slug=daisy
[import] resolve zedd_daisy 窶ｦ
[import] upsert zedd_daisy video=CMNBjZBBKPw
[artist-done] zedd cumulative: attempted=815 imported=813 failures=2
[artist] zucchero key-import-tasks=1
[artist] zucchero _songs.json has 0 songs; using synthetic row for slug=senza-una-donna
[import] resolve zucchero_senza-una-donna 窶ｦ
[import] upsert zucchero_senza-una-donna video=V69vs8JmXYM
[artist-done] zucchero cumulative: attempted=816 imported=814 failures=2
{
  "artists": 495,
  "songsListed": 816,
  "songsAttempted": 816,
  "songsImported": 814,
  "songsImportedWithListFallback": 0,
  "songsVideoOverrideApplied": 0,
  "songsDryRun": 0,
  "songsSkippedMissingSlug": 0,
  "songsSkippedMissingSongJson": 0,
  "songsSkippedMissingVideoId": 2,
  "failures": 2
}
[apply] wrote state: E:\mc\tmp\music8-sync-last-success.json
